predicted_attack,attack_confidence,anomaly,anomaly_score,alert_severity
DoS,1.0,Normal,0.005860272922197818,CRITICAL
DoS,1.0,Normal,0.06638438695606691,CRITICAL
DoS,1.0,Normal,0.06854457947518872,CRITICAL
Probe,0.97,Normal,0.008261438858162273,CRITICAL
DoS,1.0,Normal,0.010464045690967427,CRITICAL
DoS,1.0,Normal,0.046839970518957386,CRITICAL
DoS,1.0,Normal,0.067016385065849,CRITICAL
Probe,0.995,Anomaly,-0.03293967385274099,CRITICAL
DoS,1.0,Normal,0.07041772519321998,CRITICAL
DoS,1.0,Normal,0.06460060390891897,CRITICAL
Probe,1.0,Anomaly,-0.011843723776578385,CRITICAL
DoS,1.0,Anomaly,-0.004104085694863258,CRITICAL
DoS,1.0,Normal,0.014956524378757885,CRITICAL
DoS,1.0,Normal,0.05756510476641341,CRITICAL
DoS,1.0,Normal,0.06151974595155407,CRITICAL
DoS,1.0,Normal,0.05552119605622369,CRITICAL
DoS,1.0,Normal,0.06062085391823585,CRITICAL
Probe,1.0,Normal,0.0020608399578789793,CRITICAL
DoS,1.0,Normal,0.06206003577472957,CRITICAL
DoS,1.0,Normal,0.059547488246361246,CRITICAL
DoS,1.0,Normal,0.06544926127383827,CRITICAL
DoS,1.0,Normal,0.06501595666642429,CRITICAL
DoS,1.0,Normal,0.010035318759883727,CRITICAL
DoS,1.0,Normal,0.06252194580612319,CRITICAL
DoS,1.0,Anomaly,-0.03651252319553949,CRITICAL
Probe,1.0,Anomaly,-0.040066058980765484,CRITICAL
DoS,1.0,Normal,0.06804258501595917,CRITICAL
DoS,1.0,Normal,0.06339963193671516,CRITICAL
DoS,1.0,Normal,0.06313416710046665,CRITICAL
DoS,1.0,Anomaly,-0.004353790887038189,CRITICAL
DoS,1.0,Anomaly,-0.03106247944831325,CRITICAL
Probe,0.99,Normal,0.01012457896657909,CRITICAL
DoS,1.0,Normal,0.06158035044834964,CRITICAL
DoS,1.0,Normal,0.06348965608903112,CRITICAL
DoS,1.0,Normal,0.05599975257505507,CRITICAL
Probe,0.925,Normal,0.0020110514705065086,CRITICAL
DoS,1.0,Anomaly,-0.0027217772597816214,CRITICAL
Probe,1.0,Anomaly,-0.05986252991273355,CRITICAL
DoS,1.0,Normal,0.054858447265363486,CRITICAL
DoS,1.0,Normal,0.059583888125657236,CRITICAL
DoS,1.0,Anomaly,-0.01524107599628427,CRITICAL
DoS,1.0,Normal,0.03757824809246396,CRITICAL
DoS,1.0,Anomaly,-0.014661085469375057,CRITICAL
DoS,1.0,Normal,0.055062044945752064,CRITICAL
normal,1.0,Anomaly,-0.005677268621675613,MEDIUM
DoS,1.0,Normal,0.06680209553109312,CRITICAL
normal,1.0,Anomaly,-0.0017158450563143357,MEDIUM
DoS,0.995,Normal,0.05150105352933598,CRITICAL
DoS,1.0,Normal,0.009736726984253541,CRITICAL
DoS,1.0,Normal,0.06521038227665005,CRITICAL
Probe,1.0,Anomaly,-0.008240306061635505,CRITICAL
DoS,1.0,Normal,0.02729955092224351,CRITICAL
normal,1.0,Anomaly,-0.027374497637341344,MEDIUM
DoS,1.0,Anomaly,-0.006617527277355539,CRITICAL
Probe,0.765,Normal,0.02218978948911121,MEDIUM
DoS,1.0,Normal,0.06517672086183679,CRITICAL
DoS,1.0,Normal,0.059223889231214355,CRITICAL
DoS,1.0,Normal,0.06657159527912865,CRITICAL
DoS,1.0,Anomaly,-0.00021017177615434424,CRITICAL
DoS,1.0,Normal,0.06049087954452026,CRITICAL
DoS,1.0,Normal,0.06234148537707945,CRITICAL
DoS,1.0,Normal,0.06910779015862656,CRITICAL
DoS,1.0,Normal,0.050123455113335325,CRITICAL
DoS,1.0,Normal,0.06273965143406607,CRITICAL
DoS,1.0,Normal,0.04726337401888081,CRITICAL
DoS,1.0,Normal,0.06309075229118893,CRITICAL
DoS,1.0,Normal,0.020873965777522152,CRITICAL
Probe,1.0,Anomaly,-0.020914902068560726,CRITICAL
DoS,1.0,Normal,0.0659153045976229,CRITICAL
DoS,1.0,Normal,0.04311598232148123,CRITICAL
normal,1.0,Anomaly,-0.029531619865970915,MEDIUM
DoS,1.0,Normal,0.06451600515707595,CRITICAL
Probe,0.99,Normal,0.03385133479491642,CRITICAL
Probe,0.95,Anomaly,-0.009568382769191475,CRITICAL
DoS,1.0,Anomaly,-0.01649642488563796,CRITICAL
DoS,1.0,Normal,0.05903847107324678,CRITICAL
DoS,1.0,Normal,0.06975525288953766,CRITICAL
DoS,1.0,Normal,0.05090196911513872,CRITICAL
DoS,1.0,Anomaly,-0.03293990001077046,CRITICAL
DoS,1.0,Normal,0.06967696407938778,CRITICAL
DoS,1.0,Normal,0.06916095595093624,CRITICAL
DoS,0.995,Anomaly,-0.00298803360075639,CRITICAL
Probe,0.995,Normal,0.003922672913412362,CRITICAL
DoS,1.0,Normal,0.06815460248553146,CRITICAL
DoS,1.0,Normal,0.05590901774369217,CRITICAL
normal,1.0,Anomaly,-0.03954434915382077,MEDIUM
DoS,1.0,Normal,0.03553246083478284,CRITICAL
DoS,1.0,Normal,0.001461998770765749,CRITICAL
DoS,1.0,Normal,0.057951632352011895,CRITICAL
DoS,1.0,Normal,0.031073295310682814,CRITICAL
DoS,1.0,Normal,0.040166183565403635,CRITICAL
Probe,1.0,Anomaly,-0.0038635606421880686,CRITICAL
DoS,1.0,Normal,0.05469110748994138,CRITICAL
DoS,1.0,Normal,0.0672878841947458,CRITICAL
Probe,1.0,Anomaly,-0.03960145851293012,CRITICAL
DoS,1.0,Normal,0.05467341411585663,CRITICAL
DoS,1.0,Normal,0.058495193841825555,CRITICAL
DoS,1.0,Normal,0.06532070065954049,CRITICAL
DoS,0.965,Anomaly,-0.0038345750498116615,CRITICAL
DoS,1.0,Normal,0.06921581848850977,CRITICAL
Probe,0.995,Anomaly,-0.012341229468910198,CRITICAL
Probe,1.0,Normal,0.022791342103981926,CRITICAL
DoS,1.0,Normal,0.0035326509241740967,CRITICAL
Probe,1.0,Anomaly,-0.03180757900314085,CRITICAL
DoS,1.0,Normal,0.06811753018542316,CRITICAL
normal,0.98,Anomaly,-0.00886339985056983,MEDIUM
DoS,1.0,Normal,0.06800683059178964,CRITICAL
DoS,1.0,Normal,0.05479805714377595,CRITICAL
DoS,0.99,Normal,0.03517614033591465,CRITICAL
DoS,1.0,Normal,0.05500009222409036,CRITICAL
DoS,1.0,Normal,0.04248694472448006,CRITICAL
DoS,1.0,Normal,0.06980562231730875,CRITICAL
DoS,1.0,Normal,0.003595144902345082,CRITICAL
DoS,1.0,Normal,0.060366254762025784,CRITICAL
DoS,0.985,Anomaly,-0.006232990728732513,CRITICAL
Probe,1.0,Anomaly,-0.038729711660516086,CRITICAL
DoS,1.0,Normal,0.04383647605459684,CRITICAL
DoS,1.0,Normal,0.06710321950781717,CRITICAL
DoS,0.885,Normal,0.01719851865164057,CRITICAL
DoS,0.99,Normal,0.027429473098195656,CRITICAL
DoS,1.0,Normal,0.049604824547124005,CRITICAL
DoS,1.0,Normal,0.07576300387682527,CRITICAL
DoS,0.995,Normal,0.0076570926679149776,CRITICAL
DoS,1.0,Normal,0.0603061229543721,CRITICAL
DoS,1.0,Normal,0.058724369611169724,CRITICAL
DoS,1.0,Normal,0.0618862736126915,CRITICAL
DoS,1.0,Normal,0.06817282938337293,CRITICAL
DoS,1.0,Normal,0.07006300823394662,CRITICAL
normal,0.745,Anomaly,-0.008689637472321432,MEDIUM
DoS,1.0,Anomaly,-0.0033524087877448983,CRITICAL
DoS,1.0,Normal,0.06304139136288212,CRITICAL
normal,0.99,Anomaly,-0.042500282511779564,MEDIUM
DoS,1.0,Normal,0.0684371153916647,CRITICAL
DoS,1.0,Normal,0.06158757703105966,CRITICAL
Probe,1.0,Anomaly,-0.055717308447033265,CRITICAL
DoS,0.985,Anomaly,-0.006934394343651562,CRITICAL
DoS,1.0,Normal,0.062098657050685846,CRITICAL
Probe,1.0,Anomaly,-0.038738530280888805,CRITICAL
DoS,1.0,Normal,0.05952009393508506,CRITICAL
DoS,1.0,Normal,0.06682927157753943,CRITICAL
DoS,1.0,Normal,0.07445395830819823,CRITICAL
DoS,0.995,Normal,0.013986358093974194,CRITICAL
DoS,1.0,Normal,0.06893577396228151,CRITICAL
DoS,1.0,Normal,0.05465907262567554,CRITICAL
DoS,1.0,Normal,0.053284092412385464,CRITICAL
Probe,1.0,Anomaly,-0.049137836470088014,CRITICAL
DoS,1.0,Normal,0.06275100582288967,CRITICAL
Probe,0.995,Normal,0.002967642295188422,CRITICAL
Probe,0.97,Normal,0.011679843119305422,CRITICAL
DoS,1.0,Normal,0.07704738631947788,CRITICAL
DoS,0.98,Anomaly,-0.006463027839471114,CRITICAL
DoS,1.0,Normal,0.002080100810509522,CRITICAL
normal,0.985,Anomaly,-0.02639403952600272,MEDIUM
Probe,0.99,Normal,0.0005758325693260291,CRITICAL
DoS,1.0,Normal,0.06913838590781629,CRITICAL
Probe,1.0,Anomaly,-0.0029531214796345573,CRITICAL
DoS,1.0,Normal,0.0013373452754377735,CRITICAL
normal,1.0,Anomaly,-0.04107020882449064,MEDIUM
DoS,1.0,Normal,0.052189626754370944,CRITICAL
Probe,1.0,Anomaly,-0.056862176379137264,CRITICAL
DoS,1.0,Normal,0.05952585526042148,CRITICAL
DoS,1.0,Normal,0.06912400071623886,CRITICAL
DoS,1.0,Normal,0.06870117150840727,CRITICAL
DoS,1.0,Normal,0.05708084218336934,CRITICAL
DoS,1.0,Normal,0.06608379081643734,CRITICAL
DoS,1.0,Normal,0.05969084474530778,CRITICAL
DoS,1.0,Normal,0.06405768156267083,CRITICAL
DoS,1.0,Normal,0.05304458826710806,CRITICAL
DoS,1.0,Normal,0.002910909775060311,CRITICAL
normal,1.0,Anomaly,-0.03192304670711976,MEDIUM
normal,0.94,Anomaly,-0.007404680503447614,MEDIUM
DoS,1.0,Normal,0.060633120303992594,CRITICAL
normal,0.96,Anomaly,-0.040737116767999126,MEDIUM
Probe,0.895,Anomaly,-0.014736720521277002,CRITICAL
DoS,1.0,Normal,0.06222646374498131,CRITICAL
Probe,0.655,Anomaly,-0.001616036815897559,MEDIUM
DoS,1.0,Normal,0.06207271196301117,CRITICAL
DoS,1.0,Normal,0.05912781298336739,CRITICAL
DoS,1.0,Normal,0.06784222897087477,CRITICAL
Probe,1.0,Anomaly,-0.015731193482890093,CRITICAL
Probe,0.99,Normal,0.02611105561592203,CRITICAL
DoS,0.995,Normal,0.029304743913996067,CRITICAL
Probe,1.0,Anomaly,-0.005561756526873296,CRITICAL
DoS,1.0,Normal,0.06647990382044416,CRITICAL
DoS,1.0,Normal,0.03502789550049357,CRITICAL
DoS,1.0,Normal,0.06942466874612008,CRITICAL
DoS,1.0,Normal,0.06869330207316915,CRITICAL
DoS,1.0,Normal,0.059887324530020325,CRITICAL
Probe,1.0,Anomaly,-0.0016611461322588172,CRITICAL
DoS,1.0,Anomaly,-0.03278340840389138,CRITICAL
normal,0.88,Anomaly,-0.015493780528149814,MEDIUM
DoS,1.0,Normal,0.06420304278326444,CRITICAL
DoS,1.0,Normal,0.026622176179444623,CRITICAL
DoS,1.0,Normal,0.0648896849727656,CRITICAL
DoS,1.0,Normal,0.003532431810420178,CRITICAL
normal,1.0,Anomaly,-0.030022595687550557,MEDIUM
Probe,0.76,Normal,0.024418717614765884,MEDIUM
DoS,1.0,Normal,0.0594390905056178,CRITICAL
DoS,1.0,Normal,0.049965316148002314,CRITICAL
DoS,1.0,Normal,0.055957803101589376,CRITICAL
DoS,1.0,Normal,0.06189326886575308,CRITICAL
DoS,1.0,Normal,0.06696592302306881,CRITICAL
Probe,1.0,Anomaly,-0.009797882135856306,CRITICAL
DoS,1.0,Normal,0.05000532456345341,CRITICAL
DoS,1.0,Normal,0.05093873731607956,CRITICAL
DoS,1.0,Normal,0.05798550363494542,CRITICAL
DoS,0.97,Anomaly,-0.014963486508728585,CRITICAL
DoS,1.0,Normal,0.004619689207884248,CRITICAL
DoS,1.0,Normal,0.05312907664302485,CRITICAL
Probe,1.0,Normal,0.011811103494151876,CRITICAL
DoS,1.0,Normal,0.05555352951175724,CRITICAL
DoS,1.0,Normal,0.06942142641130739,CRITICAL
DoS,1.0,Normal,0.06759377512700027,CRITICAL
DoS,1.0,Normal,0.05813630827538879,CRITICAL
DoS,1.0,Normal,0.05776870303756748,CRITICAL
DoS,1.0,Normal,0.06761463148673114,CRITICAL
DoS,1.0,Normal,0.051229563199702566,CRITICAL
DoS,1.0,Normal,0.05617437072401704,CRITICAL
DoS,1.0,Normal,0.05512238115958379,CRITICAL
Probe,1.0,Anomaly,-0.004290351024592964,CRITICAL
DoS,1.0,Normal,0.05057517090309621,CRITICAL
DoS,1.0,Anomaly,-0.0006089202104089253,CRITICAL
DoS,1.0,Normal,0.0679913962995301,CRITICAL
DoS,1.0,Normal,0.060621606654859994,CRITICAL
DoS,1.0,Normal,0.011493080277825862,CRITICAL
Probe,0.99,Normal,0.033780005208512986,CRITICAL
DoS,1.0,Normal,0.049133849167192656,CRITICAL
DoS,1.0,Normal,0.0033437005425366872,CRITICAL
Probe,0.985,Normal,0.018580034437607973,CRITICAL
DoS,0.995,Anomaly,-0.018485595280194833,CRITICAL
R2L,0.995,Normal,0.031354247542314584,CRITICAL
normal,0.995,Anomaly,-0.021830222627516438,MEDIUM
DoS,1.0,Normal,0.05903847107324678,CRITICAL
DoS,1.0,Normal,0.06153376721934162,CRITICAL
Probe,0.955,Normal,0.029886758657131807,CRITICAL
DoS,1.0,Anomaly,-0.0009874829250883788,CRITICAL
DoS,1.0,Normal,0.009518116176821523,CRITICAL
Probe,1.0,Anomaly,-0.001696234005995556,CRITICAL
DoS,1.0,Normal,0.04478933741530711,CRITICAL
R2L,0.995,Normal,0.028052926387681143,CRITICAL
Probe,0.99,Anomaly,-0.03614646188867354,CRITICAL
DoS,1.0,Normal,0.06678800153163966,CRITICAL
DoS,0.995,Anomaly,-0.015198657927794235,CRITICAL
DoS,1.0,Normal,0.05071997678832324,CRITICAL
DoS,1.0,Normal,0.050368886412472946,CRITICAL
DoS,1.0,Normal,0.07028101665431125,CRITICAL
DoS,1.0,Normal,0.0638007047219244,CRITICAL
DoS,1.0,Normal,0.07067899125226851,CRITICAL
DoS,1.0,Normal,0.05169650487755251,CRITICAL
DoS,1.0,Normal,0.04594559890061278,CRITICAL
DoS,1.0,Normal,0.01577615859194781,CRITICAL
DoS,1.0,Normal,0.04895298025402117,CRITICAL
DoS,1.0,Normal,0.06259064120086955,CRITICAL
DoS,1.0,Normal,0.002801299854310879,CRITICAL
DoS,1.0,Normal,0.05727096649299496,CRITICAL
DoS,1.0,Normal,0.06297096067058733,CRITICAL
DoS,1.0,Anomaly,-0.03861088836304649,CRITICAL
DoS,0.98,Anomaly,-0.027983368514767126,CRITICAL
DoS,1.0,Normal,0.06142067690125741,CRITICAL
Probe,1.0,Anomaly,-0.003727637864482547,CRITICAL
DoS,1.0,Normal,0.064792434929268,CRITICAL
R2L,1.0,Normal,0.0403290263526912,CRITICAL
DoS,0.98,Anomaly,-0.03308444925125886,CRITICAL
DoS,1.0,Normal,0.06958255709015626,CRITICAL
DoS,1.0,Normal,0.0669761015246424,CRITICAL
DoS,1.0,Normal,0.04690907438251152,CRITICAL
DoS,1.0,Normal,0.06917133954908139,CRITICAL
DoS,1.0,Normal,0.05525789041721446,CRITICAL
Probe,0.945,Anomaly,-0.01729959356062094,CRITICAL
DoS,1.0,Normal,0.06988525044707455,CRITICAL
DoS,1.0,Anomaly,-0.004421480981950721,CRITICAL
DoS,1.0,Normal,0.04998157687946103,CRITICAL
Probe,1.0,Anomaly,-0.03377985759332086,CRITICAL
Probe,1.0,Anomaly,-0.0003655281116553555,CRITICAL
DoS,1.0,Normal,0.05640668058578774,CRITICAL
DoS,1.0,Anomaly,-0.03361459855284715,CRITICAL
DoS,1.0,Normal,0.018740933648817237,CRITICAL
DoS,1.0,Normal,0.06350371111822595,CRITICAL
DoS,1.0,Normal,0.05687232711718804,CRITICAL
DoS,1.0,Normal,0.06598256312229667,CRITICAL
DoS,1.0,Normal,0.0513666159940292,CRITICAL
DoS,1.0,Normal,0.004506457600727876,CRITICAL
DoS,1.0,Normal,0.064653948927828,CRITICAL
DoS,1.0,Normal,0.03716204978953419,CRITICAL
DoS,1.0,Normal,0.07088983469388882,CRITICAL
DoS,1.0,Normal,0.060736328176967835,CRITICAL
normal,1.0,Anomaly,-0.050051146414947956,MEDIUM
DoS,1.0,Anomaly,-0.04289182990534157,CRITICAL
normal,0.95,Anomaly,-0.060131747004267766,MEDIUM
R2L,0.985,Anomaly,-0.007965823806847572,CRITICAL
DoS,1.0,Normal,0.07283177340254032,CRITICAL
DoS,0.95,Normal,0.04845065383952479,CRITICAL
DoS,0.975,Normal,0.03009806508720858,CRITICAL
DoS,1.0,Normal,0.008440450307275027,CRITICAL
DoS,1.0,Normal,0.06693963728929492,CRITICAL
DoS,1.0,Normal,0.05611840576961713,CRITICAL
DoS,1.0,Normal,0.07115139367597895,CRITICAL
DoS,1.0,Normal,0.053154854209246094,CRITICAL
DoS,1.0,Anomaly,-0.02925119718883501,CRITICAL
DoS,1.0,Anomaly,-0.026912051440446894,CRITICAL
DoS,1.0,Normal,0.06131582393499069,CRITICAL
DoS,0.995,Normal,0.008220906877500822,CRITICAL
Probe,1.0,Anomaly,-0.013713208699947688,CRITICAL
normal,1.0,Anomaly,-0.0025848502076084023,MEDIUM
Probe,1.0,Anomaly,-5.7801247771271935e-05,CRITICAL
Probe,0.995,Anomaly,-0.03209539881143264,CRITICAL
normal,1.0,Anomaly,-0.033066005336067905,MEDIUM
DoS,1.0,Normal,0.060776551366244214,CRITICAL
normal,1.0,Anomaly,-0.03119801004416045,MEDIUM
Probe,1.0,Anomaly,-0.027273218389278653,CRITICAL
R2L,0.995,Normal,0.033798937882978275,CRITICAL
Probe,0.99,Normal,0.03295505460519471,CRITICAL
DoS,1.0,Normal,0.05733392538536375,CRITICAL
R2L,0.995,Normal,0.004698670421427242,CRITICAL
DoS,1.0,Normal,0.03727149820071346,CRITICAL
Probe,1.0,Anomaly,-0.03381618970290823,CRITICAL
DoS,0.985,Anomaly,-0.009447773296053175,CRITICAL
DoS,1.0,Normal,0.06932123566915022,CRITICAL
DoS,1.0,Normal,0.0709542388795732,CRITICAL
normal,1.0,Anomaly,-0.026263531869091805,MEDIUM
DoS,1.0,Normal,0.06320664433358808,CRITICAL
Probe,1.0,Anomaly,-0.038738530280888805,CRITICAL
DoS,1.0,Normal,0.06855715534211987,CRITICAL
normal,1.0,Anomaly,-0.005876978548402023,MEDIUM
DoS,1.0,Anomaly,-0.03314963335440907,CRITICAL
DoS,1.0,Normal,0.06147180303830552,CRITICAL
DoS,1.0,Normal,0.0562257631517174,CRITICAL
DoS,1.0,Normal,0.07056477646549913,CRITICAL
normal,0.81,Anomaly,-0.03513339693676221,MEDIUM
DoS,1.0,Normal,0.055526154726823596,CRITICAL
normal,1.0,Anomaly,-0.06799387909612215,MEDIUM
Probe,1.0,Anomaly,-0.040066058980765484,CRITICAL
DoS,1.0,Normal,0.06970718888504734,CRITICAL
DoS,1.0,Normal,0.062271009792111476,CRITICAL
DoS,1.0,Normal,0.056511114882069224,CRITICAL
DoS,1.0,Normal,0.04194659912055898,CRITICAL
Probe,0.995,Normal,0.009709908301028247,CRITICAL
DoS,1.0,Normal,0.05395523157900639,CRITICAL
DoS,0.995,Normal,0.03214579755423447,CRITICAL
DoS,1.0,Normal,0.0487945693526845,CRITICAL
DoS,1.0,Normal,0.06989093234635779,CRITICAL
DoS,1.0,Normal,0.054392597002454246,CRITICAL
DoS,1.0,Normal,0.04879390855624993,CRITICAL
DoS,1.0,Normal,0.05618256464802385,CRITICAL
DoS,1.0,Normal,0.04706243376110092,CRITICAL
DoS,1.0,Normal,0.05758997006291061,CRITICAL
DoS,1.0,Normal,0.06885972505239579,CRITICAL
DoS,0.945,Normal,0.0092277498755437,CRITICAL
DoS,1.0,Normal,0.053004669294475504,CRITICAL
Probe,1.0,Normal,0.00020004982452437314,CRITICAL
DoS,1.0,Normal,0.06891997734050764,CRITICAL
DoS,1.0,Normal,0.07150458439496049,CRITICAL
Probe,1.0,Anomaly,-0.03669630760926673,CRITICAL
DoS,1.0,Normal,0.06751848295587382,CRITICAL
DoS,1.0,Normal,0.0542306499434409,CRITICAL
Probe,0.93,Normal,0.019687983077139037,CRITICAL
Probe,0.97,Anomaly,-0.03977859750833673,CRITICAL
Probe,1.0,Anomaly,-0.042553163140697126,CRITICAL
DoS,1.0,Normal,0.06894624432029023,CRITICAL
Probe,1.0,Anomaly,-0.06178917604886908,CRITICAL
Probe,1.0,Normal,0.0019445285779526866,CRITICAL
DoS,1.0,Normal,0.05002203024250024,CRITICAL
Probe,1.0,Anomaly,-0.005383165865689488,CRITICAL
R2L,0.67,Normal,0.006534461284077642,MEDIUM
DoS,0.985,Anomaly,-0.029280637070713766,CRITICAL
DoS,1.0,Normal,0.05785273472520025,CRITICAL
Probe,1.0,Normal,0.024097408548349464,CRITICAL
Probe,0.945,Normal,0.0067289735980083365,CRITICAL
DoS,1.0,Normal,0.0020760590937600742,CRITICAL
DoS,1.0,Anomaly,-0.007520655044489122,CRITICAL
DoS,1.0,Normal,0.06682881443289923,CRITICAL
DoS,1.0,Normal,0.06886561846979561,CRITICAL
DoS,1.0,Normal,0.06266574179793089,CRITICAL
DoS,1.0,Normal,0.06117257600482434,CRITICAL
Probe,1.0,Anomaly,-0.03858228331147784,CRITICAL
Probe,0.99,Anomaly,-0.003101494767059343,CRITICAL
DoS,1.0,Anomaly,-0.003840275092232337,CRITICAL
DoS,1.0,Normal,0.06132122974096116,CRITICAL
DoS,1.0,Normal,0.05654359233788997,CRITICAL
Probe,0.92,Anomaly,-0.0025227345258023726,CRITICAL
DoS,1.0,Normal,0.005861415029968564,CRITICAL
DoS,1.0,Normal,0.0659338257805368,CRITICAL
DoS,1.0,Normal,0.018926974613043435,CRITICAL
Probe,1.0,Anomaly,-0.0035970516072224012,CRITICAL
DoS,0.965,Normal,0.029164553148729344,CRITICAL
DoS,1.0,Normal,0.06346898430803077,CRITICAL
DoS,1.0,Normal,0.057927292056183854,CRITICAL
Probe,1.0,Anomaly,-0.03711614128554652,CRITICAL
DoS,1.0,Normal,0.0677436762622377,CRITICAL
DoS,0.995,Normal,0.021233005438394625,CRITICAL
normal,1.0,Anomaly,-0.030841738032397314,MEDIUM
Probe,1.0,Anomaly,-0.03669630760926673,CRITICAL
normal,1.0,Anomaly,-0.028886817450747504,MEDIUM
DoS,0.975,Normal,0.0024103886936021612,CRITICAL
DoS,1.0,Normal,0.0591322430088429,CRITICAL
DoS,1.0,Normal,0.05725825200637469,CRITICAL
DoS,1.0,Normal,0.01088685131501349,CRITICAL
DoS,1.0,Normal,0.06404889365466254,CRITICAL
DoS,1.0,Normal,0.050328526297388376,CRITICAL
DoS,1.0,Normal,0.06820847912587924,CRITICAL
DoS,1.0,Anomaly,-3.766755567635727e-05,CRITICAL
DoS,1.0,Normal,0.06919685067985998,CRITICAL
DoS,1.0,Normal,0.05361543922165157,CRITICAL
DoS,1.0,Normal,0.05346878360804991,CRITICAL
DoS,1.0,Normal,0.06371508716028979,CRITICAL
DoS,1.0,Normal,0.06706288024173368,CRITICAL
DoS,1.0,Normal,0.009222523392599602,CRITICAL
normal,0.985,Anomaly,-0.012054527152020378,MEDIUM
Probe,1.0,Anomaly,-0.004182593718817518,CRITICAL
DoS,1.0,Normal,0.055147458505113545,CRITICAL
DoS,1.0,Normal,0.04789130006090575,CRITICAL
DoS,1.0,Normal,0.05689855618597156,CRITICAL
DoS,1.0,Normal,0.059875138881560264,CRITICAL
DoS,1.0,Normal,0.06855527646831777,CRITICAL
Probe,1.0,Anomaly,-0.0378201235431147,CRITICAL
DoS,1.0,Normal,0.06737652515488946,CRITICAL
DoS,1.0,Normal,0.06074206026909995,CRITICAL
DoS,1.0,Anomaly,-0.007822421498896004,CRITICAL
DoS,1.0,Normal,0.06784601249098832,CRITICAL
DoS,1.0,Normal,0.06775135424754003,CRITICAL
Probe,0.98,Anomaly,-0.0035460859596727623,CRITICAL
Probe,1.0,Anomaly,-0.004658503505706735,CRITICAL
DoS,1.0,Normal,0.003436597081548032,CRITICAL
DoS,1.0,Anomaly,-0.0016853355761263233,CRITICAL
DoS,1.0,Normal,0.05723344694337079,CRITICAL
DoS,0.995,Anomaly,-0.017888311604452922,CRITICAL
DoS,1.0,Normal,0.06752440765490303,CRITICAL
Probe,1.0,Anomaly,-0.058547561489148414,CRITICAL
DoS,1.0,Normal,0.07020096261571945,CRITICAL
DoS,1.0,Normal,0.06774176110867319,CRITICAL
Probe,0.975,Normal,0.022336467164475293,CRITICAL
DoS,0.995,Anomaly,-0.0013368528032531302,CRITICAL
DoS,1.0,Normal,0.05498303637282542,CRITICAL
DoS,1.0,Normal,0.07021243374727998,CRITICAL
normal,0.99,Anomaly,-0.04386102521369961,MEDIUM
DoS,1.0,Normal,0.05084297690057815,CRITICAL
DoS,1.0,Normal,0.061423073378329085,CRITICAL
DoS,1.0,Normal,0.06366926507224996,CRITICAL
DoS,1.0,Normal,0.05488284803635868,CRITICAL
DoS,1.0,Normal,0.05199514743987471,CRITICAL
DoS,1.0,Normal,0.05434772339520716,CRITICAL
DoS,1.0,Normal,0.010032896662980684,CRITICAL
DoS,1.0,Normal,0.06311507292629404,CRITICAL
Probe,0.985,Normal,0.03166559839886596,CRITICAL
DoS,1.0,Normal,0.06681179225235756,CRITICAL
DoS,1.0,Normal,0.05337218851121006,CRITICAL
normal,1.0,Anomaly,-0.047715220129786795,MEDIUM
DoS,1.0,Normal,0.006934632934705809,CRITICAL
DoS,1.0,Normal,0.06771155902608722,CRITICAL
DoS,1.0,Normal,0.0709542388795732,CRITICAL
DoS,1.0,Normal,0.06403553163029424,CRITICAL
DoS,1.0,Normal,0.06817088095212581,CRITICAL
DoS,0.945,Anomaly,-0.0018773440683088616,CRITICAL
normal,1.0,Anomaly,-0.02862565302202824,MEDIUM
DoS,1.0,Anomaly,-0.00572402502318875,CRITICAL
DoS,1.0,Normal,0.05576914231096791,CRITICAL
DoS,1.0,Normal,0.05142725669057968,CRITICAL
Probe,1.0,Anomaly,-0.003575811381583305,CRITICAL
DoS,1.0,Normal,0.047720850757074496,CRITICAL
DoS,1.0,Normal,0.07026106403868776,CRITICAL
Probe,1.0,Anomaly,-0.03543704343111853,CRITICAL
normal,1.0,Anomaly,-0.062214548033175165,MEDIUM
Probe,1.0,Anomaly,-0.004339244650918839,CRITICAL
DoS,1.0,Normal,0.052328033978079724,CRITICAL
Probe,0.98,Normal,0.022320662371326683,CRITICAL
Probe,0.985,Normal,0.019042366037666847,CRITICAL
DoS,1.0,Normal,0.07505264893011909,CRITICAL
DoS,1.0,Normal,0.05867878119703768,CRITICAL
R2L,1.0,Normal,0.038941166209762235,CRITICAL
DoS,0.995,Normal,0.0077521703107548134,CRITICAL
Probe,1.0,Anomaly,-0.00845110205319577,CRITICAL
DoS,1.0,Normal,0.005948496716430329,CRITICAL
DoS,1.0,Normal,0.06857085402084462,CRITICAL
DoS,1.0,Normal,0.06874943564625985,CRITICAL
DoS,1.0,Normal,0.06302952398021461,CRITICAL
Probe,1.0,Anomaly,-0.06128496671869338,CRITICAL
DoS,1.0,Normal,0.054982303633637875,CRITICAL
DoS,1.0,Normal,0.06972030315266775,CRITICAL
DoS,1.0,Normal,0.05563203684211815,CRITICAL
DoS,1.0,Anomaly,-0.02460127232192333,CRITICAL
normal,0.81,Anomaly,-0.026339849760269762,MEDIUM
DoS,1.0,Normal,0.06209095434103551,CRITICAL
DoS,1.0,Normal,0.06897072969966495,CRITICAL
normal,1.0,Anomaly,-0.0013064787882874351,MEDIUM
DoS,1.0,Normal,0.0011932998099167258,CRITICAL
R2L,1.0,Normal,0.03591918218608625,CRITICAL
DoS,1.0,Normal,0.017208005715984076,CRITICAL
R2L,0.99,Anomaly,-0.006078768926840394,CRITICAL
DoS,1.0,Normal,0.002276280479760251,CRITICAL
R2L,1.0,Normal,0.002345695245223711,CRITICAL
DoS,1.0,Normal,0.06348721189910855,CRITICAL
DoS,1.0,Normal,0.06367950848408283,CRITICAL
DoS,1.0,Normal,0.06108361887406594,CRITICAL
DoS,1.0,Normal,0.06773789498218485,CRITICAL
DoS,1.0,Normal,0.0606993125072795,CRITICAL
DoS,0.825,Normal,0.005216416426491177,CRITICAL
DoS,1.0,Normal,0.0692265202433276,CRITICAL
Probe,0.99,Normal,0.027162970536779574,CRITICAL
DoS,1.0,Normal,0.06450679113328478,CRITICAL
DoS,1.0,Normal,0.057590898449609074,CRITICAL
DoS,1.0,Normal,0.06220679489682446,CRITICAL
DoS,1.0,Normal,0.0017041137569926978,CRITICAL
normal,0.995,Anomaly,-0.023204096841320465,MEDIUM
DoS,1.0,Normal,0.06910322207251274,CRITICAL
DoS,1.0,Normal,0.06148200414380478,CRITICAL
DoS,1.0,Normal,0.0640356345849104,CRITICAL
normal,0.995,Anomaly,-0.04409571972980675,MEDIUM
DoS,1.0,Normal,0.06534962031238722,CRITICAL
DoS,1.0,Normal,0.060502657312686114,CRITICAL
DoS,1.0,Normal,0.0706177237004092,CRITICAL
DoS,1.0,Normal,0.002728151709550819,CRITICAL
Probe,1.0,Anomaly,-0.0010705831859941228,CRITICAL
DoS,1.0,Normal,0.06223662927782775,CRITICAL
DoS,1.0,Normal,0.053541853947967455,CRITICAL
DoS,1.0,Normal,0.05798737051592129,CRITICAL
DoS,1.0,Normal,0.05059256381081895,CRITICAL
Probe,1.0,Anomaly,-0.04083906502022727,CRITICAL
DoS,1.0,Normal,0.007694482307009309,CRITICAL
DoS,1.0,Normal,0.06025463693795313,CRITICAL
normal,1.0,Anomaly,-0.03227779080055515,MEDIUM
Probe,1.0,Anomaly,-0.03973051081778045,CRITICAL
DoS,1.0,Normal,0.0687789487727713,CRITICAL
Probe,1.0,Normal,0.003465665048628719,CRITICAL
DoS,1.0,Normal,0.06741595860196714,CRITICAL
DoS,1.0,Normal,0.050184621101856175,CRITICAL
Probe,1.0,Anomaly,-0.004182593718817518,CRITICAL
DoS,1.0,Normal,0.04949150175642264,CRITICAL
DoS,0.835,Anomaly,-0.0018519758961740296,CRITICAL
DoS,1.0,Normal,0.05989034209801519,CRITICAL
DoS,1.0,Normal,0.029879507530712612,CRITICAL
DoS,0.96,Normal,0.008098142483062287,CRITICAL
DoS,1.0,Normal,0.06691880218322599,CRITICAL
DoS,1.0,Normal,0.06884266725700988,CRITICAL
DoS,0.995,Normal,0.03457239458664485,CRITICAL
R2L,0.985,Anomaly,-0.006078768926840394,CRITICAL
DoS,1.0,Normal,0.06454038018403185,CRITICAL
DoS,1.0,Normal,0.05388997094097642,CRITICAL
DoS,1.0,Normal,0.06578256614141409,CRITICAL
DoS,1.0,Normal,0.05274610123826412,CRITICAL
DoS,1.0,Normal,0.0640330874324389,CRITICAL
DoS,1.0,Anomaly,-0.013082858595195368,CRITICAL
R2L,0.515,Anomaly,-0.009385664758692625,MEDIUM
DoS,1.0,Normal,0.04565920026740755,CRITICAL
DoS,1.0,Normal,0.058492805226776245,CRITICAL
DoS,1.0,Normal,0.043984779510664984,CRITICAL
normal,0.9,Anomaly,-0.03511326106930823,MEDIUM
DoS,1.0,Normal,0.06093209191062321,CRITICAL
Probe,1.0,Anomaly,-0.040066058980765484,CRITICAL
DoS,1.0,Normal,0.06806811698163523,CRITICAL
DoS,1.0,Normal,0.04810436338709717,CRITICAL
Probe,1.0,Anomaly,-0.04539222022854045,CRITICAL
normal,0.86,Anomaly,-0.035901832937957734,MEDIUM
DoS,1.0,Normal,0.06183153884581766,CRITICAL
DoS,1.0,Normal,0.05679615619221612,CRITICAL
Probe,1.0,Anomaly,-0.031961533748740056,CRITICAL
DoS,1.0,Normal,0.06978077919654391,CRITICAL
DoS,1.0,Normal,0.05974505482517406,CRITICAL
Probe,1.0,Anomaly,-0.0021203252424117913,CRITICAL
DoS,1.0,Normal,0.054332037195088945,CRITICAL
DoS,1.0,Normal,0.05850683723011346,CRITICAL
DoS,1.0,Normal,0.06665280562700165,CRITICAL
DoS,1.0,Normal,0.05726604122156881,CRITICAL
DoS,1.0,Normal,0.05442784006619139,CRITICAL
Probe,1.0,Anomaly,-0.049706771473460476,CRITICAL
DoS,1.0,Normal,0.0548743901170165,CRITICAL
normal,1.0,Anomaly,-0.0010821650323382115,MEDIUM
DoS,1.0,Normal,0.021036839060598223,CRITICAL
DoS,1.0,Anomaly,-0.000927106452919213,CRITICAL
DoS,0.88,Normal,0.015210197769199796,CRITICAL
DoS,1.0,Normal,0.06591514040431329,CRITICAL
DoS,0.995,Normal,0.04673538810385158,CRITICAL
DoS,1.0,Normal,0.06661733870939213,CRITICAL
DoS,1.0,Normal,0.07060892771471755,CRITICAL
DoS,1.0,Normal,0.07087932356004961,CRITICAL
R2L,0.96,Normal,0.037642802245318796,CRITICAL
Probe,0.97,Normal,0.011040317403063216,CRITICAL
Probe,1.0,Anomaly,-0.004076496953470066,CRITICAL
DoS,1.0,Normal,0.06506387091138888,CRITICAL
DoS,1.0,Normal,0.047044181676350716,CRITICAL
DoS,1.0,Normal,0.05917694235799764,CRITICAL
DoS,1.0,Normal,0.05373596725533386,CRITICAL
DoS,1.0,Normal,0.06749693681507685,CRITICAL
normal,0.96,Anomaly,-0.07342568492214341,MEDIUM
DoS,0.975,Normal,0.002333392770937359,CRITICAL
DoS,1.0,Normal,0.056826715016154605,CRITICAL
DoS,1.0,Normal,0.060067963443214856,CRITICAL
DoS,1.0,Normal,0.0545796242391251,CRITICAL
DoS,1.0,Normal,0.06342261632542956,CRITICAL
Probe,0.955,Anomaly,-0.016420674882752673,CRITICAL
DoS,1.0,Normal,0.05596333574214085,CRITICAL
DoS,1.0,Normal,0.07181701008631808,CRITICAL
Probe,0.995,Normal,0.021600994436060006,CRITICAL
DoS,1.0,Anomaly,-0.035507224942181725,CRITICAL
DoS,1.0,Normal,0.06512982596756606,CRITICAL
normal,1.0,Anomaly,-0.04734061371700721,MEDIUM
DoS,1.0,Normal,0.012518794814401657,CRITICAL
normal,0.97,Anomaly,-0.00927262120239275,MEDIUM
DoS,1.0,Normal,0.0675272504566059,CRITICAL
DoS,1.0,Normal,0.056120127933453445,CRITICAL
DoS,1.0,Normal,0.06373480585950203,CRITICAL
DoS,1.0,Anomaly,-0.03211162145955432,CRITICAL
DoS,1.0,Normal,0.07060615659035813,CRITICAL
DoS,1.0,Normal,0.05209615992493427,CRITICAL
DoS,1.0,Normal,0.06481601995801572,CRITICAL
normal,1.0,Anomaly,-0.03489411035783019,MEDIUM
DoS,0.945,Normal,0.04548692166068907,CRITICAL
DoS,1.0,Normal,0.05356395357678417,CRITICAL
DoS,1.0,Normal,0.022231686448951793,CRITICAL
DoS,1.0,Normal,0.05150726795177002,CRITICAL
Probe,1.0,Anomaly,-0.019423141179023773,CRITICAL
DoS,1.0,Normal,0.0695275359017502,CRITICAL
DoS,1.0,Normal,0.06418137732234042,CRITICAL
DoS,1.0,Normal,0.0702265642276435,CRITICAL
DoS,1.0,Normal,0.055688273514241715,CRITICAL
DoS,1.0,Normal,0.06914223980575629,CRITICAL
DoS,1.0,Anomaly,-0.03557542370844091,CRITICAL
Probe,1.0,Anomaly,-0.005095516165748881,CRITICAL
DoS,1.0,Normal,0.05392160910577759,CRITICAL
DoS,1.0,Normal,0.057553591552198746,CRITICAL
normal,0.945,Anomaly,-0.05638891855840433,MEDIUM
DoS,1.0,Normal,0.058667674688862526,CRITICAL
DoS,1.0,Normal,0.06911492462533703,CRITICAL
DoS,1.0,Normal,0.05573278842412366,CRITICAL
Probe,1.0,Anomaly,-0.03693563019449109,CRITICAL
DoS,1.0,Normal,0.06180530354824759,CRITICAL
DoS,1.0,Normal,0.007366940778993247,CRITICAL
DoS,1.0,Normal,0.052190417105337006,CRITICAL
DoS,1.0,Normal,0.05227289992062578,CRITICAL
DoS,1.0,Normal,0.058815752784726893,CRITICAL
DoS,1.0,Normal,0.06482182046665463,CRITICAL
Probe,1.0,Anomaly,-0.058695288646392674,CRITICAL
DoS,1.0,Normal,0.058581298523935454,CRITICAL
DoS,1.0,Normal,0.06855816803110759,CRITICAL
Probe,0.995,Normal,0.025509051694879936,CRITICAL
Probe,1.0,Anomaly,-0.04279146461881439,CRITICAL
DoS,1.0,Normal,0.06343137189289105,CRITICAL
DoS,1.0,Normal,0.024769942760054675,CRITICAL
DoS,1.0,Normal,0.05242630923069547,CRITICAL
DoS,1.0,Normal,0.04984251752104646,CRITICAL
DoS,1.0,Normal,0.02333881632570378,CRITICAL
Probe,1.0,Anomaly,-0.0033207632971414824,CRITICAL
DoS,1.0,Normal,0.013221554351561804,CRITICAL
DoS,1.0,Normal,0.07060892771471755,CRITICAL
DoS,1.0,Normal,0.029522726998657822,CRITICAL
DoS,1.0,Normal,0.053616340098408044,CRITICAL
normal,0.995,Anomaly,-0.0017570460563580692,MEDIUM
DoS,1.0,Normal,0.049010734206192064,CRITICAL
DoS,1.0,Normal,0.06679961098438808,CRITICAL
Probe,0.985,Anomaly,-0.0030893222262009523,CRITICAL
DoS,1.0,Normal,0.07017227672052745,CRITICAL
normal,1.0,Anomaly,-0.0012478949335162914,MEDIUM
DoS,1.0,Normal,0.06759331281067016,CRITICAL
DoS,1.0,Normal,0.006955787810200786,CRITICAL
DoS,1.0,Normal,0.06544209325347816,CRITICAL
DoS,1.0,Normal,0.0073769358317546385,CRITICAL
Probe,1.0,Anomaly,-0.015143558830897408,CRITICAL
DoS,1.0,Normal,0.06852497605009428,CRITICAL
DoS,1.0,Normal,0.06172263139527229,CRITICAL
DoS,1.0,Normal,0.05567365325866258,CRITICAL
DoS,1.0,Normal,0.06492056467035207,CRITICAL
DoS,1.0,Normal,0.07083898879750677,CRITICAL
DoS,1.0,Normal,0.04462522179828743,CRITICAL
DoS,1.0,Normal,0.07006538893258646,CRITICAL
DoS,1.0,Normal,0.06627308080735833,CRITICAL
Probe,1.0,Normal,0.0032539546398922536,CRITICAL
DoS,1.0,Normal,0.07130056374600274,CRITICAL
DoS,1.0,Normal,0.03674461997046852,CRITICAL
Probe,0.995,Anomaly,-0.03377638330006044,CRITICAL
DoS,0.995,Normal,0.015013844535282372,CRITICAL
DoS,1.0,Anomaly,-0.023355564968915388,CRITICAL
DoS,1.0,Normal,0.06809033269543319,CRITICAL
DoS,1.0,Normal,0.06902810016015754,CRITICAL
DoS,1.0,Normal,0.047504854570196375,CRITICAL
DoS,1.0,Normal,0.06725508649192763,CRITICAL
normal,1.0,Anomaly,-0.02660103248349066,MEDIUM
Probe,1.0,Anomaly,-0.011807769328073592,CRITICAL
Probe,1.0,Anomaly,-0.002031070853786121,CRITICAL
DoS,1.0,Normal,0.07311542706959057,CRITICAL
DoS,1.0,Normal,0.06792868852759748,CRITICAL
DoS,1.0,Normal,0.055275193711775306,CRITICAL
normal,1.0,Anomaly,-0.0027289174316653675,MEDIUM
DoS,1.0,Normal,0.06795683905573036,CRITICAL
normal,1.0,Anomaly,-0.04695352287745658,MEDIUM
Probe,1.0,Anomaly,-0.0059886215738435,CRITICAL
DoS,1.0,Normal,0.06272796284396498,CRITICAL
DoS,1.0,Normal,0.054740743826797444,CRITICAL
DoS,1.0,Normal,0.00944919289525864,CRITICAL
DoS,1.0,Normal,0.012007014987815923,CRITICAL
DoS,1.0,Normal,0.05980482324945691,CRITICAL
DoS,1.0,Normal,0.06610022337716709,CRITICAL
DoS,1.0,Normal,0.05227201184523533,CRITICAL
DoS,1.0,Anomaly,-0.03175705594464984,CRITICAL
DoS,1.0,Anomaly,-0.005907518713830828,CRITICAL
DoS,1.0,Normal,0.0699740387311169,CRITICAL
DoS,1.0,Normal,0.06112781094330988,CRITICAL
Probe,0.995,Normal,0.03406087858977064,CRITICAL
normal,0.915,Anomaly,-0.020482336316980432,MEDIUM
DoS,1.0,Normal,0.060509014073310774,CRITICAL
DoS,1.0,Normal,0.0625277324524236,CRITICAL
DoS,1.0,Normal,0.06725616834366321,CRITICAL
DoS,1.0,Normal,0.06974931028028702,CRITICAL
DoS,1.0,Normal,0.032263891721081184,CRITICAL
DoS,1.0,Normal,0.05373505653612337,CRITICAL
DoS,1.0,Anomaly,-0.027641163852785533,CRITICAL
DoS,1.0,Normal,0.07084881899879975,CRITICAL
DoS,1.0,Normal,0.06664915943664407,CRITICAL
normal,1.0,Anomaly,-0.02833580886570569,MEDIUM
Probe,0.895,Normal,0.010485692166695482,CRITICAL
DoS,1.0,Normal,0.07027509978398117,CRITICAL
normal,0.995,Anomaly,-0.027913500587034512,MEDIUM
DoS,1.0,Anomaly,-0.03357006165578924,CRITICAL
DoS,1.0,Normal,0.05277077107883954,CRITICAL
DoS,1.0,Normal,0.020270738742046823,CRITICAL
Probe,1.0,Anomaly,-0.005395822793882787,CRITICAL
DoS,1.0,Normal,0.0598226158200727,CRITICAL
Probe,1.0,Anomaly,-0.04803063796250401,CRITICAL
Probe,0.905,Normal,0.017723597496566157,CRITICAL
DoS,1.0,Normal,0.05619482441464818,CRITICAL
DoS,1.0,Normal,0.06049087954452026,CRITICAL
DoS,1.0,Normal,0.055923329252171416,CRITICAL
DoS,1.0,Normal,0.061095128482247074,CRITICAL
DoS,1.0,Anomaly,-0.00790539971227533,CRITICAL
DoS,1.0,Normal,0.052105608706170925,CRITICAL
DoS,1.0,Normal,0.05806510071640608,CRITICAL
DoS,1.0,Normal,0.07010590999548216,CRITICAL
DoS,1.0,Normal,0.06968290485733825,CRITICAL
Probe,1.0,Anomaly,-0.0576785664327113,CRITICAL
Probe,1.0,Anomaly,-0.05263714060016439,CRITICAL
DoS,1.0,Anomaly,-0.0010882324364062668,CRITICAL
DoS,1.0,Normal,0.06106214707988039,CRITICAL
DoS,1.0,Normal,0.07050519083545903,CRITICAL
DoS,1.0,Normal,0.007546298311011335,CRITICAL
DoS,1.0,Normal,0.006982734080568431,CRITICAL
Probe,1.0,Anomaly,-0.0019188655508262098,CRITICAL
Probe,0.915,Normal,0.008104798098659882,CRITICAL
Probe,1.0,Anomaly,-0.0035509892687046185,CRITICAL
DoS,1.0,Normal,0.046193273874290786,CRITICAL
DoS,1.0,Normal,0.009126720725839976,CRITICAL
DoS,1.0,Normal,0.00840197874917209,CRITICAL
DoS,1.0,Normal,0.06251489333853838,CRITICAL
Probe,1.0,Anomaly,-0.05429880454215519,CRITICAL
Probe,0.995,Anomaly,-0.02481963698098988,CRITICAL
DoS,1.0,Normal,0.004916790433561025,CRITICAL
DoS,1.0,Normal,0.009632565740893828,CRITICAL
DoS,1.0,Normal,0.03323268942381169,CRITICAL
DoS,1.0,Normal,0.059731333149302956,CRITICAL
DoS,1.0,Normal,0.05723749330297462,CRITICAL
DoS,1.0,Normal,0.0652653081054681,CRITICAL
DoS,1.0,Normal,0.03868027945800134,CRITICAL
Probe,0.99,Normal,0.02740863415502276,CRITICAL
Probe,1.0,Anomaly,-0.04750851160768205,CRITICAL
DoS,1.0,Normal,0.0671829486518501,CRITICAL
DoS,1.0,Normal,0.07079457146814377,CRITICAL
DoS,1.0,Normal,0.061158464654980926,CRITICAL
DoS,1.0,Normal,0.06206892988847024,CRITICAL
Probe,0.995,Normal,0.0015318311460594813,CRITICAL
DoS,1.0,Normal,0.0662800114794741,CRITICAL
DoS,1.0,Normal,0.022255944777914982,CRITICAL
DoS,0.96,Normal,0.0026074720744506674,CRITICAL
DoS,1.0,Anomaly,-0.003493877333697659,CRITICAL
DoS,1.0,Normal,0.06623318865897537,CRITICAL
DoS,1.0,Normal,0.06934425632040975,CRITICAL
Probe,1.0,Anomaly,-0.025300276358110274,CRITICAL
DoS,1.0,Normal,0.0636431853300452,CRITICAL
Probe,0.905,Normal,0.006804184995596985,CRITICAL
Probe,1.0,Anomaly,-0.018547358758448707,CRITICAL
DoS,1.0,Normal,0.060944926146530465,CRITICAL
DoS,1.0,Normal,0.0012854747581039216,CRITICAL
DoS,1.0,Normal,0.05816656665093006,CRITICAL
DoS,1.0,Normal,0.0665036301689863,CRITICAL
DoS,1.0,Normal,0.05333577152335234,CRITICAL
DoS,1.0,Normal,0.07106555813819737,CRITICAL
Probe,1.0,Anomaly,-0.00534453651190564,CRITICAL
DoS,1.0,Normal,0.058036600108210434,CRITICAL
DoS,1.0,Normal,0.05252018767361327,CRITICAL
DoS,1.0,Normal,0.008269959155173257,CRITICAL
DoS,0.99,Anomaly,-0.02319152550147946,CRITICAL
DoS,1.0,Normal,0.05390173526718678,CRITICAL
DoS,1.0,Normal,0.015879551979154527,CRITICAL
DoS,1.0,Normal,0.04690907438251152,CRITICAL
DoS,1.0,Normal,0.06109399436816443,CRITICAL
DoS,1.0,Normal,0.06654251144962181,CRITICAL
DoS,1.0,Normal,0.06322279335589326,CRITICAL
DoS,1.0,Anomaly,-0.0077573496859126845,CRITICAL
DoS,1.0,Anomaly,-0.031786487351287585,CRITICAL
Probe,0.995,Anomaly,-0.01416031955714342,CRITICAL
DoS,1.0,Normal,0.0003570513267651121,CRITICAL
DoS,1.0,Normal,0.06711733177511636,CRITICAL
Probe,1.0,Anomaly,-0.010685972234294905,CRITICAL
DoS,1.0,Normal,0.027491241586306225,CRITICAL
DoS,1.0,Normal,0.004846297995477145,CRITICAL
DoS,1.0,Normal,0.043577934810902164,CRITICAL
DoS,1.0,Anomaly,-0.04078183131275742,CRITICAL
DoS,0.995,Anomaly,-0.002448588280822006,CRITICAL
Probe,0.92,Anomaly,-0.047098185644889545,CRITICAL
DoS,1.0,Normal,0.06416497753585898,CRITICAL
DoS,1.0,Normal,0.0571241414590955,CRITICAL
DoS,1.0,Normal,0.009416598799709575,CRITICAL
Probe,1.0,Anomaly,-0.03632381939057061,CRITICAL
DoS,1.0,Normal,0.06900784350291173,CRITICAL
DoS,1.0,Anomaly,-0.007234993084950236,CRITICAL
Probe,1.0,Anomaly,-0.0022238008808028176,CRITICAL
DoS,1.0,Normal,0.07079263548246234,CRITICAL
DoS,1.0,Normal,0.04196974463610226,CRITICAL
DoS,1.0,Normal,0.057842824863259146,CRITICAL
Probe,1.0,Anomaly,-0.0071719485910187175,CRITICAL
DoS,1.0,Normal,0.05985893011184906,CRITICAL
normal,0.955,Anomaly,-0.03154350046694204,MEDIUM
Probe,1.0,Normal,0.010140096680125055,CRITICAL
Probe,1.0,Anomaly,-0.017873155265272167,CRITICAL
DoS,1.0,Normal,0.05666438905731769,CRITICAL
DoS,1.0,Normal,0.06729537108977957,CRITICAL
DoS,1.0,Normal,0.0514483961648714,CRITICAL
DoS,1.0,Anomaly,-0.003591905292911257,CRITICAL
DoS,1.0,Normal,0.009383127107862876,CRITICAL
DoS,1.0,Anomaly,-0.0037058844046472528,CRITICAL
DoS,1.0,Normal,0.06852544717126441,CRITICAL
DoS,1.0,Anomaly,-0.0016425162550722239,CRITICAL
normal,1.0,Anomaly,-0.007222392134257849,MEDIUM
DoS,1.0,Normal,0.055795126076846446,CRITICAL
DoS,1.0,Normal,0.07075100640271731,CRITICAL
normal,1.0,Anomaly,-0.0185744082479814,MEDIUM
DoS,1.0,Normal,0.06503280234149844,CRITICAL
Probe,1.0,Anomaly,-0.06095727617723168,CRITICAL
DoS,1.0,Normal,0.06809605590560047,CRITICAL
DoS,1.0,Normal,0.051914770156147094,CRITICAL
DoS,1.0,Normal,0.03545124520913312,CRITICAL
DoS,1.0,Normal,0.004464161375023978,CRITICAL
Probe,0.805,Anomaly,-0.039950628280771394,CRITICAL
DoS,1.0,Normal,0.06660766960582742,CRITICAL
DoS,1.0,Normal,0.06659422963209294,CRITICAL
DoS,1.0,Normal,0.04838582738659952,CRITICAL
DoS,1.0,Normal,0.06923616968997282,CRITICAL
DoS,1.0,Normal,0.06543198717935272,CRITICAL
DoS,1.0,Normal,0.061495925982455346,CRITICAL
Probe,1.0,Anomaly,-0.03374063578190639,CRITICAL
normal,1.0,Anomaly,-0.022460095728868368,MEDIUM
Probe,0.995,Anomaly,-0.01932696804488765,CRITICAL
Probe,1.0,Anomaly,-0.03249321047501669,CRITICAL
Probe,0.89,Anomaly,-0.02538889615097295,CRITICAL
DoS,1.0,Anomaly,-0.0027820161581683656,CRITICAL
DoS,0.98,Normal,0.026935720178295208,CRITICAL
DoS,1.0,Anomaly,-0.00232254864098963,CRITICAL
DoS,1.0,Normal,0.059649726480667076,CRITICAL
DoS,1.0,Normal,0.06581148007062088,CRITICAL
DoS,1.0,Normal,0.011512833430879221,CRITICAL
DoS,1.0,Normal,0.0017626059094515423,CRITICAL
DoS,1.0,Normal,0.05268151467836435,CRITICAL
DoS,0.945,Normal,0.023429190756096896,CRITICAL
DoS,1.0,Normal,0.06978706911140747,CRITICAL
DoS,1.0,Normal,0.06862317826321063,CRITICAL
DoS,1.0,Normal,0.06632342147502918,CRITICAL
DoS,1.0,Anomaly,-0.038843345217844605,CRITICAL
DoS,1.0,Normal,0.07001217052585379,CRITICAL
DoS,0.995,Normal,0.008484964749457868,CRITICAL
DoS,1.0,Normal,0.0592940778435066,CRITICAL
DoS,1.0,Normal,0.06282538370179896,CRITICAL
DoS,1.0,Normal,0.06362639282776433,CRITICAL
Probe,1.0,Normal,0.0028889324329961497,CRITICAL
DoS,1.0,Normal,0.06111157981859827,CRITICAL
normal,1.0,Anomaly,-0.03271368643929046,MEDIUM
DoS,1.0,Normal,0.06975435634620597,CRITICAL
DoS,1.0,Normal,0.06514866188986629,CRITICAL
normal,1.0,Anomaly,-0.050545393298473684,MEDIUM
Probe,1.0,Anomaly,-0.017336119206266987,CRITICAL
DoS,1.0,Normal,0.06684784023147866,CRITICAL
DoS,1.0,Normal,0.06376019963296387,CRITICAL
DoS,1.0,Normal,0.05111070608630719,CRITICAL
DoS,1.0,Normal,0.007342815289578808,CRITICAL
DoS,1.0,Normal,0.057023978522212415,CRITICAL
Probe,1.0,Anomaly,-0.009996711669390812,CRITICAL
DoS,0.97,Anomaly,-0.021866962795395017,CRITICAL
DoS,1.0,Normal,0.051285358090604416,CRITICAL
DoS,0.99,Normal,0.008137502298575072,CRITICAL
normal,1.0,Anomaly,-0.009451693408643935,MEDIUM
DoS,1.0,Normal,0.06462181281084417,CRITICAL
DoS,1.0,Normal,0.029879507530712612,CRITICAL
Probe,0.555,Normal,0.02605094880825637,MEDIUM
DoS,1.0,Normal,0.07072960012727963,CRITICAL
DoS,1.0,Normal,0.07691314590008352,CRITICAL
DoS,1.0,Normal,0.03822554777413362,CRITICAL
DoS,1.0,Normal,0.06431080510276477,CRITICAL
normal,1.0,Anomaly,-0.012491667205486834,MEDIUM
R2L,0.96,Anomaly,-0.004337577805780146,CRITICAL
DoS,1.0,Normal,0.0670463569083039,CRITICAL
DoS,1.0,Normal,0.05052971113102572,CRITICAL
Probe,0.99,Anomaly,-0.03656183902779453,CRITICAL
DoS,0.99,Normal,0.011303152148184337,CRITICAL
DoS,1.0,Normal,0.06765689199127745,CRITICAL
Probe,1.0,Anomaly,-0.011260601735533837,CRITICAL
DoS,1.0,Normal,0.0672509901792368,CRITICAL
DoS,1.0,Normal,0.0465155691462345,CRITICAL
DoS,1.0,Normal,0.058561766456026676,CRITICAL
DoS,1.0,Normal,0.05596333574214085,CRITICAL
DoS,1.0,Normal,0.008391179965461792,CRITICAL
DoS,1.0,Normal,0.06934909323911664,CRITICAL
DoS,1.0,Anomaly,-1.7102191735784977e-05,CRITICAL
DoS,1.0,Normal,0.06939520322062875,CRITICAL
DoS,1.0,Normal,0.048926157714364926,CRITICAL
DoS,1.0,Anomaly,-0.007426946834383774,CRITICAL
DoS,0.995,Anomaly,-0.026925304491784985,CRITICAL
DoS,1.0,Normal,0.0642659441531433,CRITICAL
Probe,1.0,Anomaly,-0.0007926929470001287,CRITICAL
Probe,1.0,Anomaly,-0.0026493508411385425,CRITICAL
DoS,1.0,Normal,0.06308599437298446,CRITICAL
DoS,1.0,Normal,0.07048726420639323,CRITICAL
Probe,0.925,Normal,0.015460539863349054,CRITICAL
DoS,1.0,Normal,0.013033738389986227,CRITICAL
DoS,1.0,Normal,0.057959144518803185,CRITICAL
DoS,1.0,Normal,0.059271982798168366,CRITICAL
DoS,1.0,Normal,0.06734275024201858,CRITICAL
Probe,1.0,Anomaly,-0.03421452602903419,CRITICAL
DoS,1.0,Normal,0.052747846671526766,CRITICAL
DoS,1.0,Normal,0.004462959919809217,CRITICAL
DoS,1.0,Anomaly,-0.027246533855968924,CRITICAL
Probe,0.78,Normal,0.011574067882811456,MEDIUM
DoS,1.0,Normal,0.05692711479306223,CRITICAL
DoS,1.0,Normal,0.0701401279886944,CRITICAL
DoS,1.0,Normal,0.0668927410779877,CRITICAL
DoS,1.0,Normal,0.052213392071457365,CRITICAL
DoS,0.975,Anomaly,-0.00669920394561857,CRITICAL
Probe,0.995,Anomaly,-0.033329554077465795,CRITICAL
DoS,1.0,Normal,0.06628135893349912,CRITICAL
normal,0.99,Anomaly,-0.0012398439107335069,MEDIUM
DoS,1.0,Normal,0.06253463720108554,CRITICAL
DoS,1.0,Normal,0.06976364349189895,CRITICAL
DoS,1.0,Normal,0.003528618497891156,CRITICAL
DoS,1.0,Normal,0.06922424432412866,CRITICAL
Probe,1.0,Anomaly,-0.02266309954637802,CRITICAL
DoS,1.0,Normal,0.0693365207201454,CRITICAL
DoS,1.0,Normal,0.0580024197690196,CRITICAL
DoS,1.0,Normal,0.055648725700345514,CRITICAL
Probe,1.0,Anomaly,-0.06059586267454248,CRITICAL
DoS,1.0,Normal,0.06994072623285102,CRITICAL
Probe,0.975,Anomaly,-0.06853827882922847,CRITICAL
Probe,1.0,Anomaly,-0.06442949353878086,CRITICAL
R2L,0.875,Anomaly,-0.004772304913712833,CRITICAL
DoS,1.0,Anomaly,-0.002458189579912007,CRITICAL
DoS,1.0,Normal,0.06950503798958929,CRITICAL
DoS,1.0,Normal,0.05966182904360984,CRITICAL
DoS,0.995,Normal,0.061059099539732375,CRITICAL
DoS,1.0,Normal,0.06333034963477635,CRITICAL
DoS,1.0,Normal,0.05019742951583628,CRITICAL
DoS,1.0,Normal,0.06489757130156104,CRITICAL
DoS,1.0,Normal,0.05922904806103696,CRITICAL
DoS,1.0,Normal,0.06903811690997635,CRITICAL
Probe,1.0,Anomaly,-0.058053593405089865,CRITICAL
DoS,1.0,Normal,0.05879756154797566,CRITICAL
DoS,1.0,Normal,0.06958308712761613,CRITICAL
Probe,1.0,Anomaly,-0.009996711669390812,CRITICAL
Probe,1.0,Anomaly,-0.004063089514897311,CRITICAL
Probe,0.99,Anomaly,-0.031125929409775432,CRITICAL
DoS,1.0,Normal,0.0693365207201454,CRITICAL
Probe,1.0,Anomaly,-0.03700757795719217,CRITICAL
DoS,0.995,Anomaly,-0.032188975177471935,CRITICAL
DoS,1.0,Normal,0.054878902333097224,CRITICAL
DoS,1.0,Normal,0.07655721985556924,CRITICAL
DoS,1.0,Normal,0.03511544404212841,CRITICAL
DoS,1.0,Normal,0.05843873414068984,CRITICAL
Probe,0.995,Anomaly,-0.05143535643282843,CRITICAL
DoS,1.0,Normal,0.07016454511844766,CRITICAL
DoS,1.0,Normal,0.05419077999454491,CRITICAL
DoS,1.0,Normal,0.06941696266520359,CRITICAL
DoS,1.0,Normal,0.06947275966631739,CRITICAL
DoS,1.0,Anomaly,-0.00157176352465771,CRITICAL
DoS,1.0,Normal,0.05830665616143332,CRITICAL
DoS,1.0,Normal,0.061008743051835346,CRITICAL
DoS,1.0,Normal,0.012157614783414428,CRITICAL
Probe,1.0,Anomaly,-0.013613605284842623,CRITICAL
DoS,1.0,Normal,0.070641408326029,CRITICAL
Probe,0.585,Anomaly,-0.0034892884510080435,MEDIUM
DoS,1.0,Normal,0.005679553528685377,CRITICAL
DoS,1.0,Normal,0.035251694860009786,CRITICAL
DoS,0.995,Anomaly,-0.03501684172527514,CRITICAL
DoS,1.0,Normal,0.006061367840924647,CRITICAL
DoS,1.0,Normal,0.061557496750413054,CRITICAL
DoS,1.0,Anomaly,-0.002052549489533817,CRITICAL
normal,0.99,Anomaly,-7.444496097852582e-05,MEDIUM
DoS,1.0,Normal,0.06846018816560356,CRITICAL
DoS,1.0,Normal,0.06459061955248213,CRITICAL
DoS,1.0,Normal,0.06074437515479042,CRITICAL
DoS,1.0,Normal,0.002668909308555012,CRITICAL
DoS,1.0,Normal,0.05767608740119001,CRITICAL
DoS,0.995,Normal,0.004314819046007445,CRITICAL
DoS,1.0,Normal,0.07000569582901456,CRITICAL
DoS,1.0,Normal,0.06975272300205831,CRITICAL
DoS,1.0,Normal,0.06690715286217502,CRITICAL
DoS,1.0,Normal,0.0005499661147454482,CRITICAL
R2L,0.965,Anomaly,-0.0662731291117844,CRITICAL
DoS,1.0,Normal,0.06235375047107328,CRITICAL
DoS,1.0,Normal,0.05006123055506412,CRITICAL
normal,1.0,Anomaly,-0.0377024885236088,MEDIUM
Probe,1.0,Anomaly,-0.038738530280888805,CRITICAL
DoS,1.0,Normal,0.05842104524414227,CRITICAL
normal,1.0,Anomaly,-0.0006642988066562494,MEDIUM
Probe,1.0,Anomaly,-0.059151484294138246,CRITICAL
Probe,1.0,Anomaly,-0.0010073537071904615,CRITICAL
DoS,1.0,Normal,0.03638015019651153,CRITICAL
DoS,1.0,Normal,0.06349811378853165,CRITICAL
DoS,1.0,Normal,0.06976350307856416,CRITICAL
Probe,1.0,Anomaly,-0.006977150527515519,CRITICAL
Probe,0.91,Anomaly,-0.008719680763707771,CRITICAL
DoS,1.0,Normal,0.012571797572422327,CRITICAL
DoS,1.0,Normal,0.06654922639892108,CRITICAL
Probe,1.0,Anomaly,-0.008119281228824105,CRITICAL
DoS,1.0,Normal,0.06869711163187464,CRITICAL
DoS,1.0,Normal,0.06093174479659835,CRITICAL
Probe,1.0,Normal,0.002872657389464517,CRITICAL
DoS,1.0,Normal,0.05942934117562998,CRITICAL
DoS,1.0,Anomaly,-0.02571526602967622,CRITICAL
DoS,1.0,Normal,0.06707046622377277,CRITICAL
normal,1.0,Anomaly,-0.014449733031219325,MEDIUM
DoS,1.0,Anomaly,-0.007426946834383774,CRITICAL
DoS,0.955,Anomaly,-0.020517856629663322,CRITICAL
DoS,1.0,Normal,0.06934881991381758,CRITICAL
Probe,0.985,Anomaly,-0.008649182674225764,CRITICAL
DoS,1.0,Normal,0.07070316269667504,CRITICAL
normal,1.0,Anomaly,-0.025284863138127334,MEDIUM
Probe,0.99,Anomaly,-0.039608124404660494,CRITICAL
R2L,0.995,Normal,0.03924395357575233,CRITICAL
DoS,1.0,Normal,0.06917038664024855,CRITICAL
DoS,1.0,Normal,0.06595651398660313,CRITICAL
Probe,0.995,Anomaly,-0.0034788752866156125,CRITICAL
DoS,1.0,Normal,0.003082274562952736,CRITICAL
DoS,1.0,Normal,0.004599270337991734,CRITICAL
DoS,1.0,Normal,0.06189582300110602,CRITICAL
DoS,1.0,Normal,0.06344533137109759,CRITICAL
DoS,1.0,Normal,0.048879693493044885,CRITICAL
DoS,1.0,Normal,0.06858453011586302,CRITICAL
normal,1.0,Anomaly,-0.03021045711680409,MEDIUM
DoS,1.0,Normal,0.0105747538916387,CRITICAL
normal,1.0,Anomaly,-0.011825874575064454,MEDIUM
DoS,1.0,Normal,0.07013399778183699,CRITICAL
DoS,1.0,Normal,0.0574590192609955,CRITICAL
DoS,1.0,Normal,0.06798213813284415,CRITICAL
DoS,1.0,Normal,0.01594570145087454,CRITICAL
DoS,1.0,Normal,0.058144320501547886,CRITICAL
DoS,1.0,Normal,0.057764206111815375,CRITICAL
DoS,1.0,Normal,0.0019902692681020295,CRITICAL
DoS,1.0,Normal,0.07223413282760621,CRITICAL
DoS,1.0,Normal,0.0516645901534451,CRITICAL
DoS,1.0,Normal,0.00044395456044632464,CRITICAL
DoS,0.975,Normal,0.003739195586584698,CRITICAL
Probe,1.0,Anomaly,-0.03374063578190639,CRITICAL
Probe,1.0,Anomaly,-0.03750187504487801,CRITICAL
DoS,1.0,Normal,0.01596220848022023,CRITICAL
DoS,1.0,Normal,0.059915809543856946,CRITICAL
Probe,1.0,Anomaly,-0.035736406559117695,CRITICAL
DoS,1.0,Normal,0.01013286770776295,CRITICAL
DoS,1.0,Normal,0.049270979210598975,CRITICAL
Probe,1.0,Anomaly,-0.004548701894454499,CRITICAL
normal,1.0,Anomaly,-0.057661386674093706,MEDIUM
normal,0.995,Anomaly,-0.014471524137114944,MEDIUM
Probe,1.0,Anomaly,-0.034492230618408226,CRITICAL
DoS,1.0,Normal,0.07067816213582534,CRITICAL
DoS,1.0,Normal,0.06607123141138849,CRITICAL
DoS,1.0,Normal,0.06933854848831883,CRITICAL
DoS,1.0,Normal,0.05950014909430468,CRITICAL
DoS,1.0,Normal,0.043124740619607305,CRITICAL
DoS,1.0,Normal,0.05808567460099201,CRITICAL
DoS,1.0,Normal,0.05494034077378901,CRITICAL
DoS,1.0,Normal,0.06949308690269373,CRITICAL
DoS,1.0,Normal,0.06815085067076426,CRITICAL
DoS,1.0,Normal,0.05031760434571242,CRITICAL
normal,0.995,Anomaly,-0.029909936952595695,MEDIUM
DoS,1.0,Normal,0.0558076053963828,CRITICAL
DoS,1.0,Normal,0.04485073414949098,CRITICAL
DoS,1.0,Normal,0.06888613808688188,CRITICAL
DoS,1.0,Normal,0.05059318162541798,CRITICAL
normal,0.985,Anomaly,-0.0160207575842779,MEDIUM
Probe,1.0,Normal,0.024881116293698657,CRITICAL
DoS,1.0,Normal,0.04768256447521818,CRITICAL
DoS,1.0,Normal,0.02663124545968837,CRITICAL
Probe,0.995,Normal,0.010760002859686368,CRITICAL
DoS,1.0,Normal,0.045561735814915794,CRITICAL
DoS,1.0,Normal,0.05607778783979572,CRITICAL
DoS,1.0,Normal,0.052721906934237506,CRITICAL
DoS,1.0,Normal,0.03795903954514074,CRITICAL
DoS,1.0,Normal,0.045964493212862556,CRITICAL
Probe,0.98,Normal,0.02992656413700956,CRITICAL
normal,0.985,Anomaly,-0.06402515280664428,MEDIUM
DoS,1.0,Normal,0.005093308278980135,CRITICAL
DoS,1.0,Normal,0.06130638896437379,CRITICAL
DoS,1.0,Normal,0.07098602164521006,CRITICAL
Probe,0.98,Anomaly,-0.01804273563302289,CRITICAL
DoS,1.0,Normal,0.05467370999918281,CRITICAL
DoS,1.0,Normal,0.06064675149482668,CRITICAL
Probe,0.72,Anomaly,-0.03656517710970325,MEDIUM
DoS,1.0,Normal,0.05995700926074882,CRITICAL
DoS,0.955,Anomaly,-0.0025520512698530284,CRITICAL
DoS,1.0,Normal,0.005092615765702191,CRITICAL
DoS,1.0,Normal,0.058436061233489434,CRITICAL
DoS,1.0,Normal,0.06849980707976233,CRITICAL
DoS,1.0,Normal,0.04120973617005064,CRITICAL
DoS,1.0,Normal,0.06203193065337925,CRITICAL
DoS,1.0,Normal,0.014558511026923293,CRITICAL
DoS,1.0,Anomaly,-0.004714604582128468,CRITICAL
DoS,1.0,Normal,0.06813893476668015,CRITICAL
DoS,0.985,Anomaly,-0.004835701990914931,CRITICAL
DoS,1.0,Normal,0.053832629998218695,CRITICAL
normal,0.975,Anomaly,-0.01359849475007252,MEDIUM
Probe,1.0,Anomaly,-0.002316584711670122,CRITICAL
DoS,1.0,Normal,0.04974966524423052,CRITICAL
DoS,1.0,Normal,0.05940894376680361,CRITICAL
normal,0.8,Anomaly,-0.031199268508415645,MEDIUM
Probe,1.0,Anomaly,-0.0023792690845773623,CRITICAL
Probe,1.0,Anomaly,-0.04508838790181713,CRITICAL
normal,1.0,Anomaly,-0.025512424373724585,MEDIUM
normal,1.0,Anomaly,-0.0576950046171224,MEDIUM
DoS,1.0,Normal,0.0703784531722284,CRITICAL
DoS,1.0,Normal,0.06841676292298127,CRITICAL
DoS,1.0,Anomaly,-0.010976778822403443,CRITICAL
normal,1.0,Anomaly,-0.027411282319096508,MEDIUM
Probe,1.0,Anomaly,-0.00676928453275305,CRITICAL
DoS,1.0,Normal,0.05624072121519347,CRITICAL
DoS,1.0,Normal,0.059047075879806954,CRITICAL
normal,1.0,Anomaly,-0.05855880372969541,MEDIUM
DoS,1.0,Normal,0.06220710306351157,CRITICAL
DoS,1.0,Normal,0.06523849021384881,CRITICAL
DoS,1.0,Normal,0.06440731724222976,CRITICAL
Probe,1.0,Anomaly,-0.004258499828073969,CRITICAL
DoS,1.0,Normal,0.05835265681017798,CRITICAL
DoS,1.0,Normal,0.051872809933273645,CRITICAL
Probe,1.0,Anomaly,-0.002847720845142454,CRITICAL
normal,1.0,Anomaly,-0.023606068176089012,MEDIUM
normal,1.0,Anomaly,-0.04910957099854357,MEDIUM
DoS,1.0,Normal,0.06568487199734602,CRITICAL
DoS,1.0,Normal,0.05100166688499369,CRITICAL
normal,1.0,Anomaly,-0.033486487207817106,MEDIUM
Probe,1.0,Anomaly,-0.03769080284846554,CRITICAL
DoS,1.0,Normal,0.05828422948539702,CRITICAL
DoS,1.0,Normal,0.0039054867523449777,CRITICAL
DoS,1.0,Normal,0.003776851320292929,CRITICAL
DoS,1.0,Normal,0.06921374230280802,CRITICAL
DoS,0.995,Anomaly,-0.018654807947673824,CRITICAL
Probe,1.0,Anomaly,-0.032801636102699316,CRITICAL
normal,0.98,Anomaly,-0.004340825323150277,MEDIUM
DoS,1.0,Normal,0.06956734743799636,CRITICAL
DoS,1.0,Normal,0.022336496681506723,CRITICAL
DoS,1.0,Normal,0.0027306718375640915,CRITICAL
DoS,1.0,Normal,0.05296277393456428,CRITICAL
Probe,1.0,Normal,0.004068086857924869,CRITICAL
DoS,1.0,Anomaly,-0.031325136885127836,CRITICAL
DoS,1.0,Normal,0.055204598981352215,CRITICAL
DoS,1.0,Normal,0.06664962016983778,CRITICAL
DoS,1.0,Normal,0.06767699264877047,CRITICAL
DoS,1.0,Normal,0.05824850111788604,CRITICAL
DoS,1.0,Normal,0.011613744562470163,CRITICAL
DoS,1.0,Normal,0.070084790369904,CRITICAL
DoS,1.0,Normal,0.07085624450589817,CRITICAL
DoS,1.0,Normal,0.06020731470499424,CRITICAL
Probe,1.0,Anomaly,-0.004182593718817518,CRITICAL
DoS,1.0,Anomaly,-0.013908485898039946,CRITICAL
Probe,1.0,Anomaly,-0.0563034663783315,CRITICAL
DoS,1.0,Normal,0.008019044404792453,CRITICAL
normal,1.0,Anomaly,-0.029707375555974025,MEDIUM
Probe,1.0,Anomaly,-0.0032085712533481137,CRITICAL
DoS,1.0,Normal,0.051629888411552416,CRITICAL
Probe,0.69,Anomaly,-0.02374011808136889,MEDIUM
DoS,1.0,Normal,0.059801803954718735,CRITICAL
DoS,1.0,Anomaly,-0.004952455390552113,CRITICAL
DoS,1.0,Normal,0.011034238212583702,CRITICAL
DoS,0.97,Normal,0.03097889343955379,CRITICAL
normal,0.9,Anomaly,-0.03011256184936134,MEDIUM
DoS,1.0,Anomaly,-0.03761585190632266,CRITICAL
DoS,1.0,Normal,0.060078836026418725,CRITICAL
DoS,1.0,Normal,0.05028418869358098,CRITICAL
DoS,1.0,Normal,0.06216309247844132,CRITICAL
DoS,1.0,Normal,0.06949970848441478,CRITICAL
DoS,1.0,Anomaly,-0.026876620314368382,CRITICAL
normal,0.99,Anomaly,-0.028692690950490762,MEDIUM
DoS,1.0,Normal,0.0065421357453626094,CRITICAL
Probe,0.985,Normal,0.03166559839886596,CRITICAL
DoS,1.0,Normal,0.05849365366707676,CRITICAL
Probe,0.985,Normal,0.026377920968257806,CRITICAL
DoS,1.0,Normal,0.0606732325486295,CRITICAL
DoS,1.0,Normal,0.059170830944173525,CRITICAL
DoS,1.0,Normal,0.06599118596805714,CRITICAL
Probe,1.0,Anomaly,-0.05558489116714066,CRITICAL
DoS,1.0,Normal,0.06749556998405482,CRITICAL
DoS,1.0,Normal,0.0568860120138891,CRITICAL
Probe,0.895,Anomaly,-0.002462618155585905,CRITICAL
DoS,1.0,Normal,0.047505982302877614,CRITICAL
normal,0.92,Anomaly,-0.014160797524958468,MEDIUM
DoS,1.0,Normal,0.007874473562678952,CRITICAL
DoS,1.0,Anomaly,-0.0032801763837249087,CRITICAL
normal,1.0,Anomaly,-0.050982740088122924,MEDIUM
DoS,1.0,Anomaly,-0.024419454726371304,CRITICAL
DoS,1.0,Normal,0.06916971778756387,CRITICAL
Probe,1.0,Anomaly,-0.0020252912466791617,CRITICAL
DoS,1.0,Normal,0.012582472994175864,CRITICAL
DoS,1.0,Normal,0.04861910436604039,CRITICAL
Probe,1.0,Anomaly,-0.05890701114645952,CRITICAL
Probe,1.0,Anomaly,-0.00242308638226002,CRITICAL
DoS,1.0,Normal,0.051100931530520366,CRITICAL
DoS,1.0,Normal,0.04953064469180768,CRITICAL
Probe,1.0,Anomaly,-0.003485147910325115,CRITICAL
DoS,1.0,Normal,0.05560680709843724,CRITICAL
DoS,0.985,Normal,0.024617863199992818,CRITICAL
Probe,1.0,Anomaly,-0.04922706329616461,CRITICAL
normal,1.0,Anomaly,-0.012768938816049125,MEDIUM
DoS,1.0,Normal,0.05253942673497569,CRITICAL
R2L,0.975,Anomaly,-0.0029575371350842317,CRITICAL
normal,1.0,Anomaly,-0.010855468692576753,MEDIUM
DoS,1.0,Normal,0.06378862167613769,CRITICAL
Probe,1.0,Anomaly,-0.0013959594040668377,CRITICAL
DoS,0.925,Normal,0.040276721115871994,CRITICAL
DoS,1.0,Normal,0.0632911070954677,CRITICAL
Probe,1.0,Anomaly,-0.05106421090138352,CRITICAL
DoS,1.0,Normal,0.06894384910476226,CRITICAL
DoS,1.0,Normal,0.05354565312360454,CRITICAL
Probe,1.0,Anomaly,-0.03353554754866045,CRITICAL
DoS,1.0,Normal,0.05810523217047986,CRITICAL
DoS,1.0,Normal,0.04423146891260882,CRITICAL
DoS,1.0,Anomaly,-0.0403409889175016,CRITICAL
DoS,1.0,Normal,0.052811053559795595,CRITICAL
normal,0.995,Anomaly,-0.008057182700156151,MEDIUM
DoS,0.995,Anomaly,-0.03311502595768406,CRITICAL
DoS,1.0,Anomaly,-0.008171279525996777,CRITICAL
DoS,1.0,Normal,0.058547742519837576,CRITICAL
DoS,1.0,Normal,0.06556216607004828,CRITICAL
Probe,1.0,Anomaly,-0.017846336886921832,CRITICAL
DoS,1.0,Normal,0.05922853174897774,CRITICAL
normal,0.995,Anomaly,-0.01332652527892797,MEDIUM
DoS,1.0,Normal,0.06641877104856186,CRITICAL
DoS,1.0,Normal,0.0701060783142573,CRITICAL
DoS,1.0,Normal,0.05074590906125204,CRITICAL
DoS,0.72,Anomaly,-0.022071352465460936,MEDIUM
DoS,1.0,Normal,0.05007375400997077,CRITICAL
DoS,1.0,Normal,0.05506203621776934,CRITICAL
Probe,0.985,Normal,0.012230682060382081,CRITICAL
Probe,1.0,Anomaly,-0.03295592718790091,CRITICAL
DoS,1.0,Normal,0.05341103878346509,CRITICAL
Probe,1.0,Anomaly,-0.00635218528731446,CRITICAL
DoS,1.0,Normal,0.07046168519350149,CRITICAL
DoS,1.0,Normal,0.06900475649626531,CRITICAL
DoS,1.0,Normal,0.009071381500484144,CRITICAL
DoS,1.0,Normal,0.044600221008743,CRITICAL
DoS,1.0,Normal,0.0654624195348919,CRITICAL
DoS,1.0,Normal,0.05726604122156881,CRITICAL
DoS,1.0,Normal,0.06906247007790212,CRITICAL
DoS,1.0,Normal,0.06580442157044508,CRITICAL
Probe,1.0,Anomaly,-0.0014450559847194455,CRITICAL
DoS,0.985,Anomaly,-0.004295200265006072,CRITICAL
DoS,1.0,Normal,0.06988120719879487,CRITICAL
DoS,1.0,Normal,0.049874127152333525,CRITICAL
Probe,1.0,Normal,0.0005472045030948114,CRITICAL
DoS,1.0,Normal,0.058231867113238966,CRITICAL
DoS,1.0,Anomaly,-0.003154335253645113,CRITICAL
DoS,1.0,Normal,0.013472877518614479,CRITICAL
DoS,1.0,Normal,0.05442513363121487,CRITICAL
Probe,0.975,Normal,0.01885362449642186,CRITICAL
DoS,0.995,Anomaly,-0.0021856551666771806,CRITICAL
DoS,1.0,Normal,0.06244263867428851,CRITICAL
DoS,1.0,Normal,0.050515343620048836,CRITICAL
DoS,1.0,Normal,0.052912860517996374,CRITICAL
R2L,0.99,Normal,0.03751959214273953,CRITICAL
DoS,1.0,Normal,0.06958017610996992,CRITICAL
DoS,1.0,Normal,0.07026294687479046,CRITICAL
DoS,0.995,Anomaly,-0.010410704816254335,CRITICAL
DoS,0.98,Normal,0.00857255953490138,CRITICAL
DoS,1.0,Normal,0.0029374435068272864,CRITICAL
DoS,1.0,Normal,0.021113203581053508,CRITICAL
DoS,1.0,Normal,0.06385774952762696,CRITICAL
DoS,1.0,Normal,0.008537305998602418,CRITICAL
DoS,0.995,Normal,0.0004264054595433664,CRITICAL
DoS,1.0,Normal,0.06049634242974794,CRITICAL
Probe,1.0,Anomaly,-0.03858228331147784,CRITICAL
normal,0.87,Anomaly,-0.0005586078589460142,MEDIUM
Probe,0.995,Anomaly,-0.004422764536296642,CRITICAL
DoS,1.0,Normal,0.06972030315266775,CRITICAL
DoS,1.0,Normal,0.06533054696047941,CRITICAL
DoS,1.0,Normal,0.0005377212505252582,CRITICAL
normal,1.0,Anomaly,-3.773084781605318e-05,MEDIUM
Probe,1.0,Normal,0.003023083563944484,CRITICAL
DoS,1.0,Normal,0.06006612190646016,CRITICAL
DoS,0.995,Normal,0.06660149005801691,CRITICAL
DoS,1.0,Normal,0.005327766218906238,CRITICAL
DoS,1.0,Anomaly,-0.002142974341979742,CRITICAL
Probe,1.0,Anomaly,-0.002772113228325268,CRITICAL
DoS,1.0,Normal,0.06251343049848002,CRITICAL
DoS,1.0,Normal,0.06707476778597521,CRITICAL
DoS,1.0,Normal,0.041847638254160824,CRITICAL
DoS,1.0,Anomaly,-0.012590729412499557,CRITICAL
DoS,1.0,Normal,0.06160658700430521,CRITICAL
DoS,1.0,Normal,0.06308978465738374,CRITICAL
DoS,1.0,Normal,0.01272736592084961,CRITICAL
DoS,1.0,Normal,0.06309075229118893,CRITICAL
DoS,1.0,Normal,0.04144903033876757,CRITICAL
Probe,1.0,Anomaly,-0.008550264592192103,CRITICAL
DoS,1.0,Normal,0.05203251543608661,CRITICAL
Probe,1.0,Anomaly,-0.002944998762551776,CRITICAL
DoS,1.0,Normal,0.04988032058146524,CRITICAL
DoS,1.0,Normal,0.059583888125657236,CRITICAL
Probe,0.995,Anomaly,-0.02175907457924653,CRITICAL
DoS,0.995,Normal,0.0032288122346773585,CRITICAL
DoS,1.0,Normal,0.06406609489587073,CRITICAL
DoS,0.99,Normal,0.010472340068263919,CRITICAL
Probe,1.0,Anomaly,-0.03351322182301508,CRITICAL
Probe,1.0,Anomaly,-0.05263714060016439,CRITICAL
Probe,0.995,Anomaly,-0.031135233840957566,CRITICAL
Probe,0.975,Anomaly,-0.012376593465460384,CRITICAL
DoS,1.0,Normal,0.006183856677530408,CRITICAL
DoS,1.0,Normal,0.06521832847711811,CRITICAL
DoS,1.0,Normal,0.061987783944252806,CRITICAL
normal,0.905,Anomaly,-0.041494329853144996,MEDIUM
DoS,1.0,Normal,0.06627105181029569,CRITICAL
Probe,0.97,Anomaly,-0.05199595998936074,CRITICAL
DoS,1.0,Normal,0.06883156328476553,CRITICAL
DoS,1.0,Normal,0.048316070619740914,CRITICAL
normal,1.0,Anomaly,-0.03483878762701326,MEDIUM
Probe,0.995,Normal,0.008690228851352455,CRITICAL
DoS,1.0,Normal,0.049489761999810145,CRITICAL
DoS,1.0,Normal,0.05341567599368641,CRITICAL
DoS,1.0,Anomaly,-0.002094710700709268,CRITICAL
DoS,1.0,Anomaly,-0.009857122256656914,CRITICAL
DoS,1.0,Anomaly,-0.0254143290961244,CRITICAL
normal,1.0,Anomaly,-0.006548483438514274,MEDIUM
Probe,1.0,Anomaly,-0.05713124258993607,CRITICAL
DoS,0.94,Normal,0.011831012816735487,CRITICAL
DoS,1.0,Anomaly,-0.030941672400693898,CRITICAL
DoS,1.0,Normal,0.06914092467906152,CRITICAL
Probe,1.0,Anomaly,-0.038894830116522006,CRITICAL
Probe,1.0,Anomaly,-0.032656800567755606,CRITICAL
DoS,1.0,Anomaly,-0.004624358738366974,CRITICAL
DoS,1.0,Normal,0.06970018056579985,CRITICAL
DoS,1.0,Normal,0.054045724350305635,CRITICAL
DoS,1.0,Normal,0.05146088006575783,CRITICAL
DoS,1.0,Normal,0.042650055270159526,CRITICAL
DoS,0.995,Normal,0.06502782468168278,CRITICAL
normal,1.0,Anomaly,-0.04038351462069967,MEDIUM
DoS,1.0,Normal,0.07157791843285216,CRITICAL
DoS,1.0,Normal,0.05699483183002041,CRITICAL
DoS,1.0,Anomaly,-0.004911246201662445,CRITICAL
DoS,1.0,Normal,0.04782092433446611,CRITICAL
normal,0.995,Anomaly,-0.020257023973732302,MEDIUM
DoS,0.99,Normal,0.011260685965202799,CRITICAL
DoS,1.0,Normal,0.05194786012888425,CRITICAL
DoS,1.0,Normal,0.06561077338829174,CRITICAL
DoS,1.0,Normal,0.05911427516327,CRITICAL
DoS,0.985,Normal,0.04198997822501116,CRITICAL
DoS,1.0,Normal,0.06301390793937195,CRITICAL
DoS,1.0,Normal,0.05494241798279209,CRITICAL
DoS,1.0,Normal,0.0528906135099983,CRITICAL
Probe,1.0,Anomaly,-0.0043416698331605885,CRITICAL
DoS,1.0,Normal,0.058320452056538796,CRITICAL
DoS,1.0,Normal,0.06677802681793793,CRITICAL
DoS,1.0,Normal,0.0628678442642065,CRITICAL
DoS,1.0,Normal,0.007076840198172507,CRITICAL
DoS,1.0,Normal,0.06070746373731867,CRITICAL
Probe,1.0,Anomaly,-0.006880857794250073,CRITICAL
DoS,1.0,Normal,0.06642868694107434,CRITICAL
DoS,1.0,Normal,0.06569250666800197,CRITICAL
DoS,1.0,Normal,0.06940183154417806,CRITICAL
DoS,1.0,Anomaly,-0.002228208986403357,CRITICAL
DoS,1.0,Normal,0.05270814828312964,CRITICAL
DoS,1.0,Normal,0.06940955790448422,CRITICAL
DoS,1.0,Normal,0.01189130923509335,CRITICAL
DoS,0.995,Normal,0.0489957369499045,CRITICAL
DoS,1.0,Normal,0.0007588849951257748,CRITICAL
DoS,1.0,Normal,0.0554191742732722,CRITICAL
Probe,0.98,Normal,0.0014895604768417336,CRITICAL
DoS,0.99,Normal,0.04640052769461328,CRITICAL
DoS,1.0,Normal,0.06418390851477129,CRITICAL
DoS,1.0,Normal,0.03951104547755302,CRITICAL
DoS,1.0,Normal,0.054076105868130275,CRITICAL
DoS,1.0,Normal,0.06686102382476228,CRITICAL
DoS,0.99,Normal,0.037111355041093474,CRITICAL
R2L,0.995,Anomaly,-0.006078768926840394,CRITICAL
DoS,1.0,Normal,0.06502280498388124,CRITICAL
DoS,1.0,Normal,0.004917794104124795,CRITICAL
DoS,1.0,Normal,0.057346623121815266,CRITICAL
DoS,1.0,Normal,0.06796840568813961,CRITICAL
DoS,1.0,Normal,0.05998390404445103,CRITICAL
DoS,1.0,Normal,0.06644396879019537,CRITICAL
DoS,1.0,Normal,0.008924041239253888,CRITICAL
DoS,0.99,Normal,0.005322212932149795,CRITICAL
DoS,1.0,Normal,0.07000856364962016,CRITICAL
DoS,1.0,Normal,0.05435842995221696,CRITICAL
DoS,1.0,Normal,0.06954850962481335,CRITICAL
Probe,1.0,Anomaly,-0.0384424397280943,CRITICAL
DoS,1.0,Normal,0.046839970518957386,CRITICAL
DoS,1.0,Anomaly,-0.006286180298379018,CRITICAL
DoS,1.0,Normal,0.06907938366981553,CRITICAL
DoS,1.0,Normal,0.05452565175941754,CRITICAL
DoS,1.0,Anomaly,-0.029816030688787243,CRITICAL
DoS,1.0,Normal,0.05229300380373347,CRITICAL
DoS,1.0,Normal,0.04923404074513993,CRITICAL
DoS,1.0,Normal,0.010095576514535465,CRITICAL
DoS,0.965,Anomaly,-0.001023610952306464,CRITICAL
DoS,1.0,Normal,0.060634632250358256,CRITICAL
DoS,1.0,Normal,0.07021507448768532,CRITICAL
DoS,1.0,Normal,0.06716377795430795,CRITICAL
Probe,1.0,Anomaly,-0.03338497570993637,CRITICAL
DoS,1.0,Normal,0.05052345559361665,CRITICAL
normal,1.0,Anomaly,-0.05452113278615406,MEDIUM
DoS,1.0,Normal,0.06587771280078158,CRITICAL
DoS,0.94,Anomaly,-0.0014965782865589694,CRITICAL
DoS,1.0,Normal,0.06856831792836632,CRITICAL
Probe,0.985,Anomaly,-0.023974578512106492,CRITICAL
normal,1.0,Anomaly,-0.026182075556481055,MEDIUM
Probe,1.0,Anomaly,-0.04524683621422182,CRITICAL
Probe,1.0,Anomaly,-0.00027175146158714414,CRITICAL
DoS,1.0,Normal,0.0516138178062544,CRITICAL
DoS,0.985,Normal,0.01278277035885339,CRITICAL
normal,1.0,Anomaly,-0.028864452743732727,MEDIUM
DoS,0.985,Normal,0.001978365298418716,CRITICAL
DoS,1.0,Normal,0.060430407869741465,CRITICAL
DoS,1.0,Normal,0.059760093405171244,CRITICAL
DoS,1.0,Normal,0.0643820087000943,CRITICAL
DoS,1.0,Normal,0.06074838342162525,CRITICAL
DoS,1.0,Normal,0.06262254139840567,CRITICAL
DoS,0.985,Normal,0.005021311468524525,CRITICAL
DoS,1.0,Normal,0.007814335855039767,CRITICAL
DoS,1.0,Normal,0.06818908736037915,CRITICAL
DoS,1.0,Normal,0.05946006637687001,CRITICAL
DoS,0.995,Normal,0.011934670265438485,CRITICAL
DoS,1.0,Normal,0.0522385939582819,CRITICAL
DoS,1.0,Normal,0.06458180421854248,CRITICAL
DoS,1.0,Normal,0.06290557113696305,CRITICAL
DoS,1.0,Normal,0.06881726067300331,CRITICAL
Probe,0.995,Anomaly,-0.01750446953988488,CRITICAL
DoS,1.0,Normal,0.04084218765068065,CRITICAL
Probe,1.0,Anomaly,-0.0501781837683446,CRITICAL
DoS,1.0,Normal,0.06151137179967675,CRITICAL
DoS,1.0,Normal,0.054092709980706866,CRITICAL
DoS,1.0,Normal,0.00748332936019408,CRITICAL
Probe,1.0,Anomaly,-0.03351322182301508,CRITICAL
DoS,1.0,Anomaly,-0.030672670787474376,CRITICAL
DoS,1.0,Normal,0.05005920410288617,CRITICAL
DoS,1.0,Normal,0.06623331515842473,CRITICAL
DoS,1.0,Normal,0.05515410173229801,CRITICAL
R2L,0.91,Normal,0.006534461284077642,CRITICAL
DoS,1.0,Normal,0.013556488406369527,CRITICAL
Probe,0.7,Anomaly,-0.024372748417505086,MEDIUM
DoS,1.0,Normal,0.06612773408700723,CRITICAL
DoS,0.995,Normal,0.061641289595489646,CRITICAL
Probe,0.97,Anomaly,-0.05159565025280882,CRITICAL
Probe,1.0,Anomaly,-0.05438356034046887,CRITICAL
Probe,1.0,Anomaly,-0.02967125420614236,CRITICAL
DoS,1.0,Normal,0.001155334169285538,CRITICAL
DoS,1.0,Normal,0.06578240306725797,CRITICAL
DoS,1.0,Normal,0.06974829579690567,CRITICAL
DoS,1.0,Normal,0.05552435806444117,CRITICAL
DoS,1.0,Normal,0.06874055797577261,CRITICAL
DoS,0.99,Normal,0.05372408435397308,CRITICAL
DoS,1.0,Normal,0.057210120427717726,CRITICAL
DoS,1.0,Normal,0.06546433843947458,CRITICAL
DoS,1.0,Normal,0.05084440944146912,CRITICAL
Probe,1.0,Normal,0.0024247885379209966,CRITICAL
DoS,1.0,Normal,0.007716644531446215,CRITICAL
DoS,1.0,Normal,0.06940290929146092,CRITICAL
Probe,0.985,Normal,0.011983215015156423,CRITICAL
DoS,1.0,Normal,0.06978706911140747,CRITICAL
Probe,1.0,Anomaly,-0.04534830430800463,CRITICAL
DoS,1.0,Normal,0.06432044982372942,CRITICAL
Probe,1.0,Anomaly,-0.05708851806462334,CRITICAL
DoS,1.0,Normal,0.0689687122030983,CRITICAL
DoS,1.0,Anomaly,-0.007119851664340648,CRITICAL
DoS,1.0,Normal,0.06319322992680043,CRITICAL
DoS,1.0,Normal,0.0519877303507979,CRITICAL
normal,0.995,Anomaly,-0.040338645361462144,MEDIUM
DoS,1.0,Anomaly,-0.02877593864485606,CRITICAL
DoS,1.0,Normal,0.057131419102961156,CRITICAL
normal,1.0,Anomaly,-0.012491667205486834,MEDIUM
DoS,1.0,Normal,0.04632165327043425,CRITICAL
DoS,1.0,Normal,0.06846216108943515,CRITICAL
DoS,1.0,Normal,0.055889537405563294,CRITICAL
Probe,1.0,Anomaly,-0.03531840472168363,CRITICAL
DoS,1.0,Anomaly,-0.012590729412499557,CRITICAL
normal,1.0,Anomaly,-0.014814677796577969,MEDIUM
DoS,1.0,Normal,0.011102560240696058,CRITICAL
DoS,1.0,Normal,0.005233938915335967,CRITICAL
DoS,1.0,Normal,0.04967088431178718,CRITICAL
DoS,1.0,Normal,0.0635886959193056,CRITICAL
DoS,1.0,Normal,0.06936141454180161,CRITICAL
Probe,1.0,Anomaly,-0.0014113672328657234,CRITICAL
R2L,0.51,Anomaly,-0.020812543224661306,MEDIUM
DoS,0.995,Normal,0.0073729541218114925,CRITICAL
DoS,1.0,Normal,0.06960700695650918,CRITICAL
DoS,1.0,Normal,0.013110987335049396,CRITICAL
Probe,0.915,Normal,0.0030993150425226434,CRITICAL
DoS,0.995,Anomaly,-0.041206779945398675,CRITICAL
DoS,1.0,Normal,0.06587969979526898,CRITICAL
DoS,1.0,Normal,0.0615161766651281,CRITICAL
DoS,1.0,Normal,0.0427071056658222,CRITICAL
DoS,1.0,Normal,0.05974597647161706,CRITICAL
DoS,1.0,Normal,0.06598052279893196,CRITICAL
DoS,1.0,Normal,0.053877659473844486,CRITICAL
DoS,1.0,Normal,0.056534130530702886,CRITICAL
DoS,1.0,Normal,0.059503628560156174,CRITICAL
DoS,1.0,Normal,0.07497621252221398,CRITICAL
DoS,1.0,Normal,0.009786546455869072,CRITICAL
Probe,1.0,Anomaly,-0.05133427564045151,CRITICAL
DoS,1.0,Normal,0.05513263403360247,CRITICAL
DoS,1.0,Normal,0.05460107120246094,CRITICAL
DoS,1.0,Normal,0.05512811403758827,CRITICAL
DoS,1.0,Normal,0.06412124655791657,CRITICAL
DoS,1.0,Normal,0.04476119009603524,CRITICAL
DoS,1.0,Normal,0.06754575868594359,CRITICAL
Probe,0.965,Anomaly,-0.00797946199938998,CRITICAL
DoS,1.0,Normal,0.050100725122822765,CRITICAL
DoS,1.0,Normal,0.060854260933183246,CRITICAL
DoS,0.995,Normal,0.01812668955859631,CRITICAL
DoS,1.0,Normal,0.04869886810544971,CRITICAL
DoS,1.0,Normal,0.007852652739414323,CRITICAL
DoS,1.0,Normal,0.00885816392465999,CRITICAL
DoS,1.0,Normal,0.05391287313429388,CRITICAL
DoS,1.0,Normal,0.0581079343684458,CRITICAL
DoS,1.0,Normal,0.02209620619074626,CRITICAL
DoS,1.0,Normal,0.061373177394974776,CRITICAL
DoS,1.0,Normal,0.0046486102991722955,CRITICAL
DoS,1.0,Anomaly,-0.02978027773109937,CRITICAL
normal,0.995,Anomaly,-0.02878014478013252,MEDIUM
DoS,1.0,Normal,0.04874880013428362,CRITICAL
DoS,1.0,Normal,0.07188341495122419,CRITICAL
DoS,1.0,Normal,0.06817088095212581,CRITICAL
DoS,1.0,Normal,0.07175270533394829,CRITICAL
DoS,1.0,Normal,0.06063071213591109,CRITICAL
DoS,1.0,Normal,0.005068098821641054,CRITICAL
DoS,1.0,Normal,0.05840015570277923,CRITICAL
DoS,1.0,Normal,0.06960158889591428,CRITICAL
Probe,1.0,Anomaly,-0.06105255904098983,CRITICAL
Probe,0.995,Anomaly,-0.007122703888077342,CRITICAL
DoS,1.0,Normal,0.056742520234764005,CRITICAL
Probe,0.995,Anomaly,-0.03023272363774826,CRITICAL
DoS,0.995,Normal,0.021789024578116434,CRITICAL
DoS,1.0,Normal,0.04782092433446611,CRITICAL
Probe,1.0,Anomaly,-0.03912925079892399,CRITICAL
DoS,1.0,Normal,0.06960535157886594,CRITICAL
DoS,1.0,Normal,0.05628287156032097,CRITICAL
normal,0.99,Anomaly,-0.016609759763719978,MEDIUM
DoS,0.995,Normal,0.05349458771033433,CRITICAL
DoS,1.0,Normal,0.06803437232962012,CRITICAL
DoS,1.0,Normal,0.0692354713458328,CRITICAL
Probe,0.985,Normal,0.03166559839886596,CRITICAL
DoS,1.0,Normal,0.05923653825505454,CRITICAL
DoS,0.96,Normal,0.006861170254084392,CRITICAL
normal,1.0,Anomaly,-0.021473648181596527,MEDIUM
Probe,1.0,Anomaly,-0.00044432643461050914,CRITICAL
DoS,1.0,Normal,0.05459644122925045,CRITICAL
DoS,1.0,Normal,0.06448681165695946,CRITICAL
Probe,1.0,Anomaly,-0.05934782858378551,CRITICAL
Probe,1.0,Anomaly,-0.03421452602903419,CRITICAL
DoS,0.965,Anomaly,-0.007726077073487825,CRITICAL
DoS,1.0,Normal,0.056766694442981325,CRITICAL
DoS,1.0,Normal,0.05799742105476402,CRITICAL
DoS,1.0,Anomaly,-0.0252305399241175,CRITICAL
DoS,1.0,Normal,0.06357950860611494,CRITICAL
DoS,0.99,Normal,0.0014904315304217763,CRITICAL
DoS,1.0,Normal,0.0706261136158991,CRITICAL
DoS,1.0,Normal,0.07095947976603756,CRITICAL
DoS,1.0,Normal,0.05652347759504078,CRITICAL
Probe,0.985,Anomaly,-0.03777793811916497,CRITICAL
DoS,1.0,Normal,0.005110835741691577,CRITICAL
DoS,1.0,Normal,0.05260617715929444,CRITICAL
Probe,0.995,Anomaly,-0.044291328970798405,CRITICAL
DoS,1.0,Normal,0.05797439160825246,CRITICAL
DoS,1.0,Anomaly,-0.001639973798243377,CRITICAL
normal,1.0,Anomaly,-0.013360897994252052,MEDIUM
DoS,1.0,Normal,0.062117012953621376,CRITICAL
DoS,1.0,Normal,0.05979573275279226,CRITICAL
DoS,1.0,Normal,0.043207670460512215,CRITICAL
DoS,1.0,Normal,0.053128017414244444,CRITICAL
Probe,1.0,Anomaly,-0.03742671551017496,CRITICAL
normal,0.815,Anomaly,-0.06898943549198278,MEDIUM
R2L,0.765,Normal,0.027992945418670312,MEDIUM
DoS,0.89,Anomaly,-0.012364617653923882,CRITICAL
DoS,1.0,Normal,0.06496635795291478,CRITICAL
normal,1.0,Anomaly,-0.004007959217094459,MEDIUM
DoS,1.0,Normal,0.06193423269475995,CRITICAL
normal,1.0,Anomaly,-0.03286891846338624,MEDIUM
DoS,1.0,Normal,0.06780618636423169,CRITICAL
DoS,1.0,Anomaly,-0.03837729913982513,CRITICAL
DoS,1.0,Normal,0.0009438476579400334,CRITICAL
DoS,1.0,Normal,0.0555020339937225,CRITICAL
normal,1.0,Anomaly,-0.002793745231138345,MEDIUM
Probe,0.975,Normal,0.022336467164475293,CRITICAL
DoS,1.0,Normal,0.047031389411698765,CRITICAL
Probe,0.995,Anomaly,-0.018604778685865797,CRITICAL
Probe,1.0,Anomaly,-0.001342860953037317,CRITICAL
DoS,1.0,Normal,0.05186705651669321,CRITICAL
DoS,1.0,Normal,0.05997576062026372,CRITICAL
normal,0.995,Anomaly,-0.011329662519465322,MEDIUM
DoS,1.0,Normal,0.06207303554563076,CRITICAL
Probe,1.0,Anomaly,-0.004281338232267229,CRITICAL
DoS,1.0,Normal,0.05360817923869282,CRITICAL
Probe,1.0,Anomaly,-0.042319428730833275,CRITICAL
DoS,1.0,Normal,0.058918119676010516,CRITICAL
DoS,1.0,Normal,0.04634218604858498,CRITICAL
normal,0.96,Anomaly,-0.059649427563590984,MEDIUM
R2L,0.81,Anomaly,-0.01675553465992996,CRITICAL
DoS,1.0,Normal,0.0032108524984933995,CRITICAL
DoS,1.0,Normal,0.0640619786116352,CRITICAL
DoS,1.0,Normal,0.062462480909171836,CRITICAL
Probe,1.0,Anomaly,-0.008939812654545187,CRITICAL
DoS,0.96,Anomaly,-0.00410284899889779,CRITICAL
Probe,0.68,Normal,0.009646128962044864,MEDIUM
normal,1.0,Anomaly,-0.033814116806680894,MEDIUM
normal,1.0,Anomaly,-0.011024956728061974,MEDIUM
DoS,1.0,Normal,0.05869080692339995,CRITICAL
DoS,1.0,Normal,0.050946341595374145,CRITICAL
DoS,1.0,Normal,0.06980562231730875,CRITICAL
DoS,1.0,Normal,0.06504705939724642,CRITICAL
normal,1.0,Anomaly,-0.031922995683525635,MEDIUM
DoS,1.0,Normal,0.05668139192886229,CRITICAL
DoS,1.0,Normal,0.07004654672426885,CRITICAL
DoS,0.935,Anomaly,-0.01917244193965212,CRITICAL
DoS,1.0,Normal,0.05245888782516139,CRITICAL
DoS,1.0,Normal,0.06831970939142396,CRITICAL
Probe,0.995,Anomaly,-0.031079832206540647,CRITICAL
DoS,1.0,Normal,0.06747003592309558,CRITICAL
DoS,1.0,Normal,0.057184404118137744,CRITICAL
DoS,1.0,Normal,0.008369337032999136,CRITICAL
DoS,1.0,Normal,0.06611847415547406,CRITICAL
DoS,1.0,Normal,0.05860443179437724,CRITICAL
normal,0.99,Anomaly,-0.010816157114989788,MEDIUM
R2L,0.745,Anomaly,-0.058422058573933844,MEDIUM
DoS,0.99,Anomaly,-0.002900597079310452,CRITICAL
Probe,1.0,Anomaly,-0.007224407710133107,CRITICAL
DoS,1.0,Normal,0.06772903644982409,CRITICAL
Probe,1.0,Normal,0.027454504344500197,CRITICAL
DoS,1.0,Normal,0.06861174664646769,CRITICAL
DoS,1.0,Normal,0.0576956115917458,CRITICAL
DoS,0.985,Normal,0.03665446466220906,CRITICAL
Probe,1.0,Anomaly,-0.0195131304715484,CRITICAL
DoS,1.0,Normal,0.06733768654963856,CRITICAL
DoS,0.995,Normal,0.0687614727940043,CRITICAL
DoS,1.0,Normal,0.06793125282685791,CRITICAL
DoS,1.0,Normal,0.03656288425977672,CRITICAL
Probe,1.0,Anomaly,-0.003286049722522111,CRITICAL
DoS,1.0,Anomaly,-0.005433410146789941,CRITICAL
DoS,1.0,Normal,0.05727754547456859,CRITICAL
DoS,1.0,Normal,0.05944332976624633,CRITICAL
Probe,1.0,Anomaly,-0.0028389759502113754,CRITICAL
DoS,1.0,Normal,0.06721946566756148,CRITICAL
Probe,1.0,Anomaly,-0.004085032316043458,CRITICAL
DoS,1.0,Normal,0.060143582558536524,CRITICAL
DoS,1.0,Normal,0.05541562608902151,CRITICAL
DoS,1.0,Normal,0.06484195921930563,CRITICAL
Probe,0.985,Anomaly,-0.009225328397459265,CRITICAL
DoS,1.0,Normal,0.05439539354461803,CRITICAL
Probe,1.0,Anomaly,-0.007404233526804138,CRITICAL
DoS,1.0,Normal,0.06604459810867619,CRITICAL
DoS,1.0,Normal,0.05416602816552535,CRITICAL
DoS,1.0,Normal,0.049598730890320186,CRITICAL
normal,1.0,Anomaly,-0.032497399003188654,MEDIUM
DoS,0.995,Anomaly,-0.04976946862146692,CRITICAL
DoS,1.0,Normal,0.06468692191597492,CRITICAL
DoS,0.975,Anomaly,-0.04066613189791962,CRITICAL
DoS,0.995,Anomaly,-0.028779878740813614,CRITICAL
DoS,1.0,Normal,0.0053230063586871545,CRITICAL
Probe,1.0,Anomaly,-0.05288042358291212,CRITICAL
DoS,1.0,Normal,0.06964398326796795,CRITICAL
DoS,1.0,Normal,0.058633562342879586,CRITICAL
DoS,1.0,Normal,0.06692031119240877,CRITICAL
DoS,0.45,Normal,0.01088807366039718,MEDIUM
Probe,1.0,Anomaly,-0.001280845496516525,CRITICAL
DoS,0.995,Normal,0.05001075238864733,CRITICAL
normal,1.0,Anomaly,-0.020857083304324064,MEDIUM
Probe,0.975,Normal,0.03011051657705066,CRITICAL
Probe,1.0,Anomaly,-0.058695288646392674,CRITICAL
DoS,1.0,Normal,0.06464879327200812,CRITICAL
DoS,0.975,Anomaly,-0.021128373774211506,CRITICAL
Probe,1.0,Anomaly,-0.011316920098618122,CRITICAL
DoS,1.0,Normal,0.05157961656468513,CRITICAL
DoS,1.0,Normal,0.009408641486842395,CRITICAL
Probe,1.0,Anomaly,-0.05973499602001536,CRITICAL
DoS,1.0,Normal,0.07090911516303017,CRITICAL
DoS,1.0,Normal,0.05802884775807632,CRITICAL
DoS,1.0,Normal,0.06877837982957968,CRITICAL
DoS,1.0,Normal,0.004468819438709082,CRITICAL
DoS,1.0,Normal,0.049847114659577585,CRITICAL
DoS,1.0,Normal,0.060968689999105485,CRITICAL
DoS,1.0,Normal,0.03330810882654295,CRITICAL
DoS,1.0,Normal,0.06034882396293906,CRITICAL
normal,1.0,Anomaly,-0.011364888647186155,MEDIUM
DoS,1.0,Normal,0.06882674933339605,CRITICAL
Probe,1.0,Normal,0.006088963559694016,CRITICAL
DoS,1.0,Normal,0.004746999440292776,CRITICAL
Probe,1.0,Anomaly,-0.012879265839488507,CRITICAL
Probe,1.0,Anomaly,-0.047667778769874714,CRITICAL
Probe,1.0,Normal,0.005095962290824596,CRITICAL
DoS,1.0,Normal,0.0102929487966954,CRITICAL
DoS,0.995,Normal,0.002665592751830592,CRITICAL
DoS,1.0,Normal,0.045157499481788155,CRITICAL
Probe,1.0,Anomaly,-0.005634587502999555,CRITICAL
DoS,1.0,Normal,0.06574604268111695,CRITICAL
DoS,1.0,Normal,0.06681639651093091,CRITICAL
DoS,1.0,Normal,0.0009489270244840697,CRITICAL
R2L,0.965,Normal,0.024219633153717446,CRITICAL
DoS,1.0,Normal,0.06836310010703228,CRITICAL
DoS,1.0,Normal,0.07140045374517151,CRITICAL
DoS,1.0,Normal,0.06670017588713073,CRITICAL
Probe,1.0,Anomaly,-0.033648214034298574,CRITICAL
DoS,1.0,Normal,0.05822341513279805,CRITICAL
DoS,1.0,Normal,0.05735468373271524,CRITICAL
R2L,0.97,Anomaly,-0.0050962729018830255,CRITICAL
DoS,1.0,Normal,0.0623165447499055,CRITICAL
DoS,1.0,Normal,0.06772528840900532,CRITICAL
normal,1.0,Anomaly,-0.00988168175546511,MEDIUM
DoS,0.995,Anomaly,-0.019025073382946844,CRITICAL
DoS,1.0,Normal,0.05616912195609769,CRITICAL
Probe,0.99,Anomaly,-0.026716024385086024,CRITICAL
DoS,0.795,Anomaly,-0.038289501377919644,MEDIUM
DoS,1.0,Normal,0.007404938427029606,CRITICAL
Probe,0.88,Anomaly,-0.009649889242087428,CRITICAL
DoS,1.0,Normal,0.07201565868908921,CRITICAL
Probe,0.95,Normal,0.032679672164766804,CRITICAL
DoS,1.0,Normal,0.06485353001020394,CRITICAL
Probe,1.0,Normal,0.03076009791071571,CRITICAL
R2L,1.0,Normal,0.03892981779360283,CRITICAL
DoS,1.0,Normal,0.0657992942466894,CRITICAL
DoS,0.995,Anomaly,-0.011001786115493961,CRITICAL
DoS,1.0,Normal,0.07037062669008609,CRITICAL
DoS,1.0,Normal,0.05752856252950195,CRITICAL
DoS,1.0,Normal,0.0504212428762047,CRITICAL
normal,0.995,Anomaly,-0.015891961580829395,MEDIUM
DoS,1.0,Normal,0.008250700559690571,CRITICAL
DoS,1.0,Normal,0.05731621294790401,CRITICAL
DoS,1.0,Normal,0.06352185941505578,CRITICAL
DoS,1.0,Normal,0.012571797572422327,CRITICAL
DoS,1.0,Anomaly,-0.002107289852373684,CRITICAL
DoS,1.0,Normal,0.0674481326220982,CRITICAL
DoS,1.0,Anomaly,-0.002629855596612385,CRITICAL
DoS,1.0,Anomaly,-0.005300394966203659,CRITICAL
normal,0.99,Anomaly,-0.08343495977934268,MEDIUM
DoS,1.0,Anomaly,-0.03357006165578924,CRITICAL
DoS,1.0,Normal,0.062296700539141714,CRITICAL
DoS,1.0,Normal,0.06925472947763778,CRITICAL
DoS,1.0,Normal,0.058510195421633604,CRITICAL
DoS,1.0,Normal,0.07018023768592863,CRITICAL
DoS,1.0,Normal,0.06992258909562371,CRITICAL
DoS,0.995,Anomaly,-0.041206779945398675,CRITICAL
DoS,1.0,Normal,0.05849751918507251,CRITICAL
normal,1.0,Anomaly,-0.011966090972841903,MEDIUM
DoS,1.0,Normal,0.05743920893496346,CRITICAL
Probe,0.985,Normal,0.027839830158767176,CRITICAL
DoS,1.0,Anomaly,-0.0035590853208470885,CRITICAL
Probe,1.0,Anomaly,-0.004002961748770628,CRITICAL
DoS,1.0,Normal,0.010763324692056375,CRITICAL
Probe,1.0,Anomaly,-0.03353554754866045,CRITICAL
DoS,1.0,Normal,0.07499857163050211,CRITICAL
DoS,1.0,Normal,0.012141812046839284,CRITICAL
DoS,1.0,Normal,0.06382426012329745,CRITICAL
DoS,1.0,Anomaly,-0.020344079965532558,CRITICAL
Probe,0.995,Normal,0.009146822812004185,CRITICAL
DoS,1.0,Normal,0.017909450899295076,CRITICAL
DoS,1.0,Normal,0.017702420741917246,CRITICAL
Probe,1.0,Anomaly,-0.010763084492272257,CRITICAL
Probe,1.0,Anomaly,-0.049089529620569394,CRITICAL
DoS,1.0,Normal,0.05617566937445451,CRITICAL
DoS,0.99,Normal,0.022564142230074802,CRITICAL
Probe,0.995,Anomaly,-0.03209539881143264,CRITICAL
Probe,1.0,Anomaly,-0.04682533232607616,CRITICAL
DoS,1.0,Normal,0.06854929081575067,CRITICAL
DoS,1.0,Anomaly,-0.0010947590210851343,CRITICAL
DoS,1.0,Normal,0.009652094544225331,CRITICAL
DoS,1.0,Normal,0.06758026245030024,CRITICAL
DoS,1.0,Normal,0.07448944483317643,CRITICAL
DoS,1.0,Normal,0.07054045506299933,CRITICAL
Probe,1.0,Anomaly,-0.06410386974927684,CRITICAL
DoS,1.0,Normal,0.011341684601067659,CRITICAL
DoS,1.0,Normal,0.06097429012042438,CRITICAL
Probe,1.0,Anomaly,-0.00126774565164256,CRITICAL
DoS,1.0,Normal,0.004740145373822502,CRITICAL
DoS,1.0,Normal,0.06552944101209918,CRITICAL
DoS,1.0,Normal,0.05803402749312897,CRITICAL
DoS,1.0,Normal,0.06921640937267526,CRITICAL
DoS,1.0,Normal,0.00892562951397774,CRITICAL
DoS,1.0,Normal,0.06477291618655184,CRITICAL
DoS,1.0,Normal,0.04089377213968021,CRITICAL
DoS,1.0,Normal,0.06891693883648708,CRITICAL
DoS,1.0,Normal,0.05053223646769217,CRITICAL
Probe,0.99,Anomaly,-0.02725629976186228,CRITICAL
DoS,1.0,Normal,0.06177917694390905,CRITICAL
DoS,1.0,Normal,0.013959695545645079,CRITICAL
DoS,1.0,Normal,0.06778549156093316,CRITICAL
DoS,1.0,Normal,0.06692098586086226,CRITICAL
Probe,1.0,Anomaly,-0.009851805094962751,CRITICAL
R2L,0.535,Anomaly,-0.0008356296403378427,MEDIUM
DoS,0.99,Normal,0.014923307536577668,CRITICAL
normal,0.995,Anomaly,-0.03996860121999285,MEDIUM
DoS,1.0,Normal,0.06736600945188909,CRITICAL
DoS,1.0,Normal,0.06762833774618848,CRITICAL
DoS,0.98,Normal,0.001958216372400179,CRITICAL
DoS,0.995,Normal,0.023955264984478697,CRITICAL
DoS,1.0,Normal,0.003511361981291483,CRITICAL
DoS,1.0,Normal,0.004464161375023978,CRITICAL
DoS,1.0,Normal,0.0625566605189628,CRITICAL
normal,1.0,Anomaly,-0.029991329395633648,MEDIUM
DoS,1.0,Normal,0.013973417507882224,CRITICAL
DoS,1.0,Normal,0.06766254712561132,CRITICAL
DoS,1.0,Anomaly,-0.0009942494770528443,CRITICAL
Probe,1.0,Anomaly,-0.06160469653146311,CRITICAL
DoS,1.0,Normal,0.062452431118404705,CRITICAL
DoS,1.0,Normal,0.06971144125934514,CRITICAL
DoS,1.0,Normal,0.07197520220613451,CRITICAL
DoS,1.0,Normal,0.05659491912109049,CRITICAL
DoS,1.0,Normal,0.0644750230733423,CRITICAL
DoS,1.0,Normal,0.06211205904127376,CRITICAL
DoS,1.0,Normal,0.002443089379760899,CRITICAL
Probe,1.0,Anomaly,-0.06410386974927684,CRITICAL
DoS,1.0,Normal,0.005144949931288723,CRITICAL
DoS,1.0,Normal,0.06096635733110861,CRITICAL
DoS,0.995,Anomaly,-0.023532080947784917,CRITICAL
DoS,1.0,Normal,0.06563116754650772,CRITICAL
DoS,1.0,Normal,0.061435374135306475,CRITICAL
DoS,1.0,Normal,0.06728112354867632,CRITICAL
normal,0.955,Anomaly,-0.050585207847280156,MEDIUM
Probe,1.0,Anomaly,-0.0037501679926539855,CRITICAL
DoS,1.0,Normal,0.011053000126832302,CRITICAL
normal,1.0,Anomaly,-0.05132519403888114,MEDIUM
DoS,0.99,Normal,0.02544477389870564,CRITICAL
DoS,1.0,Normal,0.06885123812560262,CRITICAL
DoS,1.0,Normal,0.05248429486564432,CRITICAL
DoS,1.0,Normal,0.06289069145791043,CRITICAL
normal,1.0,Anomaly,-0.006939992941241868,MEDIUM
Probe,0.995,Anomaly,-0.003211092291749318,CRITICAL
Probe,1.0,Anomaly,-0.004705329498810695,CRITICAL
DoS,1.0,Normal,0.06770526684090794,CRITICAL
Probe,1.0,Anomaly,-0.003646432906820707,CRITICAL
DoS,0.985,Normal,0.02502387120369659,CRITICAL
DoS,1.0,Normal,0.05818803906783482,CRITICAL
DoS,1.0,Normal,0.051428763221567975,CRITICAL
DoS,1.0,Normal,0.06687538550451222,CRITICAL
DoS,1.0,Normal,0.058642959057133404,CRITICAL
DoS,1.0,Normal,0.07046254117061768,CRITICAL
DoS,1.0,Normal,0.06737016417658326,CRITICAL
Probe,1.0,Anomaly,-0.060015686100590715,CRITICAL
normal,0.515,Anomaly,-0.02259902511374612,MEDIUM
DoS,1.0,Normal,0.005425452850924994,CRITICAL
DoS,0.985,Anomaly,-0.020024920304859473,CRITICAL
DoS,1.0,Normal,0.06346063445606637,CRITICAL
DoS,1.0,Normal,0.015295384090007524,CRITICAL
DoS,1.0,Normal,0.06558043866913238,CRITICAL
DoS,1.0,Normal,0.06940955790448422,CRITICAL
DoS,1.0,Normal,0.06831995564557142,CRITICAL
DoS,1.0,Normal,0.0034967848623916886,CRITICAL
Probe,1.0,Anomaly,-0.059625965103567546,CRITICAL
DoS,1.0,Anomaly,-0.0050270493835113395,CRITICAL
DoS,1.0,Anomaly,-0.001587262949276358,CRITICAL
Probe,1.0,Anomaly,-0.008413875309867147,CRITICAL
DoS,1.0,Normal,0.059776883351734145,CRITICAL
DoS,1.0,Normal,0.07105095321517269,CRITICAL
DoS,1.0,Normal,0.06413389892239796,CRITICAL
Probe,1.0,Anomaly,-0.04185348978911452,CRITICAL
DoS,1.0,Normal,0.0685541028114377,CRITICAL
DoS,1.0,Normal,0.06828130656209996,CRITICAL
DoS,1.0,Normal,0.06064544317672532,CRITICAL
DoS,1.0,Normal,0.06916199362054382,CRITICAL
DoS,1.0,Normal,0.06990191634299325,CRITICAL
DoS,1.0,Normal,0.06187696300808837,CRITICAL
Probe,1.0,Anomaly,-0.03669630760926673,CRITICAL
DoS,1.0,Normal,0.0618211160352512,CRITICAL
Probe,1.0,Normal,0.00035111189154807265,CRITICAL
Probe,1.0,Anomaly,-0.03546367025296976,CRITICAL
DoS,1.0,Normal,0.06374349640521826,CRITICAL
DoS,1.0,Normal,0.060638829944237915,CRITICAL
DoS,1.0,Normal,0.06971358473366701,CRITICAL
normal,1.0,Anomaly,-0.041117861628046204,MEDIUM
normal,1.0,Anomaly,-0.03204095049982686,MEDIUM
DoS,1.0,Normal,0.07056629899232719,CRITICAL
Probe,1.0,Anomaly,-0.060793514029353346,CRITICAL
DoS,1.0,Normal,0.062442686798367675,CRITICAL
DoS,0.975,Anomaly,-0.023950671426128778,CRITICAL
DoS,0.995,Normal,0.008608998026296166,CRITICAL
normal,0.955,Anomaly,-0.06355043075279887,MEDIUM
DoS,1.0,Normal,0.06685810329719566,CRITICAL
Probe,1.0,Anomaly,-0.00970024463645014,CRITICAL
DoS,1.0,Normal,0.05727416863729462,CRITICAL
DoS,1.0,Normal,0.04364806359296525,CRITICAL
DoS,1.0,Normal,0.05134836639717211,CRITICAL
DoS,1.0,Normal,0.06834790956571779,CRITICAL
DoS,1.0,Normal,0.03851853341787459,CRITICAL
Probe,1.0,Anomaly,-0.030651005013276167,CRITICAL
DoS,1.0,Normal,0.012504988205513157,CRITICAL
Probe,1.0,Anomaly,-0.03374063578190639,CRITICAL
DoS,1.0,Normal,0.0695494907849088,CRITICAL
DoS,1.0,Normal,0.058894031518704704,CRITICAL
Probe,1.0,Anomaly,-0.038738530280888805,CRITICAL
DoS,1.0,Normal,0.05975434094516208,CRITICAL
Probe,1.0,Anomaly,-0.0011820961152830267,CRITICAL
DoS,1.0,Normal,0.0598115895490815,CRITICAL
DoS,1.0,Normal,0.07008314256309106,CRITICAL
Probe,1.0,Anomaly,-0.0013422796627230449,CRITICAL
Probe,1.0,Anomaly,-0.024793799662380156,CRITICAL
DoS,1.0,Normal,0.06974883810252414,CRITICAL
Probe,1.0,Normal,0.00223282353246973,CRITICAL
DoS,1.0,Normal,0.049145889574459256,CRITICAL
DoS,1.0,Normal,0.0692097604462551,CRITICAL
DoS,1.0,Normal,0.009808306819475865,CRITICAL
normal,1.0,Anomaly,-0.04975872502469597,MEDIUM
Probe,1.0,Normal,0.003392679461543757,CRITICAL
Probe,1.0,Anomaly,-0.05773337696961456,CRITICAL
DoS,1.0,Normal,0.06661407145391424,CRITICAL
DoS,1.0,Normal,0.02828227239554526,CRITICAL
R2L,0.945,Normal,0.003536792675213174,CRITICAL
DoS,1.0,Normal,0.011741976678015964,CRITICAL
DoS,1.0,Normal,0.06638542180383572,CRITICAL
DoS,1.0,Normal,0.006894240472988922,CRITICAL
DoS,1.0,Normal,0.0613033981949026,CRITICAL
Probe,1.0,Normal,0.005420853676459059,CRITICAL
DoS,1.0,Normal,0.07391431891559519,CRITICAL
Probe,1.0,Anomaly,-0.022635728819163037,CRITICAL
DoS,1.0,Normal,0.06989669778705476,CRITICAL
Probe,0.97,Anomaly,-0.04835492645070416,CRITICAL
DoS,1.0,Normal,0.053611206264392475,CRITICAL
DoS,1.0,Normal,0.0039998455187608695,CRITICAL
DoS,1.0,Normal,0.007968064835012056,CRITICAL
DoS,0.985,Normal,0.011330090272511084,CRITICAL
DoS,1.0,Normal,0.06960794527215991,CRITICAL
Probe,1.0,Anomaly,-0.03693563019449109,CRITICAL
DoS,1.0,Normal,0.004218154683120312,CRITICAL
DoS,1.0,Normal,0.056425569044797064,CRITICAL
DoS,1.0,Normal,0.0625566605189628,CRITICAL
DoS,1.0,Normal,0.06951640278515797,CRITICAL
DoS,1.0,Normal,0.06100794927624553,CRITICAL
DoS,1.0,Normal,0.05306505040099596,CRITICAL
DoS,1.0,Normal,0.06847999363900387,CRITICAL
DoS,1.0,Normal,0.055887793562795496,CRITICAL
DoS,1.0,Normal,0.06674468676967138,CRITICAL
DoS,1.0,Normal,0.06431187455462173,CRITICAL
DoS,1.0,Normal,0.06810794822620148,CRITICAL
DoS,0.99,Normal,0.011249292364688468,CRITICAL
normal,0.97,Anomaly,-0.00958074677842724,MEDIUM
Probe,1.0,Normal,0.0008569759105714336,CRITICAL
DoS,0.99,Normal,0.018498918247472407,CRITICAL
DoS,1.0,Normal,0.0637556889896927,CRITICAL
DoS,1.0,Normal,0.06574098223521602,CRITICAL
DoS,1.0,Normal,0.06823835693388364,CRITICAL
DoS,1.0,Normal,0.006915867844344281,CRITICAL
normal,0.945,Anomaly,-0.01579160903423793,MEDIUM
DoS,1.0,Normal,0.005527077943717151,CRITICAL
DoS,1.0,Normal,0.06449679890353688,CRITICAL
DoS,1.0,Normal,0.051560518561793445,CRITICAL
Probe,1.0,Normal,0.006024330786768339,CRITICAL
DoS,1.0,Normal,0.001758845900780459,CRITICAL
DoS,1.0,Normal,0.06836692498238317,CRITICAL
DoS,1.0,Normal,0.07098376036753251,CRITICAL
normal,1.0,Anomaly,-0.021184250895768697,MEDIUM
DoS,1.0,Normal,0.012863444704194593,CRITICAL
DoS,1.0,Anomaly,-0.030895107605401095,CRITICAL
DoS,1.0,Normal,0.04489071244161763,CRITICAL
DoS,1.0,Normal,0.0623511247126603,CRITICAL
DoS,1.0,Normal,0.05259012179404088,CRITICAL
DoS,1.0,Anomaly,-0.025917610162933646,CRITICAL
DoS,1.0,Normal,0.06564470553464691,CRITICAL
Probe,1.0,Anomaly,-0.03912925079892399,CRITICAL
DoS,1.0,Normal,0.046529246601465235,CRITICAL
DoS,1.0,Normal,0.062368737825925,CRITICAL
DoS,1.0,Normal,0.05760994162059535,CRITICAL
DoS,1.0,Normal,0.05517649428992921,CRITICAL
DoS,1.0,Normal,0.06705206618569554,CRITICAL
DoS,1.0,Normal,0.05707304517547951,CRITICAL
DoS,1.0,Anomaly,-0.0010587601221618281,CRITICAL
DoS,1.0,Normal,0.054163904989984635,CRITICAL
DoS,1.0,Normal,0.061761475630699336,CRITICAL
DoS,1.0,Normal,0.06813277602370799,CRITICAL
Probe,1.0,Anomaly,-0.015621378556813947,CRITICAL
DoS,1.0,Normal,0.058075457685620446,CRITICAL
DoS,1.0,Normal,0.05525661851401603,CRITICAL
normal,0.995,Anomaly,-0.03064414505729146,MEDIUM
DoS,1.0,Normal,0.034852776982937594,CRITICAL
Probe,1.0,Anomaly,-0.0036070247495713637,CRITICAL
DoS,1.0,Normal,0.059675413687102385,CRITICAL
DoS,1.0,Normal,0.05006457859668406,CRITICAL
Probe,1.0,Anomaly,-0.009329239143436086,CRITICAL
DoS,1.0,Normal,0.004047517682953805,CRITICAL
DoS,1.0,Normal,0.06516069664297919,CRITICAL
DoS,1.0,Normal,0.06910798450824984,CRITICAL
Probe,1.0,Anomaly,-0.011463941821885537,CRITICAL
Probe,0.99,Anomaly,-0.02113844794910741,CRITICAL
DoS,1.0,Normal,0.049695686301781394,CRITICAL
DoS,1.0,Normal,0.040433584047402604,CRITICAL
DoS,1.0,Normal,0.050317708080707624,CRITICAL
DoS,1.0,Normal,0.06974361672169616,CRITICAL
DoS,1.0,Normal,0.05690026554626848,CRITICAL
normal,0.955,Anomaly,-0.011720135583351055,MEDIUM
DoS,1.0,Normal,0.0671331345416078,CRITICAL
DoS,1.0,Normal,0.06835681754404299,CRITICAL
Probe,0.995,Anomaly,-0.031135233840957566,CRITICAL
DoS,1.0,Normal,0.07017287120697485,CRITICAL
normal,1.0,Anomaly,-0.02548588033533139,MEDIUM
DoS,1.0,Normal,0.05922018050858768,CRITICAL
DoS,1.0,Normal,0.04830096239076909,CRITICAL
Probe,1.0,Anomaly,-0.018176915200392163,CRITICAL
DoS,1.0,Normal,0.05559976493567509,CRITICAL
DoS,1.0,Normal,0.054708753934598175,CRITICAL
DoS,0.99,Anomaly,-0.029478118628955774,CRITICAL
DoS,1.0,Normal,0.030459089992532273,CRITICAL
Probe,1.0,Anomaly,-0.03145216131485573,CRITICAL
R2L,0.975,Normal,0.022020454262864586,CRITICAL
Probe,1.0,Anomaly,-0.03374063578190639,CRITICAL
normal,1.0,Anomaly,-0.020902988003876244,MEDIUM
DoS,1.0,Normal,0.04849176366275887,CRITICAL
DoS,1.0,Normal,0.005226764376437321,CRITICAL
DoS,1.0,Normal,0.06851792911432109,CRITICAL
DoS,1.0,Normal,0.03775854641085119,CRITICAL
DoS,1.0,Normal,0.04972675346507055,CRITICAL
Probe,0.87,Anomaly,-0.006168006407030968,CRITICAL
DoS,1.0,Normal,0.05772111652822842,CRITICAL
DoS,1.0,Normal,0.007814406113853478,CRITICAL
DoS,1.0,Normal,0.059336265622505324,CRITICAL
DoS,0.985,Normal,0.00820670173160648,CRITICAL
normal,1.0,Anomaly,-0.0023713521617612088,MEDIUM
DoS,1.0,Normal,0.0679548012622822,CRITICAL
Probe,1.0,Anomaly,-0.002115428797673513,CRITICAL
DoS,1.0,Normal,0.06489339733972782,CRITICAL
DoS,1.0,Normal,0.05047561543178375,CRITICAL
DoS,1.0,Normal,0.050293375859357226,CRITICAL
DoS,1.0,Normal,0.0537386964312902,CRITICAL
DoS,1.0,Normal,0.061740320801552395,CRITICAL
Probe,0.995,Anomaly,-0.011121416649137794,CRITICAL
DoS,1.0,Normal,0.05390144721633616,CRITICAL
DoS,1.0,Normal,0.060605490724169875,CRITICAL
DoS,1.0,Normal,0.05336130679596057,CRITICAL
DoS,1.0,Normal,0.06555260918170308,CRITICAL
DoS,0.995,Normal,0.04277951397576857,CRITICAL
normal,0.97,Anomaly,-0.012874237195847682,MEDIUM
DoS,1.0,Normal,0.05665163857801375,CRITICAL
DoS,1.0,Normal,0.05745576746841835,CRITICAL
DoS,1.0,Normal,0.057552116333080494,CRITICAL
DoS,1.0,Normal,0.05503201767075977,CRITICAL
DoS,1.0,Normal,0.06779413194085382,CRITICAL
DoS,1.0,Normal,0.06187616864933043,CRITICAL
DoS,1.0,Normal,0.06179403014264356,CRITICAL
DoS,1.0,Normal,0.06245842724619377,CRITICAL
DoS,1.0,Normal,0.05713179340728147,CRITICAL
DoS,1.0,Normal,0.06729186979009166,CRITICAL
DoS,1.0,Anomaly,-0.0016853355761263233,CRITICAL
DoS,1.0,Normal,0.06915883231218789,CRITICAL
DoS,1.0,Normal,0.05045244874038812,CRITICAL
DoS,1.0,Normal,0.0637690856753717,CRITICAL
DoS,1.0,Normal,0.06912328272715473,CRITICAL
DoS,1.0,Normal,0.0627487544920236,CRITICAL
DoS,1.0,Normal,0.0120102301052053,CRITICAL
DoS,1.0,Normal,0.050863602150779064,CRITICAL
DoS,1.0,Normal,0.06523590182333139,CRITICAL
DoS,1.0,Normal,0.05496226356486894,CRITICAL
Probe,1.0,Anomaly,-0.05290289830302475,CRITICAL
DoS,1.0,Normal,0.06889785715102165,CRITICAL
DoS,1.0,Normal,0.06700617068650516,CRITICAL
DoS,1.0,Anomaly,-0.007136426615596658,CRITICAL
DoS,1.0,Normal,0.05113643274944857,CRITICAL
DoS,0.735,Normal,0.0005571561840386763,MEDIUM
normal,1.0,Anomaly,-0.005275354877701255,MEDIUM
DoS,1.0,Normal,0.007961095679554941,CRITICAL
DoS,1.0,Normal,0.049658364818841894,CRITICAL
DoS,1.0,Normal,0.06702441880097626,CRITICAL
DoS,1.0,Anomaly,-0.025677435554197936,CRITICAL
Probe,1.0,Anomaly,-0.02714916856254357,CRITICAL
Probe,1.0,Anomaly,-0.003575811381583305,CRITICAL
normal,0.99,Anomaly,-0.03099095161038934,MEDIUM
DoS,1.0,Normal,0.07600696982965421,CRITICAL
DoS,1.0,Normal,0.06100314542319141,CRITICAL
DoS,1.0,Normal,0.06334062926108408,CRITICAL
DoS,0.995,Normal,0.025829068244980935,CRITICAL
DoS,1.0,Normal,0.0655724195999523,CRITICAL
Probe,0.98,Normal,0.009370665446209236,CRITICAL
DoS,1.0,Normal,0.05163852793694529,CRITICAL
DoS,1.0,Normal,0.07039324154389165,CRITICAL
DoS,1.0,Normal,0.05785178526311674,CRITICAL
DoS,0.785,Anomaly,-0.02762443819875482,MEDIUM
DoS,1.0,Normal,0.0680365721807461,CRITICAL
DoS,1.0,Normal,0.06956140415657996,CRITICAL
normal,1.0,Anomaly,-0.011810690023067338,MEDIUM
DoS,1.0,Normal,0.06818672843539636,CRITICAL
DoS,1.0,Normal,0.061567206448764566,CRITICAL
DoS,1.0,Normal,0.07384467390758542,CRITICAL
DoS,1.0,Normal,0.06882255827585337,CRITICAL
Probe,1.0,Anomaly,-0.0014627092489164495,CRITICAL
DoS,1.0,Normal,0.05667726526414363,CRITICAL
DoS,1.0,Normal,0.05420306427755106,CRITICAL
Probe,0.69,Normal,0.03202309366065703,MEDIUM
DoS,1.0,Normal,0.06849605395410141,CRITICAL
DoS,1.0,Normal,0.05023922541131398,CRITICAL
Probe,1.0,Anomaly,-0.04508369418607849,CRITICAL
DoS,1.0,Normal,0.06857833654207446,CRITICAL
DoS,1.0,Normal,0.0686862594328228,CRITICAL
DoS,1.0,Normal,0.014088265878709816,CRITICAL
DoS,1.0,Normal,0.06840984935137806,CRITICAL
DoS,1.0,Normal,0.05364168669252528,CRITICAL
DoS,1.0,Normal,0.009553445148396733,CRITICAL
DoS,1.0,Normal,0.0690544866508811,CRITICAL
DoS,0.94,Normal,0.06178904087432857,CRITICAL
DoS,1.0,Normal,0.06685037832778679,CRITICAL
DoS,1.0,Normal,0.06597225280180968,CRITICAL
DoS,1.0,Normal,0.05881797141317813,CRITICAL
DoS,0.96,Anomaly,-0.007115211516491193,CRITICAL
Probe,1.0,Anomaly,-0.05401761209982364,CRITICAL
DoS,1.0,Normal,0.05434953690503774,CRITICAL
normal,1.0,Anomaly,-0.006203412067328218,MEDIUM
DoS,1.0,Normal,0.0679733391638227,CRITICAL
DoS,1.0,Normal,0.0601109153042611,CRITICAL
DoS,1.0,Normal,0.06379329995148281,CRITICAL
DoS,1.0,Normal,0.06294479443979839,CRITICAL
DoS,1.0,Anomaly,-0.024728984797768305,CRITICAL
DoS,1.0,Normal,0.050969201449686585,CRITICAL
normal,1.0,Anomaly,-0.02980435600767123,MEDIUM
DoS,1.0,Normal,0.05960055356402122,CRITICAL
DoS,0.99,Normal,0.009047821111927756,CRITICAL
DoS,1.0,Normal,0.0649682226889488,CRITICAL
DoS,0.995,Normal,0.009411540753935355,CRITICAL
DoS,1.0,Normal,0.07026294687479046,CRITICAL
DoS,0.925,Normal,0.01350108882164347,CRITICAL
DoS,1.0,Normal,0.06275239500446061,CRITICAL
DoS,1.0,Normal,0.05133616880849856,CRITICAL
R2L,1.0,Normal,0.0017411443052969822,CRITICAL
Probe,1.0,Anomaly,-0.04586399787950468,CRITICAL
DoS,1.0,Normal,0.06770082623323742,CRITICAL
DoS,1.0,Normal,0.04968789493383363,CRITICAL
DoS,1.0,Normal,0.0701919701380409,CRITICAL
Probe,1.0,Anomaly,-0.0018487169394420522,CRITICAL
Probe,1.0,Anomaly,-0.00011784626550009891,CRITICAL
DoS,1.0,Normal,0.048001889906238826,CRITICAL
DoS,1.0,Anomaly,-0.03856418719607979,CRITICAL
Probe,1.0,Anomaly,-0.00015778591542453535,CRITICAL
normal,0.995,Anomaly,-0.03739157691045203,MEDIUM
Probe,1.0,Anomaly,-0.01568357778952345,CRITICAL
Probe,1.0,Anomaly,-0.0025244041838626274,CRITICAL
DoS,1.0,Normal,0.06434790232395954,CRITICAL
normal,0.99,Anomaly,-0.0339630961040121,MEDIUM
DoS,1.0,Normal,0.0691727184909306,CRITICAL
DoS,1.0,Normal,0.0010921233420937981,CRITICAL
Probe,1.0,Anomaly,-0.0049274601474688096,CRITICAL
DoS,0.995,Normal,0.06281671144278833,CRITICAL
DoS,1.0,Normal,0.04645563539930819,CRITICAL
normal,1.0,Anomaly,-0.03307496608666943,MEDIUM
Probe,0.995,Normal,0.026679573526439126,CRITICAL
Probe,1.0,Anomaly,-0.0019436320337358204,CRITICAL
normal,1.0,Anomaly,-0.01873498430108722,MEDIUM
DoS,0.985,Normal,0.015715625151458967,CRITICAL
DoS,1.0,Anomaly,-0.004195853324353127,CRITICAL
DoS,1.0,Normal,0.07090911516303017,CRITICAL
Probe,1.0,Normal,0.001832458522602165,CRITICAL
Probe,1.0,Anomaly,-0.02377979672675684,CRITICAL
DoS,1.0,Normal,0.04722844086148348,CRITICAL
DoS,0.995,Normal,0.01186125508956648,CRITICAL
Probe,0.98,Anomaly,-0.01997799244917292,CRITICAL
DoS,1.0,Normal,0.01782384119079644,CRITICAL
normal,0.7,Anomaly,-0.02938442824430698,MEDIUM
Probe,1.0,Anomaly,-0.025512340497884034,CRITICAL
DoS,1.0,Normal,0.05925658636535702,CRITICAL
DoS,0.94,Anomaly,-0.0056886521751206565,CRITICAL
DoS,1.0,Normal,0.058361854264048774,CRITICAL
DoS,1.0,Normal,0.06974111163070762,CRITICAL
DoS,1.0,Normal,0.06287776361181568,CRITICAL
DoS,1.0,Normal,0.01952741343162606,CRITICAL
DoS,1.0,Normal,0.0523791697379874,CRITICAL
Probe,1.0,Anomaly,-0.061765756925238835,CRITICAL
normal,1.0,Anomaly,-0.03526930095536551,MEDIUM
DoS,1.0,Normal,0.07058064310471013,CRITICAL
DoS,1.0,Normal,0.007937560464777726,CRITICAL
DoS,1.0,Normal,0.0692142212980903,CRITICAL
DoS,1.0,Normal,0.05658302667029136,CRITICAL
DoS,1.0,Normal,0.07418229651565716,CRITICAL
DoS,1.0,Normal,0.07204428233669596,CRITICAL
DoS,1.0,Normal,0.05590385936173614,CRITICAL
DoS,1.0,Normal,0.06762071051348506,CRITICAL
DoS,1.0,Normal,0.0015118168215441097,CRITICAL
normal,1.0,Anomaly,-0.0007836870252327377,MEDIUM
normal,1.0,Anomaly,-0.0357001929259933,MEDIUM
Probe,1.0,Anomaly,-0.0021588843013684578,CRITICAL
DoS,1.0,Normal,0.06712178455716533,CRITICAL
Probe,1.0,Anomaly,-0.043613636088171925,CRITICAL
DoS,1.0,Normal,0.06244727046946896,CRITICAL
Probe,0.985,Anomaly,-0.0024467791944612904,CRITICAL
DoS,1.0,Normal,0.07222539906340769,CRITICAL
DoS,1.0,Anomaly,-0.009205795338243783,CRITICAL
DoS,0.985,Normal,0.019136821523021208,CRITICAL
DoS,1.0,Normal,0.042389254449319014,CRITICAL
DoS,0.99,Normal,0.011194992146514038,CRITICAL
DoS,1.0,Anomaly,-0.03854025047165743,CRITICAL
DoS,1.0,Normal,0.06336102612126382,CRITICAL
Probe,1.0,Anomaly,-0.002575478267876463,CRITICAL
DoS,1.0,Normal,0.06420036290460124,CRITICAL
Probe,1.0,Anomaly,-0.0029531214796345573,CRITICAL
Probe,1.0,Normal,0.00019102655778430178,CRITICAL
Probe,1.0,Anomaly,-0.0018913182298149755,CRITICAL
DoS,1.0,Normal,0.05876113020432422,CRITICAL
DoS,1.0,Normal,0.05161100280573805,CRITICAL
DoS,1.0,Normal,0.07020855671495507,CRITICAL
Probe,1.0,Normal,0.006212505781051925,CRITICAL
DoS,1.0,Normal,0.061233480299768994,CRITICAL
DoS,1.0,Normal,0.07114307326997549,CRITICAL
Probe,1.0,Anomaly,-0.03404990568606148,CRITICAL
DoS,1.0,Normal,0.06993629444747451,CRITICAL
DoS,1.0,Normal,0.06537399192221599,CRITICAL
DoS,0.995,Normal,0.012105033106207586,CRITICAL
DoS,1.0,Normal,0.023808523799244086,CRITICAL
Probe,1.0,Anomaly,-0.058257241593652975,CRITICAL
normal,0.89,Anomaly,-0.036441922252515635,MEDIUM
DoS,1.0,Normal,0.003101950404907128,CRITICAL
DoS,1.0,Normal,0.05891953876535749,CRITICAL
DoS,1.0,Normal,0.00842535874979683,CRITICAL
normal,0.99,Anomaly,-0.019228536478487768,MEDIUM
DoS,1.0,Normal,0.06627308080735833,CRITICAL
Probe,1.0,Anomaly,-0.037323579986112576,CRITICAL
DoS,1.0,Normal,0.05042203502129966,CRITICAL
DoS,1.0,Normal,0.06149999694170971,CRITICAL
normal,1.0,Anomaly,-0.0005084152757596772,MEDIUM
DoS,1.0,Normal,0.060887404849886695,CRITICAL
DoS,0.995,Normal,0.00024180001265272644,CRITICAL
normal,1.0,Anomaly,-0.010143897662502233,MEDIUM
DoS,1.0,Anomaly,-0.036650985327794816,CRITICAL
DoS,1.0,Normal,0.06794286474412348,CRITICAL
DoS,1.0,Normal,0.0484458218181662,CRITICAL
normal,0.97,Anomaly,-0.0017219302760862476,MEDIUM
DoS,1.0,Normal,0.06820391258632535,CRITICAL
DoS,1.0,Normal,0.06853428499999309,CRITICAL
Probe,1.0,Anomaly,-0.05589763423481747,CRITICAL
Probe,1.0,Anomaly,-0.002494525182016649,CRITICAL
DoS,1.0,Normal,0.07535372730172019,CRITICAL
Probe,1.0,Anomaly,-0.0024541330288154195,CRITICAL
DoS,1.0,Anomaly,-0.005224297466510819,CRITICAL
DoS,0.98,Normal,0.010927125444583352,CRITICAL
DoS,1.0,Normal,0.05607572674873246,CRITICAL
DoS,1.0,Normal,0.057296837142766566,CRITICAL
DoS,1.0,Normal,0.04939568219158036,CRITICAL
DoS,1.0,Normal,0.06355285562341706,CRITICAL
normal,1.0,Anomaly,-0.029950316142066113,MEDIUM
DoS,1.0,Normal,0.0431544753918639,CRITICAL
DoS,1.0,Normal,0.05511078244040202,CRITICAL
DoS,1.0,Normal,0.06990292909410628,CRITICAL
DoS,1.0,Normal,0.06689946144472547,CRITICAL
DoS,1.0,Normal,0.06799424544781424,CRITICAL
DoS,1.0,Normal,0.008921485910979798,CRITICAL
Probe,1.0,Anomaly,-0.003744035570044213,CRITICAL
DoS,1.0,Anomaly,-0.029778791698758078,CRITICAL
DoS,1.0,Normal,0.02552474274496047,CRITICAL
DoS,1.0,Normal,0.07430664862265102,CRITICAL
DoS,1.0,Normal,0.05112881055794177,CRITICAL
DoS,1.0,Normal,0.06324031469706903,CRITICAL
DoS,1.0,Normal,0.04826865000677805,CRITICAL
DoS,1.0,Normal,0.05365356907422614,CRITICAL
normal,0.99,Anomaly,-0.01011335843182537,MEDIUM
DoS,1.0,Normal,0.05962231189036876,CRITICAL
Probe,1.0,Anomaly,-0.05226269547558893,CRITICAL
DoS,1.0,Normal,0.05002575479968774,CRITICAL
Probe,1.0,Anomaly,-0.0621407977273819,CRITICAL
Probe,0.855,Anomaly,-0.0678051021763133,CRITICAL
DoS,1.0,Normal,0.05045049369689947,CRITICAL
DoS,1.0,Normal,0.06831481270927486,CRITICAL
normal,0.995,Anomaly,-0.009999743781836656,MEDIUM
DoS,1.0,Normal,0.0024692029926555725,CRITICAL
normal,0.965,Anomaly,-0.01745927512065043,MEDIUM
DoS,0.965,Normal,0.0029603881537806354,CRITICAL
DoS,1.0,Normal,0.05730888975363235,CRITICAL
DoS,1.0,Normal,0.0681301844383006,CRITICAL
DoS,1.0,Normal,0.045971905432410365,CRITICAL
Probe,1.0,Normal,0.006070459947252027,CRITICAL
DoS,0.885,Anomaly,-0.045713065252766194,CRITICAL
DoS,1.0,Normal,0.05316248623697184,CRITICAL
Probe,1.0,Anomaly,-0.0022448553348901057,CRITICAL
DoS,1.0,Normal,0.07094168990298821,CRITICAL
normal,1.0,Anomaly,-0.012013810851180806,MEDIUM
DoS,0.935,Normal,0.013857964620831054,CRITICAL
DoS,0.945,Normal,0.014687069641012795,CRITICAL
DoS,1.0,Normal,0.06602244590605127,CRITICAL
DoS,1.0,Normal,0.04556739176086916,CRITICAL
DoS,1.0,Normal,0.06255820014048852,CRITICAL
DoS,1.0,Normal,0.07819144925102695,CRITICAL
DoS,1.0,Normal,0.0482792396789084,CRITICAL
DoS,1.0,Normal,0.06511108630438789,CRITICAL
DoS,1.0,Normal,0.06516339633704432,CRITICAL
DoS,1.0,Normal,0.06334779781728045,CRITICAL
DoS,1.0,Normal,0.05737095279283494,CRITICAL
Probe,0.955,Anomaly,-0.0025107058821711714,CRITICAL
DoS,1.0,Normal,0.07022103827833692,CRITICAL
DoS,1.0,Anomaly,-0.007417921162677865,CRITICAL
DoS,1.0,Normal,0.04727386614064932,CRITICAL
DoS,1.0,Normal,0.044473620768742284,CRITICAL
DoS,1.0,Normal,0.0649940890306081,CRITICAL
DoS,1.0,Normal,0.052120712762553756,CRITICAL
DoS,1.0,Normal,0.07327887360002883,CRITICAL
DoS,1.0,Anomaly,-0.0015214678329351639,CRITICAL
Probe,0.885,Normal,0.024282178386261455,CRITICAL
DoS,1.0,Normal,0.06638014858389607,CRITICAL
DoS,1.0,Normal,0.06478488369041724,CRITICAL
DoS,1.0,Normal,0.06641428835872798,CRITICAL
DoS,1.0,Normal,0.060056683693206214,CRITICAL
DoS,1.0,Anomaly,-0.03861088836304649,CRITICAL
DoS,1.0,Anomaly,-0.0001523716195425684,CRITICAL
DoS,1.0,Normal,0.006166833154617524,CRITICAL
DoS,1.0,Normal,0.06224116001224822,CRITICAL
DoS,1.0,Anomaly,-0.025548578481338846,CRITICAL
DoS,1.0,Normal,0.06895932588963266,CRITICAL
DoS,1.0,Normal,0.044693148404005956,CRITICAL
DoS,1.0,Normal,0.06718096106153826,CRITICAL
DoS,1.0,Normal,0.05382912205918766,CRITICAL
DoS,1.0,Normal,0.009883198642762325,CRITICAL
DoS,1.0,Normal,0.06726992768606149,CRITICAL
DoS,0.935,Normal,0.01360096336321015,CRITICAL
DoS,1.0,Normal,0.05153575402684185,CRITICAL
DoS,0.965,Normal,0.03818852849887794,CRITICAL
DoS,1.0,Normal,0.07309147009443495,CRITICAL
DoS,1.0,Anomaly,-0.0077644208303520035,CRITICAL
DoS,1.0,Normal,0.06731783086311616,CRITICAL
DoS,1.0,Normal,0.06890296513783067,CRITICAL
DoS,1.0,Normal,0.06181818438490799,CRITICAL
Probe,1.0,Anomaly,-0.003879481973491361,CRITICAL
DoS,1.0,Normal,0.06799134988500954,CRITICAL
DoS,1.0,Normal,0.03794195848654425,CRITICAL
DoS,1.0,Normal,0.05401644855525389,CRITICAL
DoS,1.0,Normal,0.054487138589267015,CRITICAL
DoS,1.0,Normal,0.008239142266733057,CRITICAL
DoS,1.0,Normal,0.05545725202295565,CRITICAL
DoS,1.0,Normal,0.062070602203528114,CRITICAL
DoS,1.0,Normal,0.009297914142999353,CRITICAL
Probe,1.0,Anomaly,-0.042710753658827594,CRITICAL
DoS,1.0,Normal,0.06396562825245333,CRITICAL
normal,0.995,Anomaly,-0.0037713850941187843,MEDIUM
DoS,1.0,Normal,0.06919844547994669,CRITICAL
Probe,1.0,Anomaly,-0.0073438505998416614,CRITICAL
DoS,1.0,Normal,0.06994519692136575,CRITICAL
normal,1.0,Anomaly,-0.012661425944004157,MEDIUM
Probe,1.0,Anomaly,-0.0004937483045230895,CRITICAL
R2L,0.815,Anomaly,-0.01780336680682526,CRITICAL
DoS,1.0,Normal,0.010784209063402661,CRITICAL
DoS,1.0,Normal,0.06188370145717609,CRITICAL
DoS,1.0,Anomaly,-0.0020028650722780372,CRITICAL
DoS,1.0,Normal,0.06047484137012904,CRITICAL
DoS,1.0,Normal,0.05743650998145938,CRITICAL
DoS,1.0,Normal,0.06038696072558808,CRITICAL
DoS,0.995,Normal,0.008416615864780597,CRITICAL
R2L,0.975,Anomaly,-0.009773051105459118,CRITICAL
DoS,1.0,Normal,0.0662464070552567,CRITICAL
DoS,0.995,Anomaly,-0.03568007098946263,CRITICAL
DoS,1.0,Normal,0.07020855671495507,CRITICAL
DoS,1.0,Normal,0.009254733722910968,CRITICAL
DoS,1.0,Normal,0.050307227814770816,CRITICAL
DoS,1.0,Normal,0.04351963929309788,CRITICAL
normal,1.0,Anomaly,-0.03626506025227072,MEDIUM
DoS,1.0,Normal,0.062149192119560326,CRITICAL
DoS,1.0,Anomaly,-0.004859885864514912,CRITICAL
DoS,1.0,Normal,0.0701652757143203,CRITICAL
DoS,1.0,Normal,0.0615562531042157,CRITICAL
DoS,1.0,Normal,0.054969901751694916,CRITICAL
Probe,1.0,Anomaly,-0.006889449176240514,CRITICAL
normal,1.0,Anomaly,-0.024994100092366967,MEDIUM
Probe,0.995,Normal,0.0381418613384607,CRITICAL
DoS,1.0,Normal,0.06862829155973926,CRITICAL
DoS,1.0,Normal,0.0639347745474605,CRITICAL
DoS,1.0,Normal,0.06431658594905348,CRITICAL
DoS,0.995,Normal,0.005213797901443107,CRITICAL
DoS,1.0,Normal,0.04959841761764522,CRITICAL
DoS,1.0,Normal,0.06781561685079468,CRITICAL
DoS,1.0,Anomaly,-0.003415036014211059,CRITICAL
DoS,1.0,Normal,0.006684101402681775,CRITICAL
DoS,0.99,Normal,0.05245321343552617,CRITICAL
DoS,1.0,Normal,0.06850558138482793,CRITICAL
Probe,1.0,Anomaly,-0.0037554603270302245,CRITICAL
DoS,1.0,Normal,0.029613296709836368,CRITICAL
DoS,1.0,Normal,0.0022610254409420327,CRITICAL
DoS,0.99,Normal,0.018968817720030173,CRITICAL
DoS,1.0,Normal,0.0613098786924095,CRITICAL
normal,1.0,Anomaly,-0.02791720869948555,MEDIUM
DoS,1.0,Normal,0.06649194548204113,CRITICAL
Probe,1.0,Anomaly,-0.03749516317532042,CRITICAL
Probe,1.0,Anomaly,-0.03611066962254167,CRITICAL
DoS,1.0,Normal,0.01890324186353426,CRITICAL
Probe,1.0,Anomaly,-0.03371246267571493,CRITICAL
DoS,1.0,Normal,0.06895147843971011,CRITICAL
Probe,1.0,Anomaly,-0.026654822916017673,CRITICAL
DoS,1.0,Normal,0.007193913143548503,CRITICAL
Probe,1.0,Anomaly,-0.030163049292162236,CRITICAL
DoS,1.0,Normal,0.06299272136857603,CRITICAL
Probe,1.0,Anomaly,-0.002312248581313292,CRITICAL
DoS,1.0,Anomaly,-0.012780930932356216,CRITICAL
DoS,1.0,Normal,0.0643445045894328,CRITICAL
Probe,1.0,Anomaly,-0.028910859205840744,CRITICAL
Probe,0.99,Normal,0.03270851959521898,CRITICAL
Probe,0.96,Anomaly,-0.039890972908827704,CRITICAL
DoS,1.0,Normal,0.06555189450759868,CRITICAL
DoS,1.0,Normal,0.013170412106903173,CRITICAL
Probe,1.0,Anomaly,-0.042553163140697126,CRITICAL
DoS,1.0,Normal,0.07017684235929073,CRITICAL
DoS,1.0,Normal,0.0642766509847833,CRITICAL
R2L,0.995,Normal,0.028742221961432668,CRITICAL
DoS,1.0,Normal,0.0650446432443732,CRITICAL
DoS,1.0,Normal,0.06162818440081114,CRITICAL
DoS,1.0,Normal,0.05510034617600884,CRITICAL
DoS,1.0,Normal,0.01680493198860955,CRITICAL
DoS,1.0,Normal,0.010425748397714651,CRITICAL
DoS,1.0,Normal,0.0643038731702808,CRITICAL
DoS,0.99,Normal,0.009039104240521678,CRITICAL
Probe,0.99,Anomaly,-0.04383745534789485,CRITICAL
DoS,1.0,Normal,0.06285179784363698,CRITICAL
Probe,1.0,Anomaly,-0.03353554754866045,CRITICAL
Probe,1.0,Anomaly,-0.05559823416341264,CRITICAL
DoS,1.0,Normal,0.06240974320397796,CRITICAL
DoS,1.0,Normal,0.05450330681000948,CRITICAL
DoS,1.0,Normal,0.06105804129229808,CRITICAL
Probe,1.0,Anomaly,-0.05548187544976424,CRITICAL
DoS,1.0,Normal,0.052651749082150034,CRITICAL
DoS,1.0,Normal,0.06692098586086226,CRITICAL
DoS,1.0,Normal,0.008269715788227439,CRITICAL
DoS,1.0,Normal,0.06447199755693128,CRITICAL
normal,1.0,Anomaly,-0.0306302025832908,MEDIUM
R2L,1.0,Normal,0.03227619507175772,CRITICAL
Probe,0.985,Normal,0.008569772155298139,CRITICAL
Probe,1.0,Anomaly,-0.03154503433942407,CRITICAL
DoS,1.0,Normal,0.054089685049322045,CRITICAL
DoS,1.0,Normal,0.06356473930993978,CRITICAL
DoS,0.995,Normal,0.027180138869433212,CRITICAL
Probe,0.85,Anomaly,-0.024700695636289682,CRITICAL
DoS,1.0,Normal,0.056637406227030895,CRITICAL
DoS,1.0,Normal,0.07148222675240046,CRITICAL
Probe,1.0,Anomaly,-0.05047598728808561,CRITICAL
normal,1.0,Anomaly,-0.026415745598317997,MEDIUM
DoS,1.0,Normal,0.06396583487929874,CRITICAL
DoS,1.0,Normal,0.006143782733955383,CRITICAL
Probe,0.77,Anomaly,-0.01079999591466918,MEDIUM
DoS,1.0,Normal,0.06870657401879776,CRITICAL
DoS,1.0,Anomaly,-0.02933154547533451,CRITICAL
DoS,1.0,Normal,0.06964671100640485,CRITICAL
DoS,1.0,Anomaly,-0.01777894440063793,CRITICAL
Probe,1.0,Anomaly,-0.033367257646309045,CRITICAL
Probe,1.0,Anomaly,-0.002084060570344437,CRITICAL
Probe,0.99,Anomaly,-0.05417327329142996,CRITICAL
R2L,0.91,Normal,0.016158322964258065,CRITICAL
DoS,1.0,Normal,0.06877948958544733,CRITICAL
Probe,1.0,Anomaly,-0.0019188655508262098,CRITICAL
Probe,1.0,Anomaly,-0.00592493957625978,CRITICAL
Probe,1.0,Anomaly,-0.05631134437635332,CRITICAL
DoS,1.0,Normal,0.06951601893146997,CRITICAL
DoS,1.0,Normal,0.014574170559259969,CRITICAL
DoS,1.0,Normal,0.06196668753312112,CRITICAL
normal,0.87,Anomaly,-0.03391930573436752,MEDIUM
DoS,1.0,Normal,0.060292140125470295,CRITICAL
Probe,1.0,Anomaly,-0.03017731332569601,CRITICAL
DoS,1.0,Normal,0.0542170806390026,CRITICAL
DoS,1.0,Normal,0.008814375402861507,CRITICAL
DoS,1.0,Normal,0.05229316100352388,CRITICAL
R2L,1.0,Normal,0.0017411443052969822,CRITICAL
DoS,1.0,Normal,0.0033009234634918116,CRITICAL
Probe,0.995,Anomaly,-0.031241958695415906,CRITICAL
DoS,1.0,Normal,0.03703578970847521,CRITICAL
DoS,1.0,Normal,0.06446011609353847,CRITICAL
DoS,1.0,Normal,0.05531931876348195,CRITICAL
DoS,1.0,Normal,0.06918818540818789,CRITICAL
Probe,0.995,Anomaly,-0.007911130379581743,CRITICAL
Probe,1.0,Anomaly,-0.0029182691647164916,CRITICAL
DoS,1.0,Normal,0.050328526297388376,CRITICAL
Probe,1.0,Anomaly,-0.0028389759502113754,CRITICAL
DoS,1.0,Normal,0.06030724674803978,CRITICAL
DoS,1.0,Normal,0.05563609851243495,CRITICAL
DoS,1.0,Normal,0.06151732745103189,CRITICAL
Probe,0.85,Anomaly,-0.0005129687953240869,CRITICAL
Probe,0.995,Normal,0.02538495206713487,CRITICAL
DoS,0.995,Normal,0.06343490128604518,CRITICAL
Probe,0.96,Anomaly,-0.020441061829928497,CRITICAL
DoS,1.0,Normal,0.07053032830540634,CRITICAL
DoS,1.0,Normal,0.012704763382088091,CRITICAL
DoS,1.0,Normal,0.06649315044246196,CRITICAL
DoS,1.0,Normal,0.06453560632571664,CRITICAL
DoS,1.0,Normal,0.049436306459982815,CRITICAL
Probe,1.0,Anomaly,-0.005240500701638451,CRITICAL
DoS,1.0,Normal,0.009258898519727277,CRITICAL
DoS,1.0,Normal,0.0490534282063016,CRITICAL
Probe,1.0,Normal,0.003502742340410425,CRITICAL
DoS,1.0,Normal,0.06256751622098045,CRITICAL
DoS,1.0,Normal,0.05851171104495151,CRITICAL
DoS,1.0,Normal,0.0038211721515735153,CRITICAL
DoS,1.0,Normal,0.06557320189950205,CRITICAL
DoS,1.0,Normal,0.002756422982236828,CRITICAL
DoS,1.0,Normal,0.0701621350836617,CRITICAL
DoS,1.0,Normal,0.06940666164749554,CRITICAL
DoS,1.0,Normal,0.06386553300345321,CRITICAL
DoS,1.0,Normal,0.06640844675377361,CRITICAL
DoS,1.0,Normal,0.06261275616621831,CRITICAL
DoS,1.0,Normal,0.06692031119240877,CRITICAL
DoS,1.0,Normal,0.06757786652987163,CRITICAL
DoS,1.0,Normal,0.06842754538870521,CRITICAL
DoS,1.0,Normal,0.04661230870810085,CRITICAL
DoS,1.0,Normal,0.051892436235779216,CRITICAL
DoS,1.0,Normal,0.05815267171440275,CRITICAL
DoS,1.0,Normal,0.05036529568029313,CRITICAL
DoS,1.0,Anomaly,-0.013437898686714245,CRITICAL
DoS,0.995,Anomaly,-0.02820342330239045,CRITICAL
Probe,1.0,Anomaly,-0.05999959964173951,CRITICAL
DoS,1.0,Normal,0.06747523714167064,CRITICAL
DoS,1.0,Anomaly,-0.03194500045259813,CRITICAL
DoS,1.0,Normal,0.06852023682870162,CRITICAL
DoS,1.0,Normal,0.0704382937660798,CRITICAL
DoS,1.0,Normal,0.07102371228068377,CRITICAL
DoS,1.0,Anomaly,-0.023016365630876667,CRITICAL
normal,1.0,Anomaly,-0.03303410677141366,MEDIUM
DoS,1.0,Normal,0.06916631013450658,CRITICAL
DoS,1.0,Normal,0.05783318178214342,CRITICAL
Probe,1.0,Anomaly,-0.0011820961152830267,CRITICAL
Probe,0.995,Normal,0.027786385237496602,CRITICAL
DoS,0.99,Normal,0.003445292559155322,CRITICAL
DoS,1.0,Normal,0.0717209675498236,CRITICAL
DoS,1.0,Normal,0.042547050123611596,CRITICAL
DoS,1.0,Anomaly,-0.020964665979321395,CRITICAL
normal,1.0,Anomaly,-0.00737115973078889,MEDIUM
DoS,1.0,Normal,0.06450301147543047,CRITICAL
DoS,1.0,Normal,0.07029601908244493,CRITICAL
DoS,1.0,Normal,0.007532546191440115,CRITICAL
Probe,1.0,Normal,0.00452519383532024,CRITICAL
normal,0.63,Anomaly,-0.024823226876475812,MEDIUM
DoS,1.0,Normal,0.06160691380598432,CRITICAL
DoS,1.0,Normal,0.06544300914592849,CRITICAL
DoS,1.0,Normal,0.056302092288314676,CRITICAL
DoS,1.0,Normal,0.06037058995495065,CRITICAL
Probe,1.0,Anomaly,-0.022841894082876846,CRITICAL
DoS,1.0,Normal,0.06806078077892885,CRITICAL
Probe,1.0,Anomaly,-0.042710753658827594,CRITICAL
DoS,0.995,Normal,0.013239538354531621,CRITICAL
DoS,1.0,Normal,0.03862397821441327,CRITICAL
DoS,1.0,Normal,0.06633874331817408,CRITICAL
Probe,0.985,Anomaly,-0.04286186074413029,CRITICAL
DoS,0.94,Normal,0.0622384464566032,CRITICAL
Probe,1.0,Anomaly,-0.00479603185401789,CRITICAL
DoS,1.0,Normal,0.05448155588841491,CRITICAL
DoS,1.0,Normal,0.05714786957073981,CRITICAL
Probe,0.99,Anomaly,-0.01079868660040506,CRITICAL
DoS,1.0,Normal,0.06839182311178821,CRITICAL
DoS,1.0,Anomaly,-0.00012650052160734226,CRITICAL
DoS,1.0,Normal,0.06465494285555978,CRITICAL
DoS,1.0,Normal,0.06293767802902411,CRITICAL
