Actual,Predicted,Max_Prob
0,0,0.9978741434072548
0,0,0.9979535804643479
4,4,0.9985133075084888
1,1,0.9963465144564649
4,4,0.9985153182229379
4,4,0.9985141476990324
4,4,0.9985141378162982
4,4,0.9985073602963073
0,0,0.9979534443712894
0,0,0.9979534440618296
0,0,0.9979534433618881
4,4,0.9985139948391816
4,4,0.9985140777369811
4,4,0.9985140926391078
1,1,0.9963262317104136
0,0,0.9978903118683937
0,0,0.9979535377585514
0,0,0.9979534424252197
0,0,0.9979534466415819
0,0,0.9979534426649106
0,0,0.9979535379894591
0,0,0.9979531560147349
4,4,0.9985153554120952
0,0,0.9979528685245235
0,0,0.9979511725087126
4,4,0.9985140812808299
0,0,0.9979534429545598
1,1,0.9963728926203685
4,4,0.9985139942956116
4,4,0.998514001103146
0,0,0.9979534446603405
4,4,0.9985139997402064
0,0,0.9979535637787723
0,0,0.9979534451155975
4,4,0.9985153118574635
4,4,0.9985079001515578
4,4,0.9985140019708912
4,4,0.9985161180500218
4,4,0.998514001552529
4,4,0.9985140948874853
4,4,0.9985150331017567
0,0,0.9979473084328324
1,1,0.9963426085443242
0,0,0.9979535402581301
0,0,0.9979534427489739
0,0,0.9979521968785446
1,1,0.9963259965428791
4,4,0.998514005139909
1,1,0.996346969506195
0,0,0.9979552263410982
0,0,0.997953162646255
4,4,0.9981085825859852
1,1,0.9963262325495454
4,4,0.9985140942312253
0,0,0.9979534438178878
4,4,0.9984447077175114
1,1,0.9963066058971352
0,0,0.9979534427000291
4,4,0.9985157567225114
4,4,0.9984918118680496
0,0,0.99795716273333
0,0,0.9979549512582767
0,0,0.9978612922559774
4,4,0.9984925191626989
0,0,0.9979539635409787
0,0,0.997953580096959
4,4,0.9985152589096886
4,4,0.9985140920017409
4,4,0.998513499032176
4,4,0.9985030097946781
0,0,0.9979542405873161
0,0,0.9979530514905285
4,4,0.9985139932602587
4,4,0.9985140809427837
0,0,0.9979535641512866
1,1,0.9962359935975238
1,1,0.9963702205389203
0,0,0.9979535637787723
4,4,0.9984636597373652
0,0,0.9979424759801852
0,0,0.9976368959743888
0,0,0.9978919084945386
0,0,0.9979548970493146
4,4,0.9992650033976173
4,4,0.9985140847450334
4,4,0.998515673649793
4,4,0.9985161033341793
4,4,0.9985169854839238
1,1,0.9962590124192151
0,0,0.9979568754727427
4,4,0.9985139973332365
0,0,0.9979583204255751
1,1,0.9963728973045282
0,0,0.9979534433619097
1,1,0.9962167664963933
0,0,0.9979536906117468
0,0,0.997953390985548
4,4,0.9994627430080162
4,4,0.9984289678253768
4,4,0.9985140375744974
4,4,0.9985140791336429
4,4,0.9984623290455465
0,0,0.9979568754727525
4,4,0.9985139936337968
4,4,0.9983531992526384
4,4,0.9985160195771294
4,4,0.9985140903842007
0,0,0.997953442425209
4,4,0.9979638697629927
0,0,0.9979600204363046
4,4,0.9985140012335021
1,1,0.9963259839857266
4,4,0.9985153111304522
4,4,0.9985151253328785
4,4,0.998516098695885
4,4,0.9985139007828487
0,0,0.9979534447283668
0,0,0.9979600204363046
4,4,0.9985141702123811
4,4,0.9983381234836471
0,0,0.9979530497855013
0,0,0.9979580107290507
4,4,0.9985140026274101
4,4,0.9985157788216183
4,4,0.993293948193622
0,0,0.9979534253172858
0,0,0.9978171501608823
0,0,0.9979535811255005
4,4,0.9985141731437067
0,0,0.9979534446603192
0,0,0.9979532990640971
4,4,0.9985164879130416
4,4,0.9985162230697907
4,4,0.9985140984935817
0,0,0.9979531860006309
4,4,0.9985057902814531
0,0,0.9979534427334666
0,0,0.9979537255137878
4,4,0.998514521508842
4,4,0.9984591588626975
4,4,0.9985151396417281
0,0,0.9979534443712894
0,0,0.9979531612351024
0,0,0.9979534434108185
4,4,0.9985140341764177
4,4,0.9985020522333268
4,4,0.9987692423682171
4,4,0.9960862636489916
0,0,0.9979534467562625
0,0,0.9979707567257006
0,0,0.9979534429545647
0,0,0.9979534439283164
0,0,0.9979537255137878
0,0,0.9979534427489739
1,1,0.9963262198623002
1,1,0.9963260234181587
0,0,0.997953228209946
0,0,0.9979534438179093
0,0,0.9979535486765652
4,4,0.9985140795576004
0,0,0.9979535807186155
4,4,0.9985154740527094
1,1,0.9963260234181587
4,4,0.998513994009479
4,4,0.998514077776261
4,4,0.9985154203644918
0,0,0.9979598043844797
4,4,0.998513989927669
4,4,0.9984493283000129
0,0,0.9979535657379734
0,0,0.9979531048082078
4,4,0.9985156726251249
1,1,0.9963400859526379
4,4,0.9985140855419824
4,4,0.9955662499337574
0,0,0.9979534427489739
4,4,0.9985139784920597
0,0,0.9979542413931834
4,4,0.9984363371686329
4,4,0.9985139932150363
0,0,0.99795320632875
4,4,0.9983891927516089
4,4,0.9985140803730489
0,0,0.9979583195717998
4,4,0.9985185856760099
0,0,0.9979534426649426
4,4,0.9985047973429924
0,0,0.9979535646842054
1,1,0.9963067719014633
4,4,0.9985141282522872
0,0,0.9966231241373855
1,1,0.9963259769257898
0,0,0.997953146699751
4,4,0.9985055065038638
4,4,0.9985140788211
0,0,0.9979540669688437
0,0,0.9979531505337271
4,4,0.9985137504600801
4,4,0.9984951574879917
0,0,0.9979531587950002
0,0,0.9979535515183857
0,0,0.9967032345875279
0,0,0.9967519029639773
0,0,0.9924327054610712
4,4,0.9985157772858922
4,4,0.9985145689885565
4,4,0.9985139932602587
4,4,0.9985139949462111
4,4,0.9985140896183857
4,4,0.9985152043494827
0,0,0.9979531505337057
4,4,0.998514240425536
4,4,0.998515473111918
4,4,0.9981306637835146
4,4,0.9983246908862622
1,1,0.9957909962215375
0,0,0.9979534422923627
4,4,0.9959951687738511
4,4,0.9985150015677606
4,4,0.9980376528845171
4,4,0.998515777638917
4,4,0.9985140129708242
0,0,0.9976765043965945
0,0,0.9979531308620091
4,4,0.9985140975715805
0,0,0.9979535381320545
0,0,0.9979534429545598
4,4,0.9985140802389277
4,4,0.9981044507120168
0,0,0.9979556038900667
1,1,0.9962557046124237
0,0,0.9979555968688345
4,4,0.9984953218742837
4,4,0.9985193442232748
4,4,0.998513998057039
4,4,0.9985140905301686
4,4,0.9985140074679477
4,4,0.9867713226938601
4,4,0.9983865026354831
4,4,0.9985153635313484
0,0,0.9979583215857936
4,4,0.9985139943960716
4,4,0.9985029940049045
4,4,0.998514079364688
0,0,0.9979534426649106
0,0,0.9979532994293315
4,4,0.9985151078547254
4,4,0.9985140097516757
0,0,0.9979534431563968
4,4,0.9985140019324461
0,0,0.9979151733313476
4,4,0.998515094931012
4,4,0.9985052289866988
4,4,0.9828927574940337
4,4,0.9985154155466422
1,1,0.996325678841378
0,0,0.9979531498722151
1,1,0.9389567466100545
4,4,0.9984888549691178
4,4,0.9983894393292895
4,4,0.9985140796888322
0,0,0.9979551372958771
4,4,0.9985140001890992
0,0,0.9979534414724903
0,0,0.9979734945162816
0,0,0.9979528682367723
0,0,0.9979519508041588
4,4,0.9985139927437111
4,4,0.9986103930998452
4,4,0.9985153621756955
0,0,0.9979534429545598
4,4,0.9985154901070901
4,4,0.9985137474218868
0,0,0.9979534429545861
4,4,0.9985259533544473
0,0,0.9979534877259677
1,1,0.9963702205389203
4,4,0.9985140847721569
4,4,0.998124415469632
0,0,0.9979534434108028
0,0,0.9979534426695879
0,0,0.9979278971530945
4,4,0.9982030495340344
4,4,0.9985197354921324
0,0,0.9976516130534011
4,4,0.998064022432462
4,4,0.9978224933112949
4,4,0.998409922338953
0,0,0.9979580157684981
0,0,0.9979541001603135
1,1,0.9963738824024105
4,4,0.99851769225008
0,0,0.9979534439283164
0,0,0.9979209315178723
0,0,0.9979534429545704
4,4,0.9981892255990967
0,0,0.9979534431564072
0,0,0.9979535743013965
0,0,0.9979534424102874
4,4,0.9967509711144135
0,0,0.9979278971530945
4,4,0.9985194008849965
0,0,0.9979549186569461
4,4,0.9985159366590552
4,4,0.9974445177231914
0,0,0.9979401342813731
4,4,0.9963390550565129
4,4,0.9984496575026093
4,4,0.9985140022604444
4,4,0.9985041850068291
4,4,0.9985138283409651
4,4,0.9985204444016176
0,0,0.9976731028056488
0,0,0.9979534426649106
4,4,0.9985075650067508
0,0,0.9979524645777931
0,0,0.9895241053928174
4,4,0.9963370397445711
0,0,0.9979535640331784
4,4,0.9985141022276574
4,4,0.9985139948375841
4,4,0.9985140067965674
4,4,0.9985196297129497
4,4,0.9985140019902372
0,0,0.9979533062660755
0,0,0.9979532156611393
0,0,0.9965485423779117
0,0,0.9979534428328292
4,4,0.9983235730210036
4,4,0.9977410784160149
0,0,0.997954790064223
4,4,0.9985140778215033
4,4,0.9984372088568032
0,0,0.9979528907517827
0,0,0.9979534446603405
0,0,0.9979571557019881
4,4,0.9980099811260552
0,0,0.9979530462068102
0,0,0.9979535810026433
4,4,0.9985139796319362
0,0,0.9979537201765062
4,4,0.9985141894724711
0,0,0.9979531612351024
0,0,0.9979540502744997
0,0,0.9979236044316343
4,4,0.9985157579064022
4,4,0.9982530066850751
4,4,0.9982076180161509
0,0,0.9979597986390782
4,4,0.9985133053824216
0,0,0.9979534433314721
0,0,0.9979504856703871
4,4,0.9985202974682175
0,0,0.9979538307101928
0,0,0.9979202303193688
4,4,0.9985140825057388
4,4,0.9985140908565358
0,0,0.9958541281723158
1,1,0.9962587222913567
4,4,0.9985154534388783
4,4,0.9985073456540876
4,4,0.9985375028474837
0,0,0.9977209146038869
4,4,0.9985157567225114
0,0,0.9979543440131937
4,4,0.9985596333921299
0,0,0.9979535800571466
0,0,0.9979535381420542
0,0,0.9979534427334666
0,0,0.9979430328636701
4,4,0.9985154732343464
0,0,0.9979527849459491
4,4,0.998275405166179
0,0,0.9979534429545598
4,4,0.9985003552311416
4,4,0.9984047560509954
4,4,0.9983532614406275
4,4,0.9984268170583234
4,4,0.998289612381683
4,4,0.9985011983757311
4,4,0.9985155016757445
4,4,0.9984032900404816
0,0,0.9864856194445836
1,1,0.9963751675589254
1,1,0.9964296942078507
0,0,0.9979555968688133
1,1,0.9963728929876912
0,0,0.997954918826577
4,4,0.9985139927648978
0,0,0.9979598043844797
4,4,0.9985140864603812
4,4,0.9983497253948795
4,4,0.998515511505949
4,4,0.9985140822856735
4,4,0.9985157579064022
0,0,0.9979534423605911
0,0,0.9979534429545647
0,0,0.9979547427542049
4,4,0.9985157567225114
4,4,0.9985064439424177
4,4,0.9985155133121417
4,4,0.998514082612491
4,4,0.9984801798756402
0,0,0.9979395968596785
4,4,0.9985157772858922
4,4,0.9985157563691316
4,4,0.997173773094652
4,4,0.9985139946497721
0,0,0.9979534441068316
0,0,0.9979534443712894
1,1,0.5347702348699339
4,4,0.9985139724845422
1,1,0.9963262066525376
4,4,0.9985157539861002
0,0,0.9979535806920353
4,4,0.9985196233087351
4,4,0.9985077224925751
4,4,0.9985139942528777
0,0,0.9979531612351024
4,4,0.9991841159441923
4,4,0.9983884086276116
4,4,0.9985139945522644
0,0,0.9979532850953466
4,4,0.998514092855867
4,4,0.9984966420999989
0,0,0.9979571557133157
4,4,0.9980407822037689
4,4,0.9982479283035378
4,4,0.9982848182601495
4,4,0.9984292860186958
4,4,0.9985137475517922
0,0,0.9979538493038967
0,0,0.9979535804643479
0,0,0.9979535800305335
0,0,0.9979535495309547
1,1,0.9957140767464535
4,4,0.9980624431180992
4,4,0.9985154502256272
4,4,0.9982578220477842
0,0,0.9979555968046931
0,0,0.9979531498722151
4,4,0.9985157563691316
4,4,0.9984373282914526
4,4,0.998515757394625
1,1,0.9963026610905774
4,4,0.9985140831655951
0,0,0.9979534469883655
4,4,0.9985140848630979
4,4,0.99851543601583
4,4,0.998515356348373
1,1,0.9963262317104136
4,4,0.9985159564422829
4,4,0.9985152037331582
0,0,0.9979531609470371
0,0,0.9979535396660251
4,4,0.9985059600396522
0,0,0.9979534464679936
0,0,0.997951686022042
0,0,0.9979511501899013
4,4,0.9984172035143675
1,1,0.9963728973045282
0,0,0.9979534462294346
1,1,0.990850496235024
0,0,0.9979534879803847
4,4,0.9979075247687778
0,0,1.0
4,4,0.9985070254858319
4,4,0.9985140020042805
4,4,0.9985161040354305
4,4,0.998514146040057
4,4,0.9985140912296746
4,4,0.9980791555009992
0,0,0.9979627535065315
4,4,0.9985136211921143
0,0,0.9970618750664505
4,4,0.9985157539861002
1,1,0.9963260131918258
0,0,0.997956744209966
4,4,0.9985140939830456
4,4,0.9985153548777512
0,0,0.9979533909855265
0,0,0.9978929763200504
4,4,0.998466752190477
4,4,0.998444809518735
0,0,0.9979516860220347
0,0,0.9979534896851582
4,4,0.9985140904008328
1,1,0.9951943091627733
4,4,0.9985157579063934
1,1,0.990229650008145
0,0,0.9979567315009317
4,4,0.998513993922645
4,4,0.9985181263632931
0,0,0.9979538307101743
0,0,0.9979571702847704
0,0,0.9979521969807704
4,4,0.997419116039745
0,0,0.9979535637787723
0,0,0.9979541001603031
4,4,0.998514113864281
0,0,0.9975098429891799
0,0,0.9979535836089577
4,4,0.998512733451319
4,4,0.9984449722166607
0,0,0.997952764797447
0,0,0.9979534459894825
0,0,0.9979534919631844
4,4,0.9981305568162403
0,0,0.9977575052969034
4,4,0.9985140152327613
4,4,0.9984489211891782
4,4,0.9982622218314023
4,4,0.9985141305269333
0,0,0.9979534427000186
4,4,0.9985137460918403
4,4,0.9985140282551522
0,0,0.9979543581025343
4,4,0.9984205441498717
0,0,0.9979534447283668
1,1,0.9963259840120455
0,0,0.9979535797413064
0,0,0.9979534462294346
1,1,0.9962117750649537
0,0,0.9979531498722151
1,1,0.9907098532894304
4,4,0.998514004133553
4,4,0.9985154366201462
4,4,0.9985140795576004
0,0,0.9979540929603655
4,4,0.9977968825919562
4,4,0.9984443606939644
4,4,0.9980737379886517
0,0,0.9978932846430305
1,1,0.995536979506069
4,4,0.9985153558252345
0,0,0.9979531609470342
0,0,0.9979531609470342
0,0,0.9979535804643479
4,4,0.998514079562735
4,4,0.9984493048046003
4,4,0.9985204015772351
1,1,0.9963259983891478
4,4,0.9985154670510612
4,4,0.9985157772858922
0,0,0.9979535381928039
0,0,0.9979511704030831
4,4,0.9975796814383552
0,0,0.9979511694789408
4,4,0.998296993488442
4,4,0.9985140070622556
0,0,0.9979534427489739
4,4,0.9983246807328815
4,4,0.8652353952664077
4,4,0.9985140794314702
0,0,0.99795344466036
4,4,0.9985141642435242
4,4,0.9985155335655016
4,4,0.9985196789757083
0,0,0.9979537255137775
0,0,0.9979531304892374
1,1,0.9963260131918258
4,4,0.9985141851985314
4,4,0.9985140810448981
4,4,0.9985140778475634
4,4,0.9985139944859276
4,4,0.9983488039948297
0,0,0.9979535386578919
0,0,0.9979549291151865
0,0,0.9979540933644925
0,0,0.9979533924699839
0,0,0.9979532605451472
4,4,0.9985139973248341
4,4,0.9981875689836798
1,1,0.9962563477604245
0,0,0.9979533596441216
0,0,0.9979549508705862
0,0,0.997954918826577
0,0,0.9979516605384822
0,0,0.9979400556396871
4,4,0.9985154220815569
0,0,0.9979549246904954
4,4,0.9982679926298277
0,0,0.9979540929603655
1,1,0.9963255345305189
4,4,0.9985160984955105
0,0,0.9961618900967955
0,0,0.9979534430724084
4,4,0.9985167943960532
4,4,0.9984493435009455
0,0,0.9979534883874484
0,0,0.9979534469883655
1,1,0.9960102662453176
4,4,0.9975617231141325
4,4,0.9985140013150838
4,4,0.9985152162936228
4,4,0.9984374451406661
4,4,0.9985172661780993
4,4,0.9985157539861002
1,1,0.9957216978567961
0,0,0.9979534429545598
1,1,0.9962997961336729
0,0,0.997939066382476
0,0,0.9979532759156143
4,4,0.9985139931060112
4,4,0.9985140087388308
4,4,0.9985126680500842
2,2,0.9927622602769112
4,4,0.9985140797330827
4,4,0.9985140773732901
4,4,0.9985154985697392
4,4,0.9985140105319308
4,4,0.9985146297109693
0,0,0.9979549291151968
4,4,0.9850484104126117
0,0,0.9979546375502024
0,0,0.9984569612867837
1,1,0.9963256358213486
4,4,0.9985154894323461
0,0,0.9979534429545598
4,4,0.9985140801721908
4,4,0.9985157788216183
4,4,0.9985173883853232
4,4,0.9985157563691316
4,4,0.9985201435625455
0,0,0.9979534467562625
4,4,0.9977037380291893
4,4,0.9985135457612547
4,4,0.9985030825450667
0,0,0.9968130664003758
4,4,0.9985153623083596
4,4,0.9984984789160168
0,0,0.9979237618346706
4,4,0.998515753986109
4,4,0.9985139880046315
4,4,0.9985140778424226
0,0,0.9979546371619695
0,0,0.9979549502736003
2,2,0.9787552335045563
0,0,0.997956875832855
4,4,0.9985140070845012
0,0,0.9979583204255855
4,4,0.998514975618731
4,4,0.9985141108687544
0,0,0.7378608035962375
4,4,0.9985139794504216
1,1,0.9962967734048038
4,4,0.9985140803762156
4,4,0.9984211249954731
0,0,0.9979534447283668
0,0,0.9979721345355026
1,1,0.9962912040864611
2,2,0.9828195682102182
4,4,0.9985141852879718
0,0,0.9979532990241378
4,4,0.9985140779349504
4,4,0.9985188259431758
4,4,0.9983550610096104
4,4,0.9985141026440145
0,0,0.9979534467562625
4,4,0.9985157567225114
4,4,0.9984776267396275
0,0,0.9979530462067998
4,4,0.9985202924622545
4,4,0.9792082957156952
4,4,0.9985140094813347
4,4,0.9983504933988658
4,4,0.9985140981854727
4,4,0.998514097980943
4,4,0.9985154878577821
4,4,0.9985142387239023
0,0,0.9979534431563968
4,4,0.9981066515886265
4,4,0.9985140777372279
0,0,0.9979534408409049
4,4,0.9985140926391078
4,4,0.9978082413556856
0,0,0.9979529819419922
0,0,0.9979535514999893
4,4,0.9984939793800107
0,0,0.9979597744729279
4,4,0.998515753986109
4,4,0.9985140809917685
4,4,0.9985140040883078
4,4,0.998514816634322
4,4,0.9985152423141449
0,0,0.9979608090429591
4,4,0.9985154741820544
4,4,0.9985139724845422
1,1,0.9963566323074362
4,4,0.9985156729782204
0,0,0.9979534417625725
0,0,0.9979549520323255
0,0,0.9979534435285519
0,0,0.9979472968626364
0,0,0.9979401339351074
0,0,0.9979534429545598
4,4,0.9985140779349504
0,0,0.9974371982076664
0,0,0.9979535569753483
0,0,0.9979534429545598
4,4,0.9985112171976747
1,1,0.9963262215090012
0,0,0.9979531321378242
0,0,0.9979604301898748
1,1,0.996257932445208
4,4,0.9985139923717904
4,4,0.9985137476683625
4,4,0.9985139934843729
4,4,0.9998887459830317
0,0,0.9979033693492178
4,4,0.998514080041825
0,0,0.9979510293067878
0,0,0.997958779441217
0,0,0.9979534427334666
1,1,0.9963729130485057
0,0,0.997953487980353
0,0,0.9979534467562625
0,0,0.997953442425209
0,0,0.9979451310442872
0,0,0.9979549186569565
4,4,0.9985139936583463
4,4,0.9985184641792254
4,4,0.9985140794314702
0,0,0.9979580157684981
0,0,0.9979531612351024
1,1,0.9963260240248439
4,4,0.9985140213063918
4,4,0.9984880990169557
4,4,0.9878911037108764
4,4,0.9985140778424191
2,2,0.8947297065945095
4,4,0.9984075128072875
4,4,0.9985140962384711
4,4,0.9975759896599309
4,4,0.9985140798444576
0,0,0.9979534422923627
0,0,0.9979403204329294
4,4,0.9982729061104476
4,4,0.9985139976846423
4,4,0.9985202924622545
4,4,0.9985149598878087
0,0,0.9979567315009317
4,4,0.9985140777159807
0,0,0.9979534877259573
0,0,0.9978787814101444
0,0,0.9979741086456375
0,0,0.9979532632446275
4,4,0.9985140191876404
4,4,0.9984760838846772
4,4,0.9985140010476607
4,4,0.9964467245386628
4,4,0.9984938522008642
0,0,0.997953538718601
4,4,0.9985140114335261
1,1,0.9996220726584608
4,4,0.9970092041914489
4,4,0.9985143351578898
4,4,0.9985157772858922
4,4,0.9984718109267982
4,4,0.9985144858790977
4,4,0.9985003538927334
4,4,0.998523605685395
0,0,0.9977377445864647
4,4,0.9985157772858922
0,0,0.9979534426649106
4,4,0.9985056653850876
0,0,0.9979534404683565
4,4,0.9984828285364022
4,4,0.9985156726251249
0,0,0.9979531498722151
0,0,0.9979534424252197
0,0,0.997954910422933
4,4,0.998430341779071
0,0,0.9978884302925235
4,4,0.9985139935695522
4,4,0.9981836696728389
4,4,0.9985151474309187
0,0,0.9979533962593732
1,1,0.9961891996168227
4,4,0.998513995507098
4,4,0.9984786242275555
4,4,0.9985140850179248
0,0,0.9979549486433978
0,0,0.9979535637787723
4,4,0.9985141877192144
4,4,0.6036593299310022
4,4,0.9983087415173013
4,4,0.9983609692884956
4,4,0.9985105105207479
0,0,0.9979528685245235
0,0,0.9979531612351024
4,4,0.998477571203552
0,0,0.9979535314927818
4,4,0.9985193865801633
4,4,0.9985197368257698
0,0,0.9979532765064514
1,1,0.9963070488255392
4,4,0.9985140070505338
0,0,0.9979479393409799
0,0,0.9979538307101743
4,4,0.9984130832135435
4,4,0.9985139939576213
0,0,0.9979543628454054
0,0,0.9979535809359558
4,4,0.9985140831604944
0,0,0.9979549520322888
4,4,0.9984067985781914
0,0,0.9979549520323359
4,4,0.9984974124234846
4,4,0.9985140906252143
0,0,0.9979531606400478
4,4,0.9983422816754385
0,0,0.9979535771773622
1,1,0.5652355991783857
1,1,0.9961420857637449
0,0,0.9979537216500619
4,4,0.9981867772851201
4,4,0.9982187698217835
4,4,0.9985140844875111
0,0,0.9979535641509489
4,4,0.9985152164129203
0,0,0.9979528685245235
1,1,0.9962710197312841
0,0,0.9979550862396662
4,4,0.9985151039090564
4,4,0.9985140084057993
4,4,0.9985137582704136
0,0,0.9979571694880605
0,0,0.9979549186569932
4,4,0.9982995693965093
4,4,0.998515670598364
4,4,0.9985157567225114
0,0,0.9979534444396987
0,0,0.9979534463295064
4,4,0.9985126470961067
0,0,0.9979534426649106
0,0,0.9979549490997773
4,4,0.9985153687996177
0,0,0.997953186000634
4,4,0.9985157788216183
0,0,0.9979532609459086
0,0,0.9979479393409799
4,4,0.998516100255131
1,1,0.9963259833789039
2,2,0.9980773440065972
4,4,0.9985141896446225
4,4,0.9985142976340127
0,0,0.9979537213161739
0,0,0.9979534426649106
0,0,0.9979567520468392
4,4,0.9985157563691316
4,4,0.9985197003391993
0,0,0.9979541159608188
0,0,0.9979547597486097
1,1,0.9962359935975238
1,1,0.9963405808425241
4,4,0.9985177207527062
0,0,0.9979535788947224
4,4,0.9985263485731828
0,0,0.9979600261465527
0,0,0.9979556846989125
0,0,0.9979534446603405
4,4,0.9983629984224717
0,0,0.9979534422923627
0,0,0.9978029099826247
1,1,0.9962967739532582
4,4,0.9985140823464492
0,0,0.9979532994179207
4,4,0.9985137500418139
1,1,0.9963067685337139
4,4,0.9985140050800233
0,0,0.9979534429545647
0,0,0.9979535809359662
1,1,0.9946446008355264
4,4,0.9985154842881117
0,0,0.9979526962159148
4,4,0.9985181794344632
4,4,0.9985154384375201
0,0,0.9979522918689075
4,4,0.9942515011812235
4,4,0.9982101598394114
0,0,0.9974139520332446
4,4,0.99851400273034
0,0,0.9979531612351024
1,1,0.9962912028819946
4,4,0.998418514197826
4,4,0.9985141731047164
0,0,0.99795716273333
1,1,0.9964425796964259
0,0,0.9979555968688345
1,1,0.9963728973045282
0,0,0.9939570150936756
4,4,0.9984496086546266
0,0,0.997951651325379
4,4,0.9985154661583282
4,4,0.9982558541308697
4,4,0.9985140891287853
0,0,0.9979533927422262
4,4,0.9985182343032901
4,4,0.9985113886083661
0,0,0.9979537253442433
0,0,0.9979583204255751
1,1,0.9963728935116021
4,4,0.9985157555288439
1,1,0.9963733669169466
4,4,0.9985153815735438
0,0,0.9979533643302713
4,4,0.9985152705344581
4,4,0.9985157788216183
0,0,0.9979534430227316
0,0,0.9979549512583136
4,4,0.9985139756988968
1,1,0.9963259839857266
4,4,0.9985140046306298
4,4,0.9985140066052361
4,4,0.9968324353715396
0,0,0.9978971420478078
0,0,0.9979534438178878
4,4,0.9985154816644077
0,0,0.9978231753898265
4,4,0.9984532508973931
0,0,0.9979532759241225
4,4,0.9985154293992508
0,0,0.9979534424252197
0,0,0.997953161739209
4,4,0.998514008362474
0,0,0.9978235211827836
1,1,0.9961578374211619
0,0,0.9974867521418407
4,4,0.9983825127178634
4,4,0.9982929906250473
4,4,0.9984493048046003
1,1,0.996374987840481
0,0,0.9979534429545704
0,0,0.9979534431217
4,4,0.9985141144032367
0,0,0.9979541001603135
4,4,0.9985150996699667
4,4,0.9985179308108275
0,0,0.9979548970406076
4,4,0.9982939308903074
4,4,0.9985143000810531
0,0,0.9979534427682227
4,4,0.9985132817895808
4,4,0.9981626360203794
4,4,0.998515670598364
4,4,0.9985146276914761
4,4,0.9985140776496005
4,4,0.9985140999436938
0,0,0.9979535373345402
0,0,0.9979532850953146
4,4,0.9985146632555567
1,1,0.9963258592414282
4,4,0.9980528304453828
0,0,0.9979534429545598
4,4,0.9985140833585372
0,0,0.9979534433619097
0,0,0.9979531603402788
0,0,0.9979535495309547
4,4,0.998399131613483
4,4,0.9985007293488853
4,4,0.9985157772858922
0,0,0.9979534417625725
0,0,0.9979549188265664
0,0,0.9979534429545598
4,4,0.9985140794583852
1,1,0.9963262317104136
4,4,0.9982984287312529
0,0,0.9979534446603405
4,4,0.9708291862332105
0,0,0.9979534427334773
1,1,0.9963260131918258
4,4,0.998515753986109
4,4,0.9985139949881479
4,4,0.9985139973870504
4,4,0.9985154333591668
0,0,0.997953161621579
4,4,0.998514077715182
0,0,0.9979404146213903
0,0,0.9979644318293038
4,4,0.9985140074775307
0,0,0.9979534455699559
4,4,0.9985157539861002
0,0,0.9979534431563968
0,0,0.9979681750395806
4,4,0.998515777638917
1,1,0.9963260040419657
4,4,0.9985137590222831
4,4,0.987249212748766
4,4,0.9990809594812938
4,4,0.9985157539861002
0,0,0.9979535800305335
0,0,0.9979401339350291
0,0,0.9979534874367405
4,4,0.9985140804435698
1,1,0.9964693416527975
4,4,0.9985141032504856
4,4,0.998507403465289
4,4,0.998503025503647
4,4,0.9985455119778437
4,4,0.9985141075323712
0,0,0.9978791880405581
0,0,0.9979534430227316
0,0,0.9979534253172752
4,4,0.9985138294783594
4,4,0.9982872862352608
4,4,0.9703909421948866
0,0,0.9979565653479343
0,0,0.9979513394710112
4,4,0.9980349428297037
4,4,0.9949826804923106
0,0,0.9979531609470342
0,0,0.9979362443967199
0,0,0.9979531629337102
4,4,0.9985148930695178
0,0,0.9979542985381177
0,0,0.9979545536541296
0,0,0.9979535561953781
4,4,0.9985153131091115
1,1,0.9959127723970806
4,4,0.9985153681308903
4,4,0.9985157543407469
0,0,0.9979531629337074
1,1,0.9963259833789039
0,0,0.997954790064223
4,4,0.9985140848630979
0,0,0.9979534426649154
0,0,0.9979549006345346
4,4,0.9985032157174015
4,4,0.9983384477990784
0,0,0.9979543439433891
4,4,0.9985157539861002
4,4,0.9985157539861002
0,0,0.9979532759156143
4,4,0.9985140819200715
4,4,0.9974796489891362
4,4,0.9985115574770296
4,4,0.9981775464838964
4,4,0.9983928458910903
4,4,0.9987025556694131
4,4,0.9984934068227765
0,0,0.9978832635543091
4,4,0.9985140810899141
0,0,0.9979534424788548
4,4,0.9985133758172715
4,4,0.998499849439022
0,0,0.9979521586855462
0,0,0.9979534429545598
4,4,0.9985137461122987
0,0,0.9979540669688408
4,4,0.9985140111916285
4,4,0.9985157788216183
4,4,0.9985139944204368
0,0,0.9979537761675845
4,4,0.9985075475337453
4,4,0.9972064259332603
4,4,0.998514085800833
0,0,0.9979548978614399
4,4,0.9985139942956116
0,0,0.9979537252614086
4,4,0.9980195656529689
1,1,0.9963259637618722
4,4,0.9985155538089405
0,0,0.997950869212112
4,4,0.9985153777802526
4,4,0.9985139928970382
4,4,0.9981062062437365
4,4,0.9985025859941249
0,0,0.9979534426649211
4,4,0.9985149843694093
0,0,0.9979580298288258
4,4,0.9985157543407381
4,4,0.9985075451430548
0,0,0.9979534426649426
4,4,0.9985176504820867
1,1,0.9962748652106881
4,4,0.998507125487791
4,4,0.9985258547819572
0,0,0.9979374806071089
4,4,0.9983875832384799
4,4,0.9985095166218698
0,0,0.9979534427334666
1,1,0.9959891944791244
0,0,0.9979530487810072
4,4,0.9985157772858922
4,4,0.9979266255933553
4,4,0.9984646854293212
1,1,0.9957853405582395
4,4,0.9999550439171411
2,2,0.9951371631699039
1,1,0.9957305933246047
4,4,0.9985140779980638
0,0,0.9979532772924226
4,4,0.9985140796888227
4,3,0.5969863990197444
4,4,0.9983974166304513
4,4,0.9985132215604228
0,0,0.9979531609470342
4,4,0.9976897646663679
0,0,0.9979535796231002
0,0,0.9979528224236142
0,0,0.9979401439122777
0,0,0.9979571702847704
4,4,0.9985154110899466
4,4,0.9985148930695178
0,0,0.9978166803724762
4,4,0.9985140130313266
4,4,0.99851987622742
0,0,0.9979534429545704
0,0,0.9979627548034673
0,0,0.9978898722142827
0,0,0.9979534463295064
4,4,0.9985155092720229
4,4,0.9985183239084081
0,0,0.9979531501266106
0,0,0.9979550862396509
0,0,0.6201870999525179
4,4,0.9984919512174051
4,4,0.9983672853890379
1,1,0.9963729151626697
0,0,0.9976898600144609
0,0,0.9979467185732221
0,0,0.9979536680511373
1,1,0.9963702205389203
4,4,0.9983404626220478
1,1,0.9954951022086733
0,0,0.9979534356667067
4,4,0.9985139961931492
0,0,0.9979534424252197
4,4,0.9984495954572812
1,1,0.996474528775157
0,0,0.9979535658554709
4,4,0.998513763298247
4,4,0.9983421439568728
0,0,0.997951161610575
4,4,0.9985140795627256
1,1,0.9961224468492639
4,4,0.9985075683564504
4,4,0.9895260530581259
0,0,0.9979579489743797
0,0,0.9979534427334666
4,4,0.9985139946182088
0,0,0.9979531612351024
0,0,0.9979549186569461
4,4,0.9984806435861688
4,4,0.9985140808048205
4,4,0.9985157539861002
0,0,0.9979535914825682
1,1,0.996088167883379
0,0,0.9979530465793137
0,0,0.997953550775706
4,4,0.9985157772858922
4,4,0.9985140992912988
4,4,0.9985139938713867
4,4,0.9985141442892517
0,0,0.9979530986540186
4,4,0.9985140036032217
1,1,0.9963260234181587
4,4,0.9985146900166898
4,4,0.9984123089867362
0,0,0.997956875832855
4,4,0.9984950221528985
4,4,0.9985140007318373
0,0,0.9979534427000186
1,1,0.9963405808425241
0,0,0.9977086944766681
4,4,0.9985140398256094
1,1,0.9963259879179899
4,4,0.9985159448438988
4,4,0.9985131937822417
4,4,0.9984888549691178
4,4,0.9985135457612547
4,4,0.9985154108198175
4,4,0.9984222207598961
0,0,0.9979534427000291
1,1,0.9957257736688154
0,0,0.9979609304766265
4,4,0.9985137529349136
0,0,0.9979528685359714
4,4,0.998515568731963
0,0,0.997953162015576
4,4,0.998185087759477
0,0,0.9979530464612056
0,0,0.9979604301898748
4,4,0.998514085850912
4,4,0.9978432835518342
1,1,0.9962358458664229
0,0,0.9979534426649106
4,4,0.9985140771040691
1,1,0.9962359935975238
4,4,0.9985145267637914
4,4,0.9983505906173512
4,4,0.9985139731713031
4,4,0.9885651614498048
4,4,0.9985141042216046
0,0,0.9979534429545919
4,4,0.9983863460633037
4,4,0.9928678474291558
4,4,0.9982278070480641
4,4,0.9984833883089054
0,0,0.997954093364503
0,0,0.9979534426649106
0,0,0.9979515140649088
4,4,0.9985157555288439
0,0,0.9979534434108028
0,0,0.9979547973769274
1,1,0.996264061780687
4,4,0.9985140128443956
0,0,0.9979532989976476
0,0,0.9979534114011016
0,0,0.9979549554979752
4,4,0.9985077589604162
4,4,0.9982601531537421
4,4,0.9985078132831928
4,4,0.9986566639552173
4,4,0.9985017921121782
1,1,0.9962290775385275
4,4,0.9985157488536821
4,4,0.998516091574963
0,0,0.9979567315009317
4,4,0.9986941073112336
4,4,0.9985151342814481
1,1,0.9963262170824431
0,0,0.9979534426649211
4,4,0.9985140016238343
4,4,0.9985156430468747
4,4,0.9985156252850197
0,0,0.9979534879803633
4,4,0.9983841933797851
0,0,0.9979213397451053
0,0,0.9979534429545598
0,0,0.9979028290682594
1,1,0.9963258592414282
0,0,0.9979535390881701
0,0,0.9979600993237472
4,4,0.9985140906986162
4,4,0.9985155765747065
0,0,0.997953538718601
0,0,0.9979537757536462
4,4,0.9985140924393431
4,4,0.9983729058603819
0,0,0.9979374805005783
0,0,0.997963038347401
4,4,0.998040459305958
2,2,0.997522551831814
4,4,0.9985110359565761
4,4,0.9985154220986724
0,0,0.9979549724913774
4,4,0.9983118600452229
4,4,0.9985151033867137
4,4,0.9985138883513421
4,4,0.9985158529367948
1,1,0.996326247752119
4,4,0.998514077776023
4,4,0.9985140828824348
0,0,0.9979583200633041
4,4,0.9985141877825536
0,0,0.9979567315009317
4,4,0.9984966161359609
0,0,0.9622494039845025
4,4,0.9985147771323444
1,1,0.9963262317104136
4,4,0.9982223181628298
0,0,0.9979516066838415
0,0,0.9979534480138126
4,4,0.9985076125841023
4,4,0.9982859832984197
4,4,0.998283541695811
0,0,0.997973113821858
4,4,0.9982348221900751
0,0,0.997953161610159
0,0,0.9979278972902521
4,4,0.9984249218382222
4,4,0.9985140086327264
4,4,0.9985142456861893
1,1,0.9963733680412226
0,0,0.997511109141719
4,4,0.9983110844895569
4,4,0.998514240425536
0,0,0.997953047112232
4,4,0.9984954786804021
1,1,0.6365914007611484
0,0,0.9979510249907703
4,4,0.9985137458360783
4,4,0.9985140795627414
4,4,0.9985140788203124
4,4,0.9985157555288439
1,1,0.9963135305799552
4,4,0.9985140129726845
4,4,0.966537437005323
4,4,0.9984006496450719
0,0,0.9979555968688498
0,0,0.9979565669661682
4,4,0.9985141817812748
4,4,0.9985023631185068
4,4,0.9983061068198545
4,4,0.9990652356050406
4,4,0.9985140862086257
4,4,0.9909808029279663
4,4,0.9985157788216183
4,4,0.9982668445246357
4,4,0.9985157555288439
4,4,0.9985155378885469
4,4,0.9985157488536821
4,4,0.9985154190567539
4,4,0.9985139964801897
0,0,0.9979535387863153
4,4,0.9981118270880535
0,0,0.9979624624547344
0,0,0.9979475943263859
4,4,0.9984980718279614
0,0,0.9979535381928039
0,0,0.9979535800305335
0,0,0.9979534434108028
4,4,0.9984494247324643
0,0,0.9979534427334666
4,4,0.9982962324615944
0,0,0.9979534467562625
0,0,0.9978932848299477
0,0,0.9979530497855118
0,0,0.9979508269508592
4,4,0.9985139922850274
4,4,0.9985139945081151
0,0,0.9979534429545598
0,0,0.9976438512077731
4,4,0.9881941801576646
4,4,0.9985201576190333
0,0,0.9979534427000291
4,4,0.9956430717802195
4,4,0.998514086013265
4,4,0.9985201299241864
4,4,0.9985154223290217
0,0,0.9979580157684981
4,4,0.9985153188929756
1,1,0.9954597719260319
4,4,0.9985042770843238
4,4,0.9985140798707383
0,0,0.9979546380678453
0,0,0.9973409996088919
0,0,0.99795344466036
0,0,0.997953260533754
4,4,0.9985140776498157
1,1,0.9957305926606773
4,4,0.9982649898871391
4,4,0.9985128184998312
4,4,0.9985157772858922
0,0,0.997953580030555
1,1,0.9963259968210503
4,4,0.9985140788211062
4,4,0.998514077847573
4,4,0.9985155038072023
0,0,0.9979580302046008
0,0,0.9979534428671801
4,4,0.9984499934879387
0,0,0.9979565185818033
4,4,0.9985141834382195
0,0,0.9979533680679826
4,4,0.9985153649977042
4,4,0.9985139433710787
0,0,0.9978756512356113
0,0,0.9979540418249437
4,4,0.9980861097190895
4,4,0.9984494266177775
1,1,0.9963262325495454
4,4,0.9985075475337453
0,0,0.9979534446603405
4,4,0.9984380580979851
0,0,0.9979534874367405
4,4,0.9985141839806836
1,1,0.9963738824024105
4,4,0.9985157585773263
4,4,0.9985205399347142
0,0,0.9979549708646378
0,0,0.9979534438178878
4,4,0.9985194816607392
4,4,0.9946605701109916
4,4,0.9984367696685085
0,0,0.997967341573443
0,0,0.9979534427334666
0,0,0.9979530497855013
4,4,0.9985140795364909
4,4,0.9985155779155442
4,4,0.9985140985362806
0,0,0.9979534430227316
4,4,0.9985157539861002
1,1,0.9962273830913411
1,1,0.9963262170824431
4,4,0.9985137559207515
0,0,0.9979535376890241
4,4,0.9984145276051584
0,0,0.9979534427682227
0,0,0.9979534452812565
0,0,0.9974137034291884
4,4,0.9985139968381465
0,0,0.9979278971530945
4,4,0.9985066731801787
0,0,0.9979531616215683
0,0,0.9978770897508731
4,4,0.9985140778212562
0,0,0.9979531598233243
4,4,0.9985139958138223
1,1,0.9893834833532351
0,0,0.9979534429545919
4,4,0.9985140894890636
1,1,0.9963728914587107
0,0,0.9976090815839476
4,4,0.9985202014844452
4,4,0.9985140814373608
1,1,0.9948136113417797
4,4,0.9985157585773263
0,0,0.9979534452330949
0,0,0.997953442425209
4,4,0.9985197623180385
4,4,0.9985142891675018
0,0,0.9979537212431954
4,4,0.9981727759823379
4,4,0.9982656966860803
0,0,0.9979547578100669
4,4,0.9985140864034531
4,4,0.998515489257375
0,0,0.9979546206289583
4,4,0.9985064005119842
0,0,0.9979531860006309
4,4,0.998514499883816
0,0,0.9979531606286108
4,4,0.9985140898463992
0,0,0.9979546214117462
0,0,0.9979530465793137
0,0,0.997957169488066
4,4,0.9985160878698845
4,4,0.9985137479194796
0,0,0.9979534436393797
4,4,0.9983646550742008
4,4,0.9981634143438134
0,0,0.9979555968688028
0,0,0.997957170637715
4,4,0.9978513960937927
1,1,0.9955442035337017
0,0,0.9979532601544986
4,4,0.9979540582643451
4,4,0.9985140780165775
4,4,0.9982763536385962
4,4,0.9985140007949709
4,4,0.9985203548475483
4,4,0.9985139919351093
0,0,0.9979535640331998
4,4,0.9985153145595702
0,0,0.9979597898454354
4,4,0.9985140063922953
0,0,0.9979531606285673
4,4,0.9985007803806615
4,4,0.9985157563691316
4,4,0.998514186474395
0,0,0.997953439938566
4,4,0.9985202936001562
4,4,0.9985050804060623
4,4,0.9985140078763336
0,0,0.9978985850239618
3,4,0.9950700026791771
0,0,0.9965235935685465
4,4,0.9985141498566746
0,0,0.9979534467562625
4,4,0.9985155678071944
1,1,0.9963260293092064
0,0,0.9979546375501551
4,4,0.9985142584093781
4,4,0.9980810486732007
1,1,0.9963112417328133
1,1,0.9962117750649537
4,4,0.9985139935594163
1,1,0.9963262066525376
4,4,0.9984363312264007
0,0,0.997962340582985
1,1,0.9963066058971352
0,0,0.9979531472292488
4,4,0.9981791971311448
0,0,0.9979534422923627
4,4,0.9985144774902877
4,4,0.9985140008870598
4,4,0.9985139980465557
4,4,0.9985140008473389
4,4,0.998507886182305
4,4,0.9985188513288982
0,0,0.9979534437045566
0,0,0.9979534414728503
4,4,0.9984054821565841
4,4,0.997062041514937
4,4,0.9984448036543262
4,4,0.9984366928749067
4,4,0.9966204299241068
1,1,0.9962912028819946
4,4,0.9985157563691316
0,0,0.9979534465029343
4,4,0.9985153983000068
0,0,0.9979534424252353
4,4,0.9982495997618408
0,0,0.9979535386578919
4,4,0.9985154311588672
1,1,0.9963262170824431
0,0,0.9979535807454527
4,4,0.9986540387168865
4,4,0.9985141192106584
4,4,0.9529332838567459
0,0,0.9979202303193688
4,4,0.9982109010589583
4,4,0.9985152660346855
4,4,0.9985152347071878
4,4,0.9985071827539463
4,4,0.998607606078303
1,1,0.996325879159669
1,1,0.9963728900353981
0,0,0.9979571623316461
4,4,0.9985209672474256
4,4,0.9985137382727239
1,1,0.996323111273451
0,0,0.997952458442953
0,0,0.997954100560785
0,0,0.9978854808482087
4,4,0.9985151033622258
0,0,0.9979534417625725
0,0,0.997954637093776
0,0,0.9979583204255751
4,4,0.9985141580227088
4,4,0.998514080041825
0,0,0.9979534429545704
4,4,0.9983791739129866
4,4,0.9985160965013629
4,4,0.998518237034167
4,4,0.9915804518580746
0,0,0.997953162026993
4,4,0.9980936043682894
1,1,0.9962967739532582
0,0,0.9979537205830835
4,4,0.9982760842257343
0,0,0.9979537259176504
0,0,0.9979534426695879
0,0,0.9979608102217163
4,4,0.9984495340718308
4,4,0.9985156702440116
0,0,0.9978651797464799
4,4,0.9985139941203593
0,0,0.9979534429545598
0,0,0.997947448427198
0,0,0.9979535387863153
4,4,0.9985153109000955
4,4,0.997706544284308
4,4,0.9985203885908984
0,0,0.9979534426649211
0,0,0.997953161739209
0,0,0.9979534430227637
1,1,0.9963185108624789
4,4,0.9989292576595945
0,0,0.9979534877259677
4,4,0.9985137477283926
0,0,0.9979293583177714
0,0,0.9979555975922543
4,4,0.9985139731260753
4,3,0.9999999999999827
0,0,0.997953538718601
4,4,0.9985062461351687
0,0,0.9979600093207698
4,4,0.9985054498375064
4,4,0.9975192351655783
0,0,0.9979530361478594
0,0,0.9979534438178878
0,0,0.997953276693689
4,4,0.9984082088886804
4,4,0.9981773604406423
0,0,0.9979278970402624
0,0,0.9979534429545647
1,1,0.996974129871537
4,4,0.9985139927038041
4,4,0.9983917538798704
0,0,0.9854984129958813
0,0,0.9979534429545598
4,4,0.9983757542487497
4,4,0.9985140834154188
0,0,0.9978706176502068
4,4,0.9985197531340294
0,0,0.9979531606286011
4,4,0.998515246896102
4,4,0.9985140765803837
0,0,0.9979535570431584
4,4,0.9985140015095331
4,4,0.9985136431623364
4,4,0.9996465780388812
0,0,0.8329440201723031
0,0,0.9979534427334666
4,4,0.998506672982961
0,0,0.9979508880248955
4,4,0.9981109738616
0,0,0.9979531525812546
4,4,0.9984975117609527
4,4,0.9985139944706279
4,4,0.9985002335040781
0,0,0.997880396708881
4,4,0.9985140915220158
4,4,0.9985151036303854
4,4,0.9985157567225114
4,4,0.9985188513288982
0,0,0.997952308813608
4,4,0.9985158515114495
1,1,0.9962911992566171
1,1,0.9962748652106881
0,0,0.9979535800571466
0,0,0.9979534443712894
2,2,0.9981955202162258
4,4,0.9981369695759856
4,4,0.998514987167137
0,0,0.9979534417625725
0,0,0.9979534427334666
0,0,0.9979535507343356
0,0,0.9979533927422262
1,1,0.9961724123409776
0,0,0.9979598043844797
4,4,0.9985140040916406
4,4,0.9985149554682339
4,4,0.9982881841757824
0,0,0.9979535637787723
4,4,0.9985164804995951
4,4,0.9985139929148998
0,0,0.9979542405873161
4,4,0.998513840908034
0,0,0.9979531606285673
0,0,0.9979534436548694
0,0,0.9979534446603405
4,4,0.9983505906173512
0,0,0.9979548858180926
4,4,0.9983506626305741
4,4,0.9985140982825778
0,0,0.9979535644402634
4,4,0.9985153537668169
4,4,0.9985135475554091
4,4,0.9977713570851713
0,0,0.9979634743712126
4,4,0.9985140794916176
4,4,0.9985140808712882
0,0,0.998289243134379
4,4,0.9984703248945364
0,0,0.9979531616101581
4,4,0.9985066740460585
0,0,0.9978000809514107
1,1,0.9956782866887341
4,4,0.9985153622932661
0,0,0.9979531609470342
4,4,0.9985139973248341
4,4,0.9985140092265539
0,0,0.9979531498722151
4,4,0.998413041103142
4,4,0.9983425689553861
0,0,0.9979535633713493
4,4,0.9985157555288439
4,4,0.9983970916580104
4,4,0.9985153155102959
4,4,0.9985051342512091
4,4,0.9985152282568632
0,0,0.9979583204255599
0,0,0.9979533637949044
4,4,0.9981972914330693
0,0,0.9979535387256115
4,4,0.9985141664349265
0,0,0.9979401439122777
0,0,0.9979534464679936
4,4,0.9967859342564065
4,4,0.9985156705983729
4,4,0.9964759285957353
1,1,0.9963070488255392
4,4,0.9982064089896485
4,4,0.9985154770528804
0,0,0.9979278972902521
0,0,0.9979534431563968
4,4,0.9985140068936338
1,1,0.9963728930686456
4,4,0.9985193892675953
4,4,0.9985172044175743
4,4,0.9985203272169649
4,4,0.998513998068161
4,4,0.998414078128047
0,0,0.9979099844663124
4,4,0.9985139943960627
4,4,0.9985001363843399
2,2,0.9981507307727641
4,4,0.9981361176316378
0,0,0.9979401339351074
4,4,0.9985140883483422
4,4,0.9984826357472497
4,4,0.9985139973757657
1,1,0.9968453601263878
0,0,0.9979534427489739
4,4,0.998351095088419
4,4,0.9985141099942185
0,0,0.9975933197692289
0,0,0.9975846941395311
4,4,0.998513972514233
4,4,0.9985153449996842
4,4,0.9985140919249282
0,0,0.9979528681305498
0,0,0.9979549708619662
0,0,0.9979388910602315
4,4,0.9984984166715383
4,4,0.9985084558486051
4,4,0.9971313819735793
4,4,0.9985157788216183
0,0,0.9979537757650296
4,4,0.9982948200888722
4,4,0.9985139936583463
4,4,0.9985140786383921
0,0,0.9979533927422477
0,0,0.9979497365825226
4,4,0.998514292586627
0,0,0.9979534427682121
4,4,0.9985157579064022
0,0,0.9979545285585616
0,0,0.9979516522018327
0,0,0.9979534429545704
4,4,0.9985075648000766
4,4,0.9985157543407469
0,0,0.9979540181099298
4,4,0.9985125757733436
4,4,0.9969848035811197
4,4,0.998515673649793
0,0,0.9979472709545335
0,0,0.9978664684516673
4,4,0.9967919396875369
4,4,0.9985046232742862
0,0,0.9979202303193688
0,0,0.9978358259813774
0,0,0.9979531534509172
1,1,0.9962981960219423
4,4,0.997623024815628
0,0,0.9979532772839294
1,1,0.9962913609989935
4,4,0.9979910408446977
2,2,0.9977488762521645
0,0,0.9979535386578919
4,4,0.998514006553916
4,4,0.9985194433091251
4,4,0.9984066994535404
0,0,0.9976438512077731
4,4,0.9985179326409843
4,4,0.9984701841484275
0,0,0.9979531606286011
4,4,0.9983421708364228
0,0,0.9979534437045566
4,4,0.9985151754779803
4,4,0.9985140848111915
0,0,0.9979535802849187
0,0,0.9979543310402579
4,4,0.9985155678071944
4,4,0.9984462829835173
4,4,0.9984665567208487
0,0,0.9979531612351024
1,1,0.9963485003928204
4,4,0.9985140785830686
0,0,0.997953487980353
4,4,0.9978119190015095
4,4,0.9985157539861002
0,0,0.9979537208369446
1,1,0.9931052480095168
4,4,0.9985140857236402
4,4,0.9968642973855654
0,0,0.9979531518313932
4,4,0.9984017996561284
4,4,0.9985141733117113
0,0,0.9979546213999435
0,0,0.9975575103908906
4,4,0.9985140006535478
0,0,0.997951149782797
1,1,0.9962748652106881
0,0,0.9979534873185344
0,0,0.9979202303193688
1,1,0.9961488967677301
0,0,0.9979534462294346
4,4,0.9985140793847012
0,0,0.9979534874363918
4,4,0.9984285156810777
2,2,0.9983017671253815
0,0,0.9979460512769301
4,4,0.9985140048524264
0,0,0.9979521898769114
0,0,0.9979535836089577
4,4,0.9985085033526198
4,4,0.9985165877521917
0,0,0.9979550866736738
1,1,0.9963260260360948
4,4,0.9984764492372713
0,0,0.9979540502744997
0,0,0.9979531606400456
4,4,0.9985153574212443
0,0,0.9979530468682903
4,4,0.998516091574963
0,0,0.9979535804643479
0,0,0.9979532062111173
4,4,0.9985140794916176
4,4,0.9984071132503451
0,0,0.9979534427000186
0,0,0.9978950069595585
4,4,0.998514005082047
4,4,0.9985153810933919
0,0,0.9979549186569461
4,4,0.9985033263680215
0,0,0.9979532994179207
0,0,0.9979535800305335
4,4,0.9985141855354613
4,4,0.9985140770246691
0,0,0.9979412635417291
4,4,0.9984292453047172
4,4,0.9985139886860567
4,4,0.9984813836827341
0,0,0.997953581125479
4,4,0.998510879123396
4,4,0.9985154314079125
0,0,0.9979534429545704
2,2,0.9984775179762725
4,4,0.9985071528370665
4,4,0.9985153240073136
4,4,0.9901040887462015
4,4,0.9985135480958555
0,0,0.9979521954569711
1,1,0.9962466341853401
4,4,0.9980803005728736
4,4,0.9985153270989565
0,0,0.9979481347731239
0,0,0.9979534430227422
0,0,0.9979580157684981
0,0,0.9979401339351074
4,4,0.9985139945819457
4,4,0.9985086637768372
0,0,0.9979529033553417
4,4,0.9982246422758317
4,4,0.9982988601158287
0,0,0.9979535800305335
4,4,0.9985054498375064
4,4,0.9984938116166704
4,4,0.99851410185513
4,4,0.9985157563691316
4,4,0.9985141190010207
0,0,0.9979532632446201
4,4,0.9983290189896213
0,0,0.9979534430723868
1,1,0.9868950094469906
4,4,0.9981759131082099
0,0,0.9979530459175834
4,4,0.9977631306767468
4,4,0.9979069819040478
4,4,0.9985139928583278
4,4,0.9984925639123245
4,4,0.9982882054278723
0,0,0.9979542985381206
4,4,0.9971283754696213
4,4,0.9985140018292142
0,0,0.9979534429545598
1,1,0.9963260131918258
1,1,0.996356513280519
4,4,0.9985154489108528
4,4,0.9982074435553969
4,4,0.9985179251520676
0,0,0.9979560271874066
1,1,0.9963262317104136
0,0,0.9979531651620571
0,0,0.9979642607715694
0,0,0.9979535815330213
4,4,0.9985235801686512
4,4,0.9985152084857822
4,4,0.9985140060625554
4,4,0.9985140888030816
4,4,0.9964468328844713
1,1,0.9962911992566171
4,4,0.9984671407701959
4,4,0.9985139375721923
4,4,0.9985090609576918
0,0,0.9979547901972151
4,4,0.9985140916516543
4,4,0.9995392554383037
0,0,0.9979531327339389
0,0,0.9979548978701379
4,4,0.9985140853831977
4,4,0.9985139937511857
0,0,0.9979534430227316
4,4,0.9985059741792268
0,0,0.9979514063691954
4,4,0.9982005161025697
4,4,0.9978129200657581
0,0,0.9979527348046054
0,0,0.9979535804643584
4,4,0.9985157788216183
0,0,0.9979531613221928
4,4,0.9985132227032055
0,0,0.9979535401908456
4,4,0.998515330255295
4,4,0.9985031223362166
0,0,0.9978281234789906
1,1,0.9962073542292873
0,0,0.9979516860220315
4,4,0.9985176634226157
0,0,0.9979531472292488
1,1,0.9963729151626697
4,4,0.9985140809769241
0,0,0.9979534253172858
4,4,0.9985139959959992
4,4,0.9982923554896007
4,4,0.9985141362936161
4,4,0.9985157772858922
4,4,0.9985140776498157
4,4,0.9984969765956725
4,4,0.9984893727371497
0,0,0.9979534443712894
4,4,0.9975277043629789
4,4,0.998449444075883
4,4,0.9985236806189675
0,0,0.9979534439283164
0,0,0.9979549188265664
1,1,0.9963260085630241
0,0,0.9981521158125649
4,4,0.9985194888016761
0,0,0.9979534427489739
1,1,0.9964498803004991
4,4,0.9985153110876179
4,4,0.9985156726251249
0,0,0.9979374803279842
0,0,0.997939481981035
0,0,0.997952764498248
4,4,0.9985157563691316
4,4,0.9985140796888411
1,1,0.9963262317104136
0,0,0.9973727607630972
0,0,0.9979534426649211
4,4,0.998515777638917
4,4,0.9985139928025517
4,4,0.9985150015677606
0,0,0.9979534424252197
4,4,0.9985157541759132
4,4,0.9982048934309623
0,0,0.9980277270591139
0,0,0.9979600211390216
0,0,0.9979535373532706
0,0,0.997920230456401
0,0,0.9979534455699559
4,4,0.9985141026579342
4,4,0.9981733228247024
0,0,0.9979541001603079
0,0,0.997958322086552
4,4,0.9985140118049877
0,0,0.9979378274246581
0,0,0.9979547605165223
0,0,0.9979534424252139
4,4,0.9985201287575102
4,4,0.9985067523638919
4,4,0.9985139948625855
0,0,0.997940130652754
0,0,0.9979555158174871
0,0,0.9979535379303912
4,4,0.9985187693730317
4,4,0.9985140016736371
4,4,0.9981829519047821
0,0,0.9979530462067998
4,4,0.9985157539861002
4,4,0.9983729852429488
0,0,0.9979537198094705
4,4,0.9986162596141681
0,0,0.9979534428668208
4,4,0.9985154203644918
4,4,0.9985155189290416
0,0,0.9979531612351055
4,4,0.9985146625794723
2,2,0.9982474319348993
4,4,0.9985139959450007
4,4,0.9985157570416001
0,0,0.997928669130517
4,4,0.9985160145953554
1,1,0.9963259881754981
0,0,0.997953199051919
0,0,0.9979675053320889
4,4,0.9982745772677255
4,4,0.9985071029369098
4,4,0.9983425789253505
4,4,0.9975307480054192
1,1,0.9963259983891478
4,4,0.9982404665096127
4,4,0.9985160983483923
4,4,0.9985075478617087
1,1,0.9963258560881842
4,4,0.9986012047376565
1,1,0.9963258975757899
4,4,0.998515317847107
4,4,0.9985157567225114
4,4,0.9985341589919877
0,0,0.9979534429545919
4,4,0.998514097712074
1,1,0.9962967739532582
4,4,0.9857912691523295
0,0,0.9979533962593871
0,0,0.9979549748357336
4,4,0.9984949771112375
4,4,0.9983963586002713
4,4,0.9985137465109767
4,4,0.998132122874428
0,0,0.9979560279491476
4,4,0.998514007367957
4,4,0.998515071087379
0,0,0.9979586579781526
4,4,0.9982041259766129
0,0,0.9979537206663758
0,0,0.9979546370937863
1,1,0.9964684242072624
0,0,0.997956875832855
0,0,0.9979571627333403
0,0,0.9979315449396963
0,0,0.9979568758441385
0,0,0.997951012860423
4,4,0.9985158439348735
4,4,0.9979091826859828
0,0,0.9979534434108028
4,4,0.9985077505232987
0,0,0.9979530462067998
4,4,0.9979064809246512
4,4,0.9985167921167825
4,4,0.9985156726251249
4,4,0.9985154758850556
0,0,0.9979531860006309
4,4,0.9985142481107452
4,4,0.9984760755142754
1,1,0.9963260131918258
4,4,0.9985193443608672
0,0,0.9979537252614192
4,4,0.9981275656313864
0,0,0.9979535800305229
4,4,0.9985003620252533
4,4,0.9985140801721908
0,0,0.9979516856572923
4,4,0.9985160183388213
4,4,0.998518829585627
4,4,0.99851407773699
0,0,0.9970442401880776
4,4,0.9984938549823614
4,4,0.9948117618929938
4,4,0.9985160482487148
4,4,0.9985141736847631
0,0,0.997920230456401
0,0,0.9978910151403497
0,0,0.9979531606285673
4,4,0.9985140794980392
4,4,0.9985139942395896
4,4,0.9985140849623283
4,4,0.9985142458135109
0,0,0.9979534426649211
0,0,0.997953163745889
4,4,0.9984365797887705
0,0,0.9979549486433978
4,4,0.9999999999999871
0,0,0.9979552254817035
0,0,0.997953583203363
0,0,0.9979611753307673
4,4,0.9985140021286605
4,4,0.998514333416769
1,1,0.9963748601848784
4,4,0.9985152825093383
0,0,0.9981814761597787
4,4,0.9985066322600773
0,0,0.9979534427489739
4,4,0.9985140983921265
4,4,0.9985157563691316
4,4,0.9985157570416001
4,4,0.9983276195481001
0,0,0.9979278972902521
4,4,0.9982044988822779
4,4,0.9985160935745633
4,4,0.9985154838385796
0,0,0.997883982082189
4,4,0.9980588678258049
0,0,0.9979531603402788
1,1,0.996918552076574
4,4,0.9976495111909635
4,4,0.9984591588626975
4,4,0.9984454880743568
4,4,0.9982298966249759
4,4,0.9985154314409048
0,0,0.9979535380813009
0,0,0.9979571557019887
4,4,0.9980402440601839
0,0,0.9979537206663653
1,1,0.9963259716086605
4,4,0.9985140045077816
4,4,0.9985140926464505
4,4,0.9985139138882282
4,4,0.9985156938940816
0,0,0.9979535637787723
0,0,0.9979534429545704
4,4,0.9984573921672957
4,4,0.9985157563691316
1,1,0.9963728933605427
4,4,0.9985157563691316
1,1,0.9981442791042935
4,4,0.9985014424148829
0,0,0.9979537205830835
0,0,0.9979535589227762
0,0,0.9979531609470446
0,0,0.997953724857232
0,0,0.9979531606285673
4,4,0.9985145209591848
4,4,0.998507616134062
4,4,0.9985151762273938
4,4,0.9985139945713327
4,4,0.9985140849037321
0,0,0.9979534443712894
4,4,0.9984478628356617
4,4,0.9985139927038041
4,4,0.9985140793652286
0,0,0.9979531581180588
0,0,0.9978476218472737
4,4,0.9985132851492216
4,4,0.9985151995680224
0,0,0.9979548970493146
4,4,0.9985140792215527
0,0,0.9979534444396987
4,4,0.9985140119216397
4,4,0.998513995507098
0,0,0.9979552307778541
1,1,0.9974105035481695
0,0,0.9969985061775889
0,0,0.997953580284929
4,4,0.9983156748221438
0,0,0.9979532772839294
4,4,0.9985188513288982
4,4,0.9985021942693043
1,1,0.9963070488255392
0,0,0.9979535382015152
0,0,0.9979534427334666
4,4,0.9985140771040691
0,0,0.9973509202401568
0,0,0.9979534424596097
4,4,0.9985154314169126
4,4,0.9985150316477104
0,0,0.9979555968688498
4,4,0.9985075475337453
2,2,0.9980112303920401
4,4,0.9985140791341403
0,0,0.9979571702847704
0,0,0.9967926373241773
1,1,0.991083235362034
4,4,0.9985139941984368
4,4,0.9984949594599402
0,0,0.9979580107290822
4,4,0.9985165683146969
0,0,0.9978878426898922
4,4,0.9985139945368066
4,4,0.9984059989552041
4,4,0.9985153771775404
0,0,0.9979534430227316
0,0,0.9979004540566166
4,4,0.9985137469290882
4,4,0.998514003274334
0,0,0.9979598043844797
4,4,0.9965894420371397
4,4,0.9985153692022358
0,0,0.9979537255137775
0,0,0.9979534427489739
4,4,0.9985141014288466
4,4,0.99850759459603
0,0,0.9979534484539135
4,4,0.9983813409115427
1,1,0.9963260131918258
4,4,0.9985140093324364
4,4,0.9992179648623002
4,4,0.998515570789826
0,0,0.997953538718601
4,4,0.9985140138892229
0,0,0.9979516860220315
0,0,0.9979532597597324
4,4,0.9985154749053401
4,4,0.9985139935680425
4,4,0.9985139934752213
0,0,0.9979567311165449
4,4,0.9985155628263103
1,1,0.9963067719014633
4,4,0.9985140016203069
1,1,0.9962582832301873
4,4,0.9981047923783802
4,4,0.998513994386692
4,4,0.9985157543407381
0,0,0.9979607079300873
4,4,0.998158825887584
4,4,0.9985187498121575
4,4,0.9985160528495569
4,4,0.9985150974656942
4,4,0.9985205225841282
0,0,0.9979397452279627
4,4,0.9985139952496772
1,1,0.9962967714466725
0,0,0.9979568741919939
4,4,0.9984956414668437
4,4,0.9980320233752452
4,4,0.9985151787319113
0,0,0.9979560279574688
4,4,0.9985139962917583
4,4,0.9985156961359147
0,0,0.9979534430724084
4,4,0.9985138882251159
4,4,0.9985140984922207
0,0,0.9979533643302713
1,1,0.9963262325495454
4,4,0.9984305496274444
4,4,0.9985156950758313
4,4,0.998515693541341
4,4,0.9985203029357439
0,0,0.997953218263952
4,4,0.9976932637527557
4,4,0.9985027239232068
4,4,0.9985157579064022
0,0,0.9979530481659775
4,4,0.9985153852961764
4,4,0.9985137559382334
4,4,0.9984931008023618
4,4,0.9985154506883905
4,4,0.9985157772858922
4,4,0.9981984899878298
4,4,0.998514005139909
4,4,0.9985151752815777
0,0,0.9979524957634818
4,4,0.9984492681085277
0,0,0.9979453222771034
4,4,0.9985157567225114
0,0,0.997953048165999
4,4,0.998515673649793
0,0,0.9979198192227432
0,0,0.9979202303193688
4,4,0.9985141197608235
0,0,0.9979538500989993
4,4,0.9985144185026779
4,4,0.9985056072847933
0,0,0.997288559452174
0,0,0.9979532798789065
0,0,0.9979534877259573
4,4,0.9985139858139914
1,1,0.996242479970535
0,0,0.9979535838622222
4,4,0.9984684008441514
0,0,0.9027621022133501
1,1,0.9963262325495454
0,0,0.9979535800305229
4,4,0.998520298991179
1,1,0.49869698262392276
4,4,0.9985140831655982
0,0,0.9978868206819795
1,1,0.9963728929876912
4,4,0.9980720454791511
0,0,0.9970801996196653
4,4,0.9984491575893858
0,0,0.9979531498722151
0,0,0.9979534464679936
4,4,0.9982922762126432
0,0,0.9979546375501551
4,4,0.9980743555891374
1,1,0.9963259983891478
4,4,0.9985140779349599
4,4,0.9976910752455775
0,0,0.9979531603403227
4,4,0.9985155083776959
0,0,0.9979530678693669
4,4,0.9985160962720697
0,0,0.9979535387256115
1,1,0.9963258560881842
4,4,0.9985157772858922
0,0,0.9979534429545598
4,4,0.997602256241776
4,4,0.9985157567225025
0,0,0.9979534431563968
0,0,0.9979560271874066
1,1,0.9963067685337139
0,0,0.9979532066279831
0,0,0.9979532792897293
0,0,0.9979535386578919
0,0,0.9785246415093547
0,0,0.9979549486433609
0,0,0.9979516574067152
0,0,0.9979534434108028
4,4,0.998268920805159
4,4,0.9985140795575951
1,1,0.9962913619692595
0,0,0.9979278971530945
1,1,0.996356513280519
4,4,0.9985156938940816
0,0,0.9979544758145018
0,0,0.9979560279574688
4,4,0.9985140072848827
0,0,0.9979535387950201
4,4,0.99851418095686
0,0,0.9979466206458815
4,4,0.9985030132334749
4,4,0.9985153114810784
1,1,0.9963728933605427
0,0,0.9979535802849187
4,4,0.9926102591276622
4,4,0.998935852062308
0,0,0.9979384411198596
0,0,0.9979535387273067
1,1,0.9963262317104136
1,1,0.9963259983891478
0,0,0.9979549520323359
4,4,0.9985150081502795
0,0,0.9979532066279831
0,0,0.9979534427000186
0,0,0.997950215972267
4,4,0.9981362037841265
0,0,0.9979534430227365
0,0,0.9979534421704989
0,0,0.9979532066165351
0,0,0.9979490095603836
4,4,0.9985054498375064
4,4,0.9985140963257196
0,0,0.997952195456952
0,0,0.9979531651620571
4,4,0.9985205092301637
4,4,0.9983451213454587
1,1,0.9963738824024105
0,0,0.9979535410527067
0,0,0.997920230456401
0,0,0.9979531603402788
4,4,0.9985178871149061
4,4,0.9985156729782204
0,0,0.9979527641041073
4,4,0.9981975747129865
0,0,0.9979535796231002
4,4,0.9985141941582427
1,1,0.9963531471868735
0,0,0.9979534459894611
0,0,0.9978661277989851
1,1,0.9609912603566384
2,2,0.8927878667615993
4,4,0.9983404256720227
1,1,0.9963260140348653
1,1,0.9963728926203685
0,0,0.9979535800305229
4,4,0.9983479921785088
4,4,0.9985164955452863
4,4,0.9985140809190428
0,0,0.9979534429545598
4,4,0.9985086280274338
0,0,0.9977749440820964
4,4,0.9984878413483695
4,4,0.9985139877747283
0,0,0.997953425317307
1,1,0.9963260140348653
0,0,0.9979533619044961
0,0,0.9979485932386233
4,4,0.9985153801008807
4,4,0.998506770794859
4,4,0.9978729832986357
0,0,0.997955230160006
4,4,0.9985139941641115
4,4,0.9985140100592808
4,4,0.9985133075084888
4,4,0.998514142212836
1,1,0.9963262204251596
0,0,0.9979535804643479
0,0,0.9979532961318966
4,4,0.9984175678464062
0,0,0.9979534424252197
0,0,0.9976486937210847
0,0,0.9979583203617743
4,4,0.9984500240809938
0,0,0.9979531612351024
4,4,0.9981281848472748
0,0,0.9979571336073175
4,4,0.9985260599906303
4,4,0.9985154227292724
0,0,0.9979560279491476
4,4,0.998490086557292
4,4,0.9984568924761356
0,0,0.9979535584103921
4,4,0.9985140953159349
4,4,0.9985137455820753
4,4,0.9985153550996735
4,4,0.998515693541341
4,4,0.9985145676116447
4,4,0.9984224823608973
0,0,0.9979534421353782
4,4,0.9985155133301244
4,4,0.9985157788216183
4,4,0.9985145224242667
4,4,0.9984500026534002
0,0,0.9979209323048572
0,0,0.9979519158660212
4,4,0.9985197613951937
0,0,0.9979531998988179
4,4,0.9984928457532004
4,4,0.9985142554453307
0,0,0.9979535379216767
4,4,0.9985196023432021
0,0,0.9979530674631722
4,4,0.9984274649392308
1,1,0.9963135305799552
4,4,0.9985157539861002
4,4,0.9985157563691316
0,0,0.997953282734434
4,4,0.9985140902044699
0,0,0.9979531498722151
0,0,0.9941987336993053
4,4,0.9983895750186123
0,0,0.9979531616101581
0,0,0.9979535800305229
0,0,0.9979534431564072
4,4,0.9985140868132301
4,4,0.9985153775597558
4,4,0.9985155898721307
1,1,0.9963727448300158
4,4,0.9985003494395693
4,4,0.9985139947288627
4,4,0.9983023481241609
4,4,0.9985044770625398
4,4,0.9976589245940387
0,0,0.9979547892666524
4,4,0.9985074294166992
4,4,0.9985136610271842
4,4,0.9979351252429344
4,4,0.998514013056661
0,0,0.9979534431563968
0,0,0.9979535637787723
4,4,0.9985150966538336
4,4,0.9985153646373098
4,4,0.998513995122122
0,0,0.9979534883874698
0,0,0.9979534443712894
0,0,0.9979531610459581
0,0,0.9978174300134518
4,4,0.9985150968590493
0,0,0.9979524120804844
4,4,0.9985140748387618
1,1,0.9963259983891478
0,0,0.9977962594561915
1,1,0.996326247752119
1,1,0.9964745285217236
0,0,0.9979537259176292
4,4,0.9985157567225114
4,4,0.9985154213006479
0,0,0.9979522458895934
4,4,0.9985157539861002
0,0,0.997732645190113
4,4,0.998514080041825
1,1,0.9962702784423362
4,4,0.998515670598364
0,0,0.9979532705088524
4,4,0.9985154893021378
0,0,0.9979534426649106
4,4,0.9985154319470029
0,0,0.9979535637787723
0,0,0.9979525849403056
4,4,0.9984983698700063
1,1,0.9963763187259521
0,0,0.9979531311511711
4,4,0.9981977027381727
0,0,0.9979598211587052
0,0,0.9979538323488083
4,4,0.9983362395090316
4,4,0.9973635486913393
4,4,0.9982663423315373
0,0,0.9966332686724215
4,4,0.9978490082068808
4,4,0.998514018236483
0,0,0.9979531501266106
4,4,0.9985157772858922
4,4,0.9985170612674915
4,4,0.9978141206103739
4,4,0.9985153652970433
4,4,0.9982370071020447
0,0,0.9979202303193688
0,0,0.9979534429545598
4,4,0.9985153768829929
4,4,0.9979945283343673
4,4,0.998513995507098
0,0,0.997962739471662
4,4,0.9985139933663334
0,0,0.9979534501822911
0,0,0.9979531603403233
4,4,0.9978314765121796
4,4,0.9984214243543051
4,4,0.9985075891934851
4,4,0.9985194889255086
0,0,0.9979540929603655
4,4,0.9985129977532656
1,1,0.996327520992576
4,4,0.9984986837078687
1,1,0.9962912040864611
4,4,0.998499849439022
4,4,0.9984448358154794
0,0,0.9979531623285031
4,4,0.9985151824009799
4,4,0.9985140008002887
4,4,0.9983634670082875
0,0,0.9979547894608877
0,0,0.9979600993237472
1,1,0.9953090859158851
0,0,0.9979538307101743
1,1,0.9963262170824431
4,4,0.9985140795575951
4,4,0.9985274901633857
0,0,0.9979583196355323
4,4,0.9985139944867799
1,1,0.9790280671806328
0,0,0.9979534427334666
4,4,0.9984145276051584
0,0,0.9979278972902521
0,0,0.9979532689542451
0,0,0.9979532989976447
0,0,0.9979556027320509
4,4,0.998515945074386
4,4,0.9985154033366013
0,0,0.997953523457778
0,0,0.9979531554013036
1,1,0.9963258560881842
4,4,0.9984951657757616
4,4,0.998514012340248
0,0,0.9978909066404836
0,0,0.9979532605337879
4,4,0.9985140023162468
2,2,0.9984081706802418
4,4,0.9985146172464614
1,1,0.9964493068090279
0,0,0.9979534463295064
4,4,0.9984493260240203
4,4,0.9985140865456139
0,0,0.9979394562207355
4,4,0.9984523198042727
0,0,0.9979660370162926
4,4,0.9985260599906303
0,0,0.9979534467562625
0,0,0.9979532792977722
4,4,0.9985139953095752
4,4,0.9985139938107473
0,0,0.9979534427000186
4,4,0.998514000849127
0,0,0.9979535514999893
0,0,0.9979535372837355
4,4,0.9975315505831897
4,4,0.9985140117994652
4,4,0.9985140173585475
0,0,0.9979531919561438
0,0,0.997681769829651
4,4,0.9985155712297277
0,0,0.9979534464679936
4,4,0.9985132578952672
0,0,0.9979534421704989
4,4,0.9985139962917583
0,0,0.9979535800972863
0,0,0.9979535800305229
4,4,0.998515403400985
4,4,0.9985132027039363
0,0,0.9977746961775239
4,4,0.9985133167759283
4,4,0.998433985546868
4,4,0.9985151812771149
4,4,0.9985154441142153
0,0,0.9979534437386293
1,1,0.9962912040864611
4,4,0.99851400273034
4,4,0.9984934839148535
4,4,0.998513221754247
4,4,0.9985153795442284
4,4,0.9985140954242121
0,0,0.9979534463295064
4,4,0.9985156705983729
0,0,0.9979534434300251
0,0,0.99795495203231
0,0,0.9979535520835393
1,1,0.9963259812188201
4,4,0.9985140975453911
0,0,0.9979531612351024
4,4,0.9984853892543698
0,0,0.9978431773655511
0,0,0.9979534429545598
1,1,0.9963733680412226
4,4,0.9982255159882635
4,4,0.9985140789174886
0,0,0.9979532047317065
4,4,0.9985157543407381
4,4,0.9985140899322584
4,4,0.9985136050719665
4,4,0.9983846045670538
0,0,0.9979535380813009
0,0,0.9979531505337057
4,4,0.9985153793923344
0,0,0.9979466051074364
0,0,0.9979535836089577
4,4,0.9981739125630423
4,4,0.9527083095581088
1,1,0.9963259879179899
0,0,0.9979533673230363
4,4,0.9985140906159401
0,0,0.9979532156611731
4,4,0.9985140139912988
0,0,0.9979404027718509
4,4,0.9984307487885056
4,4,0.9985055440926569
0,0,0.9979534417625725
4,4,0.9984889972075491
4,4,0.9985140131343226
0,0,0.9979549186569565
4,4,0.9985140921647911
4,4,0.9985064440639674
4,4,0.9985141917829199
0,0,0.9979600093207698
4,4,0.9985048962441578
0,0,0.9979531612351055
0,0,0.9979534427489739
4,4,0.9985140070845012
4,4,0.9985140055658088
4,4,0.9985141030148275
4,4,0.9984061899357273
0,0,0.9979488051514599
4,4,0.998513994715025
0,0,0.9979531922883081
4,4,0.998513323303215
0,0,0.9979534429545704
0,0,0.9979534426649106
0,0,0.9979535637787723
1,1,0.9962449315406883
4,4,0.998514128402997
4,4,0.9985140000364368
4,4,0.9985139950315883
0,0,0.9979465126794383
0,0,0.997956875832855
0,0,0.9979516525871892
0,0,0.9979534429545598
4,4,0.9965019751829658
0,0,0.9979540928962234
4,4,0.998514027814912
4,4,0.9976455961711613
0,0,0.997957169488066
4,4,0.998515777638917
0,0,0.9979583204255855
4,4,0.9985136526727124
0,0,0.9979535637787723
4,4,0.9985140880971094
0,0,0.9979535574754245
4,4,0.9897725341352562
0,0,0.9979599935594218
1,1,0.9963728901869653
1,1,0.9967280990491187
4,4,0.998514077847573
0,0,0.9979535721373508
4,4,0.9985140008501364
4,4,0.9985157563691316
0,0,0.9979532705353925
0,0,0.9979535373532706
4,4,0.9975125866378844
2,2,0.9949270974561238
4,4,0.9983220807225275
4,4,0.9985139938313439
1,1,0.9962742785722535
4,4,0.9985139800284337
4,4,0.9985157788216183
4,4,0.9980407822037689
4,4,0.9985207331719593
4,4,0.9985510897897488
4,4,0.9985158658515398
0,0,0.9979534429545704
1,1,0.996474528775157
4,4,0.9985140971130451
0,0,0.9979534426649211
1,1,0.9870840348786423
1,1,0.9962967739532582
0,0,0.9979534446603192
0,0,0.9979535381507662
0,0,0.997953161621579
0,0,0.9979538117463536
0,0,0.9979532709413031
0,0,0.9979530089807235
0,0,0.9979534877259677
4,4,0.9985075475337453
0,0,0.9979550671710545
1,1,0.9962264908669941
4,4,0.998513972999858
4,4,0.9985153526764983
4,4,0.9985154106907339
1,1,0.9962967739532582
4,4,0.9985141272852481
4,4,0.9985154816644077
0,0,0.9979531813638409
0,0,0.9979532840267911
0,0,0.9979530462068102
4,4,0.9985075475337453
4,4,0.9985193511121652
4,4,0.9984034770370348
4,4,0.9983963796220269
0,0,0.9979535811255005
0,0,0.9978414794612359
4,4,0.9985140989202808
4,4,0.9982056839308521
4,4,0.9985157579064022
4,4,0.9984553222681537
4,4,0.9985140954413584
4,4,0.998068669136844
4,4,0.9985140077994503
0,0,0.9979526892916534
0,0,0.9979532850953146
4,4,0.9985153709724076
4,4,0.9985157579064022
4,4,0.9985140976631401
4,4,0.9985151985290723
0,0,0.9979209323048572
1,1,0.9963735130108899
4,4,0.9985132398970913
0,0,0.9979531609470342
4,4,0.9978394328105982
4,4,0.9934630540308099
0,0,0.9979554278509858
1,1,0.9963262317104136
1,1,0.9963259983891478
4,4,0.9985138416095459
0,0,0.9979599923044243
4,4,0.9985157543407469
0,0,0.9979534435285519
0,0,0.9978901665407226
0,0,0.9979555968688133
4,4,0.9985139966573496
0,0,0.997953568016
4,4,0.9984494247324643
0,0,0.997953555416032
4,4,0.9985139731314483
0,0,0.9979580157684981
4,4,0.9985156726251249
0,0,0.9979535637787723
0,0,0.9979531606400478
4,4,0.995376669662813
0,0,0.9979507167292476
0,0,0.997953580284929
4,4,0.9982558487525534
4,4,0.9985140104897045
4,4,0.998246728919094
0,0,0.9979534879803633
4,4,0.9984406970588204
1,1,0.9963762333697072
0,0,0.9979530462068102
1,1,0.9969360982035309
0,0,0.9979549486433824
4,4,0.9973644233387986
1,1,0.9963260140348653
4,4,0.9985117242863645
4,4,0.9984236019262065
4,4,0.9985088593133199
0,0,0.997633685150619
4,4,0.998513996481924
0,0,0.9979534429545704
4,4,0.9985140864202561
4,4,0.9983636595560725
0,0,0.9978543362186382
4,4,0.9985069587954861
1,1,0.9958030053575391
4,4,0.9985161033046211
1,1,0.996207257977183
0,0,0.9979078821372896
0,0,0.9979534429545598
4,4,0.9999999999999907
4,4,0.9984942261220022
0,0,0.9979534253172752
4,4,0.9985156729782204
4,4,0.9984971347873223
4,4,0.998375826854928
4,4,0.9985160125207039
4,4,0.9985156729782204
4,4,0.9985194873979176
1,1,0.9993888680079109
0,0,0.9979567315009317
4,4,0.9985066722914706
4,4,0.9984317566047236
4,4,0.9984216986058932
4,4,0.9905609937090003
4,4,0.998514079717849
0,0,0.9979741189970982
0,0,0.9979537253442219
1,1,0.9962727315737776
0,0,0.9979533919691205
4,4,0.9982016138171176
4,4,0.9985139949244874
4,4,0.9944874656904578
4,4,0.9985142523410322
1,1,0.9962425496450785
4,4,0.9960228405662427
4,4,0.9985153991081728
1,1,0.9963262170824431
4,4,0.9985140975453911
4,4,0.9984360687899492
4,4,0.9985138519006103
0,0,0.9979735444541415
4,4,0.998449616198173
0,0,0.9979529033553386
4,4,0.9984468066359564
0,0,0.9979534429545598
4,4,0.9985140985761899
1,1,0.9963066058971352
0,0,0.9979498541876664
0,0,0.9979531641529568
4,4,0.9985139935965753
4,4,0.9985118163219749
0,0,0.9979534426649106
0,0,0.9979534427000291
4,4,0.9985140058305816
4,4,0.9984990763320856
1,1,0.9963688294902151
4,4,0.9982726368440881
0,0,0.997920230456401
4,4,0.9982712673204742
4,4,0.9985157582519605
4,4,0.9984893693827537
4,4,0.9985139886637014
0,0,0.9979512072275295
4,4,0.9982357393144544
4,4,0.9985140201714473
1,1,0.9962072770084942
1,1,0.9963738824024105
0,0,0.9979535804643799
4,4,0.9985158725411617
0,0,0.9977342205525632
0,0,0.9979531620155422
4,4,0.9985139967915568
4,4,0.9988492418756565
4,4,0.9981824502941047
0,0,0.9979546590852789
4,4,0.9985138489267181
4,4,0.9985201504601606
4,4,0.9981621473320288
4,4,0.9985188513288982
0,0,0.9967965226314045
4,4,0.9985140808928771
4,4,0.9985140039485668
0,0,0.9979534434108028
4,4,0.9982845199595988
4,4,0.9985140794190912
4,4,0.9985141498566835
0,0,0.9979600204363046
4,4,0.9985073152789045
0,0,0.9979534446603405
0,0,0.9979537255137878
0,0,0.9979518677417906
4,4,0.9984717462520719
4,4,0.9982054077624548
0,0,0.9979537201765062
4,4,0.998478924050556
4,4,0.9985080102096562
0,0,0.9979608515259499
4,4,0.9982817929573476
4,4,0.9985024514716958
0,0,0.997953162015576
4,4,0.9985140059239114
4,4,0.9979755591846209
0,0,0.9987134469535517
4,4,0.9985140807211539
4,4,0.9985137493532042
0,0,0.9979534467562625
4,4,0.9984477437253311
0,0,0.9979534434107924
0,0,0.9979534430227422
0,0,0.9979540886556642
1,1,0.9963262066525376
4,4,0.9984666486271867
0,0,0.9979535800305229
0,0,0.9979517706340909
4,4,0.998513993362999
0,0,0.9979567452483354
4,4,0.998514013797328
0,0,0.9979534429545598
4,4,0.9985140793654814
1,1,0.9963400714598118
1,1,0.9962189209041922
4,4,0.9985139931475903
0,0,0.9979548642220082
1,1,0.9960183624344765
0,0,0.9979534459759384
1,1,0.9962587222913567
1,1,0.9961090323015721
4,4,0.9984403850121664
0,0,0.9979598430799743
0,0,0.9979404001099733
0,0,0.9979768248537283
0,0,0.9978651421357789
0,0,0.9979534467562625
0,0,0.9979548970725994
0,0,0.99795344466036
4,4,0.99851411998163
0,0,0.9979534877259573
1,1,0.9963256481809903
4,4,0.9985140793978198
0,0,0.9979548978381783
0,0,0.9975575001976589
4,4,0.9985140790445016
4,4,0.9985140083555802
4,4,0.9984624972734564
0,0,0.9979535640331784
0,0,0.9979534460972213
4,4,0.9985139932237526
1,1,0.9960810854375425
0,0,0.9979534430227365
1,1,0.9963259997456513
2,2,0.9978179766998936
0,0,0.9979510068620951
0,0,0.9979534427000291
0,0,0.9976714510952673
0,0,0.9979530437350372
4,4,0.9983612645264908
0,0,0.9979516523158519
4,4,0.9985157772858922
4,4,0.9985189619524478
4,4,0.9995940921751435
4,4,0.9985155694212993
0,0,0.9979536592005495
4,4,0.9985156729782204
4,4,0.998509528549813
1,1,0.9963272088704324
0,0,0.9979534251466523
0,0,0.9964536263324323
1,1,0.9963733677085495
4,4,0.998514001435172
0,0,0.9979534430227316
0,0,0.997957133876436
0,0,0.9979534427489739
4,4,0.9983733134224305
2,2,0.9981702240499306
1,1,0.9962888225826946
0,0,0.9978148230650145
0,0,0.997920230456401
4,4,0.9985156726251249
4,4,0.9985141474629424
0,0,0.9979532990526838
4,4,0.9985140944568522
4,4,0.9985139724668171
4,4,0.998513993649952
1,1,0.9963373512817425
4,4,0.9985138769537958
4,4,0.9985155237377058
1,1,0.9963260140348653
4,4,0.9985138491422357
4,4,0.9985132272916944
0,0,0.9979535677279627
0,0,0.9979526966936547
4,4,0.9985152333816921
4,4,0.9985104628703264
4,4,0.9985140097665561
4,4,0.9985066464992193
4,4,0.9984106341167118
4,4,0.998505118548842
4,4,0.9983021632542828
0,0,0.9979531620155769
1,1,0.9928506848344248
4,4,0.9985193973346438
0,0,0.997954809999508
4,4,0.998515757394625
0,0,0.997939427455773
4,4,0.9980710254187946
0,0,0.9979530490914835
0,0,0.997953391969099
4,4,0.9985139791057825
4,4,0.9985155001949411
4,4,0.9984494247324643
4,4,0.9985057146812456
1,1,0.9963256389998705
4,4,0.9985157570416001
4,4,0.9985154644039194
0,0,0.9979534443713108
4,4,0.9947197160287389
0,0,0.9979547744468087
4,4,0.998514098474356
4,4,0.9985138969480549
4,4,0.9985153759395243
4,4,0.9985154981369262
0,0,0.9979534770897639
0,0,0.9979531498722255
0,0,0.9979213396087232
4,4,0.9980406303671667
4,4,0.9985157539861002
4,4,0.9983586196614128
0,0,0.9979534431563968
0,0,0.9979534440618296
4,4,0.9982907003500453
4,4,0.9985154314468545
4,4,0.9983477565711633
4,4,0.9985157772858922
4,4,0.9982323326409882
0,0,0.9979534874363812
0,0,0.9979531612351024
4,4,0.998514050920934
0,0,0.9999940397782054
4,4,0.9982708347949246
4,4,0.9985086298415022
4,4,0.99851383356066
4,4,0.9986639961035806
1,1,0.9962076225904367
0,0,0.9979531495826498
4,4,0.9985140861315549
4,4,0.9985139942437925
4,4,0.9970977758820719
4,4,0.9980981121482535
0,0,0.9979534446603405
4,4,0.9985140789182761
4,4,0.9985139931681892
4,4,0.998514082838289
4,4,0.9985139940383884
4,4,0.9985157570416001
0,0,0.997955597656443
0,0,0.9979534417625725
0,0,0.9979507582834392
0,0,0.9979534436896257
4,4,0.9985185703805673
4,4,0.998515757394625
0,0,0.9979534429545704
1,1,0.9963260131918258
1,1,0.996157575701974
0,0,0.9979552254816667
0,0,0.9979549732591425
4,4,0.9985157579064022
4,4,0.9984495834513035
0,0,0.997953540258434
0,0,0.9979600211390216
4,4,0.9985141778339256
0,0,0.9979209324412662
4,4,0.9985139947722093
4,4,0.998514005139909
0,0,0.9979600204363046
0,0,0.9979547740130302
4,4,0.9984021354947332
0,0,0.9979404223174153
0,0,0.9979183066442114
0,0,0.9979535800305229
4,4,0.9985140830350316
0,0,0.9979530153978596
4,4,0.9985140126500065
4,4,0.998515361139699
0,0,0.9979534434108028
0,0,0.9979534460410828
4,4,0.9985139939410956
4,4,0.9967032144544892
4,4,0.9985139946740506
4,4,0.9985151428129238
4,4,0.9985140776107605
0,0,0.9979534426649106
4,4,0.9985157539861002
0,0,0.9979534429545704
1,1,0.9962274062065046
4,4,0.9983444728924727
4,4,0.9985154461310018
4,4,0.9985140920017409
1,1,0.9963262170824431
1,1,0.9963262317104136
4,4,0.9985193855337499
0,0,0.9979555968688133
4,4,0.9983751412862591
0,0,0.997953832360152
4,4,0.9983280043739857
0,0,0.9979538323601548
4,4,0.9985141577284364
0,0,0.9979532745404726
1,1,0.9963260293092064
4,4,0.9982976770977188
4,4,0.9985029599333485
4,4,0.9985140812450084
4,4,0.99851415517504
4,4,0.9983576106802226
4,4,0.9985066787971074
4,4,0.99834097443225
4,4,0.9985214456339007
0,0,0.9979534429545598
4,4,0.9985137531833085
0,0,0.997953446735101
4,4,0.9985154893098693
4,4,0.9985157815323394
1,1,0.9947567804385612
0,0,0.9979534429545598
0,0,0.9979531534509172
4,4,0.9985064369912933
1,1,0.9953793135965454
4,4,0.9985161162268477
4,4,0.9984006496450719
4,4,0.9985140776495687
4,4,0.9985078101752453
4,4,0.9985153733665204
4,4,0.9984119619945567
0,0,0.997953162646255
4,4,0.9983902259275109
0,0,0.997939427455773
4,4,0.9985140872736504
1,1,0.9938582137678391
4,4,0.9985139009508491
1,1,0.9960099583267421
0,0,0.9979534460972213
0,0,0.9979531603517512
4,4,0.9977674237681301
4,4,0.9985263282179108
0,0,0.9979535498034622
4,4,0.9971985565586272
4,4,0.9984928605135429
4,4,0.9984888549691178
4,4,0.9985143430008149
4,4,0.99833741215611
0,0,0.997953580284929
4,4,0.9984925743355787
1,1,0.9962507837969434
0,0,0.9979278971530945
4,4,0.9985140006798721
0,0,0.9979535377588562
0,0,0.9979535641513081
4,4,0.9985157567225114
0,0,0.9979583204255751
0,0,0.9979534430227316
0,0,0.9979532961990969
4,4,0.9984826522910591
0,0,0.9979519348014207
0,0,0.9979535554839788
0,0,0.9979534253172858
4,4,0.9985156287530553
0,0,0.9979529986624641
1,1,0.8921053216319444
1,1,0.9875711061390275
0,0,0.9979534429545598
4,4,0.9985154122790969
4,4,0.9985094957960642
4,4,0.9985139936652536
0,0,0.9979542405873161
4,4,0.9982622894890663
0,0,0.9979535634891962
0,0,0.9979464357074462
0,0,0.9979580110379438
4,4,0.9985140836653253
0,0,0.9979534455218119
0,0,0.9979531612351024
4,4,0.9985157543407381
0,0,0.9979531609470342
0,0,0.9979555968688498
0,0,0.9979536594447294
1,1,0.9963312498525839
4,4,0.9985153617762705
0,0,0.9979534430227316
4,4,0.9984363999262783
0,0,0.997953046705272
0,0,0.9979583196355323
1,1,0.9963728933605427
4,4,0.9976292379388333
0,0,0.9979534430227316
4,4,0.9985154393696712
0,0,0.9979401439122777
0,0,0.9979495881739853
0,0,0.9979534444396987
0,0,0.997953435666717
4,4,0.9985140847450334
0,0,0.9979560407256306
0,0,0.9979530514904816
4,4,0.9984959431495225
1,1,0.9962912040864611
0,0,0.9979532759241225
4,4,0.9985137298398661
4,4,0.9985140873514935
4,4,0.9984844167628508
0,0,0.9979531302992127
4,4,0.9983873727325293
4,4,0.9984888147303489
4,4,0.9985142021677237
0,0,0.9979531603402788
0,0,0.9978379841285
4,4,0.9985153305962249
4,4,0.9984176008564246
0,0,0.9979531613336508
4,4,0.9985154140931918
4,4,0.9993083703609826
4,4,0.9985157567225114
0,0,0.9979547578100669
4,4,0.9985139982429291
4,4,0.9983507340673494
4,4,0.9985150798333308
4,4,0.9985139939576213
0,0,0.9979534883874698
4,4,0.9985068155078352
4,4,0.9985156702440116
0,0,0.9979615642180681
4,4,0.9985157788216183
4,4,0.9985157772858922
0,0,0.9979532772839294
4,4,0.9985157772858922
4,4,0.998514024207257
0,0,0.9979568732087094
1,1,0.9963260131918258
0,0,0.9979534431213194
0,0,0.9979534429545598
0,0,0.9979535390625065
4,4,0.998515757394625
4,4,0.9985139800284337
4,4,0.998515777638917
4,4,0.998514012055527
0,0,0.99795673150123
4,4,0.9985139756988968
4,4,0.998291228627016
4,4,0.9984941506822578
4,4,0.9985141562210189
4,4,0.9985139954136902
1,1,0.9944493403206929
4,4,0.9985153793923344
4,4,0.9985201450035259
4,4,0.9961131380470206
4,4,0.998514094294719
0,0,0.9976438368879047
4,4,0.9985154717513418
4,4,0.9985151887221017
0,0,0.9979534422923627
1,1,0.99625345423724
0,0,0.9979537319856232
4,4,0.9985157567225114
4,4,0.9887679391969076
4,4,0.9985154895243585
4,4,0.9984562588214498
0,0,0.9979531328561784
4,4,0.9985187905271677
4,4,0.9985153761245051
0,0,0.9979580107290822
4,4,0.9933449023725951
0,0,0.9979534443712894
4,4,0.9985139730599099
4,4,0.9985138389713599
0,0,0.9979549520323255
4,4,0.9985160984955105
4,4,0.998515444870109
4,4,0.9985140129072017
4,4,0.9977538119985615
4,4,0.9985140809139315
4,4,0.9985140212975538
0,0,0.9979534447283668
0,0,0.9979537255137878
4,4,0.9985140853543015
0,0,0.9979534421353782
4,4,0.9985153975539761
0,0,0.9979532759241225
4,4,0.9985141144335635
0,0,0.9979540669574757
0,0,0.997953299429339
0,0,0.9979278971530945
4,4,0.9985140872356609
1,1,0.9102171062915562
4,4,0.9981234319146464
0,0,0.9979543780166321
4,4,0.9981491649601634
4,4,0.9985270598525575
4,4,0.9985157612880473
0,0,0.9979534877259677
0,0,0.9979534422923627
0,0,0.997950850518105
0,0,0.9979537521866896
4,4,0.9984696347471822
4,4,0.9984102281869792
0,0,0.9970322374393616
4,4,0.9985140065397551
4,4,0.9985139951028641
0,0,0.9979528685359714
0,0,0.9979532850953146
4,4,0.9995239916121197
4,4,0.9985000879804832
4,4,0.9983948961934518
0,0,0.9975361851413388
0,0,0.9979534463295064
4,4,0.9967212262520605
0,0,0.9979526119354308
4,4,0.9985140779739811
0,0,0.9978655985859846
4,4,0.9985140808478385
4,4,0.9985141043491207
1,1,0.9963228782244451
4,4,0.9985141672059771
0,0,0.9979537262423364
4,4,0.9985140798444576
1,1,0.996892216787111
1,1,0.9963261781269279
0,0,0.9979550858891313
0,0,0.9979511615617458
0,0,0.9979531606286011
4,4,0.9985140989102569
1,1,0.9963702205389203
1,1,0.9963728926203685
0,0,0.9979540502744997
0,0,0.9979534422923627
0,0,0.9979534467562625
4,4,0.9985142486050315
0,0,0.9979571626695718
0,0,0.9979436045313115
0,0,0.9968978641990842
0,0,0.9979554186200253
4,4,0.9985134899437516
0,0,0.9979537761675845
4,4,0.998513992598803
4,4,0.9985153047364893
4,4,0.9985057734262243
4,4,0.9984283417349176
0,0,0.9979531996226341
4,4,0.9985137466511601
4,4,0.9985157570416001
0,0,0.9979548978614399
0,0,0.9979530394316243
4,4,0.9985140063896054
4,4,0.9986521733343248
4,4,0.9985138946739313
4,4,0.9985140786573947
0,0,0.9979409530526173
0,0,0.9979534434108028
0,0,0.997866274714855
4,4,0.998515777638917
0,0,0.9979567311165449
4,4,0.9983366444399696
4,4,0.9985148636039415
1,1,0.9963260131918258
1,1,0.9968720545085787
4,4,0.9984923074741096
4,4,0.9982342245255308
0,0,0.997953580284929
0,0,0.9979533962593732
2,2,0.9936343520520795
4,4,0.9965748087273457
1,1,0.9958676140583699
0,0,0.9979097401596443
4,4,0.998513648041007
0,0,0.9979534467562625
0,0,0.997954951258324
4,4,0.9985189125820482
4,4,0.993420424799286
1,1,0.9963293150864004
4,4,0.9985140777370218
4,4,0.9985157567225025
0,0,0.9979544259353413
4,4,0.9985157567225114
4,4,0.9985067851296099
4,4,0.9985157563691316
4,4,0.9985140800678519
0,0,0.9978932812115777
4,4,0.9985152961415741
0,0,0.9979546371619802
0,0,0.9979534874363918
4,4,0.9980936546995984
0,0,0.9979546408967006
0,0,0.9978861041993258
0,0,0.9978543362186382
0,0,0.9979531603403227
0,0,0.9979535381507662
0,0,0.9979597986390782
4,4,0.9983183944234589
0,0,0.9979537205830729
1,1,0.9963728973045282
4,4,0.998515358372388
4,4,0.9985194816607392
4,4,0.9985126298561218
1,1,0.8010273427168209
0,0,0.9979534446603405
0,0,0.9979532772924226
4,4,0.9982610541138008
0,0,0.9979534429545647
4,4,0.9985203019229688
0,0,0.9979535381507662
4,4,0.9985140856662686
1,1,0.9963702205389203
0,0,0.9979536583543968
0,0,0.9979535409851861
4,4,0.998513996623752
1,1,0.996326001747431
4,4,0.9985139939917638
0,0,0.9979531998988179
4,4,0.9985176197104836
0,0,0.9979540929603655
0,0,0.9979530420051801
0,0,0.9979535379981728
4,4,0.9985132133596883
4,4,0.9985155050139839
0,0,0.9979549112384778
1,1,0.9954278674467157
0,0,0.997954258718897
4,4,0.9984566698626326
4,4,0.9985154091280459
0,0,0.9979278972902521
0,0,0.997953009000795
0,0,0.997953540258434
4,4,0.9985155920835245
0,0,0.9979534426649211
0,0,0.9979534446603192
4,4,0.9985068044188143
1,1,0.9962167664963933
0,0,0.9979535382015152
4,4,0.9985139739678036
4,4,0.998514079955753
4,4,0.9985140114880489
0,0,0.9979529949776819
4,4,0.9985139937244449
0,0,0.9979535646842054
4,4,0.998514088283593
4,4,0.9982602831213293
4,4,0.9979925679737734
4,4,0.9983414972576253
1,1,0.9963260044597005
4,4,0.998515777638917
4,4,0.99851408838654
4,4,0.9977259529660532
4,4,0.9985140880971094
0,0,0.9979532989976447
4,4,0.9979570798357478
4,4,0.9979191943100195
0,0,0.9979535804643479
4,4,0.998515777638917
4,4,0.9985138214297234
0,0,0.997953163456796
1,1,0.9962640430349603
4,4,0.9985159098999501
0,0,0.997952862502341
4,4,0.9985172599402014
4,4,0.9985157567225025
4,4,0.9985140848623173
0,0,0.9979534417625725
4,4,0.9980352239959943
4,4,0.9985177877097997
0,0,0.9979531651620571
0,0,0.9979556846876312
0,0,0.9979534468829322
0,0,0.9979534434108028
4,4,0.9985140821235756
4,4,0.9985140842967906
4,4,0.9984383207873967
0,0,0.9979534253172858
0,0,0.9979421699950121
4,4,0.998514233028621
4,4,0.9985154891916541
0,0,0.997953442425209
0,0,0.9979568963759909
0,0,0.9979513394710112
4,4,0.9984224523291708
4,4,0.9985157543407469
4,4,0.9981442753015276
4,4,0.9980012011027445
0,0,0.997953955148614
4,4,0.9981108788025959
0,0,0.9979547524451509
0,0,0.9979534427000186
1,1,0.9963259983891478
1,1,0.9963262317104136
4,4,0.9985157488536821
4,4,0.9985194760345931
1,1,0.9962913619692595
0,0,0.9979534421705095
0,0,0.9979534873185344
0,0,0.9979531466997296
4,4,0.998515262464012
4,4,0.9985157570416001
4,4,0.9985137582889544
4,4,0.9985154415384353
4,4,0.9985140067689621
0,0,0.9979534484883653
0,0,0.9979534464679936
4,4,0.9985157772858922
4,4,0.9924274236987507
0,0,0.9973613037207579
4,4,0.9985019328571356
4,4,0.9985138890774012
1,1,0.9963136949398176
4,4,0.9985073292882212
4,4,0.9985126548677284
4,4,0.9985154419570633
4,4,0.9985070956305653
4,4,0.9985133053824216
0,0,0.997953446229445
4,4,0.9985154116995425
4,4,0.9982031084036194
4,4,0.9985139729998544
4,4,0.9985139999903805
0,0,0.9979580165449042
4,4,0.9985140861024153
4,4,0.9985140067697411
0,0,0.9979535806920353
0,0,0.9979532520018654
1,1,0.9310956965626274
0,0,0.997953395955454
4,4,0.9984496638374754
0,0,0.9979598192677207
0,0,0.9979534877259573
0,0,0.9979540669777385
0,0,0.9979580157684981
0,0,0.9979534427334666
1,1,0.9962912040864611
1,1,0.9956959809698042
4,4,0.9985138506576761
4,4,0.9985139969689344
4,4,0.9985137543015349
0,0,0.9979512873884985
1,1,0.9963262325495454
4,4,0.9985153580671821
4,4,0.9985195771642071
0,0,0.9977508787669409
0,0,0.9979531476062706
1,1,0.9963135291660673
4,4,0.9984949302569486
4,4,0.9985140779506986
0,0,0.9979531585160223
4,4,0.9986193913729963
0,0,0.9979534484883653
0,0,0.9979534439283267
4,4,0.9985137497800528
2,2,0.9982251471893756
4,4,0.9985070521493636
0,0,0.9979534434108028
0,0,0.9979278971530945
4,4,0.9985140789924991
4,4,0.9985202977274936
4,4,0.998515777638917
4,4,0.9985156729782204
0,0,0.9979534427489739
4,4,0.9985141680500965
0,0,0.9979534424252197
1,1,0.996474528775157
4,4,0.9985010377404349
4,4,0.9985140799359015
0,0,0.9979533916966056
1,1,0.9958307546421207
4,4,0.9985150945484449
1,1,0.9961313064008888
4,4,0.9984675955742419
0,0,0.9979512886765062
0,0,0.9979542406308883
4,4,0.9985160125207039
0,0,0.9979468361953634
0,0,0.9979156685884841
4,4,0.9985140847450334
4,4,0.9985140865263729
0,0,0.9979534451155975
0,0,0.9976013758414476
4,4,0.9985138885573537
4,4,0.9985139942956116
4,4,0.9985140219491498
4,4,0.9985064470095358
0,0,0.997953442425209
4,4,0.9985150898270866
4,4,0.9983805665570532
0,0,0.9979534435285519
0,0,0.9979535657379734
4,4,0.9985140118035469
1,1,0.9963260821873025
1,1,0.9963260131918258
4,4,0.9984608780639531
4,4,0.9983005665201463
0,0,0.9976589399751756
0,0,0.9979555968688133
4,4,0.9985140102021361
4,4,0.9973951339719498
0,0,0.9979549520323255
4,4,0.9985140791336516
4,4,0.9985149868523544
4,4,0.9984793006101366
0,0,0.9979672334910835
4,4,0.9983545397348158
0,0,0.9979541009618635
4,4,0.9985155329025023
4,4,0.9985141657856312
0,0,0.9979531998988179
4,4,0.9985008276848781
1,1,0.9963728926203685
0,0,0.9979028290682594
0,0,0.997953047112232
4,4,0.9984368164692262
4,4,0.9985140857650425
4,4,0.9984590853449653
4,4,0.998512590867934
4,4,0.99851383601468
0,0,0.9979535644402634
4,4,0.9987211603464915
0,0,0.9979535804643479
4,4,0.9985157567225114
4,4,0.9985140882379048
4,4,0.9985154178652441
4,4,0.9985141043786517
0,0,0.997681769829651
0,0,0.9979532609370199
0,0,0.9979534429545598
4,4,0.9985186667026905
4,4,0.9985157567225114
4,4,0.9985140975276564
4,4,0.9985188184989873
0,0,0.9979534429545647
0,0,0.9978881546940233
4,4,0.998515777638917
0,0,0.9979546819858337
4,4,0.9983236371063227
4,4,0.9985141102296704
4,4,0.9946923986478615
4,4,0.9982110462285664
4,4,0.9980974142970003
4,4,0.9984892910747971
0,0,0.9979534429545598
4,4,0.9985157543407381
4,4,0.9985139943598561
4,4,0.9984534460882609
0,0,0.9979524013526822
0,0,0.9977121125647993
0,0,0.99792789802683
4,4,0.9981648901301831
0,0,0.9979534429545704
4,4,0.9985157567225114
4,4,0.9985139954123637
1,1,0.996264061780687
4,4,0.9985145675122601
0,0,0.9979534429545647
1,1,0.996284557240465
0,0,0.9964837190669467
0,0,0.9978927347864636
4,4,0.998513889122636
0,0,0.997953446229445
4,4,0.9985140006641521
4,4,0.998514097404856
4,4,0.9985140939825701
0,0,0.9979474722854864
1,1,0.9963262325495454
4,4,0.9967176050715846
0,0,0.997953445115576
0,0,0.9979533927422477
4,4,0.9985163936003248
0,0,0.9979534460972213
0,0,0.9979535401905415
4,4,0.9984955428451397
4,4,0.998515603386852
0,0,0.9979378274246581
0,0,0.9979556038900457
0,0,0.9979554177279748
4,4,0.9985058022180153
4,4,0.9984466815602089
0,0,0.9967857368246029
4,4,0.9940676688375919
0,0,0.997954918826577
4,4,0.9985139936021697
0,0,0.9979549520323255
0,0,0.9979542405873161
4,4,0.9979801540577647
0,0,0.9979534426649106
4,4,0.9985162802378965
4,4,0.9985140011910325
0,0,0.9979534446603405
0,0,0.9979535387273067
4,4,0.9984447995368059
4,4,0.9971866368146625
4,4,0.9985063962337316
0,0,0.9979535804643799
0,0,0.9979534394700392
0,0,0.9979547901972151
4,4,0.9984001838857735
0,0,0.9979530462067998
4,4,0.9985140853831977
0,0,0.9979535373445498
4,4,0.9985117889229277
4,4,0.9988483640599249
0,0,0.9979479500843759
1,1,0.9963729151626697
4,4,0.96583491285438
4,4,0.998501166784532
0,0,0.9979393460595147
0,0,0.997952465458443
0,0,0.9979535381320545
4,4,0.9976481161728249
4,4,0.9986478652657426
0,0,0.9979397362830721
4,4,0.9985194639407569
0,0,0.9979547597488925
0,0,0.9979589808048599
4,4,0.9985057678731083
4,4,0.9985153602067981
4,4,0.9985394359392049
0,0,0.9979531606285673
4,4,0.9985139964918874
4,4,0.9985140009263924
0,0,0.9979546370938077
4,4,0.9984444313361942
4,4,0.9985153603991
0,0,0.9979534472882441
4,4,0.9985060768739951
1,1,0.9963262170824431
0,0,0.9979600204363046
4,4,0.9980586710074569
0,0,0.9979599759294195
0,0,0.9979542985464586
4,4,0.9985157543407381
0,0,0.9979404028748218
0,0,0.997953580284929
0,0,0.9979534427334666
0,0,0.9979409630190726
0,0,0.9979510997107157
4,4,0.9983531039485428
0,0,0.9979535373532706
4,0,0.6899246855386513
4,4,0.9985140100323917
0,0,0.9979534424102874
0,0,0.9979202331081982
4,4,0.9985139997163337
0,0,0.9979535391321902
0,0,0.997890577742659
0,0,0.9978710760893583
4,4,0.9985140798707383
4,4,0.9985140776539453
1,1,0.995233267495642
0,0,0.997942687342102
4,4,0.9985071499294431
4,4,0.9985140810448981
0,0,0.997953724857232
4,4,0.9985157563691316
4,4,0.9984493074504833
4,4,0.9985094209731015
4,4,0.998483580836148
4,4,0.9985140116773412
4,4,0.998513260987732
4,4,0.9985188191937164
0,0,0.9979531993283106
4,4,0.9985139946836894
4,4,0.9985194926689763
1,1,0.9963728900355869
4,4,0.9985157567225114
4,4,0.9985140069972188
0,0,0.997953662074235
4,4,0.9985140117247486
4,4,0.9985158371823624
0,0,0.9979533643302713
4,4,0.9985141667978662
4,4,0.9985140822868639
1,1,0.9963259839857266
4,4,0.9985158581924838
0,0,0.9979278972902521
4,4,0.9973303300254259
1,1,0.9956882122800408
4,4,0.9985140776490206
4,4,0.9985150960694151
0,0,0.9979535637787723
4,4,0.9985140147989223
4,4,0.9983356867725578
0,0,0.9979534426649106
0,0,0.9979532609484099
0,0,0.9979685162095931
0,0,0.9979534356667067
0,0,0.9979598190557467
4,4,0.9985139941913335
4,4,0.9984991208200822
4,4,0.998514004777943
4,4,0.9980785190892629
0,0,0.997955230160053
4,4,0.9984303822265168
4,4,0.9985205496234161
4,4,0.9985140070225361
4,4,0.9985141833572503
4,4,0.9985154173178717
4,4,0.9983290989670144
0,0,0.9979541372477405
0,0,0.9979533816369047
1,1,0.9963733676316372
1,1,0.9963066058971352
4,4,0.9985194694986619
4,4,0.9985143412666688
0,0,0.9979534426649426
1,1,0.9963228782244451
4,4,0.9981767603416484
1,1,0.9963262317104136
0,0,0.9979607079300873
4,4,0.9956771915850847
4,4,0.9985194811437447
1,1,0.9963261781269279
0,0,0.9979534434108028
0,0,0.9979535796231002
1,1,0.9962945548198612
0,0,0.9979537255137878
0,0,0.9979535723981604
4,4,0.9985154992880241
4,4,0.998513993102203
1,1,0.9963738824024105
0,0,0.9979416649425601
4,4,0.9985140789421074
1,1,0.9963260140348653
4,4,0.998420828483428
4,4,0.998236362129356
4,4,0.9980957923134461
4,4,0.9985140792716686
2,2,0.9982341054056256
4,4,0.9985162509642304
0,0,0.9978772065127945
4,4,0.9978818376908464
1,1,0.9963323738429621
0,0,0.9979571702847704
4,4,0.9985153347597648
4,4,0.9985016351427286
0,0,0.9979535800305229
0,0,0.9979534427000186
4,4,0.9985059846797291
4,4,0.9985196499252454
4,4,0.9983957856202792
4,4,0.9985140800678486
4,4,0.9984923933903409
2,2,0.9954566313878095
0,0,0.9979535833206812
4,4,0.9900384137116854
4,4,0.9985140968421877
4,4,0.9985134050037865
1,1,0.9963112417328133
4,4,0.9985154606670342
0,0,0.9979532392560418
4,4,0.9985139952490707
4,4,0.9981573181606974
0,0,0.9979532987098635
4,4,0.9979359467657661
4,4,0.9985139350556976
4,4,0.998514005139909
0,0,0.99795716273333
0,0,0.9979535387273067
1,1,0.9960540711816578
4,4,0.9985142739447507
0,0,0.9979583204255751
4,4,0.9985157543407381
4,4,0.9980965097048485
4,4,0.9985140136272724
4,4,0.9985188513288982
4,4,0.9985001490055755
0,0,0.9979534253172752
4,4,0.9983209734321274
4,4,0.9984781186870451
4,4,0.9985161182854044
4,4,0.9985141788148795
0,0,0.9979599923044243
4,4,0.9984051914426649
0,0,0.9979544942165448
4,4,0.9981622265537138
0,0,0.9979534467562625
0,0,0.9979535513000577
0,0,0.9979534429545919
0,0,0.9979542595574699
0,0,0.9977082578487367
0,0,0.9978812972348821
4,4,0.998935852062308
0,0,0.9979534467562728
1,1,0.9963260140348653
1,1,0.9963262170824431
4,4,0.9984207253824164
0,0,0.9979534427489739
0,0,0.9979537311830804
4,4,0.9985003672849563
2,2,0.9768874240260521
0,0,0.9979535606124761
4,4,0.9985153533943103
4,4,0.9985204335134877
4,4,0.9985152618634465
4,4,0.9985140868034371
0,0,0.9979202303193688
0,0,0.9979534467562728
0,0,0.9979538323487985
0,0,0.9987357366182946
0,0,0.9979536590820554
0,0,0.9979534426649106
4,4,0.9985075475337453
4,4,0.998515545812296
4,4,0.9985139729334422
4,4,0.9983974841467239
2,2,0.9984354054944424
4,4,0.9983312529589181
0,0,0.9979533927422262
0,0,0.9979554177279748
4,4,0.9984559562510371
1,1,0.9956062751841791
4,4,0.9985140847060003
4,4,0.9985201437557084
0,0,0.9979529068919333
0,0,0.9979535401908456
4,4,0.9985135426453952
0,0,0.9979534913046725
4,4,0.998514640813177
4,4,0.9983704516495197
0,0,0.9979531584071584
4,3,0.9999999964610973
1,1,0.9963738824024105
4,4,0.9985157579064022
4,4,0.9985065385459378
4,4,0.9985067767069191
1,1,0.9959887966702433
4,4,0.9982014102231281
4,4,0.9985026318576826
0,0,0.9979491072821011
4,4,0.9985140798699517
4,4,0.998519494559049
4,4,0.9985153450565221
0,0,0.9979597744729279
4,4,0.9985157772858922
4,4,0.9983771436145663
4,4,0.9983712375340054
4,4,0.9983169269035576
0,0,0.9979530481659775
0,0,0.9979534434108028
0,0,0.9979394099258297
1,1,0.9962103425010522
1,1,0.9961866188895713
1,1,0.9963259965428791
0,0,0.9979542985381177
0,0,0.9979534427000186
0,0,0.9979535637787723
4,4,0.9982585927565282
4,4,0.998721415577698
4,4,0.9985154543119487
0,0,0.9979534426649154
4,4,0.9985066297644574
1,1,0.9963734510772613
4,4,0.9984306931683751
4,4,0.9985237075473234
0,0,0.9979534429545704
1,1,0.9774617613109087
0,0,0.9979534469883655
0,0,0.9979583196355323
1,1,0.9963261616198256
4,4,0.9985140072383323
4,4,0.9985138806736479
4,4,0.9985151808217686
0,0,0.9979535673574773
4,4,0.9985140776498157
4,4,0.9984130890202428
0,0,0.9979528681305605
4,4,0.9985140883483422
0,0,0.997953161621579
0,0,0.9979599880630187
4,4,0.9985016344801185
4,4,0.9985185100324239
1,1,0.9961837722628856
1,1,0.9932542187233447
4,4,0.9985140067307505
0,0,0.9979571702847704
4,4,0.9985065370712497
0,0,0.997953161621579
4,4,0.9985140795619388
4,4,0.9985150893670416
4,4,0.9974930760912762
4,4,0.9985187966429965
1,1,0.9963728973045282
4,4,0.998515777638917
0,0,0.997953268782006
1,1,0.9962997889262202
4,4,0.9985140026747373
0,0,0.9979528682481905
0,0,0.9979534447283454
0,0,0.9979531620269901
4,4,0.9985139971220395
0,0,0.9979535800305335
4,4,0.9979012237323285
0,0,0.9979278972902521
4,4,0.9985154385530202
4,4,0.9985139927648978
4,4,0.9985140778424137
4,4,0.9980967539276862
0,0,0.9979531936516047
0,0,0.9979532985922334
4,4,0.998514004398478
4,4,0.9985153913714363
0,0,0.9979534424252197
4,4,0.9985138822952386
4,4,0.9950603905668989
0,0,0.9979538323488083
0,0,0.9979531856266507
4,4,0.9985139009508491
4,4,0.9983047994334308
4,4,0.9985138629812601
4,4,0.9985132826988208
4,4,0.998489378556285
0,0,0.9979531612351024
4,4,0.9982956200917139
0,0,0.9979534484883653
0,0,0.9979534429545598
4,4,0.9984500240809938
0,0,0.9979533613620848
1,1,0.9963729155318592
4,4,0.9985174323130576
0,0,0.9979571702847704
4,4,0.9984982181624961
4,4,0.9966820813653584
4,4,0.9978350698925117
4,4,0.9985140843439801
4,4,0.9985137458885178
4,4,0.9983457230482098
4,4,0.9982016138171176
0,0,0.9979537884798798
4,4,0.9985139939576302
4,4,0.9985125978954832
4,4,0.9985153113306348
4,4,0.998515410185988
1,1,0.9963149863429183
4,4,0.9985153696103397
0,0,0.9979534438178878
0,0,0.9979508269508592
0,0,0.9979534429545598
4,4,0.9985139925995625
4,4,0.9985140827972336
1,1,0.9963255251849531
4,4,0.9983604138254818
1,1,0.9963066227690429
0,0,0.9979535387863153
0,0,0.9979615642180681
4,4,0.9985140046907369
4,4,0.9985151003676871
4,4,0.9985046434082717
4,4,0.9985122985843358
4,4,0.9985139929409865
4,4,0.9984565403150856
0,0,0.9979535804643479
4,4,0.999084000503037
0,0,0.9978911351040153
0,0,0.9979534427489739
4,4,0.9985140765813892
0,0,0.9979598007117
4,4,0.9985140134469181
0,0,0.9979530464612271
0,0,0.9979537201765062
0,0,0.9979533012220929
1,1,0.9963728926203685
4,4,0.9985139936908894
4,4,0.9985193603359853
4,4,0.998516091574963
0,0,0.9979530712059757
4,4,0.9979628912185239
4,4,0.9982081764936978
0,0,0.997954637093776
0,0,0.9979401342813731
0,0,0.9979568742033079
4,4,0.9985157563691316
4,4,0.9985153596404887
4,4,0.9985156702440203
0,0,0.9979476892801191
4,4,0.9974144611031016
4,4,0.9983775622058434
0,0,0.9979516860106495
4,4,0.998400133831395
4,4,0.9985140392736774
4,4,0.9982951400539362
4,4,0.9986884875471007
4,4,0.9985135536123503
4,4,0.9988483640599249
4,4,0.9985153541521902
0,0,0.9979531612351055
0,0,0.997948934757984
4,4,0.9985154801602948
4,4,0.9985139940419098
4,4,0.9985157539861002
0,0,0.9999999963454267
4,4,0.998514165814426
4,4,0.9984875418666963
1,1,0.9963260011819504
4,4,0.9955981574950264
4,4,0.998515442602981
0,0,0.9979598190557467
4,4,0.9985140024667125
4,4,0.9985205400990274
4,4,0.9985140043839961
0,0,0.9978612029432617
4,4,0.9985140794913713
0,0,0.9979599923044243
1,1,0.9960910572098098
0,0,0.9979534431563968
4,4,0.9987304662038151
4,4,0.9981424535123173
4,4,0.9985140006928482
4,4,0.9971554399599022
4,4,0.9985137485144008
4,4,0.9984078691552046
4,4,0.998514079562735
0,0,0.9979534430723868
0,0,0.9979534443712894
4,4,0.9982060222163771
4,4,0.9985139939792061
0,0,0.9979531977984124
4,4,0.998448330870254
0,0,0.9979535666634589
4,4,0.9985139925474246
4,4,0.9985197855588743
4,4,0.9985153616623875
0,0,0.9979534484883653
4,4,0.9985140975453849
0,0,0.9979549186569461
0,0,0.9979531603517616
0,0,0.9979534430227316
4,4,0.9985141106144534
1,1,0.989389587769947
2,2,0.9961264822654041
0,0,0.9978862185319559
4,4,0.9985140789473346
0,0,0.9979531498722151
0,0,0.9979568754727525
0,0,0.9979533927422477
2,2,0.9981999565332691
4,4,0.9985139834593494
0,0,0.9979546703827596
0,0,0.9979534464679936
4,4,0.9985157772858922
0,0,0.9979528685245235
4,4,0.9985037050750293
4,4,0.9985140074604746
0,0,0.9979535564616665
0,0,0.9979534429545598
4,4,0.9984930152644469
4,4,0.99851375402458
4,4,0.9985181794344632
4,4,0.9985059603804147
1,1,0.9962663859002082
4,4,0.9984793998789827
4,4,0.9980105107411781
4,4,0.9985142054937532
4,4,0.9985142469237098
1,1,0.9963259971497036
1,1,0.9963702205389203
4,4,0.9984486972035583
0,0,0.9979539148645654
1,1,0.9960027378714121
4,4,0.9985140803048782
4,4,0.9972589732079741
4,4,0.9984888549691178
4,4,0.998514000849127
4,4,0.9985140916375339
4,4,0.9985149925995527
1,1,0.9963738824024105
4,4,0.9984813679944868
4,4,0.998514008780559
4,4,0.9985141238986852
4,4,0.9982461594984455
1,1,0.9963588926619326
0,0,0.997953337352386
1,1,0.9957275729842264
4,4,0.9985140017438751
4,4,0.9985140796888227
1,1,0.9962127667294821
0,0,0.9979530398649216
0,0,0.9979598216136553
0,0,0.9979534417625725
0,0,0.9979499609352722
4,4,0.9982113550822737
4,4,0.9985140009263924
4,4,0.9983247275128839
4,4,0.9985153681659464
4,4,0.9981174724642002
4,4,0.9985130554251397
2,2,0.9981204986107662
4,4,0.9985157539861002
4,4,0.998515672625116
0,0,0.9979550686359655
4,4,0.9985139967138603
0,0,0.9979505333784539
4,4,0.9985153592726872
4,4,0.9985140020042805
1,1,0.9963441487082422
0,0,0.9979568758441385
1,1,0.9962212485395551
4,4,0.9985140794913713
4,4,0.9985138280927272
0,0,0.9979534427334666
4,4,0.9985155204421802
0,0,0.9979534451155975
4,4,0.9973945041915488
4,4,0.9984936760884403
4,4,0.998515374528781
4,4,0.9985000766391587
4,4,0.9984444849077603
4,4,0.9985140900106289
0,0,0.9979534427334666
4,4,0.9985063731983468
4,4,0.9928494057073296
4,4,0.9985143443219185
0,0,0.9979535804643479
0,0,0.9979537255137878
4,4,0.998515777638917
0,0,0.9979528685359743
0,0,0.997954344810283
0,0,0.9979535520835393
4,4,0.9985139935987801
1,1,0.9963109777904674
4,4,0.9985140848631041
0,0,0.9979527647974479
4,4,0.9985140075126776
4,4,0.9887764858216631
0,0,0.997953276693722
1,1,0.995594060150788
0,0,0.9979527824882694
4,4,0.9985139959507779
4,4,0.9985160195771294
0,0,0.9979534559041002
4,4,0.9985139939576302
4,4,0.998518561893104
4,4,0.998514083100761
4,4,0.9985156741611584
0,0,0.9979534430227316
0,0,0.9979542107802992
4,4,0.9985003816134037
1,1,0.9963749221754293
4,4,0.9983305981310381
4,4,0.9984314414070987
4,4,0.9985153760821912
0,0,0.9979394598557702
0,0,0.9979552569153751
4,4,0.9976201671079351
0,0,0.9979534464679984
4,4,0.9985157539861002
1,1,0.9963733669169466
4,4,0.9985157555288439
4,4,0.9985018498080496
0,0,0.9979534879803633
4,4,0.9985157772858922
4,4,0.9985157579064022
4,4,0.9985140031259165
4,4,0.9985140793978198
4,4,0.998500339600153
1,1,0.9960544771240409
0,0,0.9979531860006309
0,0,0.9979571694880558
1,1,0.9959562653748151
0,0,0.9979534441321005
4,4,0.9985277853517511
4,4,0.9985150944251207
4,4,0.9993271382926014
4,4,0.9984984404198178
0,0,0.9979556908023678
4,4,0.9983359630432185
0,0,0.9979549519192905
4,4,0.9985078924551487
0,0,0.9979534430227316
0,0,0.9979520195136031
4,4,0.9985141155701885
4,4,0.9983375589499976
0,0,0.9979541001603135
0,0,0.9979534438178878
4,4,0.9985140800678424
4,4,0.9984176008564246
0,0,0.9979531603402788
1,1,0.9961390156661655
4,4,0.9985199514257218
0,0,0.9979568963759909
4,4,0.9985153704406637
4,4,0.998513975754994
1,1,0.9963256358213486
4,4,0.998514081131208
0,0,0.997874355008996
0,0,0.9978927347864636
4,4,0.998514000818829
1,1,0.9962912040864611
0,0,0.9979531781317966
0,0,0.9979531324453509
0,0,0.9979531498722255
0,0,0.9977138724836703
4,4,0.9985149779294262
0,0,0.9979531609470342
0,0,0.9979531325676274
0,0,0.9979534446603192
0,0,0.9979534439283164
4,4,0.9984878413483695
4,4,0.9985142605800577
4,4,0.9985141438478488
4,4,0.9978093385295004
4,4,0.9984911302184273
4,4,0.9985157488536821
0,0,0.9979549188265664
0,0,0.9979543446163126
4,4,0.9984068206815756
4,4,0.998480252417733
1,1,0.9963728973045282
4,4,0.9985157606198491
1,1,0.9963728973045282
4,4,0.9998290035943724
4,4,0.9985179074068552
4,4,0.9985162829486203
4,4,0.9985153481243078
4,4,0.9985026165841615
0,0,0.997953206616536
4,4,0.9985139937511857
4,4,0.9985157582519605
4,4,0.9969896308236511
4,4,0.9979138374015195
0,0,0.9979532759156143
0,0,0.9979599923044243
4,4,0.9985139973208101
1,1,0.9963148352596195
4,4,0.9983891570179333
4,4,0.9983048000565475
0,0,0.9979534427334666
0,0,0.9979534427334666
4,4,0.9985140007288819
4,4,0.9984496839718543
0,0,0.9979534362441888
1,1,0.9963400859526379
4,4,0.9985202860006755
4,4,0.9985157539861002
4,4,0.9985140872842638
0,0,0.9979531498722151
0,0,0.9979542992899445
4,4,0.9985141056675458
0,0,0.9979534435285734
4,4,0.9978852953623027
0,0,0.997953150126621
4,4,0.997809778057841
2,4,0.7911967011345042
4,4,0.9985157788216183
4,4,0.9985140054293378
4,4,0.9985078062235779
0,0,0.9979682356672118
0,0,0.9979534429545598
4,4,0.9985155092215888
4,4,0.9983663463668945
4,4,0.9984701234728601
0,0,0.9979278972902521
0,0,0.9979534417625725
4,4,0.9984915434240577
2,2,0.9745908405761537
1,1,0.9963260140348653
4,4,0.998007641111716
1,1,0.9954485358647343
0,0,0.9979534444396987
4,4,0.9985188191937164
4,4,0.9982230172016361
0,0,0.9979534426649106
4,4,0.9985140778424191
4,4,0.998514628189802
4,4,0.9985150399962999
4,4,0.998514161631981
1,1,0.996062404922275
4,4,0.9985151056671709
0,0,0.9979534436393797
4,4,0.9985140042263984
1,1,0.9963260044597005
4,4,0.99830601535992
4,4,0.9985139968612328
4,4,0.9982501303158505
4,4,0.9985140016114602
4,4,0.9985181279195565
4,4,0.9985142125700864
0,0,0.9979554961406085
0,0,0.997959800812292
4,4,0.9985139988104688
0,0,0.9979528034296085
0,0,0.9979055010231281
0,0,0.9979534429545704
4,4,0.998514009774211
0,0,0.9978781692339359
4,4,0.9985157579064022
1,1,0.9962912040864611
0,0,0.9979534467562728
4,4,0.9985140809917685
0,0,0.9979534422923627
4,4,0.9985157539861002
0,0,0.9979528685245235
0,0,0.9979341105064172
4,4,0.9985140842245601
4,4,0.9984472221218542
0,0,0.99792789802683
4,4,0.9982682002031904
0,0,0.9979514073616891
4,4,0.9985140007241211
4,4,0.9985153824283046
4,4,0.9981731504940666
4,4,0.9973362745483116
1,1,0.9963262317104136
4,4,0.9985154816644077
4,4,0.9984826357472497
0,0,0.9979511606271039
4,4,0.9985151876252967
1,1,0.9963258560881842
0,0,0.9979534251466523
4,4,0.9983364641373754
4,4,0.9985139963795275
4,4,0.9985140081588632
4,4,0.9985157539861002
0,0,0.9979548971334118
4,4,0.9966477330086898
0,0,0.9979534443712894
0,0,0.9979532047317065
4,4,0.9985157585773263
4,4,0.9985141903611998
0,0,0.9979393668449748
4,4,0.9985003669272411
4,4,0.9985153093338045
4,4,0.9984989536688312
1,1,0.9963262325495454
4,4,0.9983917468979149
4,4,0.9985139727476144
4,4,0.9977159005753442
1,1,0.9963565729263463
1,1,0.9962359756349786
0,0,0.9979534463295064
0,0,0.9979535800571466
4,4,0.9985160168467666
4,4,0.9985140879614302
4,4,0.9985137454596529
1,1,0.9962582031356051
4,4,0.9985137453862396
4,4,0.9985157543407469
4,4,0.9985140778876479
0,0,0.9979524235756209
4,4,0.9984494247324643
0,0,0.9979545625123645
4,4,0.9968410860939643
4,4,0.9985157555288439
1,1,0.99574544213611
0,0,0.997953538727301
4,4,0.9977340459929324
4,4,0.9985156729782204
4,4,0.9977686189144598
4,4,0.998514975618731
0,0,0.9979535806920139
0,0,0.9979580298288258
4,4,0.9982715044185952
0,0,0.9979534877259573
0,0,0.9979401460326004
1,1,0.996313445947723
4,4,0.9982497665039105
4,4,0.9984517787190444
0,0,0.9978676142140612
4,4,0.9206437655902063
4,4,0.9985157539861002
0,0,0.9979530989263254
1,1,0.9962728358227352
0,0,0.9979534467562671
4,4,0.998514034448973
0,0,0.9979535840408463
4,4,0.9985141855802131
0,0,0.9979534434107924
0,0,0.9979531505337057
4,4,0.9985140028095392
4,4,0.9985140802389277
4,4,0.9985090609576918
4,4,0.998513999810232
0,0,0.997954100560785
4,4,0.9984449214703919
4,4,0.9985140796841966
0,0,0.9979534426649106
4,4,0.9985157539861002
4,4,0.9984971124876195
4,4,0.9983119924510212
1,1,0.9963738824024105
4,4,0.9983492659340666
4,4,0.998513973257632
4,4,0.9985155241097924
0,0,0.9979604301898748
4,4,0.9985157772858922
4,4,0.9985137473849334
0,0,0.9979556038900667
0,0,0.9979528685359714
4,4,0.9985139956568985
0,0,0.9979535381510707
1,1,0.9962166791673618
4,4,0.9985150377428484
4,4,0.9985150940751274
0,0,0.997953363053429
4,4,0.9984764643857107
0,0,0.9979534426649154
4,4,0.9985140083546825
4,4,0.9985071035794074
0,0,0.9979527647974479
1,1,0.9963195801040832
4,4,0.9985139044930547
4,4,0.9996904452768697
4,4,0.9985160165005595
1,1,0.9963262317104136
4,4,0.9985175658520227
0,0,0.997953244574809
4,4,0.9985140978046804
4,4,0.9985140794914031
4,4,0.9985149779294262
1,1,0.9962742669150606
4,4,0.9985157772858922
4,4,0.99851730017813
4,4,0.9985156919265301
0,0,0.9979534421353676
0,0,0.9979542406308883
4,4,0.998514088511005
4,4,0.9985139945974462
0,0,0.9979542107802992
4,4,0.9982645467047756
0,0,0.9979534431563968
0,0,0.997953435666717
4,4,0.9979193078233622
1,1,0.9963437495849148
4,4,0.9971941906364645
4,4,0.9985156729782204
0,0,0.6561244648805883
4,4,0.99835452495105
4,4,0.9985138492603978
4,4,0.9985193416381867
4,4,0.9985175544159568
4,4,0.9985139930676746
4,4,0.99851384094998
1,1,0.9872614729222757
0,0,0.9979549502736003
0,0,0.9979535381507662
0,0,0.9979532063402126
4,4,0.9985139938768277
1,1,0.9963262317104136
1,1,0.9963260131918258
4,4,0.9985151843349401
0,0,0.997953580284929
1,1,0.9963241451970497
1,1,0.9963729133396115
4,4,0.9983309214509103
4,4,0.9984938806069066
1,1,0.9936044607843626
4,4,0.99851595978179
0,0,0.9979600204363046
0,0,0.997953491016396
4,4,0.9983912842928603
4,4,0.9985139947343026
4,4,0.9976826936605201
4,4,0.99851401677538
0,0,0.9979530618111956
1,1,0.9962782422853629
4,4,0.9985141150884488
4,4,0.9983277276908986
1,1,0.9963259637618722
0,0,0.9979404122183667
4,4,0.9982675725752673
0,0,0.9979555968688133
0,0,0.99795344466036
0,0,0.9977948480954656
1,1,0.9302936393910474
0,0,0.9979531505337271
0,0,0.9979568754840411
0,0,0.9979534877259677
4,4,0.9985150975849326
4,4,0.9985157563691316
4,4,0.9985140828495
4,4,0.9984585104431318
4,4,0.9985127577724584
4,4,0.9985153128025938
4,4,0.9985202754951679
4,4,0.9972446217231603
4,4,0.9973454784776126
0,0,0.9979527644982141
0,0,0.997735951172575
4,4,0.9985160078273776
4,4,0.9985109833166673
1,1,0.9963728901869653
4,4,0.9985140860576849
0,0,0.997963855086289
0,0,0.9979516906588076
4,4,0.9984130683475771
0,0,0.9979278972902521
0,0,0.9978530018874634
0,0,0.9979598192677207
4,4,0.9626577161324198
0,0,0.9979546206289583
1,1,0.9962359935975238
4,4,0.9985154314409048
0,0,0.9979532772839294
4,4,0.9984944323754245
4,4,0.9985157539861002
4,4,0.9985054928094901
0,0,0.9979520408180291
0,0,0.9979547936226877
0,0,0.9979532989976476
4,4,0.9985139998652863
0,0,0.997953185989282
0,0,0.9979530394318323
0,0,0.9979531977984124
4,4,0.9984040440498128
0,0,0.9979534420024728
0,0,0.9979534430227365
4,4,0.9984854953713118
1,1,0.9963066058971352
4,4,0.998507416043705
4,4,0.9985140072658144
0,0,0.9979531996226341
4,4,0.9985136490572052
0,0,0.9979534429545598
4,4,0.9983542253356856
4,4,0.9985133632855037
0,0,0.9979532066279831
4,4,0.9984118609162598
0,0,0.9979534446603405
1,1,0.9962076225904367
4,4,0.998513994277149
4,4,0.9985140826761888
4,4,0.9985140778033844
4,4,0.9985139095774824
4,4,0.9985155547533423
1,1,0.9962214616681673
1,4,0.9669313080724986
0,0,0.9979547435476607
1,1,0.9962727315737776
4,4,0.9985139970367349
0,0,0.9979534464679936
4,4,0.9985153592726872
0,0,0.9979534429545704
0,0,0.9979607079300873
1,1,0.9963260293092064
0,0,0.9979534253172752
1,1,0.9963262198623002
4,4,0.9985153657181899
4,4,0.998512032002904
4,4,0.9985140792215843
0,0,0.9979534459211847
4,4,0.9984183470970842
0,0,0.9979532066279936
4,4,0.9985138341046925
1,1,0.9889939181894628
1,1,0.9962166526709326
4,4,0.9985157539861002
0,0,0.9930883169192503
0,0,0.9979093057789916
4,4,0.9976587721257659
4,4,0.9985194618432404
2,2,0.9846996344713974
4,4,0.9985156741611584
4,4,0.9984152072930652
4,4,0.9985140789360119
4,4,0.9985141613289121
4,4,0.9985140790444927
4,4,0.9985140918010897
0,0,0.9979531601118001
4,4,0.9985140800418245
4,4,0.9985014583020264
0,0,0.9979542985464448
0,0,0.9979530468682903
4,4,0.9985140796888227
0,0,0.9979535384948903
4,4,0.9985137654466386
0,0,0.9979547435476749
4,4,0.9974132957816496
4,4,0.9985036588883588
0,0,0.9979571694880558
4,4,0.998514077506276
0,0,0.9979535498034808
4,4,0.9984075113572894
0,0,0.9979499627133565
4,4,0.9984943888480257
4,4,0.9962847074859071
0,0,0.9979401436331516
0,0,0.997954790064223
0,0,0.9979213397451053
1,1,0.9963728933606104
4,4,0.9985140084274688
4,4,0.9985140017941142
1,1,0.9963260821873025
0,0,0.9979534431563968
4,4,0.9985880278141257
0,0,0.9979534464679936
4,4,0.9985140016185381
0,0,0.9979583200633041
0,0,0.997953442425209
0,0,0.9979532066279831
4,4,0.9985156729782204
4,4,0.9985258877018387
4,4,0.998514079557604
1,1,0.9961891996168227
0,0,0.9979292053416966
4,4,0.9985178724394989
4,4,0.9983849234082606
4,4,0.998398101537568
4,4,0.9985139859386191
4,4,0.9985228121980425
0,0,0.9979530497855013
4,4,0.9984801296320698
4,4,0.9985153832277944
4,4,0.9985140120024646
4,4,0.998525857949061
4,4,0.9985151934260615
1,1,0.9962636444873787
0,0,0.9979213397451053
0,0,0.9979534427000186
4,4,0.9985139931129067
0,0,0.9979535804643584
4,4,0.9985160878698845
0,0,0.9979533519119351
0,0,0.9979534429545598
0,0,0.9950546661687257
4,4,0.9985157539861002
0,0,0.99795358071861
0,0,0.997953523457778
0,0,0.9979531110002416
4,4,0.998418753518212
4,4,0.9982883176500549
0,0,0.9979547597488925
0,0,0.9979531476856266
1,1,0.994766612890571
4,4,0.9985182523379065
0,0,0.9979534430227422
0,0,0.996942702332336
1,1,0.9962912040864611
4,4,0.9983635696660369
0,0,0.9979401338287621
0,0,0.9979533816280188
4,4,0.9985140790749302
0,0,0.9979531998988179
1,1,0.9962560789194984
0,0,0.9979537270499395
0,0,0.9979534430227422
0,0,0.9979530457993773
0,0,0.9979534429545598
4,4,0.9985156938940816
4,4,0.9983732841841323
0,0,0.997954512756964
4,4,0.9985140082647045
1,1,0.9963256358213486
4,4,0.9985261413424373
0,0,0.9979534431563968
0,0,0.9979571694880558
4,4,0.9985139919937345
4,4,0.9985140790889124
0,0,0.99795495203231
4,4,0.9984786939807379
1,1,0.9963258560881842
4,4,0.9985185732686785
0,0,0.9979534434108028
4,4,0.998513992640274
4,4,0.9982984336773951
0,0,0.9979470501787343
4,4,0.9985139976885383
0,0,0.9979534414724903
0,0,0.9979421880978712
0,0,0.9897209255178157
4,4,0.9985181794344632
1,1,0.9962792369566829
4,4,0.9985160873894184
4,4,0.9985157570416001
4,4,0.9985140779349504
4,4,0.9985140954242121
1,1,0.9963260140348653
0,0,0.9979535800305229
4,4,0.9985140792716686
0,0,0.9979232542721856
4,4,0.9984416445550958
4,4,0.9984353101565994
0,0,0.9979534417625725
0,0,0.9979531613336404
4,4,0.9984888549691178
4,4,0.9985127017257349
4,4,0.9985139957699811
4,4,0.9985140790896507
0,0,0.9979611562962778
4,4,0.9985166019419803
0,0,0.997953299429339
4,4,0.9985341589919877
1,1,0.9956479432277184
4,4,0.9985143353515703
4,4,0.9881500160300998
1,1,0.9963733669169466
4,4,0.9985036738469719
4,4,0.9985140975453849
4,4,0.9770158967822595
0,0,0.9979584462437843
4,4,0.9985148930695178
0,0,0.9979534443712894
0,0,0.9979531860006309
4,4,0.9938970136368082
0,0,0.997953523457778
1,1,0.9963026321909235
4,4,0.9986796939690628
1,1,0.9951139367290917
1,1,0.9581384714177207
4,4,0.9985140761761802
0,0,0.9979534427489739
4,4,0.9985078075714288
4,4,0.9983330577838533
0,0,0.9979534429545598
4,4,0.9985192211023423
4,4,0.9982432723676501
4,4,0.9968442643586175
0,0,0.9979534424788548
0,0,0.9979534464679936
4,4,0.9985140779739722
4,4,0.9985139927434185
0,0,0.9979535804643584
4,4,0.9985154452159097
4,4,0.9982501756991103
4,4,0.9985140012603865
0,0,0.9979477658395305
0,0,0.9978305021762395
4,4,0.9985157570416001
4,4,0.9985157953127052
0,0,0.9979535641509275
4,4,0.9985150958957967
0,0,0.9979532705088524
4,4,0.9985134020963062
4,4,0.9985140865263729
0,0,0.9979540925363234
4,4,0.9985140967892725
0,0,0.9979535637787723
4,4,0.9984116185059976
4,4,0.9985155403943345
0,0,0.9979531999932999
0,0,0.9979531328561998
0,0,0.9979597744729279
0,0,0.9979532759241225
4,4,0.9980181600889898
4,4,0.9985157563691316
1,4,0.8937720066086916
4,4,0.9985155532850442
1,1,0.9963565729263463
0,0,0.9979103305631961
4,4,0.9985196319243396
4,4,0.9982930570611831
4,4,0.9985153647890365
0,0,0.9979534439283164
4,4,0.9985191193371881
4,4,0.9974840133257651
4,4,0.9985183172931341
4,4,0.9985140167386023
1,1,0.9963260131918258
4,4,0.9985132426672612
0,0,0.9978830923543502
4,4,0.998514077847573
4,4,0.9985165825985474
1,1,0.9963260140348653
0,0,0.997962738062401
0,0,0.9979534430227316
0,0,0.997953162646255
4,4,0.9984495950150039
0,0,0.9979669958416164
4,4,0.9985140015686916
4,4,0.9984926220493332
4,4,0.9981249296732516
1,1,0.9963259983891478
4,4,0.99808113647821
0,0,0.9979534439283164
0,0,0.9979535644402634
4,4,0.9985026752531863
4,4,0.9985154295094942
4,4,0.9985137456217205
4,4,0.9985140783852781
0,0,0.9979528682481905
4,4,0.9985157567225114
0,0,0.9974089445234968
0,0,0.9979531609470389
1,1,0.9963702205389203
0,0,0.9979532989861967
4,4,0.9985157579064022
4,4,0.9983765866990669
0,0,0.9979546365643023
4,4,0.99851429446094
4,4,0.9985064292864719
4,4,0.9985139943596048
4,4,0.9985154765648939
4,4,0.9982265263677689
4,4,0.9985154419570633
4,4,0.9984916612150966
0,0,0.9979534431563968
1,1,0.9963728955984613
1,1,0.9963081067767645
4,4,0.9985143382799622
0,0,0.9978835272812533
0,0,0.9979414647857268
0,0,0.9979202303193688
0,0,0.9979527658024935
4,4,0.9999999955038623
0,0,0.9979535720757976
0,0,0.9979534438178878
4,4,0.9985141025596165
0,0,0.9979568889138674
4,4,0.998514005139909
4,4,0.9985140771618604
4,4,0.9982210034339061
0,0,0.997957161671088
4,4,0.9984968550746776
4,4,0.9985151960421207
4,4,0.9984931437616695
4,4,0.998514079365475
0,0,0.9979534877259677
0,0,0.9979534430770511
4,4,0.9985140800678519
4,4,0.9985151823262386
4,4,0.9985140797339477
0,0,0.9979534946882498
0,0,0.9979527647860329
1,1,0.9963728951513304
1,1,0.999617120848967
0,0,0.9973627773551244
0,0,0.9979599759294195
4,4,0.9985153526884697
4,4,0.9985139941385014
0,0,0.9979213397451053
0,0,0.9979571350353189
4,4,0.9975306805127644
4,4,0.9985150973253054
0,0,0.9979534424252197
0,0,0.9979534913046618
4,4,0.9983187617272478
4,4,0.9985151072086554
4,4,0.998514007646511
4,4,0.9985140917755206
4,4,0.9985075478617087
1,1,0.996346969506195
0,0,0.9979534882244299
0,0,0.9978882860706172
4,4,0.9985140773280183
0,0,0.997954907853957
4,4,0.998141940990511
1,1,0.9962358458664229
0,0,0.9979535800969376
4,4,0.9982505352686193
0,0,0.9979532989861967
0,0,0.9979532820895346
0,0,0.9979531651620571
4,4,0.9985075485360092
4,4,0.9985157815323394
0,0,0.9979597986390782
4,4,0.9985064032967682
4,4,0.9983537790597329
4,4,0.9968388794932945
0,0,0.9979534484883653
4,4,0.9985179154529435
4,4,0.9985140971130451
0,0,0.9979534430227316
4,4,0.9985193679780172
1,1,0.9962967755694253
4,4,0.9985156741611584
4,4,0.9984888549691178
4,4,0.9985140024667125
4,4,0.9982404000157702
4,4,0.9985139951028641
0,0,0.9979531612351024
4,4,0.9985030812420213
0,0,0.9979555968046931
4,4,0.9985009651478284
0,0,0.9979535640331784
4,4,0.9985140071383961
4,4,0.9984553222681537
4,4,0.9985455119778437
4,4,0.9985140779739905
0,0,0.9979530821171508
1,1,0.995524410965128
4,4,0.9985188513288982
4,4,0.9953206228328164
1,1,0.9963258592414282
4,4,0.99851407938171
4,4,0.9985140833676455
0,0,0.9979531922883081
4,4,0.9985150969434659
4,4,0.9985140765586326
0,0,0.9979534430227316
4,4,0.9985154123075322
4,4,0.982138621420026
4,4,0.9985142084064248
4,4,0.9985151156083355
0,0,0.9979054991072116
4,4,0.9985157570416001
4,4,0.9985139970459288
4,4,0.9985142033855757
4,4,0.998515757394625
0,0,0.9979534439283164
4,4,0.9985116206196331
0,0,0.9979403241685304
0,0,0.9979534429545704
0,0,0.9979534439283164
0,0,0.9978958957778287
4,4,0.9985182859554769
0,0,0.9979534428328077
0,0,0.9979530468683118
4,4,0.9981621400828754
0,0,0.9979671128438267
4,4,0.9980089478819505
4,4,0.9985157788216183
0,0,0.9976048529652676
4,4,0.9985157539861002
2,2,0.998964416483961
4,4,0.9985157567225114
0,0,0.9979532542443394
0,0,0.99778875913177
0,0,0.9979532985922356
4,4,0.9985140911853302
4,4,0.9985140845659954
4,4,0.9985150939860137
4,4,0.9985139936621408
0,0,0.997953381628016
4,4,0.9970980403536159
4,4,0.9979370302588914
4,4,0.9985139928195158
4,4,0.9985151047598291
0,0,0.9979508551865869
0,0,0.9979549490997404
4,4,0.9982974999686647
1,1,0.9939973885650012
4,4,0.9982224454596774
1,1,0.9963096744579563
4,4,0.9985158155569988
1,1,0.9963467290194982
4,4,0.9985116253372652
4,4,0.9985018537274448
0,0,0.9977891599039651
4,4,0.9985157570416001
0,0,0.9979531537041711
0,0,0.9979534427489739
1,1,0.9963259968210503
4,4,0.9985073567727933
4,4,0.9985154774851499
0,0,0.9979022508799963
4,4,0.9985139858147718
0,0,0.9979540933644925
4,4,0.9985140799157932
0,0,0.9979547894608877
0,0,0.997953445115576
0,0,0.9979535404105925
4,4,0.9985145200288896
0,0,0.9979534430227316
4,4,0.9985162987539868
4,4,0.9985153127692117
4,4,0.9985116013330152
0,0,0.9979290589642098
0,0,0.9978255635496108
4,4,0.9985140862289407
4,4,0.9985160935745633
4,4,0.9985153793923344
4,4,0.9985140848480482
4,4,0.9981291393768241
0,0,0.9979534443159469
4,4,0.99851407773699
0,0,0.9979546370937863
1,1,0.9962710197312841
0,0,0.9979534423605911
4,4,0.998520285854335
0,0,0.9979560279491476
4,4,0.9985139934380522
0,0,0.9978640804484276
0,0,0.9979213396087232
4,4,0.9985139953009029
4,4,0.9985141052587401
0,0,0.9979549186569932
0,0,0.9979534427000186
0,0,0.9979409530526173
4,4,0.9985140036603528
0,0,0.9979535401908456
4,4,0.9985139933123292
1,1,0.9963262170824431
4,4,0.9986026467704818
4,4,0.9984992265825327
4,4,0.9985140853642811
1,1,0.9963260131918258
4,4,0.9985140877012879
4,4,0.9985157788216183
4,4,0.9985157563691316
0,0,0.9979580157684981
0,0,0.9979535800305335
4,4,0.9984836214175926
4,4,0.9981726362057998
4,4,0.9985140124901735
4,4,0.9985140016031013
4,4,0.998458118475039
0,0,0.997953467892011
0,0,0.999994030269342
1,1,0.9950594527905173
4,4,0.998228650608849
4,4,0.9985154186727123
0,0,0.9979531603402788
4,4,0.9985013178070697
0,0,0.9979531610345298
4,4,0.9985157543407469
0,0,0.9979534427489739
0,0,0.9979534438179093
0,0,0.9979511620167683
0,0,0.9979546365642549
0,0,0.9979580157684981
4,4,0.9930306307517434
4,4,0.998506502114391
4,4,0.9985140870314934
4,4,0.9985140015353132
0,0,0.9979552263637984
4,4,0.9985156729782204
1,1,0.9962534334366628
4,4,0.9985140149149302
4,4,0.9985141925219747
0,0,0.9979531756002091
0,0,0.998110215208243
0,0,0.9979548978468764
4,4,0.9984815928221632
0,0,0.9979534427489739
4,4,0.9985151139326417
0,0,0.9979534430227316
4,4,0.9987252799027497
0,0,0.9979531859892715
0,0,0.9979534880984715
0,0,0.997953443745953
0,0,0.997655676127681
4,4,0.998328845780565
4,4,0.9985140009791981
4,4,0.9985086216922838
0,0,0.9979534431213088
4,4,0.9985150909940518
1,1,0.996326247752119
4,4,0.9984284685675017
0,0,0.9979516856572923
4,4,0.9974160463535932
0,0,0.9979534431563968
0,0,0.9979514061928032
4,4,0.998514184202717
4,4,0.998363793046238
4,4,0.9985157788216183
0,0,0.9979278939191947
2,2,0.9974997667309249
4,4,0.9985141581481386
0,0,0.9941259914484829
4,4,0.9983440300823813
4,4,0.9985140068285862
4,4,0.9985154591850213
0,0,0.9979537815042531
4,4,0.9985140522091414
0,0,0.9979535561953781
4,4,0.998515757394625
4,4,0.998519347315571
4,4,0.9984888549691178
1,1,0.9963456594957795
0,0,0.9979547435476607
1,1,0.9963738824024105
0,0,0.997946266481038
0,0,0.9979533376536949
0,0,0.9979534424592501
1,1,0.9963260293092064
0,0,0.9979533788267979
0,0,0.9999987045811566
0,0,0.9979533909855265
1,1,0.9963261940864667
4,4,0.9985027187326168
0,0,0.9979549512582981
1,1,0.9974093446592065
0,0,0.9979534467562625
0,0,0.997957155713297
4,4,0.9985181040493213
4,4,0.9985140798707445
1,1,0.9963733680412226
4,4,0.9984971388482424
4,4,0.9986201471576595
0,0,0.9979531606285673
0,0,0.9979535804643584
4,4,0.9985139935957139
4,4,0.9983421959951764
0,0,0.9979532850953466
0,0,0.9979534444396987
0,0,0.9979535564616665
0,0,0.9979416451084677
0,0,0.9979534422923627
0,0,0.9979535390117847
4,4,0.9985151001241407
4,4,0.9985140825057388
0,0,0.9979539555657204
4,4,0.998514100747118
0,0,0.9979509197848044
4,4,0.996138171855984
4,4,0.9985140796027155
4,4,0.9985140865263675
4,4,0.9985157567225025
4,4,0.9985204305279896
0,0,0.9979555968688133
4,4,0.9984493260240203
4,4,0.9985193415003263
0,0,0.9979530464611952
4,4,0.9985141456795305
4,4,0.9985140954391224
1,1,0.9963225438826973
0,0,0.9979535384354512
0,0,0.9979531321378242
4,4,0.9983866001578696
1,1,0.9963262170824431
4,4,0.9985140801938548
4,4,0.998515777638917
0,0,0.9979548971101289
4,4,0.9984892697012829
0,0,0.9979535800305229
4,4,0.9985157567225114
0,0,0.9979535510644555
1,1,0.9963261781269279
4,4,0.9985156702440203
0,0,0.9979374803279842
4,4,0.998514698995657
4,4,0.9985156732970524
4,4,0.9985140778911378
4,4,0.9985001269640009
4,4,0.9981822903462155
4,4,0.998509490954032
0,0,0.9979519479427232
1,1,0.9961242104799259
4,4,0.9985140067351931
4,4,0.9985074270494594
1,1,0.9962581057412441
0,0,0.9979548570085399
4,4,0.998495914026047
0,0,0.997953538718601
4,4,0.9985154374471462
1,1,0.9925722987084548
4,4,0.9984878413483695
0,0,0.99795344868551
0,0,0.9979534427000505
4,4,0.998514125819043
4,4,0.9985140107913814
0,0,0.9979534433619097
0,0,0.9980211337841794
4,4,0.9985140794916088
4,4,0.9985072659961038
4,4,0.9985141639875843
0,0,0.9979549349028546
1,1,0.9963256389998705
4,4,0.9985159532409552
0,0,0.9979534421353724
1,1,0.996238765054508
4,4,0.9985139935276127
0,0,0.9979530465793353
4,4,0.9978687252030227
0,0,0.9979535657379734
4,4,0.9985139933663334
0,0,0.9979531860006414
1,1,0.9963733680412226
4,4,0.9985140156409894
0,0,0.9979523124138788
0,0,0.9979534424596097
4,4,0.9358306779023517
0,0,0.9979571553131652
2,2,0.9982750882942067
0,0,0.997953442425209
4,4,0.9985140127050548
4,4,0.9985140777762701
1,1,0.996325967673847
0,0,0.9979548026489795
4,4,0.9985075687471917
0,0,0.997956569321741
4,4,0.9985140799965411
4,4,0.9969291459513119
0,0,0.9979600204363046
0,0,0.9979540933644925
4,4,0.9985068515198242
4,4,0.998514088511005
0,0,0.9979531654505319
0,0,0.9979534879803575
4,4,0.998514010474308
0,0,0.9978660581128407
0,0,0.9979202303193688
4,4,0.998499929424707
4,4,0.9985157772858922
1,1,0.9963729129005193
0,0,0.9979534417625725
0,0,0.9979531612351024
4,4,0.998515777638917
0,0,0.9979534460972213
4,4,0.998374879238893
4,4,0.9983872933078581
4,4,0.9985138222060873
0,0,0.9979534460972213
0,0,0.9979534467562625
4,4,0.9985154032943893
4,4,0.9984934603345345
4,4,0.9979046290635141
4,4,0.9984486841148241
0,0,0.9979534421353676
4,4,0.9985066787971074
0,0,0.9979535569753483
0,0,0.9979534253172752
4,4,0.9985145523936837
4,4,0.9985140808399167
4,4,0.9985138298256523
0,0,0.9979535634895554
4,4,0.9984494011815075
4,4,0.9984878413483695
1,1,0.9963597528531088
4,4,0.9953528541990675
4,4,0.9985157021701948
4,4,0.9984789254649271
0,0,0.9979534879803575
4,4,0.9983594953485594
4,4,0.9982095936649906
0,0,0.9979534429545919
4,4,0.9985364057249283
0,0,0.9979548978381783
4,4,0.9985153539843361
0,0,0.9979534312158631
4,4,0.998505260569893
4,4,0.998501602894772
0,0,0.9976086360095482
0,0,0.9979549246904954
4,4,0.9985140706362091
4,4,0.9985157788216183
0,0,0.9979534427489739
0,0,0.9979531609470371
4,4,0.9985196347620363
2,2,0.9981450246832998
0,0,0.997954774446856
4,4,0.9985154296394108
0,0,0.9979580157684981
0,0,0.9979532605451472
4,4,0.9985139731314483
4,4,0.9985140778467779
4,4,0.9985140009263924
0,0,0.997957133876436
0,0,0.997957169488066
4,4,0.9979144911184651
4,4,0.9985140011910325
0,0,0.9979542406308883
4,4,0.9982970704985098
4,4,0.998198193464815
1,1,0.9963738824024105
0,0,0.9979535800305229
0,0,0.9979532966057406
0,0,0.9979521258522691
0,0,0.9979531603402788
4,4,0.9921548918616432
4,4,0.9985139951216033
0,0,0.9979446383717211
4,4,0.9985186697498608
4,4,0.9985156729782204
1,1,0.9753804572525668
4,4,0.9985157788216183
1,1,0.9963262170824431
0,0,0.9979535800305229
4,4,0.9995102267309526
4,4,0.997936027275353
4,4,0.9984960775192729
4,4,0.9985139013762048
4,4,0.9980760849696845
0,0,0.9979552299904326
4,4,0.997481764510633
0,0,0.9979531612351072
0,0,0.9979531610459581
0,0,0.9979534464679984
4,4,0.9984893713915004
4,4,0.9985142728167394
1,1,0.9925845028673278
4,4,0.9984124187492762
0,0,0.9979534431563968
4,4,0.998514165868815
4,4,0.9983873473418606
4,4,0.9985140794916088
4,4,0.9985150937320046
4,4,0.998468473554307
0,0,0.9979534421705095
4,4,0.9979597147589478
0,0,0.9979534986955775
4,4,0.9985140794191006
4,4,0.9985141177280612
1,1,0.9963735131053901
4,4,0.9982892515726476
0,0,0.9979534431564072
0,0,0.9979552299904326
4,4,0.9983358064792996
4,4,0.9983306652532153
1,1,0.9916662767160048
1,1,0.9963164497554731
0,0,0.9979534446603405
4,4,0.9985194861353437
4,4,0.9984154136095682
4,4,0.998514079996532
4,4,0.998507343851011
4,4,0.9985140845621588
0,0,0.9979534253172752
4,4,0.9984395962402929
4,4,0.9985139950368322
4,4,0.9985140794314702
0,0,0.9979534481662399
4,4,0.9985157555288439
0,0,0.9979511683226131
0,0,0.9979534427334773
4,4,0.998524504471513
4,4,0.9985137570424782
4,4,0.9985140819949336
4,4,0.9985138382982692
4,4,0.9982262089180708
4,4,0.9985143126387312
0,0,0.997863147827911
0,0,0.9979552301600165
4,4,0.9985150996635018
4,4,0.9980027446198042
0,0,0.9979534427489739
4,4,0.9985059148395627
4,4,0.998514103093791
2,2,0.9975947386285808
0,0,0.9979278921183089
4,4,0.9985140009781928
4,4,0.9985139935695522
4,4,0.9985157772858922
1,1,0.9963262325495454
4,4,0.9984748941119311
4,4,0.9987449973928323
0,0,0.9979539908977847
0,0,0.9979548971337168
0,0,0.9979535381507662
4,4,0.9984503283228169
4,4,0.9985140795575951
4,4,0.9985140792215527
0,0,0.9979531476856266
4,4,0.9984500793585861
4,4,0.9940608299628182
1,1,0.9959927467373527
0,0,0.9985132303123117
4,4,0.997914338968695
4,4,0.9985156705983729
1,1,0.9963182824629978
4,4,0.9981583208177244
0,0,0.9979530468682903
4,4,0.9985157555288439
0,0,0.995031232546469
4,4,0.998515674148985
1,1,0.9963258560881842
4,4,0.9985154678990723
4,4,0.9985154063680978
4,4,0.9985139961267283
1,1,0.9963262198623002
0,0,0.9979534427489739
4,4,0.9985139935957139
0,0,0.9979027023490025
0,0,0.9979508269508592
4,4,0.9985139945081151
1,1,0.9963260131918258
4,4,0.9985157539861002
1,1,0.9938564859692665
4,4,0.9984497768458207
4,4,0.998514187425719
4,4,0.9985195707152936
4,4,0.9985140118035469
4,4,0.9985161213329344
4,4,0.9985151535931652
4,4,0.9985139968452248
0,0,0.9979524501495485
1,1,0.9963023468159005
2,2,0.9851677680495271
4,4,0.998521303464641
4,4,0.9985157570416001
1,1,0.9952137014714254
0,0,0.9979534432669275
0,0,0.9979534465029448
4,4,0.9985015837502427
4,4,0.998508112219442
1,1,0.7936846718762955
0,0,0.9979534299956081
4,4,0.99851545114379
4,4,0.9985442536209228
4,4,0.9985027098516635
4,4,0.9985155426963095
4,4,0.9984493953015569
4,4,0.998513995507098
4,4,0.9983842316096045
4,4,0.998513999390302
4,4,0.9985252905356494
4,4,0.9985140778475634
0,0,0.9979535606124761
1,1,0.9961923475063097
4,4,0.9985140006723119
0,0,0.9979534484883653
1,1,0.9962550367600944
4,4,0.9985028332021761
4,4,0.9985358604357848
0,0,0.9979534876908799
4,4,0.9985141238027772
4,4,0.9985140070225274
0,0,0.9979540669574757
0,0,0.9979534464679936
4,4,0.9985156726251249
4,4,0.998228488767234
4,4,0.9985140795129716
4,4,0.9985079596739367
0,0,0.9979535833206917
0,0,0.997953581125479
4,4,0.9985140793654814
4,4,0.9985140092126152
0,0,0.9979534424252197
4,4,0.9985140135820053
4,4,0.9985149991816223
0,0,0.9979534429545598
4,4,0.9983678572199072
4,4,0.9985140790445016
0,0,0.9974075052521835
4,4,0.998177359562201
4,4,0.998514079562735
4,4,0.9985139334884028
4,4,0.9985197883538898
4,4,0.9983608600351017
4,4,0.9985139951834049
0,0,0.997953439458612
4,4,0.9985140793803835
0,0,0.9979531612351072
4,4,0.9985140083912146
4,4,0.9984501092846556
4,4,0.9985226352348325
0,0,0.9979534427000186
4,4,0.9985139933123292
4,4,0.9985153103834733
0,0,0.9979534430724084
4,4,0.9985157788216183
4,4,0.9985139937937338
4,4,0.9985140157352701
4,4,0.9985201776799981
0,0,0.9979535374040708
0,0,0.9979604301898748
4,4,0.9985157563691316
4,4,0.99851431254004
1,1,0.9963262317104136
0,0,0.9979534460972213
1,1,0.9961909687270252
4,4,0.9985140019100691
4,4,0.9985154335873668
4,4,0.9985140995158017
0,0,0.9979534426649106
4,4,0.9985124150177399
0,0,0.9979278972902521
0,0,0.9979534473936235
0,0,0.997951686022042
1,1,0.995817058288068
0,0,0.9964567916188052
4,4,0.9985141899424507
1,1,0.9963259708885972
4,4,0.9985156705983729
2,2,0.9981017019762217
0,0,0.9979533540371712
4,4,0.9984965956899924
0,0,0.9978414581085374
4,4,0.9977672802517485
0,0,0.9979731074745122
4,4,0.9985140869597514
0,0,0.9979549186569461
0,0,0.9979571623316461
4,4,0.998520409702376
4,4,0.9985141233097058
1,1,0.9963260131918258
4,4,0.9980164233962893
4,4,0.9985145195762154
4,4,0.9984954718708363
4,4,0.9985171389288066
4,4,0.9983746256501971
4,4,0.9985204049399046
4,4,0.9985154295172044
4,4,0.998515529230938
4,4,0.9985157543407381
4,4,0.9985169152227316
4,4,0.9985167921165359
0,0,0.9979589808048599
4,4,0.9985140825057299
0,0,0.9979527647974479
0,0,0.997954918826577
0,0,0.9979531906005441
4,4,0.9985139938713867
4,4,0.9985067461763059
4,4,0.9979439979841502
4,4,0.9985157579064022
0,0,0.9979580298288258
0,0,0.9979528681305547
0,0,0.9979549006345346
4,4,0.9985139991377016
4,4,0.9980853537597376
0,0,0.99795495203231
4,4,0.998513836417614
4,4,0.9985140955473792
4,4,0.998519629020751
1,1,0.9960080414903715
4,4,0.9985157176202248
4,4,0.9985188861285433
0,0,0.9979531569954818
4,4,0.998515355698122
0,0,0.997953160628606
4,4,0.9985151844587065
0,0,0.9979457327107448
4,4,0.9985225220698821
4,4,0.9985140007348919
4,4,0.998514077776261
4,4,0.9985139942647255
4,4,0.9985156702440203
0,0,0.997953298986241
4,4,0.9985140483863952
1,1,0.9962273973206904
0,0,0.9979537259176504
4,4,0.9824959042147348
4,4,0.9985414659164881
0,0,0.9979531856266507
0,0,0.9979598211587052
0,0,0.9979535387950201
4,4,0.9985124678258723
0,0,0.9979716460812393
4,4,0.998259459830579
0,0,0.9979531551335276
4,4,0.9985145200288896
4,4,0.9984077293336379
0,0,0.9979552262668773
4,4,0.9985140792215527
0,0,0.9979531612351024
4,4,0.9985156705983729
4,4,0.9985140103178499
4,4,0.9983293614308095
0,0,0.9979600204363046
1,1,0.9962913609989935
0,0,0.997951686022042
4,4,0.9985137566642925
4,4,0.9984000023470371
4,4,0.9985140848630979
4,4,0.9985068585731778
0,0,0.9979534447225694
4,4,0.9985150932453126
4,4,0.9985139946497759
1,1,0.9934393031379091
4,4,0.9985140800678424
4,4,0.9984954712729897
0,0,0.9979535728929434
4,4,0.9985139957211413
0,0,0.9979394598558488
0,0,0.9979022508799963
4,4,0.9985226352348325
4,4,0.9985157582519516
4,4,0.9985143425247952
0,0,0.997953146699751
4,4,0.9985139941552753
0,0,0.9979534083503556
1,1,0.9963135181985756
4,4,0.9985029778655096
4,4,0.9985140797186356
4,4,0.9985138946739313
0,0,0.9979534427334666
4,4,0.998516022196065
4,4,0.9985139046890317
0,0,0.9979547427541906
0,0,0.9979535386578919
4,4,0.9985140061282574
4,4,0.9985139953758352
1,1,0.9954597519478798
4,4,0.9984472153318432
4,4,0.9985246085458692
0,0,0.9979525159457949
1,1,0.9962358458664229
4,4,0.9985155005470228
4,4,0.9982043054379067
4,4,0.9982128522758889
4,4,0.9984356319174841
4,4,0.998514214809801
4,4,0.9985156518876309
4,4,0.9985154796180904
0,0,0.9979534444396987
0,0,0.9979531327339389
0,0,0.9979534877259677
4,4,0.9985151189608105
0,0,0.9979549520323359
1,1,0.9965421500869311
0,0,0.9981753310204723
4,4,0.9985140256060809
4,4,0.9985152752446826
1,1,0.9962912028819946
4,4,0.9941053746408084
4,4,0.9985054563249156
0,0,0.9979534424252197
4,4,0.9984312558062062
0,0,0.9979534429545598
4,4,0.9984338156377419
0,0,0.9979534430227316
0,0,0.9979535382015152
4,4,0.9985066381638381
4,4,0.9985140776495687
4,4,0.9984911558496126
0,0,0.997920230456401
4,4,0.9985141041756564
4,4,0.9949962214087861
4,4,0.9973330269568715
4,4,0.9954842887310741
4,4,0.9985157563691316
4,4,0.9985156732970524
4,4,0.9984512771516884
4,4,0.9984755246232488
0,0,0.9979534443712894
4,4,0.9985140049524577
4,4,0.9985153867638782
4,4,0.9985161015828143
4,4,0.9985263092785331
4,4,0.9985157563691316
0,0,0.9979534430227316
4,4,0.9984022875765498
4,4,0.9779523117602238
0,0,0.9979284925434247
4,4,0.9985140979358573
4,4,0.9985141266199162
4,3,0.9999999992145252
4,4,0.9985140795951185
0,0,0.9979542405873161
4,4,0.9985161237964632
1,1,0.9962887821748252
4,4,0.9984938167459781
4,4,0.9982671409190769
4,4,0.9985075676740257
4,4,0.9978795149509089
1,1,0.9963260038055674
0,0,0.9979531629337074
4,4,0.9985140906159401
4,4,0.9985139938261995
4,4,0.9985156629569727
4,4,0.9985142086066795
0,0,0.9979535800305229
4,4,0.9985140115692368
0,0,0.9979546590853158
4,4,0.9985180355134322
0,0,0.9979534877259573
4,4,0.998515435887152
4,4,0.998513985821917
4,4,0.9985156726251249
0,0,0.9979534464468246
0,0,0.9979571557137725
0,0,0.9979526756643368
4,4,0.9985154365587378
0,0,0.9978035066816036
4,4,0.9985287878811265
4,4,0.9985075454721859
4,4,0.9943934599351036
0,0,0.9979531613336508
4,4,0.9981179621166835
0,0,0.9978738492245034
4,4,0.9985134723433947
0,0,0.9979532989861967
0,0,0.9979528685359743
0,0,0.997954512756964
0,0,0.9979534434108028
4,4,0.9985139304330325
4,4,0.9985137963513675
0,0,0.9979534877259677
4,4,0.9981702161235739
4,4,0.9984815571248363
0,0,0.9979599883125468
4,4,0.9985140074513954
4,4,0.9986880313088732
0,0,0.9979534429545598
4,4,0.9984561472852623
0,0,0.9979532989861967
4,4,0.9985194477889333
1,1,0.9962606435463667
4,4,0.9985157563691316
0,0,0.9978857315202834
0,0,0.9979534427000505
4,4,0.9985141580243369
4,4,0.9985140795627256
0,0,0.9979535379303912
4,4,0.9985152118382713
4,4,0.9985019328571356
0,0,0.9979583204255751
0,0,0.9978932848299477
0,0,0.9979534877259573
0,0,0.9979555980354917
4,4,0.9985140800678519
0,0,0.997953579740947
4,4,0.9985154133403317
4,4,0.998514117264581
0,0,0.9979580165449042
4,4,0.9985188513288982
0,0,0.9979535637787723
4,4,0.9985201616326509
1,1,0.998323879203778
4,4,0.9984786433191436
4,4,0.9985141017710406
1,1,0.9962560789194984
4,4,0.9988393828509867
2,2,0.9986421763308096
4,4,0.9984469090887924
0,0,0.9979510138625465
0,0,0.9979535800305335
4,4,0.9985140853642875
4,4,0.9985153784950674
0,0,0.9979529952487979
1,1,0.9962072770084942
1,1,0.9956715254289894
0,0,0.9979534428328292
4,4,0.9737651360592267
4,4,0.9985153510244579
4,4,0.9985141004802279
0,0,0.9979534429545598
0,0,0.9976442277824603
4,4,0.9978771429954474
4,4,0.998513995507098
0,0,0.9979535381510707
4,4,0.9979635720957711
0,0,0.9979513983324128
4,4,0.99851541743316
4,4,0.998514000818829
0,0,0.9979531859892715
0,0,0.9979535404611967
2,2,0.9703595959038664
4,4,0.9985140068992282
4,4,0.9985036729889905
4,4,0.99206379608263
0,0,0.9976871786887279
0,0,0.9979532989861967
4,4,0.9985079236440075
4,4,0.9985153455140663
0,0,0.9979549486433609
0,0,0.9979534434108028
4,4,0.9985030819114886
4,4,0.9985155163340803
4,4,0.9945360586104824
0,0,1.0
0,0,0.9973340098067791
0,0,0.9979533680679877
0,0,0.9979534436393797
0,0,0.9979534438432592
4,4,0.9985140003992827
4,4,0.9985160202809554
4,4,0.9984248764080472
0,0,0.9979488411349643
0,0,0.9984574040037771
4,4,0.9985074150439723
0,0,0.9979538498792856
0,0,0.9979535728929434
4,4,0.9986596870148385
0,0,0.9979547894608877
4,4,0.9985149742998627
4,4,0.9985140906542366
0,0,0.9979534430724084
1,1,0.9963262317104136
4,4,0.9985140059270109
0,0,0.9979528685359714
4,4,0.9985140839358928
4,4,0.9985138884765073
4,4,0.998398117610519
0,0,0.9979537255137775
4,4,0.9985153537861876
0,0,0.9979548989878555
0,0,0.9979528685245235
4,4,0.9985073461743429
0,0,0.9979535840408463
4,4,0.9985151062038846
4,4,0.9985201958210228
0,0,0.9979534877259677
4,4,0.9985140776110075
4,4,0.9982881841757824
1,1,0.9962720736682322
0,0,0.9979535387950201
4,4,0.9985153729881256
4,4,0.9985157788216183
0,0,0.9979671422403843
4,4,0.99851263323133
4,4,0.9985197361646341
4,4,0.9985140990852757
4,4,0.9985140184999064
1,1,0.9963728926203685
0,0,0.9979534430770511
0,0,0.997953045917224
0,0,0.9979532428691495
0,0,0.9979516832022948
4,4,0.9985142510802328
0,0,0.9979535390117847
4,4,0.998455313588065
4,4,0.9985157567225114
1,1,0.9963728926203685
0,0,0.9979534462294607
0,0,0.9979534430227316
4,4,0.9985140921920631
4,4,0.9983934754397511
4,4,0.9983855254936702
0,0,0.9979539643348911
4,4,0.9986203305697136
0,0,0.997902915032276
4,4,0.9983405312768191
0,0,0.9979599759294195
2,2,0.8113563085411514
4,4,0.9985141635061053
4,4,0.9985141211490981
4,4,0.9985140935400536
0,0,0.9979534444396987
0,0,0.997950881248692
1,3,1.0
0,0,0.9979530497855013
4,4,0.998514186474395
4,4,0.9985139929227853
0,0,0.9942943186783418
4,4,0.9983491348568345
4,4,0.998513997194918
4,4,0.9984939883479588
4,4,0.9985157570416001
4,4,0.9984976291658921
4,4,0.9984600061161948
4,4,0.9985157788216183
4,4,0.9967221236592746
4,4,0.9985140776488053
0,0,0.9979546178006005
4,4,0.9985132705072401
0,0,0.9979527645096661
0,0,0.9979534430723868
4,4,0.9984077347868541
0,0,0.9979534435285734
0,0,0.9979535800969376
4,4,0.9984427889222692
4,4,0.9985140051296969
0,0,0.9979548971104338
4,4,0.998513564867782
0,0,0.9979531578099725
0,0,0.9979522002019053
4,4,0.9985151040881908
4,4,0.9985157539861002
4,4,0.9985157539861002
0,0,0.9979531498722151
4,4,0.9982672332930967
4,4,0.9985139836710217
4,4,0.9981698474271018
1,1,0.9963384673447404
4,4,0.9985140937866694
4,4,0.9985153548757281
4,4,0.9985139973481595
4,4,0.9985015925193895
0,0,0.9979573588655315
0,0,0.9979535637787723
4,4,0.9985157788216183
4,4,0.9985157543407469
4,4,0.9985140058659684
4,4,0.9985139938305498
4,4,0.9985154402826499
0,0,0.9979426409165081
0,0,0.9979598259647684
0,0,0.9979538323488083
4,4,0.9983930601354758
1,1,0.9962772307862776
1,1,0.9962912040864611
0,0,0.9979531581180588
4,4,0.9965999800423617
0,0,0.9979534426649106
4,4,0.9984403978221055
4,4,0.9984500634638609
0,0,0.9979534441068316
4,4,0.9985138876077361
4,4,0.9985075841475552
4,4,0.9985341589919877
4,4,0.9985140009026524
4,4,0.9985140992220842
4,4,0.9985139958540701
4,4,0.9985139928965242
1,1,0.9963258342614697
4,4,0.9985140864603812
0,0,0.9979529084069013
4,4,0.9985141149444853
4,4,0.9985203131894653
4,4,0.9985227136404577
4,4,0.9985140775948121
4,4,0.9985157539861002
0,0,0.9979534467562625
4,4,0.9984169483749019
4,4,0.9985105058605225
0,0,0.9979153413437227
4,4,0.9985141303821566
0,0,0.9979532827230198
1,1,0.9963194606506565
0,0,0.997956039968551
0,0,0.9979548978701379
0,0,0.997953446735101
0,0,0.9979571557137754
0,0,0.9979535804643584
4,4,0.998515777638917
0,0,0.9979534429545598
0,0,0.9979599883125468
4,4,0.9985141912639222
4,4,0.9985204090992902
0,0,0.9979523038567714
4,4,0.9985188513288982
0,0,0.9979531327339389
2,2,0.9984450995616861
4,4,0.9985140979358573
0,0,0.9979535409851861
4,4,0.9193438140676521
0,0,0.9979530462068102
0,0,0.9979583204255751
0,0,0.9979534434107924
0,0,0.9979534465029343
0,0,0.997959800812292
1,1,0.9963738824024105
4,4,0.998514084015526
4,4,0.9985140795627256
0,0,0.9979534443712894
0,0,0.9979535401908456
0,0,0.9979534460972213
0,0,0.9979534253172752
4,4,0.9985155229378456
1,1,0.9963066058971352
0,0,0.997953538727301
1,1,0.9963026569119392
4,4,0.9985138491338987
4,4,0.9985154927516166
0,0,0.9979534424102874
4,4,0.9983222342799738
1,1,0.9963258592414282
4,4,0.998413053261896
4,4,0.9985020712970162
1,1,0.996257891929299
0,0,0.9976815402588594
4,4,0.9985188008192105
4,4,0.9963978633045647
4,4,0.9985142386357319
4,4,0.9985157539861002
4,4,0.998494755523301
4,4,0.9981962341370716
0,0,0.9979555968688345
4,4,0.9985140789023329
4,4,0.9985179692791779
4,4,0.9985160983483923
4,4,0.9985139948327058
0,0,0.9979571623316461
4,4,0.9985139935987801
4,4,0.9985141033907742
4,4,0.9984130654907383
4,4,0.9985153212738093
4,4,0.9985150975712375
1,1,0.9963728926203685
0,0,0.9979293495238589
0,0,0.9979534430227316
4,4,0.9983785085394767
4,4,0.9985142482348418
0,0,0.997954954635238
1,1,0.9962663859002082
0,0,0.9979598280137091
0,0,0.9979213396087232
4,4,0.9985154375815817
4,4,0.9983604102106332
4,4,0.9985157570416001
0,0,0.997953442425209
1,1,0.9962103421893331
0,0,0.9979534253172858
4,4,0.9984004581843888
4,4,0.9985139948694153
0,0,0.9979535800305229
4,4,0.9985193612940317
0,0,0.9979531584071584
0,0,0.9978627331164699
0,0,0.9979546365642655
4,4,0.9985075451430548
4,4,0.998515094277138
1,1,0.9963728926203685
4,4,0.9983853706054239
0,0,0.9979534434107924
4,4,0.9985148409963354
0,0,0.9979531327339389
4,4,0.9985140848490147
4,4,0.9981957741109269
4,4,0.9985141056675458
4,4,0.9976708289903169
0,0,0.9979630534327129
0,0,0.9979533907126963
0,0,0.9979535379303912
4,4,0.9985139940461225
0,0,0.9979535800305335
0,0,0.9979534427682121
4,4,0.9985138768110945
0,0,0.9979539609023819
4,4,0.9985140069204514
0,0,0.9979534253172858
4,4,0.9985140017498009
2,2,0.9981659300734241
0,0,0.9979534469883552
4,4,0.9985171540162444
4,4,0.9983750092631467
1,1,0.996207600216878
4,4,0.9985140087754711
0,0,0.9979409787022858
2,4,0.5502580243586103
4,4,0.9985140794916088
0,0,0.9979532989976447
4,4,0.9985194985171688
4,4,0.9985081148743477
4,4,0.9967532262971333
4,4,0.9985139937937251
4,4,0.9985135669592484
4,4,0.9985140039517854
1,1,0.9963256358213486
4,4,0.9985161033341793
4,4,0.9985141621957001
4,3,0.8879907668523592
4,4,0.9985152551452938
0,0,0.9979535633713493
4,4,0.9985141809576488
0,0,0.9979509170836749
0,0,0.9979533581174806
4,4,0.9985155006712131
0,0,0.9979549809463216
4,4,0.9985140086806461
0,0,0.9979531859892715
0,0,0.9973312549149873
0,0,0.9971429696262579
1,1,0.996334847852932
0,0,0.9979531505337057
4,4,0.9985140795367372
4,4,0.9983210764074693
4,4,0.9985139960675642
0,0,0.9978656705749901
0,0,0.9957113695410108
0,0,0.9979530678693669
0,0,0.9979534434108028
4,4,0.9985201408963978
4,4,0.998515753986109
4,4,0.998514077847573
0,0,0.9979531606285673
0,0,0.9979548970638926
0,0,0.9979598216136553
4,4,0.9950280398762098
4,4,0.99851409322326
0,0,1.0
0,0,0.9979598043844797
4,4,0.9980913019577856
0,0,0.9979546365642549
0,0,0.997953161739209
0,0,0.9979534464680042
0,0,0.9979555968046566
4,4,0.9985148360353803
1,1,0.996230437144362
0,0,0.9979533637949044
4,4,0.9985141918831792
4,4,0.9985141702391724
4,4,0.998515344902289
0,0,0.9979534426649106
0,0,0.9979630286193475
4,4,0.998500752386529
0,0,0.9979534427334666
4,4,0.9985138411537295
4,4,0.9985140796098256
4,4,0.9985132838432282
4,4,0.9979813958666848
4,4,0.9985198842690077
4,4,0.9983604763147984
0,0,0.9979531836180381
4,4,0.9985140129660146
0,0,0.9979534896851366
4,4,0.9985139962444545
4,4,0.9982690729740129
0,0,0.997953049497225
0,0,0.9979530462067998
0,0,0.9979557148171083
0,0,0.9979524115451374
4,4,0.9985161033341793
0,0,0.9979484050091632
0,0,0.9979532994178868
4,4,0.9985140856572269
0,0,0.9979530468682903
4,4,0.9980076294457507
4,4,0.9985194986554666
4,4,0.9985072517422787
1,1,0.9963729156007373
0,0,0.9979533924855566
0,0,0.9979531498722151
0,0,0.9979571698861165
4,4,0.9985137472941861
4,4,0.9985142556516801
1,1,0.9963156016028066
0,0,0.9979541164111887
4,4,0.9985174333737427
4,4,0.9978017520990708
4,4,0.9985155070020133
0,0,0.9976430520388693
4,4,0.9983492870100678
0,0,0.9979535800305335
0,0,0.9979538493038967
0,0,0.9977185408346929
0,0,0.9979534427334666
4,4,0.9982567320886119
0,0,0.997956875832855
4,4,0.9985076034521972
1,1,0.9839126320534994
4,4,0.9983119031263548
4,4,0.9984893659142748
1,1,0.9962274062065046
0,0,0.9979374805005783
0,0,0.9979532611868334
0,0,0.997954344012889
0,0,0.9979534443713302
4,4,0.9985138353097434
4,4,0.9985181255616913
4,4,0.9984887278777468
4,4,0.9985140906464237
4,4,0.998513995647218
0,0,0.9978919084945386
0,0,0.9979529327958822
4,4,0.998519501866889
4,4,0.9962141416434173
4,4,0.9985141609347796
0,0,0.997953162026991
4,4,0.9985153451132754
4,4,0.9985160105543368
0,0,0.9979583215857831
4,4,0.998516004478022
1,1,0.9963738824024105
0,0,0.9979534559041192
4,4,0.997953503842142
1,1,0.99625345423724
1,1,0.9963728947790862
4,4,0.9985140169602481
4,4,0.9982620503578005
4,4,0.9984631753411046
4,4,0.9985140219754907
0,0,0.9979534464680042
0,0,0.9979534444396987
4,4,0.998514007417914
0,0,0.9979534251466627
4,4,0.9985140042263984
0,0,0.997975174471502
4,4,0.9985154893875888
0,0,0.9979535637787723
1,1,0.9960053897732905
4,4,0.9985139941641115
4,4,0.9984934057889477
1,1,0.9962167664963933
4,4,0.9985157570416001
0,0,0.9979530462067998
4,4,0.9985157539861002
4,4,0.9985139946403176
0,0,0.9979534427334666
4,4,0.9979167631697067
0,0,0.9979535804643479
0,0,0.9979535800305335
2,2,0.9974144678486146
0,0,0.9979537204124499
0,0,0.9979534431564072
0,0,0.9979209315178723
4,4,0.9985140899226955
1,1,0.5014283551432694
4,4,0.998515417447616
4,4,0.9985154175943696
0,0,0.9979534424252197
2,2,0.998200209657146
0,0,0.9979534460972213
4,4,0.9985157579064022
4,4,0.9985141042216046
4,4,0.9985140771040691
0,0,0.9979534447283454
0,0,0.9979551020547532
0,0,0.9978508477569058
1,1,0.9961921460621697
1,1,0.9963728933605427
4,4,0.9984809876545561
0,0,0.9979535379216767
0,0,0.9979538764565008
4,4,0.9985139943960627
4,4,0.9984129898733821
0,0,0.9979470881354043
4,4,0.9985146388235738
0,0,0.9979533915818516
0,0,0.9978658896977024
4,4,0.9985132120657575
4,4,0.9984208285211578
4,4,0.9985140799366878
4,4,0.9985160112321979
0,0,0.997954637093776
4,4,0.9986596870148385
1,1,0.99630281336483
4,4,0.9981266345010026
0,0,0.9979541875627128
2,2,0.9975235397429906
4,4,0.9985157539861002
0,0,0.9979534434108028
4,4,0.9985140919249282
4,4,0.998515693541341
4,4,0.9984184756112742
4,4,0.9985150909098737
0,0,0.9979384458512619
0,0,0.9979531623399126
0,0,0.9979606683519298
4,4,0.9985204042118043
4,4,0.9985154810525286
4,4,0.9985131988866572
0,0,0.9979534429545598
0,0,0.9979534390653951
4,4,0.9985153536267554
1,1,0.9963728933606104
0,0,0.997954907853957
0,0,0.9979534469883655
0,0,0.9979536680511587
0,0,0.9979535851046948
0,0,0.9979535640331784
4,4,0.9985068269047965
4,4,0.9985139945522644
4,4,0.9971350061163237
0,0,0.9979583204255751
1,1,0.9963066058971352
4,4,0.9985139930575276
0,0,0.9979584377196598
4,4,0.998426537352521
0,0,0.9979535637787723
4,4,0.9984888549691178
4,4,0.998515412299872
0,0,0.9979543446163126
0,0,0.9979531106671751
1,1,0.996318981143274
0,0,0.997953162646255
4,4,0.9985140242072484
0,0,0.9979535800305229
4,4,0.998515670598364
4,4,0.9985140776498157
4,4,0.9985140800678581
4,4,0.9926375454305457
4,4,0.9985157539861002
4,4,0.9985139946944762
0,0,0.99795494909973
1,1,0.9963259983891478
0,0,0.9979531606285673
0,0,0.9979531632729395
4,4,0.9984002936554992
4,4,0.9914053659386394
0,0,0.9978550856632321
4,4,0.9985186667026905
0,0,0.9979560283218438
0,0,0.9977373956481849
0,0,0.9979533643302523
2,2,0.9980950352170253
0,0,0.9979549956590106
4,4,0.9985194849870055
4,4,0.9985082317414234
4,4,0.9985139946497721
4,4,0.9986884875471007
0,0,0.9979535521432199
0,0,0.9979534438178878
4,4,0.9985139935695522
4,4,0.9985140864603812
1,1,0.9963260140348653
4,4,0.9983480715668618
4,4,0.9985084865731941
0,0,0.9979453179429675
0,0,0.9979278971530945
4,4,0.9981586680000535
4,4,0.9985141675423326
1,1,0.9962498609378395
0,0,0.9979534463295064
0,0,0.9979532994293286
4,4,0.9985073443997735
0,0,0.9979531616215781
0,0,0.9979535673574773
4,4,0.9983704522795818
0,0,0.9979528682367723
4,4,0.9985140793652286
1,1,0.9963729151626697
0,0,0.997953658293614
4,4,0.998514096281713
4,4,0.99796709100184
0,0,0.9979534429545647
1,1,0.9963569104722025
4,4,0.9985151839740686
4,4,0.997805577970841
4,4,0.9985188191937164
0,0,0.9979534469883655
0,0,0.997953206627984
4,4,0.9985069664968045
4,4,0.9985139940082433
4,4,0.9985139969331437
4,4,0.9989029357708884
4,4,0.9984088024816093
0,0,0.9979426836384416
0,0,0.9979535561953781
4,4,0.9985156748315425
4,4,0.9985363828324366
1,1,0.9963356475726934
4,4,0.9985139731260717
4,4,0.99851517530768
1,1,0.9956702857633039
4,4,0.998514084811186
4,4,0.9985130228305252
4,4,0.9987084518450741
4,4,0.9985154984185152
4,4,0.9985157815323394
0,0,0.9979530464611952
4,4,0.9985156732970524
4,4,0.9985150937320046
1,1,0.9954948242658875
4,4,0.9985157772858922
4,4,0.9983838919389751
1,1,0.9963260131918258
4,4,0.9985157555288439
4,4,0.9985187949551325
4,4,0.9984496363883186
1,1,0.9963262317104136
0,0,0.9979534424252411
4,4,0.998514079562735
0,0,0.9979536587466116
4,4,0.99851399734408
0,0,0.9979532799092988
4,4,0.9985150015677606
0,0,0.997953066479678
4,4,0.9985160983483923
4,4,0.9985158823936681
4,4,0.9984488004763572
4,4,0.9979747468164742
0,0,0.9979546205943705
4,4,0.9985140088315296
4,4,0.9985140831238328
0,0,0.9979531494647924
4,4,0.9983940529060769
4,4,0.9985140796888322
0,0,0.9979608923190347
4,4,0.9985092134691389
4,4,0.9985073153756461
4,4,0.9984463301637971
0,0,0.9979535382015152
4,4,0.9984504790095158
0,0,0.9971352708788416
4,4,0.9984503009176111
4,4,0.9985140865243939
0,0,0.9979552301600165
1,1,0.9963260140348653
4,4,0.9982187636943441
4,4,0.9981060840049044
4,4,0.9982760242993899
0,0,0.9979534426649106
4,4,0.998243564598093
0,0,0.9979387297795862
0,0,0.9979534434107924
0,0,0.9979531324453509
4,4,0.9985157539861002
4,4,0.9985065194486157
0,0,0.9979543573188145
0,0,0.9979534429545704
0,0,0.9979534877259677
4,4,0.9975950822238788
0,0,0.9979535644402849
4,4,0.9979080952884983
4,4,0.9981463358319316
4,4,0.9985150941507643
0,0,0.9979531612351121
4,4,0.9985156729782204
4,4,0.9984162355781228
0,0,0.9979279051995649
4,4,0.9985140795619484
4,4,0.9985140776495687
0,0,0.9968010865856964
4,4,0.9970385427446068
1,1,0.9963384447526906
0,0,0.997929833655651
0,0,0.9979531603402788
0,0,0.9979535379216767
4,4,0.9985140849427444
0,0,0.9979549487115548
4,4,0.9985197129072801
4,4,0.9985141930616657
0,0,0.9979535377585514
1,1,0.9961921460621697
0,0,0.9979209323048572
4,4,0.9985203816913918
4,4,0.998514085916107
4,4,0.9981914832492034
4,4,0.9984780649441564
2,2,0.990266116724023
4,4,0.9976526591149881
4,4,0.9985157567225114
4,4,0.9985114831705312
0,0,0.9978244254428782
4,4,0.9984437054913529
0,0,0.9979531612351055
4,4,0.9985139938713903
4,4,0.9982762313312781
0,0,0.9979534431564286
1,1,0.9949044420580581
0,0,0.9979401417557003
4,4,0.9985155998938487
0,0,0.9979510813726692
4,4,0.9982314624936667
4,4,0.9982948200888722
0,0,0.9968448563257774
0,0,0.9979530674631527
4,4,0.998514007646511
1,1,0.9963262317104136
4,4,0.9989170772413436
1,1,0.9963817017342499
0,0,0.9870362622003815
4,4,0.9984008593611874
4,4,0.998490176285585
0,0,0.9979592654636327
0,0,0.9979535637787826
4,4,0.9985140799328001
4,4,0.9984938528050493
4,4,0.9985154779093577
0,0,0.9979534463295064
4,4,0.9985050294633974
0,0,0.9979541009618635
4,4,0.9985140799106613
0,0,0.9979532772839322
0,0,0.9979537205830835
0,0,0.9979535382015152
0,0,0.9979571698860955
0,0,0.9979531606400353
0,0,0.9979534497087891
4,4,0.9985145344986354
0,0,0.9979761522652657
4,4,0.9985140794916088
0,0,0.9979531367067845
4,4,0.9984998160838418
4,4,0.9985141980326788
0,0,0.9981640504241289
1,1,0.9954450495396261
4,4,0.9982362700531123
4,4,0.9985150969089217
4,4,0.9985157788216183
4,4,0.9985138953201028
4,4,0.9985126548677284
0,0,0.9979530462067998
0,0,0.9979534439283164
0,0,0.9979534426649211
4,4,0.9983938411454206
0,0,0.9975476818416165
0,0,0.9979534427000186
0,0,0.9979542405873161
2,2,0.9981599697204401
0,0,0.9979534434107924
4,4,0.9985153882789423
0,0,0.9979534431564072
4,4,0.9984984789160168
0,0,0.9979384411198596
4,4,0.9985153763677708
0,0,0.9979534427489739
4,4,0.9985153925547534
4,4,0.9981388624840793
0,0,0.9979543439433891
4,4,0.9985154745929405
1,1,0.9960606938183455
4,4,0.9985140019822157
4,4,0.9985154670510612
0,0,0.9979532848408643
0,0,0.9979532765064485
4,4,0.9985157563691316
4,4,0.9985140809190428
4,4,0.9985139962917583
0,0,0.9979531635967951
1,1,0.9938319812389388
0,0,0.99762055666706
4,4,0.9985056581152031
0,0,0.9979555968688133
0,0,0.9979531609470371
1,1,0.9963729156007373
0,0,0.9979550693976967
4,4,0.9985181764744829
4,4,0.9985137463081344
0,0,0.9979534876912547
2,2,0.9982474319348993
4,4,0.9985140800678486
4,4,0.9985157772858922
4,4,0.9983021090550128
4,4,0.9986463396920917
0,0,0.9979549508706015
4,4,0.9985140849427538
0,0,0.9979534427334666
4,4,0.9985139845374155
4,4,0.9985139962444545
4,4,0.9985173868659093
4,4,0.9982837332935474
0,0,0.9979555968688498
4,4,0.9985132826988208
4,4,0.9985139731314578
1,1,0.9962358349952508
4,4,0.9986087990341422
4,4,0.9985133169177495
0,0,0.997918742521881
4,4,0.9973627625647342
4,4,0.9985140008491217
4,4,0.9985138443353125
4,4,0.9982038653300421
0,0,0.9979535676107419
0,0,0.9979534436393797
0,0,0.9979535368946808
0,0,0.9979534430227316
0,0,0.9979535796231002
4,4,0.9985140402267307
4,4,0.9975641245231143
4,4,0.9985141890503492
4,4,0.9981775464838964
4,4,0.9985140030680624
0,0,0.9979534433619097
0,0,0.9979590500729357
1,1,0.9963151928794851
0,0,0.9979580157684981
1,1,0.9963260140348653
4,4,0.9985140800670562
4,4,0.9985154431044283
4,4,0.9973618018578267
4,4,0.9983757303781443
4,4,0.9985155024430493
4,4,0.9984941607104568
0,0,0.9979535276457583
4,4,0.9985140825057299
4,4,0.9985100075204466
4,4,0.998515008292517
4,4,0.9985157582519516
0,0,0.9979534910163854
0,0,0.9979535387950201
4,4,0.998514079365475
4,4,0.9985156717855137
4,4,0.9983292233569341
0,0,0.9979537205830835
0,0,0.9979511725087126
4,4,0.9981367627759864
4,4,0.9984553267915892
4,4,0.9985150015677606
0,0,0.9979285791614639
4,4,0.9983109912787291
4,4,0.9985158523454648
4,4,0.9984999735752539
1,1,0.9963135291660673
4,4,0.9985141143419234
0,0,0.9979534433619097
0,0,0.9979534251466627
4,4,0.9985197537051137
1,1,0.9963484655634058
4,4,0.998514080193846
0,0,0.9979532683976584
4,4,0.9985139787970454
4,4,0.998375827458872
0,0,0.997954742754494
0,0,0.9979535581464704
4,4,0.9985156729782204
4,4,0.9985139935695522
4,4,0.9985140794314736
4,4,0.9985157815323394
2,2,0.9982582485372421
0,0,0.9979534431564072
4,4,0.9985139970138568
4,4,0.9985153924468559
4,4,0.9985074226103746
4,4,0.9982101101499673
4,4,0.9984866378520947
0,0,0.9979530468233438
4,4,0.9985139941641115
4,4,0.9985071927490169
4,4,0.99851400260047
0,0,0.9979535836089577
1,1,0.9963262215090012
0,0,0.997953442425209
4,4,0.9964979392177513
4,4,0.9983928698827447
4,4,0.9985137484627271
4,4,0.998505320446866
4,4,0.9985139212480847
4,4,0.9985139963069661
0,0,0.9979534434107924
0,0,0.9979500645666699
4,4,0.9985153784268869
1,1,0.9963565555322119
4,4,0.998113014494274
4,4,0.9985154779674433
1,1,0.9963260140348653
4,4,0.9985156726251249
4,4,0.9985139938261995
4,4,0.9985139936230922
4,4,0.9985141307206354
4,4,0.9985140835347404
4,4,0.9985134281941287
0,0,0.9979535804643479
4,4,0.9985139984298735
4,4,0.9979891099690218
4,4,0.9985141855354795
4,4,0.9985142054679796
0,0,0.9979534443712894
0,0,0.9979580107290507
0,0,0.9979531528682197
0,0,0.9978011931732066
0,0,0.9979542406308883
4,4,0.9984049478826866
0,0,0.9979550728438584
4,4,0.9985069709045058
0,0,0.997953444132122
4,4,0.9985135628258389
4,4,0.9985157567225114
4,4,0.9985154487271873
4,4,0.9977718411905547
4,4,0.9984923074741096
4,4,0.9985139938558865
4,4,0.9985148419213872
0,0,0.9979543310402579
4,4,0.9984481012362588
1,1,0.9963070488255392
0,0,0.9979531592018557
4,4,0.9985140796888322
1,1,0.9963258337823638
4,4,0.9985146923817042
0,0,0.9979534253172752
4,4,0.9985011596125574
1,1,0.9962721302572423
4,4,0.9985140798704919
4,4,0.9981827225665475
4,4,0.9985140837647822
4,4,0.9999909250836364
4,4,0.9985055038627729
4,4,0.9985140987230054
0,0,0.9979535804643479
1,1,0.995131854082562
4,4,0.9985185734006276
0,0,0.9979534467351117
1,1,0.9963256927278006
0,0,0.9979534433618881
4,4,0.9985246654170887
4,4,0.9985151966397541
0,0,0.9979549186569461
4,4,0.998514078773797
0,0,0.9979531637458948
0,0,0.9979532520018654
0,0,0.9979531996226341
4,4,0.9985074068488006
4,4,0.9985140825057299
1,1,0.9963728900356549
0,0,0.9979549558247517
0,0,0.9979548970406076
0,0,0.9979534429545598
0,0,0.9979534430227316
4,4,0.9985151756758603
4,4,0.9985204286651012
4,4,0.9985140795575951
0,0,0.9979530420052084
0,0,0.9979587972230727
4,4,0.998493844771765
4,4,0.9983823309720966
0,0,0.997954789391058
0,0,0.9979213397451053
0,0,0.9979534446603405
0,0,0.9979535646842054
0,0,0.9978745997454763
4,4,0.9965764536390973
0,0,0.9979412227686354
4,4,0.9985153811469256
4,4,0.9985157612880473
4,4,0.9984888549691178
4,4,0.9985140817146377
0,0,0.9979401348742257
4,4,0.9985029852223988
4,4,0.9983197875831596
4,4,0.9984581166588442
4,4,0.9985161381830454
4,4,0.9985140013211777
4,4,0.9985154713755533
4,4,0.9985140290783117
4,4,0.9985140798697055
0,0,0.9979534417625725
0,0,0.9979535380813009
4,4,0.9979916859237858
0,0,0.9979546408967006
0,0,0.997960037680166
0,0,0.9979378274246581
4,4,0.998028889271016
4,4,0.9985193562256037
4,4,0.9980283094827228
0,0,0.9979537205830729
0,0,0.9979534422923627
0,0,0.9979671494546088
4,4,0.9984283417349176
4,4,0.9985151789022115
0,0,0.99795495203231
4,4,0.9984072114412367
4,4,0.9984687791041519
4,4,0.9985341589919877
4,4,0.99801214870905
4,4,0.998514081570382
4,4,0.9985157539861002
0,0,0.9979409530526173
4,4,0.987400406810771
4,4,0.9979476861768232
0,0,0.9979531609470342
4,4,0.9985140990557749
4,4,0.9985157582519605
4,4,0.9985140862118699
4,4,0.9979466963591834
4,4,0.9985140898878019
4,4,0.9985232771230689
4,4,0.998509472343962
0,0,0.9979356612315923
4,4,0.9985140794306832
4,4,0.9984498715229633
0,0,0.9979535589142979
4,4,0.9985141252693992
0,0,0.9978066509739968
4,4,0.9985139927586528
0,0,0.9979532605426813
0,0,0.9979561804065626
0,0,0.997953540258434
0,0,0.9979524495926604
0,0,0.9979531505337271
4,4,0.9985157788216183
4,4,0.9985157062159072
0,0,0.9979532994293286
4,4,0.9985157579064022
0,0,0.9979535384862098
4,4,0.9982823435199419
4,4,0.9985152965551417
0,0,0.997953446735101
4,4,0.9985140796027155
0,0,0.9979534426649106
4,4,0.9985140775563754
0,0,0.9979530457993773
4,4,0.9985139961005599
1,1,0.9963314302912203
4,4,0.9985140007286305
0,0,0.9979533976464489
4,4,0.99847902539983
0,0,0.997956875832855
0,0,0.9979560435103938
4,4,0.9985151751450062
4,4,0.9985140849427444
4,4,0.9981544198564274
1,1,0.9963135291660673
4,4,0.998401286152096
4,4,0.998516100255131
1,1,0.9963738824024105
0,0,0.9979597686824403
0,0,0.9979531525812546
4,4,0.9990262649753766
4,4,0.9985154491882765
4,4,0.9985141691748883
4,4,0.9985066909858316
0,0,0.9979568754727525
4,4,0.9985183589519049
4,4,0.9984981512098378
0,0,0.9979534426695879
4,4,0.9985157772858922
1,1,0.9963260293092064
0,0,0.9973208898628015
4,4,0.9985140969916784
0,0,0.9979534877259573
4,4,0.9985140862962922
4,4,0.998229602019097
2,2,0.9981379489584046
1,1,0.9963260821873025
1,1,0.9963762530849212
0,0,0.9979717538396915
0,0,0.9947579564611868
4,4,0.9985051697766114
4,4,0.9985140992725385
4,4,0.998513998068161
4,4,0.9985157539861002
0,0,0.9979534467562625
4,4,0.9982512888496583
0,0,0.9979401439122777
0,0,0.9979534426649211
4,4,0.9837447093232021
4,4,0.9985157567225114
4,4,0.9985181730403756
0,0,0.9979538323487985
4,4,0.9985210158913332
0,0,0.9978792592615691
1,1,0.996265011384765
4,4,0.9984599377360187
4,4,0.9985133127119571
4,4,0.9985140117941685
4,4,0.998514007646511
4,4,0.9985154161588152
4,4,0.9985140778467685
0,0,0.997953538718601
0,0,0.9979487791858039
4,4,0.9985140795500029
0,0,0.9979535382015152
0,0,0.9979534469883552
1,1,0.9955225877347115
4,4,0.9968795551038572
4,4,0.9985196128896644
0,0,0.9979535720757976
4,4,0.9985092402214465
4,4,0.9985157543407381
0,0,0.9979534429545598
4,4,0.9985141314774578
4,4,0.9985157539861002
1,1,0.996313527110772
4,4,0.9985154442975761
1,1,0.9963762936315065
4,4,0.9985065364507693
4,4,0.9985140911853302
4,4,0.9985157563691316
0,0,0.9956291535343635
4,4,0.9985155047538986
1,1,0.996373513010876
4,4,0.9985143419319259
0,0,0.9978080598498525
0,0,0.9979600093207698
4,4,0.9985140773280183
4,4,0.9985078964152908
4,4,0.9978109047971409
1,1,0.9962269233230259
2,2,0.9854749292932695
0,0,0.9978249073150229
0,0,0.9979537253442219
4,4,0.9985069823838519
4,4,0.9984249795846674
4,4,0.9984283417349176
0,0,0.9979382677129808
2,2,0.9975604935800837
0,0,0.9979440335824765
4,4,0.9983519398480417
4,4,0.9985181446370287
1,1,0.9960606938183455
4,4,0.9985140023246946
4,4,0.9985141162326321
4,4,0.9985155845216401
4,4,0.9985201670973451
1,1,0.9963260131918258
4,4,0.9982315579152247
0,0,0.9979534427334715
4,4,0.9985139927617765
4,4,0.998515591278812
4,4,0.9985140772889596
4,4,0.9985066981847972
4,4,0.998515757394625
0,0,0.9979202303193688
0,0,0.9938244142241591
4,4,0.9999999999999891
0,0,0.9979538306988069
0,0,0.9979532989976447
4,4,0.9985159429726971
4,4,0.9983234495911477
4,4,0.9984883786480644
0,0,0.9979539771595668
4,4,0.9982759963057578
4,4,0.9985116199430297
4,4,0.9984311134648794
4,4,0.9984493048046003
4,4,0.9985152372997614
0,0,0.9979534443713302
1,1,0.9961146760996872
0,0,0.9979532824466536
4,4,0.9985078062235779
4,4,0.9984762230344352
0,0,0.997951009150465
0,0,0.9979537259176504
4,4,0.9983732538279142
4,4,0.9985140900106289
0,0,0.9979643644176556
4,4,0.9980388292270669
0,0,0.9979524077726447
1,1,0.9963384667275685
4,4,0.9984815147607694
4,4,0.9982858787961321
1,1,0.9951279326760323
4,4,0.9985154956387541
4,4,0.9985157539861002
0,0,0.9979531616101581
4,4,0.9985140911853302
0,0,0.9979033693492178
1,1,0.952887195968035
4,4,0.9985141475988982
4,4,0.9984553267915892
1,1,0.9963259983891478
0,0,0.9979508528367627
0,0,0.9979530462067998
4,4,0.9985141921094137
0,0,0.9979534467562671
0,0,0.9979530464611952
4,4,0.9981744034226042
0,0,0.9979534430227316
0,0,0.9970264150460443
4,4,0.9985151746955387
4,4,0.9984556667041232
4,4,0.9985140848630979
4,4,0.9985155001621525
0,0,0.9979534424252197
0,0,0.9979534427334666
4,4,0.998515568168837
1,1,0.9858486901262038
4,4,0.9985140793652286
4,4,0.9984082204505734
1,1,0.9963375404896164
4,4,0.9985142471973347
4,4,0.9985067177286324
4,4,0.9985153523705113
0,0,0.9979213530121456
4,4,0.9983414825817496
4,4,0.9982259752926314
1,1,0.9629423437253749
1,1,0.9963748771506179
1,1,0.9962916457967034
0,0,0.9978846685973786
4,4,0.9985057500125991
4,4,0.9974469362403406
4,4,0.9985140072807194
0,0,0.9979598211587052
4,4,0.9982606407191716
0,0,0.9979534446603192
0,0,0.9979534423605911
4,4,0.9985156726251249
0,0,0.997953260533754
4,4,0.9985155025584095
0,0,0.997953564277245
0,0,0.9979542594893285
4,4,0.998513753273739
0,0,0.9979014199807064
0,0,0.9979531606286011
4,4,0.9985140125296064
4,4,0.9985135457612547
1,1,0.996236984127174
1,1,0.9962735506327676
0,0,0.9977040616302338
4,4,0.9985083283037065
4,4,0.9985071015553793
4,4,0.9985156729782204
4,4,0.9985158351350685
4,4,0.9984764014122861
0,0,0.9979513057762343
4,4,0.9985155366267549
0,0,0.9979534466898642
0,0,0.9976884417238968
0,0,0.997952851383334
2,2,0.9925073307448629
4,4,0.9984995901449212
1,1,0.9963484655634058
4,4,0.9985140866576047
1,1,0.9963391055494155
0,0,0.997952764509667
0,0,0.9979534422923627
4,4,0.9984980667686911
4,4,0.9983189569286083
0,0,0.9979532066165457
0,0,0.9979534109950785
0,0,0.9979531609470371
0,0,0.9979535390204872
0,0,0.9976341234336694
0,0,0.9978661277989851
1,1,0.9959765188827319
4,4,0.998508078769182
4,4,0.9984496780459654
1,1,0.9963702205389203
0,0,0.9979599923044243
4,4,0.9985140962380618
4,4,0.9981119975017722
4,4,0.9983672003423825
4,4,0.9984289998748995
4,4,0.9467700475912546
0,0,0.997953442170531
4,4,0.9977310374202929
4,4,0.9985153861266811
0,0,0.9979534312158527
4,4,0.9982050321822181
0,0,0.9979401419115451
4,4,0.998513994160069
0,0,0.9979532598014308
4,4,0.9996167681115978
4,4,0.998514093185971
4,4,0.9985153116966322
0,0,0.9979534417625725
0,0,0.9979540929603655
4,4,0.9985059132708056
0,0,0.9979528685359723
4,4,0.9975953903571473
4,4,0.998514007367957
4,4,0.9985140991654419
0,0,0.9979498700650591
0,0,0.9979534467562625
0,0,0.9979535380813009
4,4,0.9985137458303527
0,0,0.9979535804643479
4,4,0.998514240425536
0,0,0.9979403353732255
1,1,0.996346969506195
0,0,0.9979583204255855
4,4,0.9985136245121932
4,4,0.9985139928696547
0,0,0.9979534429545598
0,0,0.9979532852770879
0,0,0.9979534435285734
4,4,0.9985140788211
0,0,0.9979534431563968
4,4,0.9929968318297688
4,4,0.9985154126547282
0,0,0.9979571698860955
4,4,0.9985140822829263
0,0,0.9979540941670584
0,0,0.997954790064223
1,1,0.9958105938417874
4,4,0.9985194398822095
4,4,0.998502566223564
4,4,0.9980751512026531
0,0,0.9979534429545598
0,0,0.9979537212431739
0,0,0.997953445940985
4,4,0.9985149825427093
4,4,0.9985453165395471
0,0,0.9979531466997296
0,0,0.9979521969807513
0,0,0.9976819082012012
0,0,0.9979534464680042
4,4,0.9982583017771831
1,1,0.9963259671441211
4,4,0.9981775464838964
4,4,0.9985139937598684
0,0,0.9979552569153751
4,4,0.9982268961515075
4,4,0.9985140817822039
4,4,0.998508391300118
0,0,0.9979547427455282
0,0,0.9979531327339389
0,0,0.9979083803650629
0,0,0.997952764797447
0,0,0.9979540933645242
0,0,0.9979532111227017
0,0,0.9979687268210325
2,2,0.9983831419106763
4,4,0.9984495182088146
0,0,0.997939459668066
4,4,0.9985141807803568
0,0,0.9979532059346428
0,0,0.9979552569153751
0,0,0.9978929054383716
4,4,0.9982175837703804
0,0,0.997957170637715
4,4,0.9985151452340504
4,4,0.998515859382175
4,4,0.9985140878827005
4,4,0.9985140055196822
1,1,0.9963486341496773
4,4,0.9985140792215527
4,4,0.9985157563691316
4,4,0.998449943620508
0,0,0.9979531325444585
4,4,0.9985143025524954
4,4,0.9985156702440116
4,4,0.9985140794314799
4,4,0.9985157563691316
4,4,0.9981632336514773
4,4,0.9980041748172387
4,4,0.9985140773280183
4,4,0.9985137465332325
4,4,0.9985140783766772
4,4,0.998466641501487
4,4,0.9985139937264704
1,1,0.9963066058971352
4,4,0.9984565238168205
1,1,0.996408750308803
0,0,0.9978822007171013
4,4,0.9985139942818536
4,4,0.9985140047110442
4,4,0.9984405764205116
4,4,0.9982777584543409
4,4,0.9950344466566047
0,0,0.9979531606285673
4,4,0.9985373626030589
4,4,0.9985229340059342
0,0,0.9979530462067998
4,4,0.9985140795500029
0,0,0.9979535680160214
4,4,0.9982314123134126
1,1,0.9963735089323638
4,4,0.9982723613057634
4,4,0.9985175754339225
4,4,0.9950618401581088
1,1,0.9918011972337222
4,4,0.9985140199117751
4,4,0.9985140794913713
4,4,0.9985154773040394
1,1,0.9957556618754656
4,4,0.9985140819200751
4,4,0.998651025326835
0,0,0.9979534426649106
4,4,0.9985140855948808
4,4,0.9985131988866572
0,0,0.9979534443713302
1,1,0.9963259968210503
4,4,0.9984920269839644
1,1,0.9963570357097062
1,1,0.9963066227690429
0,0,0.9979531616407223
4,4,0.9985140826761888
4,4,0.9985139920325936
4,4,0.9984003122208495
0,0,0.9979566214751033
4,4,0.9981466932191252
0,0,0.9979529985686969
0,0,0.9979537205830835
4,4,0.9985150986100224
0,0,0.9978643260918263
4,4,0.9985194025310543
1,1,0.9961787347704445
0,0,0.9979532058072723
4,4,0.9985155022022397
0,0,0.9979599880630187
0,0,0.9976438512077731
4,4,0.9984775733197945
0,0,0.9979535680160214
4,4,0.9985139950052304
4,4,0.9985140847060003
4,4,0.9985139968621718
1,1,0.996264061780687
4,4,0.9970121517118264
0,0,0.9979530504440232
4,4,0.9985157539861002
0,0,0.997953442425209
0,0,0.9979534452812565
4,4,0.9985140121703978
4,4,0.9985030798173591
0,0,0.9939050085376878
4,4,0.9980070968242605
4,4,0.9985153616063802
4,4,0.9985152675031471
4,4,0.998515670598364
0,0,0.9979534484883653
4,4,0.9983414849316866
0,0,0.9979531616215781
1,1,0.9963260821873025
0,0,0.9979534427334773
0,0,0.993124120556726
4,4,0.9985132182698064
4,4,0.9985247023957193
0,0,0.9979534427334666
0,0,0.99792789802683
4,4,0.9985140018292054
4,4,0.9985153912740011
0,0,0.9979537216500405
0,0,0.9979278972902521
0,0,0.9975272364016663
4,4,0.9984959362180422
4,4,0.9985154033135825
4,4,0.9980347450936757
4,4,0.9982924807555585
0,0,0.9979535387950201
0,0,0.9979549186569565
0,0,0.9979532994179207
4,4,0.9983929479402824
4,4,0.9985185622371953
4,4,0.9985154455134498
4,4,0.9985140810448977
4,4,0.9983231392058283
0,0,0.9979399894923903
0,0,0.9979534299956081
1,1,0.9961943351166891
0,0,0.9979539635409787
0,0,0.9979530989263254
0,0,0.9979543780166321
4,4,0.9982609281113154
4,4,0.9985151842459904
4,4,0.9985139989026631
0,0,0.9979547597486097
4,4,0.9985140049405383
4,4,0.9985157563691316
4,4,0.9985139939576302
0,0,0.997953443704548
4,4,0.9985151070049554
4,4,0.998493487843072
4,4,0.9985140004646195
4,4,0.995095315797934
4,4,0.9985140821235818
0,0,0.9979534473936235
4,4,0.9985140794913624
4,4,0.9984619667251039
4,4,0.9985154369667322
0,0,0.9979531498722255
4,4,0.9985140125443928
0,0,0.9979534919632058
4,4,0.9984283138138104
0,0,0.9979565653591416
4,4,0.9985203297593597
1,1,0.9963735131053901
4,4,0.9985149810368642
4,4,0.997644591121796
4,4,0.9985142711967191
4,4,0.9985139941203593
4,4,0.998509472343962
4,4,0.9985140015751809
4,4,0.9853819793900213
4,4,0.9985139948375779
4,4,0.9985139730599099
0,0,0.9979534430227316
4,4,0.9985140905301686
4,4,0.9985159426087008
4,4,0.998514125696137
0,0,0.9979532989862071
4,4,0.998514010776692
1,1,0.9963260140348653
4,4,0.9984488921596756
0,0,0.9979535804643479
1,1,0.9963270954494999
4,4,0.9985153485116195
4,4,0.9981816884289307
1,1,0.9963262317104136
4,4,0.998514079364688
0,0,0.9979537255137775
4,4,0.9978649502511324
0,0,0.9979534427334666
4,4,0.9985139955070891
4,4,0.9982845266063397
4,4,0.9985204894867193
4,4,0.998209070804007
4,4,0.9984654699631446
0,0,0.99791006601027
4,4,0.9985140161718306
4,4,0.9984876633418762
0,0,0.997953581369288
0,0,0.9979534467562625
4,4,0.998514083415437
4,4,0.9985140921699469
4,4,0.9982517174250697
0,0,0.9979532850953251
4,4,0.9985132651107346
0,0,0.9979521464133525
0,0,0.9979534251466842
0,0,0.9979535804643584
4,4,0.9985140986987732
0,0,0.9979534431213088
4,4,0.9983965161813084
0,0,0.9979534429545598
4,4,0.9985037703971187
4,4,0.9985157772858922
4,4,0.9984452845659836
4,4,0.9985157579064022
0,0,0.9979374806071089
0,0,0.9979535380813009
4,4,0.9985136298332307
4,4,0.9985140896183919
4,4,0.9931492951790578
0,0,0.9979530481304892
1,1,0.9963728950005215
0,0,0.997953445115576
4,4,0.9985154975069697
0,0,0.9979534456320341
4,4,0.9985141309132439
4,4,0.9985145252091577
4,4,0.998514012466659
0,0,0.9979534447283454
4,4,0.9985153925622707
0,0,0.9978655980505284
4,4,0.9985031309122413
4,4,0.9983577289749778
4,4,0.998250519153093
4,4,0.9985187760582969
4,4,0.998515777638917
4,4,0.9985071551560976
4,4,0.9985157543407381
1,1,0.9963258592414282
4,4,0.9984133753435263
1,1,0.9962426895342951
4,4,0.9974283030470851
0,0,0.9979508853602502
0,0,0.9979534417625725
4,4,0.9985140996491885
4,4,0.9985139911484239
0,0,0.9979535382151554
4,4,0.9985139800102771
4,4,0.9985157772858922
0,0,0.9979583215857831
1,1,0.9963262487327036
0,0,0.9957610134365951
1,1,0.9963066058971352
0,0,0.9979540343021345
4,4,0.9985150998218858
4,4,0.9984013869983995
4,4,0.9985157788216183
4,4,0.9981342504431732
1,1,0.9963066227690429
1,1,0.9963260131918258
0,0,0.9979537208369339
4,4,0.9984242338557302
0,0,0.9979535729012736
0,0,0.9979548978381783
4,4,0.9985140975453911
4,4,0.9984173463446484
0,0,0.9979508555335824
4,4,0.9985138900521746
4,4,0.9985139944531588
0,0,0.9978970576207474
4,4,0.9976928176896126
4,4,0.9983834960382233
0,0,0.9979555968046931
0,0,0.9979534434108028
4,4,0.9985161006016172
4,0,0.7929311732087865
4,4,0.9985194784850719
4,4,0.9985157563691316
0,0,0.9979506935150335
0,0,0.9979555968688133
0,0,0.9979531651620571
4,4,0.9985140865263675
0,0,0.9972827639000427
4,4,0.9963013538570994
0,0,0.997952764785999
4,4,0.9985057875218798
4,4,0.9984502900712763
0,0,0.997953580284929
4,4,0.9984496378954691
4,4,0.9984876724617378
4,4,0.9984486841148241
4,4,0.9985157570416001
4,4,0.998144819177816
0,0,0.9979528191908741
0,0,0.9979531466997189
1,1,0.9963262317104136
4,4,0.9985157563691316
0,0,0.9979528685359723
4,4,0.9932905308927799
0,0,0.9979531609470342
0,0,0.9979539609023819
4,4,0.9979186135804636
4,4,0.9985136487776406
4,4,0.9985153949809785
4,4,0.9985140892147361
0,0,0.9979534427489739
1,1,0.9962898870916569
4,4,0.9985142466549182
4,4,0.9983653639611987
4,4,0.9985154908542576
4,4,0.998515753986109
4,4,0.998514088565472
0,0,0.9979087218787219
2,2,0.9982669216442033
4,4,0.9985140992220842
4,4,0.9985139838602566
0,0,0.9979968656556966
0,0,0.99795299601667
4,4,0.9985139936958013
0,0,0.9979753015995666
4,4,0.9985154167428097
4,4,0.998458923156099
1,1,0.9963335247967625
0,0,0.9979535558120892
4,4,0.9981355622857965
4,4,0.9985156950758313
4,4,0.9985157069087024
4,4,0.9981832138059406
4,4,0.9984522633037739
0,0,0.9979535800305229
0,0,0.9979534467562625
0,0,0.9979530457993773
4,4,0.9983119924510212
0,0,0.9979401345950997
0,0,0.9979531327339389
1,1,0.9963500229414911
4,4,0.9985139939576302
0,0,0.9979401339351074
0,0,0.9978668353701201
4,4,0.9985201884662412
0,0,0.9979547905786691
4,4,0.998514021863443
4,4,0.9985157539861002
0,0,0.9979400556396871
1,1,0.9963258560881842
4,4,0.9985140971770331
4,4,0.9984494184360142
4,4,0.9985140779349599
4,4,0.9985139928965153
0,0,0.9979535376469597
0,0,0.9979532449830051
0,0,0.9979547744468087
0,0,0.997953583203363
4,4,0.9962736939103312
0,0,0.9979600367837226
1,1,0.996356513280519
4,4,0.9982909269777823
4,4,0.9985105000584306
4,4,0.9984912485207698
1,1,0.9963260131918258
4,4,0.9984849053080757
4,4,0.9985140960221228
4,4,0.9985157563691316
0,0,0.9979530462067998
1,1,0.9962587222913567
1,1,0.9963260821873025
0,0,0.9979531610344959
4,4,0.9983933227603867
1,1,0.9963762333697072
4,4,0.9985155520579395
1,1,0.9963135181985756
4,4,0.9985157539861002
0,0,0.997948238128299
1,1,0.9963762333697072
4,4,0.9985138283409745
0,0,0.9979535382015152
1,1,0.993080947533575
4,4,0.9984967374745598
0,0,0.9972795023083083
4,4,0.9985140830946033
4,4,0.9985151811136741
0,0,0.9979534431564286
0,0,0.9979535387950201
1,1,0.9963259971497036
0,0,0.9979552301600378
0,0,0.9979534877259573
0,0,0.9979545127455586
4,4,0.9985140016252899
4,4,0.9985143078721473
0,0,0.9979402684392414
0,0,0.9979545536541296
4,4,0.9985157543407469
0,0,0.9979533927422262
0,0,0.9979531612351055
4,4,0.998513757692169
4,4,0.998514079562735
4,4,0.9985153729150416
0,0,0.9979531606400353
0,0,0.9979531616215812
0,0,0.9979534886313902
0,0,0.9979396504266254
4,4,0.998513445332687
4,4,0.9985152367611588
0,0,0.9979534433618881
4,4,0.9985157570416001
0,0,0.9979546375501656
0,0,0.9979538665272734
0,0,0.9972979409024032
4,4,0.998495285455035
4,4,0.998514105993074
4,4,0.9985141014071218
0,0,0.9979534919631844
0,0,0.9979534877259677
0,0,0.9979534484883653
4,4,0.998514081005914
0,0,0.9979533015108978
4,4,0.9985075478617087
2,2,0.9851677680495271
4,4,0.9985140796888322
4,4,0.9985157579064022
1,1,0.9962855902822987
4,4,0.9984833883089054
4,4,0.9985194853144373
4,4,0.9985145399288605
1,1,0.9960360582647285
4,4,0.9985142079640257
0,0,0.9979534438178878
4,4,0.9984814902551462
4,4,0.9985140012334965
4,4,0.997518852930675
4,4,0.9985157543407381
0,0,0.9980277327564161
0,0,0.9978162886407949
0,0,0.997953558541139
4,4,0.9984494384223719
4,4,0.9983130050709124
0,0,0.9979549481138398
4,4,0.9985140799366878
4,4,0.9983926352775434
4,4,0.9984593621600195
0,0,0.9979532601544986
4,4,0.9985073247464731
0,0,0.9979534479724311
4,4,0.9984118094317609
0,0,0.9979537200057959
1,1,0.9963261781269279
0,0,0.9979401345950997
4,4,0.9985144092461888
4,4,0.9985154432710521
0,0,0.9979604802881084
1,1,0.9923080729507467
0,0,0.9979598314615802
4,4,0.9985156702440116
4,4,0.9982686337821506
4,4,0.9960219018588217
0,0,0.9979533916966056
4,4,0.998388773976588
4,4,0.9985139810792826
0,0,0.9979531466997189
4,4,0.9985139927617765
4,4,0.9985151035597565
0,0,0.9979531859892715
4,4,0.9985140772014901
0,0,0.9979532767022218
4,4,0.9985141594594539
4,4,0.9983543172177504
0,0,0.9979535521432199
4,4,0.9985157543407469
0,0,0.997954620637628
0,0,0.9979543446163126
1,1,0.9962534578754352
0,0,0.997953832360152
1,1,0.9963256389998705
4,4,0.9985140831373942
4,4,0.9985137549495076
0,0,0.9979532107943185
0,0,0.9979537255863957
4,4,0.9985157543407469
0,0,0.9979540929603655
0,0,0.9979028133800139
4,4,0.9985140748760554
0,0,0.9979543448099785
4,4,0.9983026312380485
4,4,0.9985201704583617
4,4,0.9985156732970524
0,0,0.9979202332447544
1,1,0.9963096744579563
0,0,0.9979535800305229
4,4,0.9985074389093973
4,4,0.9984502586475756
0,0,0.9979516860106391
1,1,0.995174576862581
1,1,0.9959623681920431
0,0,0.9978932848299477
4,4,0.9985140002963162
4,4,0.9985140363811741
1,1,0.9963067685337139
0,0,0.9979195169649855
1,1,0.9963256082376934
0,0,0.9978881546940233
4,4,0.9985160878698845
4,4,0.9985140793803835
0,0,0.9979534435285519
0,0,0.997878898014354
1,1,0.9963733669169466
4,4,0.9979400947178384
0,0,0.9969030790910156
1,1,0.9963271222647235
4,4,0.998412998106455
4,4,0.9985140133820135
4,4,0.998513887831298
0,0,0.9979293489505471
0,0,0.9979532985922334
0,0,0.9979549188265664
4,4,0.9985066784780079
4,4,0.9985139961810007
4,4,0.9985140866576047
4,4,0.9985160791067452
4,4,0.9983958969675971
1,1,0.9963258592414282
4,4,0.998213234561949
0,0,0.9981466815161165
0,0,0.9979531922883186
4,4,0.9983428950469534
4,4,0.9981057877399225
4,4,0.9985140031927721
0,0,0.9979532058072723
4,4,0.9985139928047819
4,4,0.998514096483067
4,4,0.9985140848630979
1,1,0.9963260131918258
4,4,0.99847616382566
4,4,0.9984211776692461
0,0,0.9979532063402029
4,4,0.9984238327881095
0,0,0.997953161372213
4,4,0.998525390387396
4,4,0.998119969997431
0,0,0.997953162026993
4,4,0.998514079557604
1,1,0.9963484655634058
4,4,0.9976755861220928
1,1,0.9963829383885171
4,4,0.998516692130959
4,4,0.9985140001896367
4,4,0.9985156726251249
0,0,0.9979534429545704
4,4,0.9985156732970524
4,4,0.9985154067911718
4,4,0.9985158578934119
0,0,0.9979535804643479
4,4,0.9985115834273728
4,4,0.9985151768127253
4,4,0.9985139794504216
4,4,0.9985150015677606
4,4,0.9985156705983729
0,0,0.9979568742033108
4,4,0.9977600073300723
4,4,0.9984962209648376
0,0,0.9979535824367288
0,0,0.9979534438179093
4,4,0.9985074010389997
0,0,0.997952994977656
4,4,0.9985139956617121
4,4,0.9985160370855424
4,4,0.9985139953267782
4,4,0.998475080684923
4,4,0.9985064114578773
4,4,0.9984237961449486
0,0,0.9979571694880605
4,4,0.998519172710738
4,4,0.9985152341688078
1,1,0.996264061780687
1,1,0.9955864479410742
4,4,0.9982658563462543
0,0,0.9979547893997781
0,0,0.997953256246692
4,4,0.9982473097862711
4,4,0.9985140905301686
0,0,0.9979202303193688
0,0,0.9979530464612271
0,0,0.9979530514904816
1,1,0.9963395184180289
1,1,0.9962913619692595
4,4,0.998495929153344
4,4,0.9985157539861002
4,4,0.9985140795576004
4,4,0.9985140987060828
4,4,0.9985194670817501
0,0,0.9979546206057757
0,0,0.9979571623316461
4,4,0.9985232801819687
4,4,0.9985151003479512
0,0,0.9979542413844753
4,4,0.9971913390020045
4,4,0.9988492427357815
4,4,0.9971709498523995
4,4,0.9985139117299621
0,0,0.9979531603402788
0,0,0.9979550511417641
4,4,0.9985140087621824
4,4,0.9965062457005355
4,4,0.9985204361858425
4,4,0.9983006398669783
4,4,0.9890262117839708
4,4,0.9999999999999882
4,4,0.9985154708691917
4,4,0.9985142396203558
4,4,0.9985140053929066
4,4,0.9984362442290561
4,4,0.9985140963257196
4,4,0.9977544299000178
0,0,0.9979534877259573
4,4,0.9985074065588263
4,4,0.9975808447704018
4,4,0.9984054821768995
4,4,0.9985193939394048
4,4,0.9985140062474616
0,0,0.9979587972230727
4,4,0.9985140961579141
4,4,0.9985140793652286
4,4,0.8036280583623073
0,0,0.9979532745404726
4,4,0.9985075451430548
1,1,0.9963260019250334
0,0,0.9979521986954956
4,4,0.9985028801642508
0,0,0.9979514069754188
4,4,0.9985157563691316
0,0,0.9981181355048253
0,0,0.9979550714236796
4,4,0.998513997619515
0,0,0.9979503913135419
4,4,0.9985163034010395
0,0,0.9979571694880558
0,0,0.9979602062630571
1,1,0.9960858963874984
4,4,0.9982803714769275
1,1,0.9963256389998705
4,4,0.9985138898812589
0,0,0.9979571698860955
4,4,0.9985141521545746
0,0,0.997953580284929
0,0,0.9979534455699559
4,4,0.9985140793652667
4,4,0.9985151789022021
4,4,0.9985140864603812
4,4,0.9999228262855947
0,0,0.9979535710690536
0,0,0.9979534424252197
4,4,0.9985140816342566
4,4,0.9984493810695276
4,4,0.9999999999999891
0,0,0.9979491079630904
0,0,0.9979531315517259
0,0,0.9979531620155422
4,4,0.9985140800678581
1,1,0.996019133810289
4,4,0.9985221964852159
4,4,0.9985151161554117
0,0,0.9979394598558488
0,0,0.9979529423733782
4,4,0.9985138205152717
0,0,0.9979534443713302
4,4,0.9985156729782204
4,4,0.9985142737904398
4,3,0.9999800209745814
4,4,0.998514619691756
4,4,0.9972227316030705
4,4,0.998410178708319
4,4,0.9985142507321323
4,4,0.9985157539861002
0,0,0.9979531341168671
4,4,0.9985140118278059
1,1,0.9963738824024105
1,1,0.9962592910980117
0,0,0.997531647278721
1,1,0.996325967673847
4,4,0.9984060316025907
4,4,0.9985142807703694
0,0,0.9979517409911036
0,0,0.9979534424102874
0,0,0.9979547427541906
4,4,0.9980416426781297
0,0,0.9979534436393797
0,0,0.9979560271874066
4,4,0.997359399760311
0,0,0.9556952372010223
0,0,0.9979532066279831
4,4,0.9985139923761435
0,0,0.9979534464679936
0,0,0.997920230456401
0,0,0.9979555968688498
0,0,0.9979537208369446
4,4,0.9982043930289873
0,0,0.997920230456401
0,0,0.9979531507776475
0,0,0.9979533546660998
4,4,0.9985144484049898
1,1,0.9963728909764367
4,4,0.9985140091771336
0,0,0.9979535280710639
0,0,0.9979535842675018
4,4,0.9985141917091381
0,0,0.9978007381557253
0,0,0.9978860154898964
4,4,0.9985166558716889
0,0,0.9979598314615802
4,4,0.9985153534048992
1,1,0.9963262317104136
4,4,0.998514086013265
1,1,0.9963035869157193
4,4,0.9985140772889596
4,4,0.9981523390839492
4,4,0.9985157788216183
0,0,0.9979409630190726
0,0,0.997955597656443
4,4,0.9985154477961592
4,4,0.9985140793654814
0,0,0.9979513995650148
0,0,0.9978340532267279
4,4,0.9985139941385014
1,1,0.9962276312862737
4,4,0.9985139942956116
4,4,0.9985139970309652
4,4,0.998103410497788
0,0,0.9977029267085623
1,1,0.9963728926203685
1,1,0.9949167013907863
0,0,0.9979531631487104
4,4,0.9988285697005588
1,1,0.9962932996866641
4,4,0.9985006695469375
4,4,0.9985138880424935
1,1,0.9963258424621614
4,4,0.998515777638917
0,0,0.9979531606286011
4,4,0.9985139978949394
0,0,0.9979534427000186
1,1,0.99631498491931
4,4,0.9985140007286305
1,1,0.9957809197937897
0,0,0.9979534431563968
0,0,0.9979535605918333
4,4,0.9507928038132124
4,4,0.998513966956283
4,4,0.9980466745971207
4,4,0.9985139936621372
4,4,0.998087711964613
4,4,0.9984494247324643
4,4,0.9985156024268249
4,4,0.9985157570416001
0,0,0.9979534421353782
4,4,0.9985140019822157
0,0,0.997954093364503
1,1,0.9963256502111351
0,0,0.9979532850953146
0,0,0.9978238832241123
4,4,0.9978528196829759
4,4,0.990961700034932
4,4,0.9983490265322843
4,4,0.998515753986109
2,2,0.9982934817252425
0,0,0.9979531620269901
4,4,0.9980008100700831
4,4,0.998513834792572
0,0,0.9979531996226341
4,4,0.9985143351673068
0,0,0.9974137162293111
4,4,0.9985141642435338
4,4,0.9984150108473373
0,0,0.9979530514905095
0,0,0.997953161322226
0,0,0.9979535279185733
0,0,0.9979535404611967
4,4,0.9985139744428685
0,0,0.9979278971530945
1,1,0.9962368200070945
1,1,0.9963260131918258
0,0,0.9979534438179093
4,4,0.9985140796888322
4,4,0.9984942824621367
0,0,0.9979580157684981
0,0,0.9979534446603192
2,2,0.9979100790272685
4,4,0.9985137502455499
4,4,0.9984765427315736
1,1,0.9963728933605427
1,1,0.9957228123258386
0,0,0.9979531606400447
0,0,0.9979534446603405
4,4,0.9985154449442841
4,4,0.9985153825916888
1,1,0.8164654708533916
4,4,0.9984944864934671
1,1,0.9963261956633673
4,4,0.9992127071586209
0,0,0.9979549486433824
4,4,0.9985140061233181
0,0,0.9979534430227422
4,4,0.9984953740647818
0,0,0.9979534479282122
0,0,0.997953160640038
0,0,0.9979544166686808
4,4,0.9985140814373608
0,0,0.9979534427334666
4,4,0.9984999698121855
0,0,0.9979535387273067
0,0,0.9979535381320545
4,4,0.998514086013265
4,4,0.9985140012792841
0,0,0.9979533927422262
4,4,0.9985875633148859
0,0,0.9979531495829985
0,0,0.9979537246875254
4,4,0.9984454859766824
0,0,0.9979533643302713
4,4,0.9983576988429902
4,4,0.9985140796888322
4,4,0.9985140078929271
4,4,0.9985132700823209
0,0,0.9979534427334666
0,0,0.9979189474114917
4,4,0.9985075477166356
0,0,0.9978091127642945
4,4,0.9985139989261633
1,1,0.9963083210305685
4,4,0.9984443798010899
0,0,0.9979534429545598
4,4,0.9979174771908116
4,4,0.9985140860205428
4,4,0.9985150840125204
4,4,0.9985157539861002
0,0,0.997953161045961
0,0,0.9979531598233243
4,4,0.9985140961586819
4,4,0.9985139959978098
0,0,0.9979535810997586
0,0,0.9979535378609066
4,4,0.9985157788216183
1,1,0.9963262317104136
0,0,0.9979482539984917
4,4,0.9985160045738959
0,0,0.9979534422923627
1,1,0.9788062851230996
4,4,0.9985196250143014
4,4,0.9917089563714034
1,1,0.9963237651653571
0,0,0.9979535387863153
4,4,0.994894308727029
2,2,0.9985486360977193
4,4,0.9981332959830433
0,0,0.9979511710120648
4,4,0.9985151817554261
4,4,0.9981829180933764
4,4,0.9982146415774538
0,0,0.9979534429545598
4,4,0.9982675274182957
4,4,0.9985142521680002
1,1,0.9963260821873025
4,4,0.9984130353867228
0,0,0.9979531606285673
4,4,0.9985042498300055
4,4,0.9984303268431066
0,0,1.0
4,4,0.9976201875457924
0,0,0.9979530462067998
4,4,0.9985139956566479
0,0,0.9979531813524145
0,0,0.9979535637437164
0,0,0.9979531325676274
0,0,0.9979401435025977
4,4,0.998514098474356
0,0,0.9979654639565438
4,4,0.9962993787563427
0,0,0.9979534455699559
4,4,0.9984913117367886
4,4,0.9985141057338892
4,4,0.9985138283409745
0,0,0.9979600204363046
4,4,0.998514099268787
4,4,0.9981397911831144
4,4,0.9985140999548272
4,4,0.9985157563691316
4,4,0.9985156741611584
0,0,0.9979534463295064
0,0,0.997953444132122
0,0,0.9979537263221251
4,4,0.998328566170578
1,1,0.9962816406549444
0,0,0.9979554180647074
4,4,0.9985139932125248
0,0,0.9979535374040708
4,4,0.9984494572792518
4,4,0.586690609736055
4,0,0.8138191011403861
0,0,0.9979531860006309
4,4,0.9985140892975853
0,0,0.9979567311165449
1,1,0.9963261781269279
1,1,0.9963733680412226
0,0,0.9979535813692987
4,4,0.9985140813586382
0,0,0.9979534427000291
4,4,0.9984172041018311
0,0,0.9979532062111173
1,1,0.9963066227690429
4,4,0.9985162702508554
4,4,0.998513994814971
4,4,0.9982972205290835
1,1,0.9963258602597892
0,0,0.9979549732703177
4,4,0.9983048000565475
4,4,0.9985151505073461
1,1,0.9963728929176088
4,4,0.9985132261844114
4,4,0.9985027894247637
4,4,0.9985139985083727
4,4,0.9985164245827164
4,4,0.9977689665739915
0,0,0.9979555980355284
0,0,0.9979534877259573
0,0,0.9979535806920353
0,0,0.9979542539627387
0,0,0.9979534424252197
0,0,0.997952764797447
0,0,0.9979209315178723
4,4,0.9985191204811574
0,0,0.997928669130517
4,4,0.999263919467438
4,4,0.9984985817489291
0,0,0.9979537206663653
4,4,0.9985140778424191
4,4,0.9965296391329022
0,0,0.9979531498722151
4,4,0.9984097980112472
4,4,0.9982297253684188
0,0,0.9979531606400353
4,4,0.9985154760638715
1,1,0.9963728930686456
0,0,0.9979531606285719
0,0,0.9979534873185344
4,4,0.9985195785468979
0,0,0.997953724857232
4,4,0.9956065869050301
4,4,0.9985149581360112
0,0,0.9979532994293286
4,4,0.99787828025879
0,0,0.9979536590820554
0,0,0.9979537216500405
4,4,0.9985194850875797
1,1,0.9963262325495454
0,0,0.9979530404679756
0,0,0.9979533916966056
0,0,0.9979571553136408
0,0,0.9979534446603192
4,4,0.9985141343351229
4,4,0.9985152653043654
4,4,0.9985074633259408
0,0,0.9979541001603135
0,0,0.9979487542893135
0,0,0.9979511744357878
4,4,0.9985149988556172
0,0,0.9979542413844753
4,4,0.9980088912466575
4,4,0.9985156729782204
0,0,0.9979535800305229
4,4,0.998515095791252
0,0,0.9979535372837355
0,0,0.9979528685359723
0,0,0.9979630442978168
0,0,0.9979597684529143
4,4,0.99851399587377
4,4,0.9982861299890999
0,0,0.9979534431563968
4,4,0.9985153433370163
4,4,0.9985128808249824
0,0,0.9979534469883655
4,4,0.9984795198535374
4,4,0.998515670598364
1,1,0.963472505131283
4,4,0.9985140011248389
0,0,0.9979376338925278
1,1,0.9963270812270725
4,4,0.9985193782607672
4,4,0.9980920125419819
0,0,0.9978505817667214
4,4,0.9980955322868558
4,4,0.9985139948149799
4,4,0.9985140823352237
0,0,0.9979534434108028
4,4,0.9985139733028733
4,4,0.9985139947810387
0,0,0.9979533841649606
4,4,0.9984144071964784
0,0,0.9979539325446273
0,0,0.9979531498722151
4,4,0.9985154732995302
4,4,0.9984456283061123
0,0,0.9979531498722151
4,4,0.9985243344883664
0,0,0.997953259790024
0,0,0.9979535797413064
0,0,0.9976470268260668
0,0,0.9979531620155422
0,0,0.9979535804643479
4,4,0.9985140007949761
4,4,0.9985150997256733
0,0,0.9979565669661682
4,4,0.9985146643624023
4,4,0.9985140892975853
4,4,0.998475219737615
0,0,0.9979535644402634
0,0,0.9979608830667244
1,1,0.9963728901869653
4,4,0.998514077776261
4,4,0.9985140778467685
4,4,0.9985140790444927
1,1,0.9963733680412226
4,4,0.9985157488536821
4,4,0.9985203520300026
0,0,0.9979550690688358
1,1,0.9956547821771705
4,4,0.9985196007045369
4,4,0.9982505688168818
4,4,0.9985141848001037
4,4,0.9981025520415592
0,0,0.9980033037349173
0,0,0.9976475564966667
4,4,0.9985156741611584
0,0,0.9979534444397201
0,0,0.997959815469071
0,0,0.9979555968688133
0,0,0.9979534429545598
4,4,0.9985157539861002
0,0,0.9979534430227316
4,4,0.9985140778212562
4,4,0.9985046316894726
0,0,0.997953558541139
4,4,0.9985140800869077
4,4,0.9985140975453849
1,1,0.9962967714466725
4,4,0.9976783389454665
1,1,0.9963262325495454
4,4,0.9985139946836806
0,0,0.9979534446603192
4,4,0.919593427621996
4,4,0.9985134991127703
1,1,0.9958133756236905
4,4,0.9985135251341892
4,4,0.9985140832900278
4,4,0.9984689953366997
0,0,0.9979688352296207
4,4,0.9985140976681591
0,0,0.9979535728929434
4,4,0.9985139937598595
4,4,0.9985140848630979
4,4,0.9941425681559624
4,4,0.9984364544258899
0,0,0.9979531629337074
0,0,0.9979548593516833
1,1,0.9963259833789039
4,4,0.998514031834328
4,4,0.9985068020821197
4,4,0.9985142230913048
0,0,0.9979534431563968
4,4,0.9985152083966298
0,0,0.9978668135630733
0,0,0.9972123677663951
4,4,0.9985139989715073
4,4,0.9984893695597302
4,4,0.9985138280927272
0,0,0.9979546213885834
4,4,0.9983163331564662
0,0,0.9979278972902521
0,0,0.9979533666666611
1,1,0.9962359935975238
2,2,0.9978305664112946
4,4,0.9985153161165549
4,4,0.9985140822868472
4,4,0.9984981092768385
0,0,0.9979535376890241
4,4,0.9985141895629503
0,0,0.9979530678693669
0,0,0.9979519697258917
4,4,0.9985156705983729
0,0,0.9979534433619097
0,0,0.9979534426649211
4,4,0.9985157488536821
4,4,0.998514079365475
4,4,0.998514005022809
1,1,0.9963735131053901
0,0,0.9979534453436747
0,0,0.9979534443712894
4,4,0.9985147088236878
0,0,0.9976974108938994
0,0,0.9978064264721913
4,4,0.9985154545300788
4,4,0.9985140833315846
1,1,0.9963728900356549
4,4,0.998514033238056
1,1,0.9961916997547065
0,0,0.9979534443712894
4,4,0.9985151908482018
4,4,0.9985141989678852
4,4,0.998514077776261
0,0,0.9979547973769274
4,4,0.998381330806993
4,4,0.9985200682803471
4,4,0.9979301563158698
0,0,0.9979534446603192
1,1,0.9963738824024105
0,0,0.9979571623316461
0,0,0.9979546205944041
0,0,0.9979549086406624
0,0,0.997951686022042
0,0,0.9979683985135409
4,4,0.9985140976681591
4,4,0.9985202707659449
4,4,0.9985153732187538
0,0,0.997920230456401
0,0,0.9979535379216767
0,0,0.997601164655834
4,4,0.9984937546173499
1,1,0.9963040226186055
4,4,0.9985157539861002
0,0,0.9979515338671058
0,0,0.9979534427334666
4,4,0.9985152961415741
1,1,0.9962913609989935
4,4,0.9978210542284007
4,4,0.9985157585773263
0,0,0.9979534460972213
4,4,0.997745827796803
0,0,0.997885882392939
1,1,0.9963729156007373
1,1,0.9961181640314835
4,4,0.9984799692650729
0,0,0.9979533915818302
4,4,0.9985157555288439
4,4,0.9976625802834471
4,4,0.9985155049418624
4,4,0.9984088033502982
4,4,0.998515777638917
0,0,0.9979549486433824
0,0,0.9979534913046618
0,0,0.9979535644402849
4,4,0.9985156702440203
4,4,0.9984813981124778
0,0,0.9979534426649211
1,1,0.9963135299576006
1,1,0.9967946471519633
0,0,0.9979571557019881
0,0,0.9979534427000186
4,4,0.9985153515561136
0,0,0.9979526583450496
0,0,0.997953442425209
4,4,0.9985151751104389
0,0,0.9979531507776475
0,0,0.9979534429545598
0,0,0.9979560279574688
1,1,0.9963260131918258
4,4,0.9985140792896461
4,4,0.9987642902759537
4,4,0.9985157579064022
4,4,0.9985153159190814
4,4,0.9958895641347472
0,0,0.9979547435390069
4,4,0.9985232841470855
4,4,0.9984432687621883
4,4,0.9985140818704934
1,1,0.9963256239755964
1,1,0.9963259712102573
4,4,0.9985140067392435
4,4,0.9984360687899492
0,0,0.9979534429545704
0,0,0.9979535637787723
0,0,0.9979534430724084
4,4,0.9985157543407469
4,4,0.9985140806030692
4,4,0.9985139731314483
0,0,0.9979535800305335
0,0,0.9979531606285673
4,4,0.9985139928699062
4,4,0.9985074092879966
4,4,0.9984557811874273
0,0,0.9979534430227422
0,0,0.997953446229445
0,0,0.9979534463295064
4,4,0.9985140831672326
0,0,0.9979535809359558
4,4,0.9984927269856179
0,0,0.9979534427489739
4,4,0.9985140500276304
4,4,0.9981893504200213
0,0,0.9979531498722151
0,0,0.9979416531362837
1,1,0.4954972389553476
4,4,0.9985140035458718
0,0,0.9979534423605911
4,4,0.9985154305343983
4,4,0.9985140796888318
4,4,0.9985136186094212
0,0,0.9979537261527326
4,4,0.9968006699037096
4,4,0.9984569917048304
0,0,0.9979535797413064
4,4,0.9985140790445016
1,1,0.9947428332050761
0,0,0.9979534414724903
1,1,0.9963259965428791
0,0,0.9979555965045218
0,0,0.997952764797447
4,4,0.9985153779660836
1,1,0.9963866303554252
0,0,0.9979549188265664
1,1,0.9962663859002082
1,1,0.9963262317104136
0,0,0.9979532683976903
4,4,0.998516100255131
0,0,0.9979532906499283
0,0,0.997953150126621
0,0,0.9979535804643479
0,0,0.9979599923044243
4,4,0.9984486972225124
0,0,0.9979531324453509
4,4,0.9985140020065789
4,4,0.9982467634654102
1,1,0.995883379313775
4,4,0.9985187528617824
0,0,0.9979549486433824
4,4,0.9985140794230843
4,4,0.9985154914294984
0,0,0.9979552412413847
0,0,0.9978711817505109
0,0,0.9979534438178878
4,4,0.9984978402755309
0,0,0.9979534427334666
4,4,0.998514082294144
4,4,0.9984493048046003
0,0,0.9979529963970972
4,4,0.9985140834448976
0,0,0.9979534430227316
4,4,0.9984997747273007
4,4,0.998513995401478
0,0,0.9979492010584441
0,0,0.9973152114964708
0,0,0.9979534460972213
0,0,0.9979534484883653
4,4,0.9985140007286668
4,4,0.9985151059696654
4,4,0.9985154928375942
4,4,0.9985132705072401
0,0,0.9979532601519948
4,4,0.9985118835490844
0,0,0.9979528682481914
4,4,0.9984915558564809
4,4,0.9985141753198239
4,4,0.9985083568529877
0,0,0.9979278971530945
4,4,0.9981831530557795
0,0,0.9979415909402248
4,4,0.9985140049906214
0,0,0.9979536066358287
4,4,0.9985140802389373
4,4,0.9985139952043723
0,0,0.9979531571295897
4,4,0.9985140860205428
0,0,0.9979531067496662
0,0,0.9979549186569932
0,0,0.9979535598375727
0,0,0.9975768940276882
4,4,0.9959219551184234
4,4,0.9985139044930232
2,4,0.9980340542753467
4,4,0.9985194329322471
4,4,0.9985140068285862
4,4,0.9985140783624581
2,2,0.9981687918321076
0,0,0.997970356285557
0,0,0.9979542413844753
4,4,0.9982670784421601
0,0,0.9979533628238579
0,0,0.9979796950696302
1,1,0.9965704342736765
4,4,0.9985141810881852
4,4,0.9985157772858922
4,4,0.9983576787580882
0,0,0.9979532772839294
4,4,0.9985140825245505
0,0,0.9979521465604541
0,0,0.9979568758441357
4,4,0.9985157772858922
4,4,0.9985179682088742
4,4,0.9753809555595673
0,0,0.9979532798789065
1,1,0.9962947249663082
4,4,0.9984953689491877
4,4,0.9985157788216183
0,0,0.9979534438178878
4,4,0.9980819578321527
0,0,0.9987374588941412
0,0,0.9979534444396987
4,4,0.998361865615502
4,4,0.9970316846563398
0,0,0.9979534434108028
4,4,0.9984906192422791
0,0,0.9979583204255751
4,4,0.9984976425447956
4,4,0.9978948000580026
4,4,0.9831201729482482
0,0,0.9979560435022435
1,1,0.9954221302858094
0,0,0.9979548978381783
0,0,0.9979475686229776
4,4,0.9985140858049925
0,0,0.9977310206348199
4,4,0.9984938226050171
4,4,0.9985030090138742
0,0,0.9978715608542744
4,4,0.9985140878870123
0,0,0.9979527647974574
4,4,0.9993746590651914
1,1,0.9962587222913567
0,0,0.9979527641041073
4,4,0.998515839094605
0,0,0.9979531466997189
1,1,0.9983749127216952
0,0,0.9979534394700488
0,0,0.9980207762508712
0,0,0.9979598007117
4,4,0.9985132850759474
4,4,0.997708819344565
0,0,0.9979540673683862
1,1,0.9963280389815592
0,0,0.9979531620155422
4,4,0.9985157567225114
4,4,0.9960245982280698
4,4,0.9985139939917638
4,4,0.998514393922261
0,0,0.9979535637787723
0,0,0.9979598007117
4,4,0.9985139957494789
4,4,0.9985140780192012
4,4,0.9985145268324357
0,0,0.996909991288986
0,0,0.9979534913046618
4,4,0.9985138873164344
0,0,0.997953425317307
0,0,0.9979532823175924
4,4,0.9985196016553219
0,0,0.9979531616101244
4,4,0.9985139945914165
4,4,0.9985154319470064
0,0,0.9979534427682121
1,1,0.9963260044597005
0,0,0.9979535640331679
0,0,0.9951316296237023
4,4,0.9985177207527062
0,0,0.9979600993237472
4,4,0.9984725663762725
0,0,0.997960148453144
1,1,0.9963026321909235
4,4,0.9985137568192161
0,0,0.9979535807186315
4,4,0.9985019806916929
0,0,0.9977197727378134
0,0,0.997953442425209
0,0,0.997953444132122
4,4,0.9985235203104559
4,4,0.9985140794238775
4,4,0.998513996334761
4,4,0.9984103122006341
4,4,0.9985066352250508
4,4,0.9981480456013716
0,0,0.9979535409854897
0,0,0.9979534422923627
0,0,0.9979496862253364
0,0,0.9979549487115917
4,4,0.9985116208893796
1,1,0.9963469695060106
0,0,0.9979534427489739
0,0,0.9979534431213408
0,0,0.9979535634891962
4,4,0.9985141036534878
0,0,0.9979534913046725
4,4,0.9982737178133284
0,0,0.9979530462067998
4,4,0.9984949993007014
4,4,0.9985156732970524
0,0,0.9979246939352032
0,0,0.9979530514904816
4,4,0.9964321160586843
0,0,0.9979537201765062
4,4,0.9985140921035768
4,4,0.9983813481645961
1,1,0.9963729348043
4,4,0.9975780135710943
4,4,0.9985140961586819
4,4,0.9984447010884568
1,1,0.9962842712882292
0,0,0.9979495514558273
4,4,0.9985149757332495
0,0,0.9979534253172858
4,4,0.9990674091910721
4,4,0.9985154749130027
0,0,0.9979476070341659
1,1,0.9962799601632132
0,0,0.9979480899761353
0,0,0.9979543495075024
4,4,0.998514077776261
4,4,0.9985134040378882
1,4,0.829677821346395
0,0,0.9979531609470342
4,4,0.9983505406433639
0,0,0.997953444132122
4,4,0.9985154450991327
0,0,0.9979583200633041
0,0,0.9979533637949044
0,0,0.9979532772839322
0,0,0.9979531616101581
1,1,0.9963731653036368
0,0,0.9979549139775961
1,1,0.99625345423724
4,4,0.998806771186497
0,0,0.9979531603403129
4,4,0.9985151819482785
4,4,0.9984198984860645
4,4,0.9984207492238627
0,0,0.9979531321378242
4,4,0.9985019334963415
1,1,0.9961787347704445
4,4,0.9985139942956116
1,1,0.9963066058971352
4,4,0.998519618457679
4,4,0.9985153529211572
4,4,0.9986168873238341
4,4,0.9985139962079804
0,0,0.997954910422933
4,4,0.9985139939320417
0,0,0.9979534430724084
4,4,0.9985150401066398
0,0,0.9979534487759008
0,0,0.9979365894250891
4,4,0.9982722709388608
0,0,0.997952736265894
4,4,0.9985154697502778
0,0,0.9979531856380257
4,4,0.99851410737952
4,4,0.9985140049906214
4,4,0.9985158875792773
0,0,0.9979534424252197
0,0,0.9979534454554748
0,0,0.9979535836750745
4,4,0.9985157563691316
1,1,0.9963066058971352
0,0,0.997920230456401
1,1,0.9959097411195573
4,4,0.998935852062308
0,0,0.9979363249066869
4,4,0.9984494247324643
4,4,0.9985154502908011
4,4,0.9985134870993161
4,4,0.9985074452797414
0,0,0.9979531587950002
4,4,0.9985141656771112
4,4,0.9985263313850173
4,4,0.9985152658756256
4,4,0.9984523061690391
0,0,0.9979534427489739
0,0,0.9979535806920353
0,0,0.9979571336073175
0,0,0.9979531620269901
4,4,0.9985188502221909
4,4,0.9985157563691227
4,4,0.9985150941950246
4,4,0.9985157539861002
0,0,0.9979462431116672
4,4,0.9986162669480725
4,4,0.9917893036748401
4,4,0.9985141096755314
4,4,0.998513975494872
4,4,0.9985140106551347
2,2,0.9969144415162818
4,4,0.9985150954877812
4,4,0.9985154802333559
4,4,0.9985140985754251
4,4,0.9985140018508982
1,1,0.9961134083260229
0,0,0.9979535634891962
0,0,0.9930201779732579
4,4,0.9985141307836711
4,4,0.9985153682834994
0,0,0.9979471847875884
4,4,0.9985139891159898
4,4,0.9985157543407469
4,4,0.9985074640000278
0,0,0.9979532772839294
4,4,0.9985188502221909
0,0,0.9979535800571466
4,4,0.9984217041378406
0,0,0.9979531651620571
4,4,0.9984492813520519
4,4,0.9985140070668433
4,4,0.9985139929412234
4,4,0.9960417942049752
0,0,0.9979534414728503
0,0,0.9979567452483354
4,4,0.9985140832190486
4,4,0.9985139954627109
4,4,0.9985153100889987
0,0,0.99795336993388
0,0,0.9979634761712854
4,4,0.9985140074604746
4,4,0.9985153526765072
1,1,0.9970226198280031
1,1,0.9963031144527507
4,4,0.99851398170602
0,0,0.997953446229445
4,4,0.9985080928471741
0,0,0.9978668070613705
0,0,0.9979534390653915
4,4,0.9985154362113117
4,4,0.998514677192456
4,4,0.9985141465951014
4,4,0.9985140839963339
1,1,0.9958133756236905
4,4,0.9985140061233181
4,4,0.9983262894464059
4,4,0.9985141949846664
0,0,0.9965924239049033
0,0,0.9979600481373889
0,0,0.997948089976125
0,0,0.9979548970725994
1,1,0.9959725448232484
0,0,0.9979599923044243
0,0,0.9979540669663399
1,1,0.9962359917659169
1,1,0.9963249920502769
1,1,0.9963258592414282
0,0,0.9979534430227422
4,4,0.9985140140809733
4,4,0.9983573441461275
4,4,0.9985157567225114
0,0,0.9979531534509172
0,0,0.9979531311511711
0,0,0.9976047081536721
1,1,0.9909629364034129
0,0,0.9979531610345298
4,4,0.9985139995407848
4,4,0.998519389093867
4,4,0.9985140017844025
0,0,0.997953538718601
1,1,0.9963763187259521
4,4,0.998515673649793
4,4,0.9984791647573303
4,4,0.9985141042104618
4,4,0.9981568032180227
4,4,0.9985157570416001
4,4,0.9983344638718744
1,1,0.9963262170824431
4,4,0.9985140800670562
4,4,0.9985157772858922
1,1,0.9963066227690429
1,1,0.9963066058971352
0,0,0.9979278972902521
4,4,0.9984117465377409
1,1,0.9963000412667842
4,4,0.9985139015089081
4,4,0.9985201496573716
0,0,0.9979534429545598
4,4,0.9985157772858922
1,1,0.9963028384215292
4,4,0.9984918133804018
4,4,0.9983266828454316
4,4,0.998513995974127
4,4,0.9985153280391988
0,0,0.9979534424102874
4,4,0.9982851640678946
4,4,0.9984682456150563
4,4,0.9982083657476172
4,4,0.9985170807351516
0,0,0.9979548978704426
0,0,0.9979549956590106
0,0,0.9979534439283164
4,4,0.9985140778087663
4,4,0.9985141685944352
4,4,0.9985140007288819
0,0,0.997920230456401
2,2,0.9980182420894421
0,0,0.9979534426649211
4,4,0.9985150929273792
0,0,0.9979512963873045
4,4,0.998513972999858
0,0,0.9979531613336508
4,4,0.9985157539861002
4,4,0.9985153529011942
4,4,0.9981612378593471
0,0,0.9979526186023959
4,4,0.9985154298095688
4,4,0.9985140012641779
4,4,0.9984750826854751
0,0,0.9979531612351024
1,1,0.9963737460260784
1,1,0.9962084309167409
1,1,0.9963258560881842
0,0,0.9979554308074086
0,0,0.9979547928286963
4,4,0.9985141104250318
0,0,0.9979534428328292
4,4,0.9962700777728496
0,0,0.9979536590820554
0,0,0.997939427455773
0,0,0.9979534443713302
0,0,0.9979534877259573
0,0,0.9979286771671448
4,4,0.9966631568656156
4,4,0.9985157567225025
0,0,0.9979537250917887
4,4,0.9985155765045648
4,4,0.9984251944730265
4,4,0.9985188543555543
4,4,0.9978614672174729
0,0,0.9979534429545598
0,0,0.9979531610344959
4,4,0.9985059578252842
4,4,0.998515753986109
4,4,0.9985138626574865
4,4,0.9984963363334413
0,0,0.9979394598558488
4,4,0.9981827366454638
4,4,0.9985157539861002
0,0,0.9979547435390069
4,4,0.9985140763733168
4,4,0.9985141909851353
4,4,0.9983929298658412
4,4,0.9985150947355508
4,4,0.9985139732576416
0,0,0.9979547973769274
0,0,0.9979528400127223
4,4,0.9985140794314736
0,0,0.9979535836089577
4,4,0.9985137607175286
4,4,0.9985157563691316
0,0,0.9979534429545647
4,4,0.9985086822126066
0,0,0.9979542406571207
4,4,0.9985210141333973
0,0,0.9979546370938077
4,4,0.9985157555288439
4,4,0.9985157563691316
4,4,0.99847483400376
4,4,0.9984029669345421
4,4,0.9985156748315425
4,4,0.9984935263473071
0,0,0.9979535836089577
4,4,0.9983879456508492
0,0,0.9979583204255386
4,4,0.9985179545790897
4,4,0.9985139948652164
4,4,0.9985140108653863
4,4,0.998492394618275
4,4,0.9985088574513901
4,4,0.9983702581425724
4,4,0.9985141796557583
1,1,0.9967280990491187
0,0,0.9979534429545704
4,4,0.9985140797740855
0,0,0.9979535385556396
4,4,0.9916513003719404
4,4,0.9985096852007318
0,0,0.9978475482576857
4,4,0.9985245625639186
4,4,0.9980945092152281
4,4,0.9985157555288439
4,4,0.9982783049946305
4,4,0.9981733688758304
4,4,0.9985153557505111
4,4,0.998482576332956
4,4,0.9985160841452905
0,0,0.9979534429545598
4,4,0.998515561435457
4,4,0.9983868965148254
4,4,0.9985153102483258
4,4,0.9985154303023862
0,0,0.9979583220865671
4,4,0.9985156938940816
0,0,0.9979556075019554
0,0,0.9979534427334666
4,4,0.9993266242741876
1,1,0.9963259812188201
4,4,0.9985153737006199
4,4,0.9985205662536887
0,0,0.997953467892011
4,4,0.998515777638917
4,4,0.9985124150177399
0,0,0.9979534439283164
1,1,0.9963260392963299
0,0,0.9979534427334666
1,1,0.9961046399328379
0,0,0.9979278939191157
4,4,0.9985155213472682
0,0,0.997953658293614
0,0,0.9979552858238607
4,4,0.9985140015794862
4,4,0.9974691322160956
1,1,0.9963259708885972
0,0,0.9979472931590267
4,4,0.9983729635132697
0,0,0.9979549502736261
4,4,0.9984181241577833
4,4,0.9979130657452716
4,4,0.9985142396203558
4,4,0.9985140137929345
4,4,0.9985151783561881
0,0,0.9979534459409745
0,0,0.9979532827229869
0,0,0.9979533633094411
1,1,0.9963262317104136
0,0,0.9979549520323255
0,0,0.9979627396924946
4,4,0.9980039687399983
1,1,0.9963729348043
4,4,0.9985141482818576
0,0,0.9979583196355323
0,0,0.9979534484883653
4,4,0.9985140899226955
0,0,0.9979536591517897
0,0,0.9979531603403129
4,4,0.9985142354738344
4,4,0.9985141154459872
4,4,0.9980954766926751
4,4,0.998513915664907
4,4,0.9985139731260753
0,0,0.9979534430227316
0,0,0.9954367138403457
4,4,0.998514012597095
4,4,0.9976594002403417
4,4,0.9984947315171432
1,1,0.9325670229195001
4,4,0.9985140114642351
4,4,0.9985157788216183
4,4,0.9985157539861002
4,4,0.9985187597345092
0,0,0.9979509018788277
4,4,0.9984673165968465
1,1,0.9963256787618365
0,0,0.9979534429545598
4,4,0.9985140063896054
0,0,0.9970941082705672
4,4,0.9985139940977371
0,0,0.9979534444397201
4,4,0.9983360720310804
4,4,0.9985140075803296
4,4,0.9985140969442755
0,0,0.9979599759294195
4,4,0.9985140772758937
0,0,0.9979365894250891
4,4,0.9985153436768421
4,4,0.9985142535939736
0,0,0.9979534459409745
4,4,0.9985074066237726
4,4,0.99832803979992
1,1,0.9963260131918258
4,4,0.9985373965573354
4,4,0.9985179322302369
0,0,0.9979531534509172
4,4,0.9945111337339001
0,0,0.9979535810997372
4,4,0.998524233626957
1,1,0.9963728950005215
0,0,0.9979497558409076
0,0,0.9978913349013546
4,4,0.9985180604145274
0,0,0.9979516501101574
4,4,0.9985067766436548
0,0,0.9979549186569461
0,0,0.9979534433314826
4,4,0.998947729466205
4,4,0.9981442473740005
1,1,0.9963262251692123
4,4,0.9984721274499471
0,0,0.997953162646255
4,4,0.9985157539861002
2,2,0.9976668700221203
4,4,0.9907409230523355
0,0,0.9979449442361579
0,0,0.9979546205944041
0,0,0.997910640302649
4,4,0.9984991475728925
4,4,0.9985140007949761
4,4,0.9984753189638355
0,0,0.9979535793333763
0,0,0.9979532852477188
4,4,0.9985160176808641
0,0,0.9979535644402634
0,0,0.9979534438432592
0,0,0.9979534434108028
0,0,0.997953580284929
4,4,0.9985153528449632
0,0,0.9979543612534565
1,1,0.9962358458664229
4,4,0.9985012668944969
0,0,0.9979549188265664
4,4,0.9985140796888318
4,4,0.9985153881964519
1,1,0.9518852296979141
0,0,0.9979583204255386
4,4,0.9985202851691433
0,0,0.9979541005607638
0,0,0.9979488709300911
4,4,0.9985140797845999
0,0,0.997957169488066
4,4,0.9985156729782204
4,4,0.9984188146982184
4,4,0.9985001368248799
0,0,0.9979534417625725
2,2,0.9976220235053396
0,0,0.9979549708731732
1,1,0.9963259637618722
4,4,0.9985140958035552
0,0,0.9979511628009096
4,4,0.9985140801938555
0,0,0.9979532989861967
4,4,0.9981542967434117
4,4,0.9985142055684962
4,4,0.9984409668917562
4,4,0.9907596832037396
4,4,0.9962907662388556
0,0,0.9979531505337057
4,4,0.9985090125857219
4,4,0.9984986022145479
1,1,0.9963728926203685
4,4,0.9985140800678519
4,4,0.998514087816611
1,1,0.9962251462525648
4,4,0.9985140798707445
4,4,0.9984179196837979
4,4,0.9985140798704982
0,0,0.9979534464680042
4,4,0.9985157543407381
1,1,0.9947128251147341
4,4,0.995283381182522
4,4,0.9967516599999827
4,4,0.998513895815992
1,1,0.9963728973045282
4,4,0.9980626110161518
0,0,0.9979534429545598
0,0,0.9979535800972863
4,4,0.9985140776498157
0,0,0.9979535807186052
0,0,0.9979542985381177
4,4,0.9985140846224693
0,0,0.9979534467562625
0,0,0.9979583204255855
4,4,0.9975796465331889
4,4,0.9985148604371722
0,0,0.9979554177279748
4,4,0.9984493048046003
4,4,0.9985142469063486
4,4,0.9985154136009927
4,4,0.9984494383540001
1,1,0.9962507837969434
4,4,0.9985140831594851
0,0,0.9979532448259744
4,4,0.9985139724853381
0,0,0.99795194014817
4,4,0.9985140778475634
4,4,0.9981807295922481
4,4,0.9985157539861002
4,4,0.998387648037109
0,0,0.997963038347401
4,4,0.998514084257732
0,0,0.9979531603517616
4,4,0.9985082740550465
4,4,0.998514079365475
4,4,0.9985185690150207
4,4,0.9985203002308042
4,4,0.9983857613327911
0,0,0.9979534429545704
0,0,0.9979545886307283
4,4,0.9985139959450096
1,1,0.9963260234181587
0,0,0.9978228164911142
4,4,0.9985157788216183
4,4,0.9984196865925218
0,0,0.9979535380813009
0,0,0.9979534463295064
4,4,0.9985151782293299
4,4,0.9985015735145499
4,4,0.9985135475553942
4,4,0.9985043787001852
4,4,0.998505632554853
4,4,0.997508229811514
0,0,0.9979571702847493
0,0,0.997953658284897
4,4,0.9985140476925582
4,4,0.9985133606939728
0,0,0.9979531603402837
4,4,0.9972228838134651
0,0,0.9979534253172752
4,4,0.9985140779739811
0,0,0.9979534446603405
0,0,0.9979597744729279
0,0,0.9979555965045218
4,4,0.9985066450971518
4,4,0.9983790081525041
4,4,0.9984495950150039
0,0,0.9979532154408999
0,0,0.99795507142369
4,4,0.9985140865208582
4,4,0.9981686638190032
4,4,0.9985138880844763
4,4,0.9984948153764236
0,0,0.9979548970493146
0,0,0.9979531860006309
4,4,0.9985151243850274
0,0,0.9979530647284526
4,4,0.9977787526128763
4,4,0.9985154146935393
0,0,0.9899886712271939
0,0,0.9979534877259677
4,4,0.998531181918289
0,0,0.9979531534509172
0,0,0.9979535641509275
2,2,0.998258976426622
4,4,0.9985138244526879
0,0,0.9979531612351055
1,1,0.996474528775157
4,4,0.9985140863781576
4,4,0.9985075477166356
0,0,0.997959819680339
4,4,0.9983192781971516
4,4,0.9985140046558396
0,0,0.997953436543355
0,0,0.9979583215857831
0,0,0.9979535511327834
4,4,0.9985019281003434
0,0,0.9979549502736261
4,4,0.9943156059818892
4,4,0.9985140850329772
4,4,0.9985157543407469
1,1,0.996235987062504
4,4,0.998067933994549
4,4,0.9984756556281571
4,4,0.9984888549691178
4,4,0.9805822662741407
4,4,0.9985141661343795
4,4,0.998513992640274
4,4,0.9985165930130605
4,4,0.9985156703211008
4,4,0.9985140798447038
4,4,0.9985140082496364
4,4,0.9984246234133045
0,0,0.9979543439433891
4,4,0.9985139941203593
4,4,0.9984954832511965
4,4,0.998513980226403
4,4,0.9984837258509821
1,1,0.9929495155071706
0,0,0.997954918826577
0,0,0.9978947992990312
0,0,0.9979555963419713
4,4,0.9987239854530535
0,0,0.9979549526784921
4,4,0.998515098591041
0,0,0.997969921142786
2,2,0.9869791656228724
1,1,0.9959686967442711
4,4,0.9985050843074254
0,0,0.9979530670079156
4,4,0.998515417447616
4,4,0.9985138330958993
0,0,0.997957169488066
4,4,0.9985131981102385
4,4,0.9983525741264327
4,4,0.9985153532087432
4,4,0.9985141029591008
4,4,0.9985139996287223
4,4,0.9985157488536821
4,4,0.9985140889180768
4,4,0.998515777638917
4,4,0.9985139948193149
0,0,0.9979542413844753
1,1,0.99628555982657
4,4,0.998513987697556
0,0,0.997953445115576
4,4,0.9985140778424137
4,4,0.9985140792716749
4,4,0.9985139942438013
0,0,0.9979374803279842
0,0,0.9979531571295897
0,0,0.9979531603402886
4,4,0.998514079904455
0,0,0.9979532772839294
0,0,0.9979534427489739
4,4,0.9985098118020501
4,4,0.9983137337024542
0,0,0.9979534443713302
4,4,0.9985150948010977
4,4,0.9985201572495149
1,1,0.9963733669169466
4,4,0.9985141810881822
1,1,0.9963373555736851
4,4,0.9985140038961462
4,4,0.9985146331680261
0,0,0.9979540668449893
0,0,0.9979599756755977
1,1,0.9963735131053901
1,1,0.9961876523315487
0,0,0.9979533808341043
0,0,0.9979534446603405
4,4,0.9984122729171615
0,0,0.9979534424252197
4,4,0.9985156726251249
4,4,0.9985154057093972
4,4,0.9985140795627256
0,0,0.9979571627333403
0,0,0.9979534919631844
1,1,0.9963262317104136
4,4,0.9985140816342661
4,4,0.9985118163219749
4,4,0.9985140756455904
4,4,0.9984878413483695
4,4,0.9985197094288368
4,4,0.9985140030656312
0,0,0.9979202331082085
4,4,0.998513995144276
0,0,0.9979512879166823
0,0,0.9979560435103938
0,0,0.9979549520323255
4,4,0.9985126956547667
1,1,0.9962997889345955
0,0,0.9979580165449042
4,4,0.9979669504131747
4,4,0.9984443067374493
0,0,0.997953442425209
1,1,0.9963762053356351
0,0,0.9978674683475797
0,0,0.9979531998988179
4,4,0.9985140865456139
4,4,0.9985140068936302
0,0,0.9979604301898748
4,4,0.9934816682997342
0,0,0.9979547435476749
0,0,0.9979534460410828
0,0,0.9979535810997586
0,0,0.997953443693178
4,4,0.9985140076247302
4,4,0.9985139930286424
4,4,0.998505747118894
4,4,0.9991819466589048
4,4,0.9985139926984544
4,4,0.9985157543407469
1,1,0.9962434242631791
4,4,0.9985194991770959
4,4,0.9985179397792933
4,4,0.9985019659509461
4,4,0.9985142455673207
0,0,0.9979538303473088
4,4,0.9984604302627047
4,4,0.998513994164115
4,4,0.9982511747623856
1,1,0.9964882494833402
4,4,0.9985140839359017
4,4,0.9985139874970861
4,4,0.9985141136789857
0,0,0.9979202303193688
4,4,0.998501978772054
4,4,0.9985154190567539
4,4,0.9985069985482834
0,0,0.9979549546352592
0,0,0.9979547897545326
4,4,0.9985074389862482
0,0,0.9979530462067998
0,0,0.9979531308774822
4,4,0.9984492681085277
4,4,0.9983722134410583
4,4,0.9985139957558647
4,4,0.9985136515713093
0,0,0.9979535633713493
0,0,0.9979535804643584
4,4,0.9985156732970524
0,0,0.9979522952541459
0,0,0.9979583215857831
4,4,0.9983705763410656
0,0,0.9979534464679936
4,4,0.9982607034151059
4,4,0.998516091926032
4,4,0.9985149786007026
4,4,0.9985153159190814
4,4,0.9985139952341743
4,4,0.9985002713459101
0,0,0.9979534429545598
4,4,0.9985154801930757
0,0,0.9979534417625725
4,4,0.9984027498693977
0,0,0.9979541001603031
1,1,0.9963565588727203
0,0,0.9979534429545704
0,0,0.9970918775920422
4,4,0.9982610134401045
4,4,0.9985140023958713
0,0,0.9979548970638926
4,4,0.9984010989024826
4,4,0.9985136515713093
0,0,0.9979534429545598
1,1,0.9962913609989935
0,0,0.9979538066445521
2,2,0.9899118091780494
4,4,0.9984087723571882
0,0,0.9979256245390109
4,4,0.9984130654907383
4,4,0.9985166348232846
4,4,0.9985140847057533
4,4,0.998513995066864
1,1,0.9973740043851305
4,4,0.998515693541341
0,0,0.9979549486433609
4,4,0.9985140002811002
4,4,0.9985156732970524
0,0,0.9979534417625725
4,4,0.9985193716393276
0,0,0.9979534464679936
4,4,0.9985157539861002
4,4,0.9985139957929235
4,4,0.9985031375466629
4,4,0.9985141764568677
4,4,0.9985157815323394
4,4,0.9985026759907649
1,1,0.9963728926203685
4,4,0.998514079365475
0,0,0.9979534559041002
4,4,0.9976385227826872
0,0,0.9979620600766156
0,0,0.9979534436393797
4,4,0.9984768104480616
1,1,0.9962816799853477
0,0,0.9979534424252197
0,0,0.997953160640038
0,0,0.997953451380686
0,0,0.9979535384862098
4,4,0.9985140773157339
0,0,0.9979535637787723
4,4,0.9985135457612547
0,0,0.9979549508705862
4,4,0.998389481314818
4,4,0.9985140848623173
1,1,0.9950281100415164
4,4,0.9982187421083899
4,4,0.9984270055541534
0,0,0.9979534469883597
4,4,0.9985140795364909
0,0,0.9979530462067998
4,4,0.9983915541492976
4,4,0.9985157555288439
4,4,0.9985157788216183
0,0,0.9979524645777931
1,1,0.996190241317111
0,0,0.9979536674116604
4,4,0.9985072807770697
0,0,0.9979534428668208
0,0,0.9979537205830835
0,0,0.9979534427334666
0,0,0.9979534437045537
0,0,0.9979531501266152
0,0,0.9979583204255751
4,4,0.9985140794429542
1,1,0.9963256666728454
4,4,0.9982402679569498
0,0,0.9979580298371613
4,4,0.9972517981258279
4,4,0.9858039797405449
0,0,0.997928669130517
1,1,0.9963271234911412
4,4,0.9983181700509576
0,0,0.9977086944766681
0,0,0.997953282734434
4,4,0.9985157788216183
0,0,0.9979592654636327
4,4,0.9975580686627843
4,4,0.9978243667055391
4,4,0.9930935156957632
0,0,0.9979546551088646
4,4,0.9985066716157673
4,4,0.9985140776929918
4,4,0.9985154792842742
4,4,0.9985105570834162
4,4,0.9985155643725727
4,4,0.998514079562735
0,0,0.9979535379894591
4,4,0.9985852189350047
0,0,0.9979534421353782
4,4,0.9985157788216183
0,0,0.9979548978381783
0,0,0.9979534879803633
1,1,0.9961420857637449
0,0,0.9979583204255855
4,4,0.9985157539861002
4,4,0.9985157772858922
0,0,0.9979567311165449
0,0,0.9979426409165081
1,1,0.9959608167327021
0,0,0.9979548979076295
0,0,0.9979531603402886
0,0,0.9979521241483708
0,0,0.9979534459212254
4,4,0.9984412520952737
4,4,0.9985140804148666
4,4,0.9985081005553459
1,1,0.9963188113364362
0,0,0.9979534497087891
1,1,0.9963066058971352
0,0,0.9979509446125905
4,4,0.9985154305174723
0,0,0.9979534417625725
0,0,0.9979524120804844
1,1,0.9963256105541277
4,4,0.9982266311439205
0,0,0.9979600093207698
1,1,0.9963729151626697
4,4,0.9983427432359356
1,1,0.9963258975757899
4,4,0.9985116253372652
1,1,0.9961237669930526
0,0,0.9979535380813009
4,4,0.99721143750075
4,4,0.9983452482956773
4,4,0.9985141667978662
4,4,0.9994211829674754
1,1,0.9963728933606104
0,0,0.9979531609470389
0,0,0.997956746014488
4,4,0.9980673810494881
4,4,0.9985157539861002
4,4,0.9984979672898655
0,0,0.9979534460972213
4,4,0.9984172189989484
0,0,0.9979607079300873
0,0,0.9979567318968973
4,4,0.9985139942751236
4,4,0.9985139933123292
4,4,0.9985151039026039
4,4,0.9985140903526789
1,1,0.9963259983891478
4,4,0.9982634408181577
4,4,0.9985202681273871
4,4,0.9814239672118366
4,4,0.9984370298677789
4,4,0.9985140987050908
4,4,0.9985206863040198
4,4,0.9985157563691227
4,4,0.9985140837250489
0,0,0.997954918826577
0,0,0.9979534609492734
0,0,0.9979532597394594
4,4,0.9995418000039985
4,4,0.9985142418091957
1,1,0.9963259968210503
0,0,0.997953538718601
0,0,0.99795589276118
0,0,0.9979534424252197
4,4,0.9985136596414645
0,0,0.9979535807186052
4,4,0.9984724697074984
4,4,0.9883530373736638
0,0,0.9979549188266135
0,0,0.997954918826577
4,4,0.9985157579064022
0,0,0.9979554180647074
4,4,0.9985136565557239
4,4,0.9984051832436593
4,4,0.9983021090550128
0,0,0.9979727038387002
0,0,0.9979534451155975
1,1,0.9961866188895713
4,4,0.9980106716974217
0,0,0.9979555968688133
4,4,0.9985140225626818
0,0,0.9979535800969271
4,4,0.9985157539861002
0,0,0.997953436543355
4,4,0.9984391896309543
4,4,0.9985203928710327
2,2,0.9984643736391161
4,4,0.9983993159682889
4,4,0.9985157788216183
1,1,0.9645824007485638
0,0,0.9979535633713493
4,4,0.9984771631138991
0,0,0.9979535800305229
4,4,0.9982949595937733
1,1,0.9963262317104136
4,4,0.998515693541341
0,0,0.9979535487821548
4,4,0.9983519005483507
1,1,0.9963565579771119
4,4,0.9985149023701968
0,0,0.997954100560785
0,0,0.997955597656443
4,4,0.9982923792102966
1,1,0.9963738824024105
0,0,0.9979534429545598
1,1,0.980965596720248
4,4,0.9984711414660293
0,0,0.9979534434107924
0,0,0.9979534431564072
4,4,0.9984205504889249
4,4,0.9985141618691402
4,4,0.998229761488458
4,4,0.9985140794913624
0,0,0.9979534441321412
4,4,0.9985133629429563
0,0,0.997941662503061
0,0,0.9979600993237472
4,4,0.9985141464552021
4,4,0.9985139935525947
0,0,0.9978986561251327
4,4,0.9985140026274101
4,4,0.9985140831655982
1,1,0.9960475637345304
4,4,0.9983708090041618
4,4,0.9980538011166854
4,4,0.9983732793424857
0,0,0.9979404344287046
0,0,0.9977360069507083
4,4,0.9982530332267457
4,4,0.9985150966538336
4,4,0.9985139946836806
0,0,0.9979532990526396
4,4,0.9985154414053911
4,4,0.9985199288255546
4,4,0.998383333412765
0,0,0.9979534443712894
1,1,0.9314671718174565
0,0,0.9979468528457283
4,4,0.9985140098058712
0,0,0.9979530462067998
4,4,0.9985154764437
0,0,0.9979565653591416
4,4,0.9985140850329683
1,1,0.996301924591934
4,4,0.9984717105142358
1,1,0.9963258975757899
1,1,0.9962912040864611
4,4,0.998513847329404
4,4,0.9985139904208324
1,1,0.9963259712102573
4,4,0.9985137466588745
4,4,0.9984179196837979
0,0,0.9971568847931724
4,4,0.9985140831605035
1,1,0.9954427138194609
1,1,0.9963728900356549
0,0,0.9979407189885627
4,4,0.9985140871626278
0,0,0.9979535401908456
4,4,0.9985140790896507
0,0,0.9979278972902521
1,1,0.9963066022716455
4,4,0.9984888549691178
4,4,0.9985141511049587
1,1,0.9962425713560004
0,0,0.9979541009618635
4,4,0.9984182542111569
4,4,0.9985140832849099
0,0,0.9979549708619565
0,0,0.9979535396660251
4,4,0.9984212033027617
4,4,0.99851556100845
4,4,0.998480008160868
4,4,0.9985157579064022
4,4,0.9983880648725606
0,0,0.9979571623316461
4,4,0.9985157772858922
4,4,0.998515106904217
4,4,0.9985140795694968
0,0,0.9979538307101743
0,0,0.9979531606285673
4,4,0.9982067682947557
0,0,0.9979532759156475
0,0,0.9979534356667067
4,4,0.9983112510045388
4,4,0.9983029253115001
4,4,0.9985279678406634
1,1,0.9963256389998705
4,4,0.9985139949943721
0,0,0.9979534873185344
0,0,0.9979404027718509
4,4,0.9985127393337577
4,4,0.9981770128958607
1,1,0.9963259529217259
1,1,0.9963044010394186
4,4,0.9985139930286335
0,0,0.9979534464679936
4,4,0.9985140857010729
0,0,0.9979202303193688
4,4,0.9985140044711517
4,4,0.9984291205096237
0,0,0.9979534460972213
4,4,0.9985139963695713
4,4,0.9985197301589228
4,4,0.9984495950150039
0,0,0.9979531311511711
4,4,0.9984289479600927
0,0,0.9968446730803366
4,4,0.9968585298131805
1,1,0.9963262170824431
4,4,0.9985140061190927
1,1,0.9963728900355869
0,0,0.9979535584103921
4,4,0.9985198982549767
1,1,0.9959344296221527
4,4,0.9985153572020894
4,4,0.9985156896034614
4,4,0.9920992279401374
0,0,0.9979543444051043
4,4,0.9985157579064022
4,4,0.9985140811303033
0,0,0.9979534467562625
4,4,0.998514005011467
4,4,0.9985140798704919
4,4,0.9985139944859276
0,0,0.9978726668358474
0,0,0.9979535241031297
4,4,0.9985156732970524
4,4,0.998486941917838
4,4,0.9985140777760142
4,4,0.9985157539861002
4,4,0.9985154135134919
4,4,0.9984068955043013
4,4,0.9985151753076831
4,4,0.9985157563691316
4,4,0.998409127380355
0,0,0.9979531609470342
0,0,0.9979547982267833
4,4,0.9985141318227615
4,4,0.998515396388456
0,0,0.9979531603403129
4,4,0.9981491649601634
1,1,0.9959893640381541
0,0,0.9979534434107924
0,0,0.9975174243441631
4,4,0.9985034407971335
4,4,0.9985140833315846
4,4,0.9985140078002291
4,4,0.998570118828796
0,0,0.997953487980353
4,4,0.9982063121995781
4,4,0.998513564931317
4,4,0.9985140955473792
0,0,0.9979534464679936
4,4,0.9985157772858922
4,4,0.9985139938261995
1,1,0.996325879159669
4,4,0.9985140869655507
0,0,0.9979531498722255
2,4,0.9767956140917732
0,0,0.9979560271874066
4,4,0.9985140793654814
0,0,0.9979540929603655
0,0,0.9979537983722657
2,2,0.9646251049519702
0,0,0.9979535637787723
0,0,0.9979401345950997
4,4,0.9985157539861002
4,4,0.998515777638917
4,4,0.9985140794314799
0,0,0.9979535804643584
4,4,0.998515839094605
0,0,0.997952764785999
0,0,0.9979534438179093
0,0,0.9979534421704989
4,4,0.9972423350566908
4,4,0.9985139945748522
1,1,0.9961679103078022
1,1,0.9963262204251596
0,0,0.9979539909091927
0,0,0.9979630279714711
4,4,0.9985157563691316
4,4,0.9985153513522848
4,4,0.9985152407832998
4,4,0.9985157788216183
0,0,0.9979532632446275
0,0,0.9979622213051067
1,1,0.9960481017393705
4,4,0.9985093496818976
4,4,0.9954716628990228
0,0,0.9979541001603031
0,0,0.9979537205830835
4,4,0.9985150996230321
4,4,0.9985142493425236
1,1,0.9963749012264655
1,1,0.9963642283258324
0,0,0.9979278971530945
4,4,0.9985160878698845
0,0,0.9979401466207104
4,4,0.9985021808043206
0,0,0.9978288696448265
4,4,0.9985137337213267
0,0,0.9979542417471498
0,0,0.9979533509457252
0,0,0.9979540165569961
4,4,0.9985157563691316
4,4,0.9985113016523043
4,4,0.9985002924727518
0,0,0.9987357366182946
0,0,0.9979534913046618
4,4,0.9984916520229451
4,4,0.9985074045609954
4,4,0.9979380658864172
4,4,0.9990051000316075
4,4,0.9985140002811002
0,0,0.997953568016
4,4,0.9985139772533684
4,4,0.9979946254682095
0,0,0.9979531651620571
4,4,0.9985140786573947
4,4,0.9981693564910222
4,4,0.9984936524919805
0,0,0.9979473080328449
0,0,0.9979534054651025
0,0,0.9979537212431739
1,1,0.9963259637618722
0,0,0.9979727324505071
0,0,0.9979017596559631
0,0,0.9979534429545598
1,1,0.9962967755694253
4,4,0.9985145274633133
4,4,0.9985141012839404
4,4,0.9979721574357637
0,0,0.9979475973468624
1,1,0.9963259637618722
0,0,0.99795325975083
4,4,0.9984294234030823
0,0,0.9979635317717321
0,0,0.997953580096959
0,0,0.9979534417625725
1,1,0.9963729151626697
0,0,0.9979535637787723
0,0,0.9979535637787826
4,4,0.9985155862114764
4,4,0.998515777638917
0,0,0.9979531996226387
4,4,0.9985142480213206
0,0,0.9979535807186155
4,4,0.9985154294648265
0,0,0.9979534417625725
0,0,0.997953467892011
4,4,0.9985140828480393
4,4,0.9985203212258806
0,0,0.9979532759156475
4,4,0.9985139313195431
4,4,0.9985140795627414
0,0,0.9979531612351055
4,4,0.998000874218408
4,4,0.9981864873509173
4,4,0.9985154295947551
4,4,0.998367250177894
4,4,0.9985163127912934
4,4,0.998515553171102
4,4,0.9984913117591588
1,1,0.9964117633873653
0,0,0.9979534421705095
4,4,0.998509758977096
4,4,0.9985156732970524
4,4,0.9985140810899141
0,0,0.9979531472974318
4,4,0.9985144316062411
0,0,0.9979537754019823
0,0,0.9979531606286011
4,4,0.9985140791336516
4,4,0.9985149988556172
4,4,0.9985134277931871
4,4,0.9985140796888411
4,4,0.9983116345968135
0,0,0.9978656705749901
4,4,0.9983964132481795
0,0,0.9979541001603031
4,4,0.9984678659325823
4,4,0.9985161071150448
4,4,0.9983459676485703
4,4,0.9985140974172864
4,4,0.9985154370665849
4,4,0.9984912829468798
0,0,0.9979568758441357
1,1,0.9960958474874337
0,0,0.9979534877259677
4,4,0.9985196952177944
4,4,0.9984494572792518
4,4,0.9985057200872752
0,0,0.9979533924699977
4,4,0.9985163219114274
0,0,0.9979531616101244
4,4,0.9985139729334422
4,4,0.9984821606777652
0,0,0.9979538307101743
0,0,0.9979534414728503
0,0,0.9979535807186155
4,4,0.9985060750612653
0,0,0.9979531311511711
1,1,0.9963728926203685
4,4,0.99849769955964
4,4,0.9985139948600927
0,0,0.9979534428328292
2,2,0.9894311045257402
0,0,0.9979531612351072
1,1,0.9963405808425241
4,4,0.9985158651411139
4,4,0.9985139732576505
2,2,0.9973062181793259
0,0,0.9979538303473088
4,4,0.9985140828368995
4,4,0.9984854786545175
4,4,0.9985156732970524
0,0,0.998735791103894
4,4,0.9456798645428955
4,4,0.9985150922368186
1,1,0.9957745291367543
4,4,0.9983865614738301
0,0,0.9979531476856162
0,0,0.9979533540257294
4,4,0.9985140865263729
0,0,0.9979534429545598
0,0,0.9979534431563968
4,4,0.9985157539861002
0,0,0.9979022573483486
1,1,0.9963485074000304
4,4,0.9985138299104751
4,4,0.9985049721392757
1,1,0.8267726331826379
4,4,0.9985137463081344
4,4,0.9986128511934763
4,4,0.9985140794913624
0,0,0.997953676407939
4,4,0.9985156726251249
4,4,0.9985156702440116
1,1,0.9963150227502588
1,1,0.9963729151626697
4,4,0.9985140843886535
4,4,0.99851683484261
0,0,0.9979540933644925
4,4,0.9985150548270487
0,0,0.9979540405975278
4,4,0.9985139939365572
4,4,0.9985147483273998
4,4,0.998514080041627
4,4,0.9985154090862177
1,1,0.9963728926203685
4,4,0.9985138282181883
0,0,0.9979532994179207
0,0,0.997952764785999
4,4,0.9985154352538523
4,4,0.9985139926790962
4,4,0.9982923554896007
0,0,0.9979401342813731
4,4,0.9985193621191104
0,0,0.9979531616101581
4,4,0.9985162124367462
0,0,0.9979599580997465
0,0,0.9979509258405103
0,0,0.9979534433618881
4,4,0.9983464183892813
4,4,0.9985157488536821
4,4,0.9985153945345908
0,0,0.9979534427489739
4,4,0.9985140848630979
1,1,0.9963728939924915
0,0,0.9979535387273067
4,4,0.9985159502429843
4,4,0.9985136186770234
0,0,0.9979535644402634
0,0,0.9979530986540186
0,0,0.9979534429545598
0,0,0.9979534467562625
4,4,0.9985201599002888
0,0,0.9979535807587434
4,4,0.9985140866576047
4,4,0.9984887311850401
1,1,0.9963256138046234
4,4,0.9984934161131264
0,0,0.997890818725285
1,1,0.9963260131918258
4,4,0.9985138801323666
4,4,0.998515777638917
0,0,0.9979531494647924
4,4,0.9985157543407381
4,4,0.998514001302134
1,1,0.9963066058971352
4,4,0.9975775247203562
0,0,0.9979401439129526
0,0,0.997954512756964
4,4,0.9985153533177632
4,4,0.9985139943819397
4,4,0.9983304797008768
0,0,0.9979534451155975
4,4,0.9985185620193868
0,0,0.9979547560591967
4,4,0.998281100859931
0,0,0.9979549186569461
4,4,0.9985156950758313
0,0,0.9979516860220315
4,4,0.9985141796557583
4,4,0.9985133075084888
0,0,0.997953442425209
0,0,0.9979531606286108
0,0,0.9979535802849187
4,4,0.9985140848631041
4,4,0.9985141000546144
0,0,0.9979506504098354
4,4,0.9984888549691178
4,4,0.9922674708575038
0,0,0.9979580165449042
0,0,0.9979549490997404
0,0,0.9979542985271663
4,4,0.997209332346848
4,4,0.9985137529089312
4,4,0.99851394207949
4,4,0.998448660385709
0,0,0.9958190972369378
2,2,0.9983004880340227
4,4,0.9985116225479874
4,4,0.9985059600396522
4,4,0.9984909448674923
4,4,0.998515110708278
0,0,0.9979532611868365
0,0,0.997954995658995
4,4,0.9985140864603812
0,0,0.9979548978381783
4,4,0.9962119743586433
4,4,0.9985140826623675
0,0,0.9978946151659356
0,0,0.9979535379303855
0,0,0.9979560279491476
0,0,0.9979532066165689
0,0,0.9979532994178868
4,4,0.9985204101492262
0,0,0.9979549186569779
0,0,0.9979535800305229
4,4,0.998515382258635
0,0,0.9979482079834111
4,4,0.9983057560164986
4,4,0.9983757125613062
0,0,0.9979531616101581
0,0,0.9979571698860955
0,0,0.9979543444051043
1,1,0.9963260293092064
4,4,0.998515757394625
0,0,0.9979403241685304
0,0,0.9979247975469431
4,4,0.9985153573539829
4,4,0.998514004642026
0,0,0.9974975428177244
4,4,0.9870295673101072
1,1,0.9963728973045282
4,4,0.9984179232027968
0,0,0.9979534453938241
0,0,0.997952478060417
4,4,0.9985255868742505
4,4,0.9983528397724039
0,0,0.9979536677787474
4,4,0.9985141876639997
4,4,0.9985232841470855
1,1,0.9963259637618722
4,4,0.9985146360387289
4,4,0.9985140815863149
0,0,0.9979534877259573
4,4,0.9985157567225114
1,1,0.9963565729263463
1,1,0.9964258197192715
1,1,0.9963910566783066
4,4,0.9985074372827643
0,0,0.9979538090430463
1,1,0.9963728933605427
4,4,0.9985142411313391
4,4,0.9981833258710947
0,0,0.9979534424252197
0,0,0.9979534431563968
4,4,0.9985139941175681
4,4,0.9980322082617057
0,0,0.9979537209099818
4,4,0.998515757394625
4,4,0.998515183184144
4,4,0.9985158744885964
0,0,0.99795716273333
0,0,0.9979403241685304
0,0,0.9979535506659727
0,0,0.9979531312847599
4,4,0.9985157772858922
0,0,0.9979534431563968
4,4,0.9985160894056119
4,4,0.997933781041535
4,4,0.998514079562735
0,0,0.9979491031698806
4,4,0.9985140825057388
4,4,0.9985157570416001
4,4,0.9985140874873746
4,4,0.9985142009503953
4,4,0.9985156702440203
4,4,0.998516521278251
1,1,0.996652906052652
0,0,0.9979534873185344
4,4,0.9984846505901869
0,0,0.9979531534509172
0,0,0.9979547740129933
1,1,0.9961583132305621
4,4,0.9985140789182761
1,1,0.9963262317104136
1,1,0.9955183683977769
0,0,0.99795716273333
4,4,0.9985157567225114
4,4,0.9985148987591581
1,1,0.9965176876790963
4,4,0.9985139948324433
4,4,0.9985139985083531
4,4,0.9985140892179796
1,1,0.9963728926203685
0,0,0.9979535384862098
0,0,0.9978661515658676
4,4,0.9935910168518153
0,0,0.9979530497855013
4,4,0.9984706367109439
4,4,0.9985139935356652
4,4,0.9985155014601209
0,0,0.9979532162673649
4,4,0.9985157555288439
4,4,0.9985139936365125
4,4,0.9985139097067718
0,0,0.9979401460326004
0,0,0.9979547928286963
4,4,0.9984898119303998
4,4,0.9985140009791892
4,4,0.9985154033366013
0,0,0.9979534429545704
4,4,0.9985139961397497
0,0,0.9979534429545598
0,0,0.9979530517005581
4,4,0.9985157579064022
0,0,0.9979549512583136
4,4,0.9985825082584379
0,0,0.9979534429545704
0,0,0.9979534429545598
0,0,0.9979516832022948
4,4,0.998514090711522
4,4,0.9972720280479038
4,4,0.9985140993448529
4,4,0.9985140884040172
4,4,0.9985156691080341
4,4,0.9985159063559008
0,0,0.9979530457993773
4,4,0.9985160234780588
1,1,0.9963260234181587
4,4,0.9985137496388774
0,0,0.9979531466997296
4,4,0.998513903255191
4,4,0.9984130654907383
4,4,0.998516121214099
0,0,0.9979534427489739
0,0,0.9979533927422477
1,1,0.9946322960378898
4,4,0.9985138437998676
0,0,0.9979534468917179
4,4,0.998219652886203
0,0,0.9979526962159148
0,0,0.9979556075019236
4,4,0.9985181470993341
4,4,0.9985140779739905
0,0,0.997953724857232
1,1,0.9962660656527381
1,1,0.9963262170824431
4,4,0.9985195876213118
1,1,0.9963260149061912
0,0,0.9978673520088487
0,0,0.9979536790011259
0,0,0.9984645101324071
4,4,0.9983107137568434
0,0,0.9979530462067998
4,4,0.9985157563691316
4,4,0.9985139887852926
1,1,0.9961923475063097
4,4,0.9981904278499146
4,4,0.998515348634648
4,4,0.9985140864603812
4,4,0.9983791717843494
4,4,0.9985153573533785
4,4,0.9985157606198491
0,0,0.9979531616215781
4,4,0.9983816852829532
0,0,0.9979832523925377
4,4,0.9985151837765402
4,4,0.998383557483654
0,0,0.997954918826577
4,4,0.9985140776107605
4,4,0.9985138882197377
4,4,0.9985138928124239
4,4,0.9971060403463724
4,4,0.9985140013455706
0,0,0.9979521969807513
0,0,0.9979533909855159
4,4,0.9985140023702401
1,1,0.9955298754930223
4,4,0.998512733451319
4,4,0.9983686049621051
0,0,0.9979534312158631
4,4,0.9927578833650718
4,4,0.9984518643307927
4,4,0.9985176326176434
0,0,0.9979534434107924
4,4,0.8152554127185941
1,1,0.9961583127518301
4,4,0.9985142886176317
4,4,0.9985140055509083
4,4,0.9989881277481726
4,4,0.9985153885494444
0,0,0.9979549486433824
1,1,0.9963134624517821
0,0,0.997953244574809
0,0,0.9979511615617458
0,0,0.9979543438190283
4,4,0.9985140057636677
0,0,0.9979534877259573
0,0,0.9979531629337074
0,0,0.9979534460972213
4,4,0.9978705556458631
1,1,0.9963738824024105
0,0,0.9979534426649106
1,1,0.9963031937353618
0,0,0.9979528214747587
0,0,0.997956916301375
1,1,0.9963070488255392
1,1,0.9954803381622996
4,4,0.9985153518978166
0,0,0.9979546127410501
4,4,0.9985140800678519
1,1,0.9962569183324747
0,0,0.9979530497855013
4,4,0.9985153579011121
0,0,0.9979278972902521
0,0,0.9979531505337271
4,4,0.998514003274334
0,0,0.9979534427000186
4,4,0.9992332851399957
0,0,0.9979532066279831
4,4,0.9982498245603816
4,4,0.9985159886119831
4,4,0.9984119619945567
0,0,0.9979404146213903
4,4,0.9985140800496463
4,4,0.9985142482976059
0,0,0.9979530097862673
4,4,0.9985139941837581
4,4,0.9985151102285559
4,4,0.9985155591423026
4,4,0.9985141303502991
4,4,0.998168513288255
1,1,0.9963259983891478
1,1,0.9977164083357306
0,0,0.997953442425209
0,0,0.9979534443712894
4,4,0.9982983556407821
1,1,0.9963735271362272
4,4,0.9985155138148205
0,0,0.9979499609352722
4,4,0.9985157539861002
4,4,0.9985156702440203
0,0,0.9979580157684981
4,4,0.9985135993123146
4,4,0.9985140879985723
4,4,0.9985142406319016
0,0,0.9979565669773618
4,4,0.9984821621355233
4,4,0.9978821456169681
0,0,0.9979534427682442
4,4,0.9984980190319872
1,1,0.9962982100309347
1,1,0.996325678841378
0,0,0.9979182435590315
4,4,0.9985140965938433
4,4,0.9983507813018795
0,0,0.9979535796231002
4,4,0.9985132009808876
0,0,0.9979991928678977
4,4,0.9985066811253552
0,0,0.9979548971104338
4,4,0.9985153202655455
4,4,0.9969989141575245
4,4,0.998935852062308
4,4,0.9985140795575951
4,4,0.9983563574546916
0,0,0.997954258718897
4,4,0.9985151885031824
1,1,0.9963728950005215
0,0,0.99795156634674
0,0,0.997953580284929
4,4,0.9982940815296393
4,4,0.9984494265486275
0,0,0.9979534427489739
1,1,0.9963083210305685
4,4,0.9985140874285968
1,1,0.9963260011819504
0,0,0.997953442425209
4,4,0.9985154651804623
4,4,0.9984643594967098
0,0,0.9979556038900457
0,0,0.9979600093207698
4,4,0.9985157555288439
4,4,0.9980798717104433
4,4,0.9985157555288439
0,0,0.9979835874061267
4,4,0.9984457906522453
4,4,0.9985140962218851
1,1,0.996242815902419
4,4,0.9985154530627466
0,0,0.9979583204255855
4,4,0.9985145198974845
0,0,0.9979534421353676
1,1,0.9963258602597642
0,0,0.9972633569293663
4,4,0.9985074036215613
4,4,0.9985140800678424
4,4,0.9985153743595017
0,0,0.9979571694880605
4,4,0.9985156732970524
4,4,0.99851421623379
1,1,0.9963256385185336
0,0,0.9979534464679936
0,0,0.9979533927422477
4,4,0.9985139952627073
4,4,0.9985153603900553
4,4,0.9985140777760142
4,4,0.9975391561349312
0,0,0.9979571694880558
0,0,0.9979549349028904
0,0,0.9979509069206722
0,0,0.9979531609470371
4,4,0.9985185703805673
0,0,0.9979549186569461
0,0,0.9979531312847599
4,4,0.9976878164404505
4,4,0.9985151977010152
0,0,0.9979560435022435
4,4,0.9985141318370714
0,0,0.997953584040836
4,4,0.9984925579345943
0,0,0.9979534429545704
0,0,0.9979548970493146
4,4,0.9985139947288627
2,2,0.9981785635735408
4,4,0.9985151857299279
4,4,0.9985147267289409
4,4,0.998300896121005
1,1,0.9962967739532582
0,0,0.9979532062225719
4,4,0.9985139942698665
0,0,0.9979535881264309
0,0,0.9979531996226341
4,4,0.9979583395687599
4,4,0.9985157579064022
4,4,0.9985139943960627
4,4,0.9984873077131277
4,4,0.9985140471282873
0,0,0.9979534427000186
1,1,0.9963260044597005
0,0,0.9979547597401197
4,4,0.9985164659926715
4,4,0.9985140809190524
0,0,0.9979535804643479
4,4,0.9985140905301686
0,0,0.9979535657379734
0,0,0.9979535637787723
4,4,0.9984635634366481
0,0,0.9979535373532706
0,0,0.9979580157769881
0,0,0.9979534434108028
0,0,0.9979534559041002
4,4,0.9985139951743089
4,4,0.9985151274530154
0,0,0.997953161235113
4,4,0.9985139945081151
0,0,0.9979532989976447
1,1,0.996309790626658
0,0,0.9979534481662399
0,0,0.9979534426649106
4,4,0.9985154750344742
0,0,0.9979534253172752
4,4,0.9985097212515617
0,0,0.9979753480370652
0,0,0.9979547435476749
4,4,0.9985154990340757
4,4,0.997798083661034
4,4,0.9983731662703005
4,4,0.9985139972478505
4,4,0.9985157788216183
4,4,0.9985156726251249
4,4,0.9984835724350364
1,1,0.9963728926203685
0,0,0.9979537255137878
1,1,0.9962912040864611
0,0,0.9979374805004331
4,4,0.9985139951280106
4,4,0.9934356535569777
4,4,0.998499849439022
4,4,0.9985136238858219
0,0,0.9979534430227316
0,0,0.9979516906588183
4,4,0.9985139953987423
4,4,0.9981098312592974
4,4,0.9985053565831913
0,0,0.9979511615617458
0,0,0.9979535800305229
4,4,0.9985139972478505
4,4,0.9984929179455643
0,0,0.9979534459212254
0,0,0.9976860672100452
0,0,0.9979534430227316
0,0,0.9979534356667067
4,4,0.9984689844136829
0,0,0.9979397281566029
4,4,0.9985140850329683
0,0,0.9979534436393797
4,4,0.9981225116374698
4,4,0.9984959360577184
0,0,0.9979565669773618
0,0,0.9979532985922325
0,0,0.9978710689367802
0,0,0.9979202100889645
4,4,0.9985137960759961
4,4,0.9984935933667163
0,0,0.9979540676390264
4,4,0.9985237075473234
4,4,0.9985149791607429
0,0,0.9979533637949044
4,4,0.9985115874746241
0,0,0.9979535806920353
0,0,0.9979535372837355
4,4,0.9985142039861313
0,0,0.994358111722371
0,0,0.9979532066165351
4,4,0.998518395806853
4,4,0.9985140902550106
4,4,0.9985153613967735
0,0,0.9979534417625725
0,0,0.9979531606400447
0,0,0.9979555968688133
4,4,0.9985157539861002
0,0,0.9979531603402788
0,0,0.9979534431216786
4,4,0.9985140867150698
0,0,0.9979529005288401
4,4,0.9977440075288534
0,0,0.9979535673574773
0,0,0.9978838706488727
0,0,0.9978538208232818
4,4,0.9985074165387748
4,4,0.9985139878064276
4,4,0.9985140087487148
4,4,0.9983893149035402
1,1,0.9962000879315547
0,0,0.9979534438178878
0,0,0.9979531641529471
0,0,0.9978468907026548
4,4,0.9984188824179302
0,0,0.9979549956590106
0,0,0.9979535641512866
4,4,0.998503245674559
2,2,0.9957303609330507
0,0,0.9979711202660694
4,4,0.9985140796888318
0,0,0.9979535589227816
4,4,0.998514089259211
4,4,0.9985154411762953
4,4,0.9983907837162517
4,4,0.9985141483728986
0,0,0.9979535833206917
1,1,0.9963262317104136
0,0,0.9979473851710675
0,0,0.9979529736811613
0,0,0.9979569455809767
0,0,0.9979604301898748
4,4,0.9985267715745713
4,4,0.9985140871599444
0,0,0.9979533360884918
0,0,0.9979533924699839
4,4,0.9985157579064022
4,4,0.9982469115145433
0,0,0.9979572765611912
0,0,0.9976687036701213
0,0,0.9979278971530945
0,0,0.7958020827136731
4,4,0.9971807328828609
0,0,0.997890907304443
1,1,0.9963729156007373
0,0,0.9979598216136553
4,4,0.9985140773472112
4,4,0.99851440111923
0,0,0.9979535810997372
4,4,0.9985139965920062
1,1,0.9962982125365532
4,4,0.9982769701280703
1,1,0.9963246763577627
4,4,0.9984978792025794
4,4,0.9985175700326717
0,0,0.9979531612351024
0,0,0.9979278972902521
0,0,0.9979549732703148
4,4,0.9984656544365872
1,1,0.9859515081542689
1,1,0.9962359998359798
0,0,0.9979534444396987
4,4,0.9985139691416054
0,0,0.9979538323488083
4,4,0.9985182523931336
1,1,0.9963260131918258
0,0,0.9979534888855075
0,0,0.9979531616101146
4,4,0.9985140793267735
4,4,0.9985194020676376
2,2,0.9969358432134448
1,1,0.9962734541878147
1,1,0.9963733680412226
4,4,0.9983738980023661
0,0,0.997905326921731
4,4,0.9980312809869338
4,4,0.9981197151088828
4,4,0.9985139944505009
1,1,0.9963735131053901
4,4,0.9985139434003537
4,4,0.9985140826496649
4,4,0.9985138312990359
0,0,0.9979535800305335
4,4,0.9985074581858472
4,4,0.9980824956851748
1,1,0.9962402260225484
4,4,0.9984998175141298
4,4,0.9985157570416001
4,4,0.9985135416758445
0,0,0.9979535802849506
4,4,0.9984999975012745
4,4,0.9985157579064022
0,0,0.990787025312486
4,4,0.9985160337241354
4,4,0.9985142040664041
4,4,0.9970779913272098
4,4,0.9985140916135536
4,4,0.9985140046553308
4,4,0.998515777638917
4,4,0.9983413528271352
4,4,0.9985154393696746
0,0,0.9979278972902521
4,4,0.9985140079418736
1,1,0.9963262317104136
0,0,0.9979531612351159
1,1,0.9966005175280633
4,4,0.9939234735028997
1,1,0.9963702205389203
0,0,0.997771311358571
4,4,0.9985198273552209
4,4,0.9985154291507361
1,1,0.9962167673997778
0,0,0.9979534251466627
4,4,0.9984156037677008
0,0,0.997953442425209
4,4,0.998514007806145
4,4,0.9985156717855137
4,4,0.998513995122122
0,0,0.9979534430227365
1,1,0.9963258560881842
0,0,0.9979533637949234
0,0,0.9979535379216767
0,0,0.9979105186017725
0,0,0.9979545003905638
4,4,0.9979512586268011
2,2,0.9986725385550497
4,4,0.9985153573359015
0,0,0.9979401439122777
4,4,0.9985140808948881
0,0,0.9979535637787826
1,1,0.9963728926203685
4,4,0.9985139942437925
4,4,0.9985140860205428
0,0,0.9979535800305335
4,4,0.9984931051859646
0,0,0.9979532709413031
0,0,0.9979534429545598
4,4,0.9985141066805329
0,0,0.9979534444396987
0,0,0.995769194584898
4,4,0.9981313241304954
4,4,0.997537882605056
4,4,0.9985143139528276
4,4,0.9985140825057388
4,4,0.9985151776634388
4,4,0.9985140807880587
1,1,0.9963260140348653
4,4,0.9985140794314736
0,0,0.9979534429545598
4,4,0.9985153826336948
4,4,0.9985140870644181
0,0,0.9979583204255751
4,4,0.9985140795576004
0,0,0.9979535373532706
1,1,0.9948114930787817
0,0,0.9979531315390653
1,1,0.9963066058971352
4,4,0.9985139930575276
1,1,0.9963259983891478
4,4,0.9985140803762156
4,4,0.9985141897623321
1,1,0.9963728933606104
0,0,0.9979560271874066
0,0,0.9979580157769881
4,4,0.9985140055907256
0,0,0.9979547744468087
0,0,0.9979535811255005
4,4,0.9985003843269062
4,4,0.985886055762427
1,1,0.9963259965428791
4,4,0.9985005239223647
4,4,0.9957157225491972
0,0,0.9979549246904954
1,1,0.9963066227690429
0,0,0.9979549186569565
4,4,0.9985149424057536
1,1,0.9954597719260319
0,0,0.9979534434108028
0,0,0.9979534430227316
0,0,1.0
4,4,0.9985237194593339
4,4,0.9985154893875884
4,4,0.9985139946836894
1,1,0.9954597519478798
4,4,0.9984989845387923
0,0,0.9979531498722151
4,4,0.9984851679934793
1,1,0.9963260293092064
1,1,0.9963259965428791
0,0,0.9979531498722151
4,4,0.9984860091281712
4,4,0.9985157788216183
4,4,0.9985146907442692
4,4,0.9985141067362976
0,0,0.9979531637458948
1,1,0.9963262317104136
0,0,0.9979534426649211
0,0,0.997953282722986
1,1,0.9963161234770096
4,4,0.9985140778033897
0,0,0.9979534883874698
4,4,0.9985153546891644
4,4,0.9985137943805709
4,4,0.9956048484667416
4,4,0.9985157567225114
4,4,0.9984878413483695
4,4,0.9983034643876255
4,4,0.9982633576081902
4,4,0.9985157567225114
4,4,0.9985157567225114
4,4,0.9985140823352237
0,0,0.9979534446736477
0,0,0.9979535807186155
0,0,0.9979531998988179
0,0,0.9979532601519948
0,0,0.997954040868283
0,0,0.9979534312158843
0,0,0.9979531620269901
4,4,0.9985140790444927
0,0,0.9979627548036901
4,4,0.9881427333246398
4,4,0.9985140012335021
4,4,0.9985146343826959
4,4,0.9982683289905112
0,0,0.9979278971530945
0,0,0.9979535373953508
0,0,0.9979534431563968
4,4,0.998514156676085
0,0,0.9970216978607264
0,0,0.9979532601431306
0,0,0.9979542754231832
1,1,0.9963271432116783
4,4,0.9985139949247474
4,4,0.9980305777673286
4,4,0.9986473830136016
4,4,0.9985157543407381
4,4,0.9985139933719291
4,4,0.9985155768235502
1,1,0.9960080414903715
1,1,0.9962084553093299
0,0,0.997689323242188
4,4,0.9985157772858922
4,4,0.9985157539861002
4,4,0.9985117863309437
4,4,0.9985139973870504
1,1,0.9963426565332645
0,0,0.9979532987098741
4,4,0.9982653513571711
4,4,0.9985139940977371
0,0,0.9979598007117
0,0,0.9979209315178723
4,4,0.9985157543407381
4,4,0.9985143988921721
4,4,0.9985140821281426
0,0,0.9979541009618423
4,4,0.9985137564345963
4,4,0.9985026118005197
4,4,0.9986760889937826
4,4,0.9985140018205968
4,4,0.9985153529537479
0,0,0.9979534426649154
4,4,0.9985003775711698
0,0,0.9979535637787723
4,4,0.9985140791828337
4,4,0.998513747123523
0,0,0.997952764797447
0,0,0.9979531551335554
1,1,0.996323111273451
4,4,0.998515433092599
0,0,0.9979534433619097
1,1,0.9963738824024105
4,4,0.9985198629488093
4,4,0.9982566024436175
4,4,0.9985140864603812
4,4,0.9992068242406862
1,1,0.9964035630449596
0,0,0.9979534424252197
0,0,0.9979535805289956
4,4,0.9985139745055152
0,0,0.9979404122183667
4,4,0.9985140088015507
4,4,0.9984328220094898
4,4,0.99851399639598
0,0,0.9979535806920353
0,0,0.9979607169062035
1,1,0.9963066022716455
4,4,0.9976449893600277
4,4,0.998515432076453
4,4,0.9985140779349687
0,0,0.997953445115576
4,4,0.9985157567225114
0,0,0.997937842625615
1,1,0.9963260131918258
0,0,0.9979546403697035
4,4,0.9985141676677486
4,4,0.9963216575681134
4,4,0.9985143994369476
4,4,0.9980243426398463
4,4,0.9985152365195893
4,4,0.9985140995681506
4,4,0.9985140790444927
1,1,0.9884183408059005
4,4,0.9983407444305453
4,4,0.9985146631311611
4,4,0.9987035270932918
4,4,0.9985140068936302
0,0,0.9979535495076691
0,0,0.9979535381507662
4,4,0.9985139935040493
0,0,0.9979535657379734
0,0,0.9979416531363622
0,0,0.9979560271957364
4,4,0.9985166936262669
4,4,0.9984492681085277
0,0,0.9979534429545598
4,4,0.9983747041040288
0,0,0.9979534427334715
4,4,0.9985156729782204
1,1,0.9961140975081793
0,0,0.9979535401908456
4,4,0.9985139957441729
0,0,0.9979531998988279
0,0,0.9979427143837503
0,0,0.997951108439308
1,1,0.9963262317104136
4,4,0.9985154126547282
0,0,0.9979555980354917
4,4,0.9985194864170189
0,0,0.9979534430227365
4,4,0.9983128408471537
1,1,0.9646502730465321
4,4,0.9985157539861002
0,0,0.9979534484883653
0,0,0.9979531635045608
0,0,0.9977400485709698
0,0,0.9979534906106435
4,4,0.9985175345767965
4,4,0.9985139933719291
0,0,0.9979473244408965
0,0,0.997953568016
4,4,0.9973693507233654
4,4,0.9978325086321511
0,0,0.9979234473721733
0,0,0.9979534434108028
4,4,0.9985140012125635
4,4,0.9984971955965538
0,0,0.997953048165999
0,0,0.9979531498722255
4,4,0.9968823784852644
4,4,0.9981015141923248
4,4,0.9985153998330335
4,4,0.9975644640899743
4,4,0.9983520784923158
4,4,0.9981871654946817
0,0,0.9979408658474648
4,4,0.9985153532087345
0,0,0.9974389135901538
4,4,0.9985080738732597
0,0,0.9979534491802776
0,0,0.9979531609470389
4,4,0.9985156729782204
4,4,0.9985139930676746
0,0,0.9978080699363935
4,4,0.9985154216796094
0,0,0.9979534417625725
4,4,0.9985137554726642
0,0,0.9979552262669031
4,4,0.9984916455430389
0,0,0.9979535387950146
4,4,0.9985084872010991
4,4,0.9985139945522644
4,4,0.9985141024539295
4,4,0.9981214892940732
4,4,0.9985096631574006
4,4,0.9985139792805509
4,4,0.9859760807924975
0,0,0.9979535380813009
4,4,0.9985141070819884
4,4,0.9985048107557952
0,0,0.997952019513631
1,1,0.9963749024530008
1,1,0.9961397804896042
4,4,0.9985157570416001
4,4,0.9985178356132329
4,4,0.9985069240825718
4,4,0.9984710295853613
1,1,0.9963066227690429
4,4,0.9985202710459103
0,0,0.9978860154898964
4,4,0.9985140795575951
0,0,0.9979656746264249
4,4,0.9985076862061344
4,4,0.9984940163495482
0,0,0.9979534426649106
0,0,0.9979535387863153
0,0,0.9979401460326776
4,4,0.9985194431241339
4,4,0.9981949047330639
4,4,0.9985142319089267
0,0,0.9979602062630571
4,4,0.9983142462400788
4,4,0.9985154122998753
0,0,0.9979549520322888
0,0,0.9979531603517616
1,1,0.9962711071568949
4,4,0.9985103412602164
0,0,0.9979549195553701
4,4,0.997805293404912
0,0,0.9979531327339389
4,4,0.9950429701718451
4,4,0.9985157563691227
4,4,0.9985140878102481
0,0,0.9979532827344348
0,0,0.9979534430227316
0,0,0.9979531507776475
4,4,0.9985185702501218
1,1,0.9963262170824431
4,4,0.9964797551547767
4,4,0.9985201980781905
0,0,0.9978620686079509
2,2,0.9982096840799797
4,4,0.9948467729067558
4,4,0.9984393151027692
4,4,0.9985157104093828
4,4,0.9985138305604055
4,4,0.9985140779739722
4,4,0.9985047644796141
4,4,0.9978956526781583
4,4,0.9985003596363368
4,4,0.998390168162254
4,4,0.9981922079351927
1,1,0.9963728933605427
4,4,0.9985153558252345
0,0,0.997948809899947
0,0,0.9979539468492474
4,4,0.9985154935181868
4,4,0.9961124700506686
4,4,0.9985151078905171
4,4,0.9985140047803931
0,0,0.9979600211390216
4,4,0.9982270476541307
4,4,0.9985155843423402
4,4,0.9985140798444893
1,1,0.9963739010384001
4,4,0.9985157543407381
0,0,0.997953444132122
4,4,0.9985141919677786
0,0,0.9979599923044243
0,0,0.9981081886990718
4,4,0.9984762568169566
4,4,0.998514000629143
1,1,0.9963259965428791
0,0,0.9979535373953508
4,4,0.9984774919190502
4,4,0.9984558423286306
4,4,0.9985097463177258
4,4,0.998514004398478
4,4,0.998515104430045
4,4,0.998381330806993
4,4,0.9985140789182824
0,0,0.9979532101376776
0,0,0.9979528681305605
4,4,0.9984685955334448
4,4,0.9980926416302054
0,0,0.997954918826577
0,0,0.9979583204255751
4,4,0.9985134450281432
0,0,0.9979555968688498
4,4,0.9984666887773824
4,4,0.9984922506026003
4,4,0.9981708277424305
4,4,0.9982830628606638
4,4,0.9984387208610133
0,0,0.9979510567405806
0,0,0.9979531534509172
0,0,0.997940130652754
0,0,0.9979580169272592
4,4,0.9985140795619484
0,0,0.997956875832855
1,1,0.9960811956965013
4,4,0.9982912963719155
4,4,0.9984938128619575
4,4,0.9985154454960248
2,2,0.9978664881955919
0,0,0.9979541001603135
1,1,0.9963728933605427
4,4,0.998513994425163
0,0,0.9979401336559031
4,4,0.9985139976846423
4,4,0.9985140974058024
4,4,0.9985140075902138
4,4,0.998358841627921
1,1,0.9962912040864611
0,0,0.9979535566976636
4,4,0.9985127031712401
0,0,0.997953131946016
4,4,0.9985139869802031
1,1,0.9963759064669498
4,4,0.9985156729782204
4,4,0.9985138345431319
0,0,0.9979534427334666
4,4,0.9984609448743809
0,0,0.9979537357991164
4,4,0.9985203041676768
4,4,0.9985157563691316
0,0,0.9979541165818118
4,4,0.9985140891287853
1,1,0.9870956729343993
1,1,0.9962912040864611
0,0,0.9978009191726305
4,4,0.995283381182522
4,4,0.9985140018291051
4,4,0.9985140790444927
4,4,0.9985000948028505
4,4,0.9985139944084855
4,4,0.9985140017052573
4,4,0.9987341006503367
4,4,0.9985153660733941
4,4,0.9985159806541696
4,4,0.9980472766162117
0,0,0.997933706469044
4,4,0.9985139933719291
1,1,0.9965822323041019
0,0,0.9979534430227579
4,4,0.9985140935870497
4,4,0.9985164784386515
4,4,0.9984793535726074
4,4,0.9985063504751488
0,0,0.9979532850953146
4,4,0.9985140790444927
0,0,0.9979533812336492
4,4,0.9985142041378179
4,4,0.9985139944505009
4,4,0.9984990306581412
4,4,0.9984891828580768
4,4,0.9985140779739905
4,4,0.9985142971790736
4,4,0.998500270341097
4,4,0.9985153529529684
0,0,0.9979524584429723
4,4,0.9985155187935726
1,1,0.9955971990381347
4,4,0.9984759656283146
4,4,0.9985154305174806
4,4,0.9985172456771
0,0,0.9979534427489739
4,4,0.9985139934380522
1,1,0.9933236294484125
4,4,0.9971939944325535
4,4,0.9985138283409745
4,4,0.9978737184440801
4,4,0.9985132705064004
4,4,0.9994403085503318
0,0,0.9979193012070999
4,4,0.9984926502155728
1,1,0.9932970923493467
0,0,0.9979534874367405
1,1,0.8757187759837165
4,4,0.9985146294982686
0,0,0.9979530821171508
0,0,1.0
4,4,0.9985140772306154
0,0,0.9979530462068102
4,4,0.9985188173315611
0,0,0.9979534460187844
0,0,0.9979534446603192
4,4,0.998499849439022
4,4,0.9984040933859005
1,1,0.9963728933606104
0,0,0.9979536698002788
4,4,0.998513999791606
4,4,0.9985139959354509
0,0,0.9979600993237472
0,0,0.9975362950082848
1,1,0.996241781102214
4,4,0.9985139938768277
4,4,0.9985078107565016
0,0,0.9979549517753727
0,0,0.9979534432669275
1,1,0.9955442035337017
1,1,0.9962913619692595
1,1,0.9963262317104136
0,0,0.9979547427541906
4,4,0.9984545263960545
0,0,0.9974627090997885
1,1,0.9963728924692408
4,4,0.998657494310202
0,0,0.9979535634895554
4,4,0.9977023582821578
4,4,0.9980930385412912
0,0,0.9979600460695339
4,4,0.9985068544727185
4,4,0.9985140876474512
0,0,0.9979532162673649
0,0,0.9979560442475913
4,4,0.998513992800592
0,0,0.9979531534509172
4,4,0.9985140005967457
4,4,0.998507437501345
0,0,0.9979531335272336
4,4,0.998515218759033
4,4,0.9985140788760801
4,4,0.9985139929360778
0,0,0.9979600993237472
0,0,0.9979534247800842
0,0,0.9977358367217567
0,0,0.9979535381320545
0,0,0.9979598043844797
2,2,0.9981207430683133
0,0,0.9979541001603135
4,4,0.9985140794306832
0,0,0.9979531498722151
4,4,0.998545678372195
4,4,0.9985149810368642
4,4,0.998514077658669
0,0,0.9977828174788499
4,4,0.99851407773699
4,4,0.9985153995163093
4,4,0.9985157788216183
0,0,0.9979542587785891
4,4,0.9985138280190841
4,4,0.9984490059087274
1,1,0.9963728950005215
4,4,0.9980761686246661
4,4,0.9985157555288439
4,4,0.9985139970694167
0,0,0.997953162026991
0,0,0.9979548970638926
0,0,0.9979535728929434
4,4,0.9985156729782204
0,0,0.9979534427334666
4,4,0.9985150937320046
4,4,0.9985140929062928
4,4,0.9985188154303274
4,4,0.9993746590651914
0,0,0.9979530097748768
4,4,0.9985140778424226
4,4,0.9985140800869077
4,4,0.9981389105147102
1,1,0.9963733677085495
4,4,0.9985245359978149
0,0,0.997865630192822
4,4,0.9985140991782696
0,0,0.9979534447283454
4,4,0.998514461662171
4,4,0.9983532885907886
2,2,0.9981685636169656
4,4,0.9985198575404922
4,4,0.9985142406319016
1,1,0.9958235626347008
4,4,0.998421093916544
4,4,0.9974385617723327
4,4,0.9985151908822745
4,4,0.9985140023856588
4,4,0.9983665344936772
4,4,0.998514098474356
4,4,0.9984997559644404
4,4,0.9983983340908292
0,0,0.9977692348325305
4,4,0.998515095866559
0,0,0.9979535680160214
4,4,0.9985141796557583
4,4,0.9985005215335281
0,0,0.9979535561967867
0,0,0.9979534879803633
4,4,0.9983351256790791
0,0,0.9979548970493146
4,4,0.998471866256594
4,4,0.9985153813781144
0,0,0.9979534437045529
4,4,0.99851400208348
4,4,0.9985154154175475
0,0,0.9979531609470342
0,0,0.9979534436548694
0,0,0.9979532572406996
4,4,0.9985140799157837
4,4,0.9985139925078484
0,0,0.9979571694880558
4,4,0.998514079562735
4,4,0.9985156705983729
1,1,0.9963456603966262
0,0,0.9979527962175226
0,0,0.9978231789360187
0,0,0.9979534438178878
0,0,0.99795673150123
4,4,0.9985140771040691
4,4,0.9985160988961921
4,4,0.998513995119489
4,4,0.998513993913973
4,4,0.998514096725248
0,0,0.9979532767133485
0,0,0.9979531603517607
0,0,0.9979279069704069
0,0,0.9978755369463854
1,1,0.9963728901869653
4,4,0.9984888549691178
4,4,0.9980711220659535
4,4,0.9983938120627216
0,0,0.9979537999326211
4,4,0.998515405325451
4,4,0.9986607094545936
4,4,0.9985140039848521
4,3,0.9999999620381713
0,0,0.9979531745180175
0,0,0.9979540405975278
0,0,0.9979535410527067
1,1,0.9962912028819946
0,0,0.9979534356667067
4,4,0.9985141124988745
0,0,0.99795495203231
0,0,0.9979537261527326
4,4,0.998515437826737
4,4,0.99841109671112
4,4,0.9667512764392594
0,0,0.997953160640038
4,4,0.9985143418359372
4,4,0.998515515818946
0,0,0.997953277292417
4,4,0.9985082530475344
0,0,0.9979534877259677
0,0,0.9979534484539135
0,0,0.9979531612351024
4,4,0.9949377250394531
4,4,0.9983440861399838
4,4,0.9985069107129925
4,4,0.9985132016280266
1,1,0.9963261781269279
4,4,0.9985139940163912
0,0,0.9975768940276882
4,4,0.9985074256097879
4,4,0.9980399774989422
4,4,0.9983505897884322
0,0,0.9979534981909285
4,4,0.9985154366860605
4,4,0.9985157788216183
4,4,0.9985140777151855
0,0,0.9979532705088524
4,4,0.9985108968028796
4,4,0.9993041859589217
4,4,0.9985157543407381
4,4,0.9985139923099177
4,4,0.9983468032217564
4,4,0.9985140228139897
1,1,0.9963733677085495
4,4,0.9985161180500218
4,4,0.9985140793654814
4,4,0.9984577588584833
4,4,0.9985139945522679
4,4,0.9967227676314916
0,0,0.9979541009618423
4,4,0.9985139954465553
4,4,0.9974655362899794
4,4,0.9985141606666897
0,0,0.9979609561638353
4,4,0.9984750244234744
4,4,0.9985157570416001
4,4,0.9985097709124922
4,4,0.9985140788211
0,0,0.9979546365642655
1,1,0.9963260140348653
4,4,0.998480680141876
0,0,0.997954918292579
0,0,0.9979548970725994
4,4,0.9985140028095392
1,1,0.9962904118975774
0,0,0.9979531616101244
0,0,0.9979463557942672
4,4,0.9985140133428639
4,4,0.9985139954123637
4,4,0.9985140794238775
0,0,0.9979535806920139
0,0,0.9979531502447505
4,4,0.9985073325887297
1,1,0.996346969506195
0,0,0.9976862423307782
4,4,0.9985140796888411
4,4,0.9985453165395471
0,0,0.9979530465789547
4,4,0.9984255758537686
4,4,0.9982772637524856
4,4,0.998515200362638
4,4,0.9985157555288439
0,0,0.9979278971530945
0,0,0.9979534429545647
4,4,0.9985138427788149
0,0,0.9979580161512377
4,4,0.9985193559286749
0,0,0.9979530989263254
4,4,0.9985147915424389
0,0,0.9979535840408463
1,1,0.9962073582572921
0,0,0.9979534427334666
0,0,0.9979534873185344
4,4,0.9985153828023337
4,4,0.998480001451197
4,4,0.9985157570416001
4,4,0.9986602919327209
4,4,0.9983964825493862
4,4,0.9985138587177927
0,0,0.9979534434107924
0,0,0.9979551372958771
0,0,0.9979548978468764
4,4,0.9880564176181194
4,4,0.998050478067938
0,0,0.9942830936941216
1,1,0.9955181568515685
4,4,0.9983047918590656
4,4,0.9985157788216183
4,4,0.9985139999867434
0,0,0.9979530462067998
1,1,0.9963259637618722
0,0,0.997953538718601
0,0,0.9979531501266106
1,1,0.9963662190797882
4,4,0.998519696767246
4,4,0.9985111648565008
0,0,0.9979552314522435
4,4,0.9962529039720569
4,4,0.9985088574513901
0,0,0.9979534421353939
4,4,0.998513993623101
4,4,0.9985013188805186
4,4,0.9983556117128443
4,4,0.998514097404856
4,4,0.9985139853534089
0,0,0.9979549520323255
4,4,0.9984449210701707
4,4,0.9985157567225114
1,1,0.9962507837969434
4,4,0.9985184819225154
4,4,0.9985146547897008
0,0,0.99795462143198
4,4,0.9965667822996828
4,4,0.9985030823837644
4,4,0.998493826938371
1,1,0.9961758947990638
4,4,0.9981479842382622
4,4,0.9985048978245099
0,0,0.9979537200057959
0,0,0.9979535804643584
1,1,0.9963260131918258
0,0,0.9979534443712894
4,4,0.9985051185735891
1,1,0.9963369431057003
4,4,0.9985141743916162
4,4,0.9984987789447968
0,0,0.9979530468683118
0,0,0.9976438368879047
4,4,0.998425262022377
0,0,0.9978028875700381
0,0,0.9979534430227422
0,0,0.997953446229445
0,0,0.9979194259193833
4,4,0.9985140131711745
0,0,0.997954637093776
4,4,0.9985141008966909
0,0,0.9979583204255751
4,4,0.9877410938133203
0,0,0.9979510119237806
0,0,0.9979548978381783
0,0,0.9979547427455282
4,4,0.9985108039588453
4,4,0.9985195028696253
4,4,0.9985140336293477
4,4,0.9985154108198175
4,4,0.9985139952341743
4,4,0.9987634695397676
4,4,0.9972786412662727
4,4,0.9985140868570708
4,4,0.9985157563691316
0,0,0.9979534417625725
0,0,0.997882997750694
4,4,0.9983130631582591
0,0,0.9979567315009317
0,0,0.9974062924362609
4,4,0.9984690684773451
4,4,0.9985140088866926
0,0,0.9979535653449453
0,0,0.997957171368914
4,4,0.9976446305839144
0,0,0.9979549141482195
0,0,0.997954344012889
4,4,0.9975724527762587
4,4,0.9985149786007026
0,0,0.9979530989263254
4,4,0.9980613591186983
4,4,0.9985139928696547
4,4,0.9976059556363369
0,0,0.9979567311165449
0,0,0.99795507142369
0,0,0.9979534444396987
0,0,0.997953162646255
4,4,0.9985157539861002
0,0,0.997953446229445
4,4,0.9985140062941692
0,0,0.9979534430227316
4,4,0.9985140794916088
4,4,0.9982513734336994
0,0,0.9979531495826393
1,1,0.9911203112646132
4,4,0.9984733998232059
4,4,0.9985160176808641
0,0,0.9979627381412164
4,4,0.9985157539861002
1,1,0.9963262170824431
0,0,0.9975760372885653
4,4,0.9985154497549615
4,4,0.998041596109338
4,4,0.9985140024667125
0,0,0.997953162646255
1,1,0.9963260131918258
4,4,0.9985153759019505
1,1,0.9963728914587107
0,0,0.9979535381507662
1,1,0.9962273791237449
0,0,0.9979535637787723
0,0,0.9979535804643479
4,4,0.9985002762864968
4,4,0.9985138883513333
4,4,0.998510200738684
4,4,0.9985140010666136
0,0,0.9979202303193688
4,4,0.9984090982820066
0,0,0.9979534427334666
1,1,0.9963397115786621
0,0,0.9979534451155975
4,4,0.9985193400469704
0,0,0.9979535637436843
0,0,0.9979535526024909
0,0,0.9979534427000291
0,0,0.9979278972902521
0,0,0.9979529672871664
0,0,0.9979568758441385
4,4,0.9985156726251249
0,0,0.9979546362746802
4,4,0.9985157563691316
1,1,0.9963260140348653
4,4,0.9984496839718543
0,0,0.9978924835814658
4,4,0.9984486841148241
0,0,0.996954860557842
4,4,0.9985140052585952
4,4,0.9981182527581034
0,0,0.9978468491459256
0,0,0.9979532605843017
4,4,0.9982992635350683
1,1,0.9963258560881842
4,4,0.9985154765648939
4,4,0.9985140774951855
4,4,0.9985152077525073
4,4,0.9985157567225114
0,0,0.9979534429545598
4,4,0.9985134461260974
4,4,0.9985075475337453
4,4,0.998515095152267
0,0,0.9979538368892922
4,4,0.9985104882450201
4,4,0.9984496858571684
4,4,0.9985140789182761
4,4,0.9985080736603844
2,2,0.9984440059806415
0,0,0.997958010729061
4,4,0.9985140991202622
0,0,0.9979534429545598
0,0,0.9979534873185344
0,0,0.9979534430227316
4,4,0.9985139937362549
4,4,0.9985132914620791
0,0,0.9979534434107924
4,4,0.9985137488316738
4,4,0.9982870880735757
1,1,0.996375820735504
4,4,0.9982759201242439
4,4,0.9984989421114862
0,0,0.9978563874560583
0,0,0.99789060878438
0,0,0.9979549486433609
4,4,0.9984067558336224
4,4,0.9981214702885467
2,2,0.997890880647803
4,4,0.9983907025880402
0,0,0.9979530989263254
4,4,0.998514079549994
0,0,0.9979534443159469
0,0,0.9978151461761897
4,4,0.997083344522785
4,4,0.9985150980512704
0,0,0.9979534877259573
4,4,0.998351176974954
0,0,0.9979534431564072
0,0,0.9978905219845635
4,4,0.9985153625651487
1,1,0.9962263353785299
4,4,0.9981588926942161
0,0,0.9979284925434247
0,0,0.996837008198683
0,0,0.9979534451155975
4,4,0.9983761887557938
0,0,0.9979513172750117
4,4,0.9980705577871287
1,1,0.9943406550445119
0,0,0.9979534451155975
4,4,0.9985073487383058
4,4,0.9985140747734839
0,0,0.9979534427334666
4,4,0.8238731978983541
4,4,0.9985141061458844
4,4,0.9985140783852781
4,4,0.9985153882789513
0,0,0.9979534431563968
4,4,0.9984768953955692
4,4,0.9976420824814397
0,0,0.9979534479724311
4,4,0.9985137457102882
1,1,0.9961870970362244
0,0,0.9979598043844797
0,0,0.9979531612351055
4,3,0.9815965399064537
4,4,0.9985227120845888
4,4,0.998455166063733
4,4,0.9985140811303127
4,4,0.9991094311786807
1,1,0.9963456446968159
4,4,0.9986913334885517
0,0,0.9979533548523698
4,4,0.9985142478870899
0,0,0.9979543620664559
1,1,0.9962347400117356
0,0,0.9979530455096537
0,0,0.9979537197460437
4,4,0.9985142499119096
4,4,0.9977635599071063
0,0,0.9979555968688498
1,1,0.9956236914002928
4,4,0.9985157579064022
0,0,0.9979555980355284
0,0,0.9979534429545598
0,0,0.9979202303193688
0,0,0.9979534424252353
4,4,0.9985242991581067
4,4,0.9985140790444927
4,4,0.9985140098375147
0,0,0.9979409634555464
0,0,0.997953256246692
0,0,0.9979531616101244
1,1,0.9963728933605427
0,0,0.9979532794952143
4,4,0.9985140806270479
4,4,0.9975096405043767
0,0,0.9979571694880558
4,4,0.998514086013265
4,4,0.9981236031091534
0,0,0.9979533962593871
0,0,0.9979534438428787
0,0,0.997953717405046
4,4,0.9985156726251249
0,0,0.9979534417625725
0,0,0.9979534446603405
4,4,0.998514005209272
0,0,0.9979535569753483
0,0,0.9979534427334666
4,4,0.998514081694418
0,0,0.9979534427334666
0,0,0.9979534427334666
0,0,0.9979535637787723
0,0,0.9979528682481914
4,4,0.9982157451233963
4,4,0.9985155152823042
0,0,0.9979534433619097
4,4,0.9985181794994711
0,0,0.9979530409591708
4,4,0.9982108063935502
4,4,0.9985156726251249
4,4,0.99843728221298
4,4,0.9985151033622258
4,4,0.9985140965938468
0,0,0.9979534426649106
0,0,0.9979534422923627
4,4,0.9984819105841016
4,4,0.998515553686745
0,0,0.9979202331082085
0,0,0.9979534438179093
4,4,0.9985140795951185
4,4,0.9985183233407556
4,4,0.9985141275641681
1,1,0.9963728900353981
4,4,0.9985139949959257
4,4,0.9984907030392537
1,1,0.9962912040864611
4,4,0.9984416445550958
4,4,0.9984888549691178
4,4,0.9985157555288439
4,4,0.9985140892179796
4,4,0.9982973174578568
4,4,0.9985141529789726
4,4,0.9985073460626451
4,4,0.9985150973905936
4,4,0.9984652841719445
4,4,0.9985151002279088
0,0,0.9979534422923627
1,1,0.9963738824024105
4,4,0.9984491514786745
4,4,0.9975281846312197
4,4,0.9985140010827593
0,0,0.9979534469883552
0,0,0.997953259790024
4,4,0.9982490926050995
4,4,0.998515777638917
4,4,0.9983374067355285
1,1,0.996372919589761
4,4,0.998515466507437
0,0,0.9979534434108028
0,0,0.9979528377702501
4,4,0.9985139968409532
4,4,0.9985152560740089
1,1,0.9963260821873025
1,1,0.9917560191908885
0,0,0.9979534427489739
4,4,0.9985153532735863
4,4,0.9982033135655514
4,4,0.9985181326998186
4,4,0.9985160234780588
0,0,0.9975193213993095
4,4,0.998513994486179
1,1,0.9965858666110788
0,0,0.9979534447283454
4,4,0.998492072364018
4,4,0.9985139946497759
4,4,0.9985157570416001
0,0,0.997953425317307
4,4,0.9985138405331251
4,4,0.9984882611260204
0,0,0.997953201527346
0,0,0.9979531609470342
4,4,0.9982735621143448
4,4,0.9985153523697351
0,0,0.9978706176502068
0,0,0.997951686022042
4,4,0.998514096281713
4,4,0.999999999999994
1,1,0.9963259983891478
0,0,0.9979534429545598
1,1,0.9779660519326046
2,2,0.9982086255147049
0,0,0.9979404223174153
0,0,0.9979534429545647
0,0,0.9979533637949044
4,4,0.9981784997037505
1,1,0.9963387535936218
0,0,0.997953581369288
4,4,0.9985157539861002
0,0,0.9979599580997465
4,4,0.9985073677887276
4,4,0.9985157570416001
4,4,0.998089205318654
4,4,0.9984489608371743
1,1,0.9963262317104136
0,0,0.9979534424102874
4,4,0.9985146538898738
4,4,0.9985141666804495
0,0,0.9979546403697035
0,0,0.9979534430227316
4,4,0.9995111987505171
4,4,0.9985145192864101
0,0,0.9979531612351121
0,0,0.997928669130517
0,0,0.9979555968046931
0,0,0.9979394099258297
1,1,0.9963260019250334
4,4,0.9985157772858922
1,1,0.9963151928794851
1,1,0.9963426508476889
4,4,0.9982825608456602
4,4,0.9985139934380558
0,0,0.9979534430770511
1,1,0.9962072669179947
0,0,0.9979535390881701
4,4,0.9985184703502253
0,0,0.9979535800305229
0,0,0.9979607079300873
4,4,0.9985140926097251
4,4,0.9985141926596467
0,0,0.9979535396660251
0,0,0.9979604301898748
4,4,0.9985157815323394
0,0,0.9979531601118001
0,0,0.9979531581180645
0,0,0.9979535373953508
0,0,0.9979531616101487
0,0,0.997953445940985
1,1,0.9963702205389203
0,0,0.9979546819857968
0,0,0.9979531606286011
4,4,0.9985127297329706
4,4,0.9985139943960716
1,1,0.9963259685948094
0,0,0.9979531606286108
0,0,0.9979534484883756
4,4,0.9982374853920117
0,0,0.9979524105740738
1,1,0.9963729348043
4,4,0.9983833577609122
0,0,0.9979571553023364
0,0,0.9979251191160309
4,4,0.9985141073367798
4,4,0.9997594887758164
4,4,0.9985149126275206
0,0,0.9979534444396987
4,4,0.9984408689571741
4,4,0.9985154543119453
4,4,0.9985146020865019
0,0,0.997953361533418
4,4,0.9985013887365675
4,4,0.9983327122645873
0,0,0.9979528512723687
4,4,0.9985140989644735
4,4,0.9985139996287223
0,0,0.9979510034030282
1,1,0.9968764420060783
0,0,0.9979534430227316
0,0,0.9979534427000291
0,0,0.9979531360340426
4,4,0.998515777638917
4,4,0.9985287397699268
0,0,0.9979549186569461
4,4,0.9984362945253215
0,0,0.997953442410309
0,0,0.9979397281566029
0,0,0.9979401348742257
0,0,0.9979467589029173
4,4,0.9985139938262049
4,4,0.9985139942822854
0,0,0.9978410475682989
4,4,0.998514170466954
0,0,0.9979510119237591
0,0,0.9979063996304798
4,4,0.9979208579300406
4,4,0.9985154189826173
0,0,0.9979568758441357
4,4,0.998514103093791
4,4,0.9985142462120407
1,1,0.9963728909764367
4,4,0.9985149156574208
0,0,0.997966376236238
4,4,0.9980022331078399
4,4,0.9985160963144519
0,0,0.9979510141588691
4,4,0.998499849439022
0,0,0.9979533962593732
4,4,0.998514093786251
0,0,0.9979534429545598
4,4,0.998519846352183
4,4,0.9985154254908764
4,4,0.9985140794916088
0,0,0.9979534356667067
4,4,0.9985141810830788
0,0,0.9979513470807112
4,4,0.9973971582683271
4,4,0.9985140862289407
0,0,0.9979532824466527
0,0,0.9979531860006414
0,0,0.9979535643953169
4,4,0.9985139930120704
0,0,0.9979267149977699
1,1,0.9962426888058629
4,4,0.9985135502338174
4,4,0.9985139944219538
4,4,0.9984224523295778
4,4,0.9985078062235779
0,0,0.9978765220903045
4,4,0.9986596459755549
4,4,0.9985154513829603
1,1,0.9963728926203685
0,0,0.997909719251611
4,4,0.9984761927290374
4,4,0.9985157772858922
0,0,0.9979538307101639
4,4,0.9985156729782204
4,4,0.9985157539861002
0,0,0.9979598007117
1,1,0.9963070488255392
4,4,0.9985140903826235
1,1,0.9963728901869653
0,0,0.9979534421704989
4,4,0.9984383254277064
0,0,0.9979534251466523
4,4,0.9985153550175553
4,4,0.9984683344078239
4,4,0.9985157563691316
0,0,0.9976273625063466
4,4,0.9985335813511038
4,4,0.9985242995864234
0,0,0.9979534426649211
0,0,1.0
0,0,0.9979540929603655
4,4,0.9985154412250535
0,0,0.9979535182655158
0,0,0.9974263796435541
4,4,0.9985138295822351
4,4,0.9985151751112217
4,4,0.9985177207527062
0,0,0.9979535384948903
4,4,0.9985156729782204
4,4,0.9985194865148366
4,4,0.9975641168006479
4,4,0.9984060493430469
1,1,0.9963066058971352
4,4,0.9985078960322431
1,1,0.9963728900355869
4,4,0.9985156441075992
4,4,0.9985140740473605
0,0,0.997952736265894
4,4,0.9985140008458225
1,1,0.9963262198623002
4,4,0.9994211829674754
0,0,0.9979531612351055
1,1,0.9962710197312841
4,4,0.998515693541341
4,4,0.9984172360517131
4,4,0.9984888549691178
4,4,0.9985187780529504
4,4,0.9985152352247307
4,4,0.9985140785830775
4,4,0.9984104162893735
4,4,0.9985150932643487
4,4,0.998513997347364
0,0,0.9979549520322888
4,4,0.9985140801938643
4,4,0.9985142022440885
4,4,0.9985075076754228
4,4,0.9981875512369701
4,4,0.9985157555288439
4,4,0.9985188513288982
0,0,0.9979534430227365
0,0,0.9979534438179093
4,4,0.9985126487224175
0,0,0.9979534429545598
0,0,0.9979401424589159
4,4,0.998514077737237
4,4,0.9985160176808641
4,4,0.9985140777159807
0,0,0.9979549006023829
4,4,0.9985157570416001
4,4,0.994887346794914
0,0,0.9979533927422262
0,0,0.9975829212162538
4,4,0.998514007227512
4,4,0.9985150965592603
0,0,0.9979534427000291
4,4,0.9986546864353724
0,0,0.9979580298288258
4,4,0.9984595126149427
4,4,0.998514083415437
4,4,0.9984701201947326
4,4,0.9985161033341793
4,4,0.9985140067299726
4,4,0.9985154180672614
4,4,0.9982985872904946
4,4,0.9985139974193686
0,0,0.9979488758675753
0,0,0.9979535558120892
4,4,0.9985138728445186
4,4,0.998507104718042
4,4,0.9984959563390146
4,4,0.9985151005219338
4,4,0.9985135528406899
4,4,0.998520244086003
4,4,0.9985140964682201
0,0,0.9979534446603405
4,4,0.9979357304673544
4,4,0.9985157563691316
4,4,0.9984493048046003
0,0,0.9977360069507083
1,1,0.996345381960209
4,4,0.998515777638917
4,4,0.9985140789182761
0,0,0.997962739471662
1,1,0.9963155550789506
0,0,0.9979194259193833
4,4,0.9985157555288439
1,1,0.9963358863751024
4,4,0.9985152699878777
4,4,0.9983010018734808
4,4,0.9985138346688149
4,4,0.9985105697478601
4,4,0.9985139942956116
0,0,0.9979542414542097
4,4,0.9985140773280272
0,0,0.9979531472292383
4,4,0.9985139816281378
4,4,0.9985141675247805
4,4,0.9984939620834341
0,0,0.9979534424252197
4,4,0.9985153599982483
1,1,0.9962318992445888
4,4,0.9985154916302362
0,0,0.9979598211587052
4,4,0.9985073509461866
0,0,0.9979534427000291
4,4,0.9985150660797935
4,4,0.998507801982147
4,4,0.9985127469296279
0,0,0.9979534426649154
1,1,0.996242479970535
4,4,0.9985189733187709
4,4,0.9985139962079804
4,4,0.9984971992087553
4,4,0.9973333044119708
4,4,0.9985139951216033
0,0,0.9979531327339389
0,0,0.9979531311511711
0,0,0.9979534464679936
4,4,0.9982014784703995
4,4,0.9985141235126636
0,0,0.9979534874367405
4,4,0.8507189556390626
4,4,0.9985141046953242
4,4,0.9982662039127572
0,0,0.9979535637787826
4,4,0.9985101251922259
4,4,0.9985139938313439
0,0,0.997953161045959
4,4,0.9985139947654014
0,0,0.9979534414724903
4,4,0.9985154257102655
0,0,0.9979543438190283
1,4,0.6477519423916193
0,0,0.9979531603402788
4,4,0.9984941639832569
4,4,0.9984789352102597
4,4,0.9983766713740426
0,0,0.9979534431213194
4,4,0.9984067985781914
1,1,0.9963262317104136
1,1,0.9963258587623224
4,4,0.9985138489499271
4,4,0.9985140778475634
1,1,0.9940038773235655
4,4,0.9985138988066543
0,0,0.9979532759352937
1,1,0.996216769731767
0,0,0.9979516519303464
0,0,0.9977889400360354
0,0,0.9979530473663489
4,4,0.9984486978478005
4,4,0.998022833849455
0,0,0.9979571623316461
4,4,0.9985157772858922
4,4,0.998447868063165
0,0,0.9978932812115878
4,4,0.9985152824274572
4,4,0.9985157567225114
4,4,0.9985140080472206
0,0,0.9979534253172752
0,0,0.9979535387256115
4,4,0.9984928217766652
1,1,0.9962048952607734
4,4,0.9985140976681591
0,0,0.9979555968046931
4,4,0.9985140800678581
4,4,0.9985140027919712
4,4,0.9985154314409048
0,0,0.9979531335272336
0,0,0.9979534467562625
4,4,0.9985140866575951
0,0,0.9979532063924581
0,0,0.9979530497855013
4,4,0.9985140806192864
0,0,0.9979535603490158
1,1,0.9962912028819946
4,4,0.9985058885671038
1,1,0.9963256358213486
4,4,0.998513995144276
4,4,0.9984954273847082
0,0,0.9979497064599999
0,0,0.9979507501892564
1,1,0.9962425071107227
0,0,0.9978740501075649
0,0,0.997953717405046
4,4,0.9981829519047821
0,0,0.9979531885360646
0,0,0.9979535800305229
4,4,0.9982045423553579
0,0,0.9979598035257764
1,1,0.9963260821873025
4,4,0.9983479730610315
4,4,0.9985137463081344
4,4,0.998499849439022
1,1,0.9963207595554835
0,0,0.9979600261465527
0,0,0.9979538117463749
4,4,0.9985203074673231
4,4,0.998515757394625
4,4,0.9984928281754852
1,1,0.9962702784423362
4,4,0.9985152965551417
4,4,0.9984863772540008
0,0,0.9979533680679826
4,4,0.9985011447523185
0,0,0.9979397281566029
4,4,0.9983902607020577
4,4,0.9985074637934069
0,0,0.9979580161512377
4,4,0.998514111709667
0,0,0.9979527337343087
4,4,0.9985137039792484
4,4,0.9985138436562451
4,4,0.9985140773280183
1,1,0.9963260260360948
0,0,0.9979565669858793
4,4,0.9985141250866504
4,4,0.9985067852828786
0,0,0.9979534429545598
0,0,0.9979548649698792
4,4,0.9984130654907383
4,4,0.9985140016031013
4,4,0.998499849439022
0,0,0.9979541000966979
0,0,0.9979552260961831
1,1,0.9962342588762528
4,4,0.998515670598364
4,4,0.9983392265920413
4,4,0.9983105511175767
4,4,0.9981883248406694
4,4,0.9985260599906303
4,4,0.9985140349518579
4,4,0.9985156702440116
4,4,0.9985141232336998
0,0,0.9979539609023819
0,0,0.9979535396153697
4,4,0.9986608834224532
1,1,0.9963702205389203
4,4,0.9985137453275024
4,4,0.9984835724350364
4,4,0.9984867197207173
4,4,0.9983183483295086
0,0,0.9979531606400447
4,4,0.998515673649793
0,0,0.9979172235875169
4,4,0.99850106924884
0,0,0.9979534429545598
4,4,0.9985141840724194
4,4,0.9985140137973487
1,1,0.9963763187259521
4,4,0.9985140135127479
4,4,0.9984601349829002
4,4,0.9985140071739116
4,4,0.9985152095761322
4,4,0.9985154300049455
4,4,0.9985154893875795
0,0,0.9979546370938077
4,4,0.998514002998304
4,4,0.9984629090348142
4,4,0.9985151010935704
4,4,0.9985144409723731
4,4,0.9981829194263756
0,0,0.9979539555657204
4,4,0.9984955011695744
0,0,0.9979531606285673
0,0,0.9979511620167875
4,4,0.9985151754779803
4,4,0.9985057627021233
4,4,0.9985145678226431
4,4,0.9979667762653271
0,0,0.9979534427334666
0,0,0.997953442425209
0,0,0.9979534896851366
1,1,0.9963702205389203
0,0,0.9979534429545598
0,0,0.9979534443712894
0,0,0.9979535381320545
4,4,0.9985139731314578
4,4,0.9985142211672134
4,4,0.9985139933716779
4,4,0.9985158359472187
4,4,0.9985141137615956
1,1,0.9963486308955276
0,0,0.9979397291328105
1,1,0.9963137090969838
1,1,0.9963066227690429
4,4,0.9982066182761633
4,4,0.9985138411537295
0,0,0.9979534464679936
4,4,0.998514037627269
0,0,0.997953162015576
0,0,0.997952492329915
4,4,0.9985030810714038
4,4,0.9984465237246712
4,4,0.9985140099864616
4,4,0.998499849439022
4,4,0.9985075478617087
4,4,0.9985141641578887
4,4,0.9985140203076904
4,4,0.9985154364288179
0,0,0.9979531612351024
4,4,0.9980227155997824
4,4,0.9985138888796216
4,4,0.9980192307305586
4,4,0.9985140912186011
4,4,0.9985139007156034
4,4,0.9985157563691316
0,0,0.9984941500885812
4,4,0.9984496798245774
4,4,0.9985051185735891
0,0,0.9979202303193688
1,1,0.9764749634338213
0,0,0.997953439938566
4,4,0.998416262971649
4,4,0.9984081325463385
4,4,0.9985157570416001
4,4,0.9985140065446765
4,4,0.9984851679934793
4,4,0.9985188513288982
4,4,0.9935653472476299
0,0,0.9984571916248846
0,0,0.9979534421353782
0,0,0.9979550862396662
0,0,0.9979533504204876
1,1,0.9962073386233581
4,4,0.9985140793654814
0,0,0.997956563526462
1,1,0.9962167664963933
4,4,0.9985140969817096
4,4,0.994574825747255
4,4,0.9977674237681301
1,1,0.9963259637618722
4,4,0.998513304793256
4,4,0.997663061527391
4,4,0.9985157570416001
0,0,0.9979549188265664
0,0,0.9979559530936467
1,1,0.9963405785545574
0,0,0.9979532986984453
0,0,0.9979598043844797
1,1,0.9963729348043
0,0,0.997953186000634
0,0,0.9978881546940233
4,4,0.9985139946392843
4,4,0.9985138877051615
4,4,0.9982675505003006
4,4,0.9974633805898755
0,0,0.9979535380813009
4,4,0.9976334978737678
0,0,0.997954918826577
4,4,0.9984513904705231
0,0,0.9979534484883653
4,4,0.9985139949959257
1,1,0.9935418976203368
4,4,0.9985139739612411
0,0,0.9979604301898748
0,0,0.9979546206289583
4,4,0.99852359444925
0,0,0.9979531860006309
0,0,0.9979535800305229
4,4,0.9985154919738808
4,4,0.998401691201177
4,4,0.9985140795576004
0,0,0.9979583204255751
4,4,0.9985140087621824
0,0,0.9979531498722151
4,4,0.9985137404530374
4,4,0.9985155551405989
0,0,0.9979403947380144
4,4,0.9985140850329683
4,4,0.9985140833359043
0,0,0.9979535381507662
0,0,0.9979534251466523
0,0,0.997954208609
0,0,0.9971015912237358
1,1,0.996343684295821
4,4,0.9760826400888789
4,4,0.998514087263503
0,0,0.9979510123313452
0,0,0.9978932812115777
4,4,0.9977674372284734
4,4,0.9953463700251989
4,4,0.998514097712074
4,4,0.9985139920083419
4,4,0.9985140900243724
4,4,0.9982201399346662
0,0,0.9979531623285031
4,4,0.9985139938761355
4,4,0.9981538351478452
4,4,0.9966363249260961
4,4,0.9985140865263729
0,0,0.9979541001603135
4,4,0.9985150972738787
0,0,0.9979531996226341
1,1,0.9963135290071052
4,4,0.9973332930196922
1,1,0.9963158943261077
1,1,0.9963453993002874
4,4,0.9984491518275657
0,0,0.9979535562561521
0,0,0.9979532066165351
0,0,0.9979403204329294
0,0,0.997953442425209
4,4,0.9985139895963497
4,4,0.9985055945137356
4,4,0.9982653768770073
0,0,0.9979535379303855
0,0,0.9979636089668034
4,4,0.9985140863887726
0,0,0.9979534427489739
4,4,0.99851520737073
4,4,0.9985157772858922
4,4,0.9982710705918413
4,4,0.9985154477961592
2,2,0.9986428871571787
0,0,0.9979583204255751
0,0,0.9979524501495485
4,4,0.9980794584827496
0,0,0.997920230456401
0,0,0.9979247969466745
4,4,0.9981888384439105
2,2,0.9975102408015831
0,0,0.9978656032609081
4,4,0.9969735407450362
4,4,0.9985139933123292
4,4,0.9982318749625145
4,4,0.9985157579064022
4,4,0.9982695604324179
1,1,0.9963260240248439
4,4,0.9985150941160851
0,0,0.9979535384862098
0,0,0.9979534429545598
4,4,0.9985140906807238
0,0,0.9979394598558488
4,4,0.9984712333475652
4,4,0.9984446610517813
0,0,0.9979528377702501
4,4,0.9982323923984058
0,0,0.9979466792160756
4,4,0.9985140841277412
0,0,0.9978911452478679
4,4,0.998514145869912
4,4,0.9984599895485824
4,4,0.998258732706273
1,1,0.9962913609989935
0,0,0.9979535810997372
4,4,0.9985140848623173
1,1,0.9963254459536414
0,0,0.9979549246904851
4,4,0.9985201781839412
0,0,0.9979597898454051
4,4,0.9985341589919877
0,0,0.9979531996226341
1,1,0.9962982125365532
4,4,0.9985157788216183
4,4,0.9985012252819299
4,4,0.9982545321059558
1,1,0.9963702283698914
0,0,0.997966228742558
0,0,0.9979238195903464
0,0,0.9979550862396662
1,1,0.9963258975757899
4,4,0.9985148238459317
4,4,0.9985139942956116
4,4,0.998515670598364
0,0,0.9979534439283164
0,0,0.9979487389274175
0,0,0.9979409627685226
2,2,0.9986380952265184
0,0,0.9979530437350562
4,4,0.9985154375912768
4,4,0.9985157579064022
4,4,0.9985140795364909
0,0,0.9979526627065772
0,0,0.9979535800571466
4,4,0.9985152894764658
4,4,0.9984034912132388
4,4,0.9985140072807194
4,4,0.9933383833403321
1,1,0.9963728901869653
0,0,0.9979540132838493
4,4,0.99771018223937
0,0,0.9979549956590106
1,1,0.9962702784423362
4,3,0.6389956323796107
4,4,0.9985140779739722
4,4,0.9985157579064022
4,4,0.9985141496870674
4,4,0.9985245750529262
4,4,0.9985151433331906
4,4,0.9984683344078239
4,4,0.9985188513288982
4,4,0.9985232811077067
0,0,0.9979571694880558
4,4,0.9982303855630481
0,0,0.9979535384862098
0,0,0.9979634051173892
0,0,0.9979535637787723
1,1,0.9963456320822667
4,4,0.9987486141505737
4,4,0.9983420658173274
4,4,0.9985156726251249
4,4,0.9982464145027431
4,4,0.9985140005504963
4,4,0.9980181211843513
0,0,0.9979534469883655
4,4,0.9985153879659933
4,4,0.9978021406132914
4,4,0.9985140794314702
4,4,0.9985139994324166
0,0,0.9979278972902521
0,0,0.9979571694880558
4,4,0.9985150933901201
4,4,0.9985140826950181
0,0,0.9979560271957364
4,4,0.9985140864603812
1,1,0.9962748652106881
4,4,0.9985030810024177
1,1,0.996326247752119
0,0,0.9979590593145795
4,4,0.9985047191569827
0,0,0.9918259545687474
0,0,0.9979535842939571
4,4,0.9985138286834798
1,1,0.9963448507751479
1,1,0.996345381960209
4,4,0.9985140053726065
0,0,0.9979531491750688
4,4,0.9981234434487093
1,1,0.9962711071568949
4,4,0.99851420078145
4,4,0.9985153867638782
0,0,0.9979583204255386
1,1,0.996303959729996
4,4,0.9983367274652934
4,4,0.9985140802108532
4,4,0.9977700270540456
4,4,0.9985151018691731
0,0,0.9979193852537502
0,0,0.9979538319980463
4,4,0.998515476990366
4,4,0.9985622454711481
4,4,0.9985157570416001
0,0,0.9896963405570105
0,0,0.9979534444396987
0,0,0.997937154312656
4,4,0.9985154660224285
4,4,0.9985074261587424
0,0,0.9979535581039767
4,4,0.9985140796888322
0,0,0.9979549486433978
4,4,0.9984013834144257
4,4,0.9985151046249592
1,1,0.9963405808425241
4,4,0.9985154300049359
4,4,0.9984416445550958
0,0,0.9978781692339359
0,0,0.9979161874078861
4,4,0.998413041103142
4,4,0.9985156726251249
0,0,0.9979549186569461
0,0,0.9979535806920139
4,4,0.9985139943960627
0,0,0.9979522810804303
4,4,0.9984953761425426
4,4,0.9985138436562451
0,0,0.9979521586343472
4,4,0.9985140839578704
1,1,0.9952081847783529
4,4,0.9985143420782169
4,4,0.9985125554094164
4,4,0.9985157585773263
0,0,0.9979534424592501
4,4,0.9985125434820704
0,0,0.9979531610345298
4,4,0.9985150928102035
4,4,0.9985157579064022
4,4,0.9985193442232748
4,4,0.9985139846949275
4,4,0.9985139947288627
4,4,0.9981837411541751
4,4,0.9985157567225114
4,4,0.9980704822913339
0,0,0.9979534417625725
4,4,0.9985000936640329
4,4,0.9985157579064022
0,0,0.9979535373532706
0,0,0.9979535644402634
0,0,0.9978857315202834
4,4,0.9985193514845672
4,4,0.9985116278647187
1,1,0.9963262251692123
0,0,0.9979532783062541
1,1,0.9960397489946083
0,0,0.9979534443712894
4,4,0.998513464269197
4,4,0.9899358762618803
0,0,0.9979531122967057
0,0,0.9979583215857679
0,0,0.9979531616407215
0,0,0.9979532767133485
0,0,0.9976069228092829
4,4,0.9985179817734905
4,4,0.9985157539861002
0,0,0.9979534430280282
0,0,0.997953568016
0,0,0.9979534443713302
4,4,0.9985140061837137
0,0,0.9979535381507662
0,0,0.9979534467562625
0,0,0.997953445940985
0,0,0.9979604301898748
0,0,0.9979534430227422
4,4,0.9985157570416001
4,4,0.9985140802389277
0,0,0.9979542412602395
0,0,0.997953538718601
4,4,0.998515246896102
4,4,0.9985140823464492
1,1,0.9962912040864611
4,4,0.9985151788573342
0,0,0.9979531609470342
4,4,0.9985139953599647
4,4,0.9985075451430548
4,4,0.9985140006506283
4,4,0.9983992857993427
0,0,0.9978927380505902
0,0,0.9979510124531074
4,4,0.9985140806270479
4,4,0.9985075485360092
4,4,0.998514170466954
4,4,0.9985038798125492
0,0,0.9979540929603655
4,4,0.9985138388037234
0,0,0.9979534559041002
0,0,0.9979545128781182
1,1,0.9805452819594811
4,4,0.9985139949262021
0,0,0.9979549291151865
4,4,0.9975798929021216
4,4,0.9985140832053707
4,4,0.998501135108927
4,4,0.9985139942438013
4,4,0.9979816007249191
1,1,0.9963260234181587
4,4,0.9984039500687789
1,1,0.9960416682234488
0,0,0.9979528685245235
1,1,0.9963067685337139
1,1,0.9957963366490972
4,4,0.9985150941160762
4,4,0.9985159109646805
0,0,0.9979535800305229
4,4,0.9985153159190814
0,0,0.9979538323488083
0,0,0.9979534910163854
0,0,0.9979531505051665
0,0,0.9979541001603031
4,4,0.9978144940787887
1,1,0.9962359944261736
1,1,0.9963259723911667
4,4,0.9985140801938643
0,0,0.9979523038567714
4,4,0.998515777638917
4,4,0.9975392201367964
0,0,0.9979535385556396
1,1,0.9963469695060106
4,4,0.9985140776110075
4,4,0.9985184495360071
4,4,0.9985149764765887
0,0,0.9979516704571741
0,0,0.9978900817194639
1,1,0.9965382357456188
4,4,0.9985141757058908
4,4,0.998293036886427
4,4,0.9983037526150954
4,4,0.9985188885392822
4,4,0.998246750356789
1,1,0.9963260293092064
0,0,0.9979535377585514
4,4,0.9985198102311195
4,4,0.9911114737101938
0,0,0.9979534447283668
0,0,0.9979534446603192
1,1,0.9963749221754293
0,0,0.9979513760909661
0,0,0.9979534431563968
4,4,0.9985056700312258
1,2,0.720728102370618
4,4,0.9985140873789309
0,0,0.9979534446603405
4,4,0.9984317569961788
4,4,0.9985020527855503
4,4,0.9977024490646201
1,1,0.9963259983891478
1,1,0.9963212522058185
0,0,0.9979535088386436
4,4,0.9985140868794338
4,4,0.9985153862581285
0,0,0.9979535561953781
4,4,0.9985154670510612
0,0,0.9979571698860955
0,0,0.9979550989606646
1,1,0.9962912004664536
4,4,0.9985142451883591
4,4,0.9985157555288439
0,0,0.9979535565910375
4,4,0.9888847606005536
4,4,0.9985139999866504
4,4,0.998516674153162
4,4,0.9985157579064022
0,0,0.9979531302992127
1,1,0.9963111570953994
1,4,0.6035719655935684
0,0,0.9979548068320004
4,4,0.9985157196334574
4,4,0.9985150688125507
4,4,0.9985153753523184
0,0,0.9979516551684816
4,4,0.9985139930286335
4,4,0.9984494623791703
4,4,0.9991601133955378
0,0,0.9979532605843352
4,4,0.9979189948262994
0,0,0.9979549512583136
4,4,0.9984130654907383
4,4,0.9985139943105129
4,4,0.998513999277655
1,1,0.996326247752119
0,0,0.9979552858238137
4,4,0.9982644420715677
0,0,0.9979538868474006
4,4,0.9984971987497235
4,4,0.9986969942738462
4,4,0.9985155166327473
4,4,0.9984887311850401
1,1,0.9960671263464614
1,1,0.9955191749844099
0,0,0.9979534431563968
4,4,0.998514016489849
0,0,0.9979534439283164
4,4,0.9985140796098256
0,0,0.9979278971530945
0,0,0.9979571553023364
4,4,0.998515753986109
0,0,0.9972610355089272
0,0,0.9979530468682903
4,4,0.9985158633928313
4,4,0.9985154030560413
4,4,0.9985140824234424
4,4,0.9988962726971838
1,1,0.9963256358213486
4,4,0.9985157772858922
0,0,0.9979630534327129
4,4,0.9984914890292229
4,4,0.9983863816680357
4,4,0.9981739125630423
0,0,0.9979537757645438
4,4,0.9985140795500029
4,4,0.9985139941203593
4,4,0.9985140795576004
4,4,0.9985157555288439
4,4,0.9983289888460843
4,4,0.9985141006147914
4,4,0.9985157013756261
4,4,0.9985073379379843
4,4,0.9985141165747037
0,0,0.9979551947071792
1,1,0.9963565590242088
4,4,0.9984130654907383
0,0,0.9979531311511711
0,0,0.9970300713557259
4,4,0.9985140100488716
4,4,0.9985154124733358
4,4,0.9985140074499812
4,4,0.99805739203604
4,4,0.9975383841086737
0,0,0.9979534430227316
0,0,0.9979534427334666
0,0,0.9977005174933945
4,4,0.9985150946230846
4,4,0.9985071528370665
0,0,0.9979549486433978
4,4,0.9984170238670573
4,4,0.9985157555288439
0,0,0.9979532601544957
4,4,0.998515777638917
4,4,0.9985341589919877
4,4,0.9983288286976324
1,1,0.9963704152994964
0,0,0.997953658284897
0,0,0.9979535804643584
4,4,0.9983820898455537
4,4,0.9985364060630354
4,4,0.9984210057342096
4,4,0.9981155152685652
0,0,0.9979534431564072
4,4,0.998499441224159
0,0,0.9979542413931834
4,4,0.9980574502292618
4,4,0.9985157788216183
0,0,0.9979530462067998
4,4,0.9985159811867967
4,4,0.9985166002166653
0,0,0.9979534430227365
0,0,0.9979538165146963
0,0,0.9979532850953146
4,4,0.9985140794314736
0,0,0.9979534430724084
4,4,0.9985157567225114
1,1,0.9963729348043
0,0,0.9979509732772553
0,0,0.9979535800305229
4,4,0.9985154150780478
0,0,0.9979612634022551
4,4,0.9985153554658639
0,0,0.9979534430227316
0,0,0.9979555965045582
4,4,0.9983540247826186
4,4,0.9943099093311071
0,0,0.9979516790987453
4,4,0.9982043335244399
4,4,0.9985139928362182
0,0,0.997953963929159
2,2,0.9983197461122629
4,4,0.9937140974857752
4,4,0.9982867104511667
4,4,0.9985157570416001
0,0,0.9979534443713302
4,4,0.9985140907245386
4,4,0.9985188945239267
4,4,0.9983070608770604
4,4,0.9985157567225114
4,4,0.9985140794314702
0,0,0.9979532759156143
4,4,0.9985157563691316
4,4,0.9985154508142269
0,0,0.9979555968688498
4,4,0.9985153769086813
4,4,0.9985140068127761
4,4,0.9985146348410774
0,0,0.997873707745624
4,4,0.9985151094228427
1,1,0.9962273993876772
0,0,0.9979528400127223
4,4,0.998514079549994
4,4,0.9983505906173512
4,4,0.9984888549691178
4,4,0.9985151041797852
4,4,0.9932496564671351
0,0,0.9979532687000603
4,4,0.998356197473293
4,4,0.9977903058066341
4,4,0.9985142057405418
4,4,0.9984948479479087
4,4,0.9985142609019032
4,4,0.9985139967238728
0,0,0.9979534464679936
0,0,0.9979532597597324
4,4,0.9985139928096022
4,4,0.99841054001643
0,0,0.9979534446603405
1,1,0.9963728926203685
4,4,0.9985139954650237
1,1,0.9963261616198256
4,4,0.9984405751526498
4,4,0.9985139951280106
4,4,0.9973928851119825
0,0,0.9978900344296388
1,1,0.9984763669261261
4,4,0.9979159359743802
0,0,0.9979534877259573
4,4,0.9985140825057388
0,0,0.997954742754494
4,4,0.9985141700864498
0,0,0.9979599923044243
4,4,0.9985139930179812
0,0,0.9979535637787723
4,4,0.9985140137304875
4,4,0.9985137546559569
1,1,0.9963256389998705
0,0,0.997941953498695
4,4,0.9985151003723971
1,1,0.9963135305799552
4,4,0.9985158906951302
0,0,0.9979534312158843
4,4,0.9985092134691389
2,2,0.9981855491576713
4,4,0.998514090300357
4,4,0.998514085850912
0,0,0.9979555968688133
0,0,0.9979534429545647
0,0,0.9979535804643479
4,4,0.9985140054601519
4,4,0.9985065243446768
4,4,0.9985140093187962
1,1,0.9958866789603411
4,4,0.9985085002678334
0,0,0.9979519297040442
0,0,0.9979512698437235
1,1,0.9963260131918258
0,0,0.9979534877259573
0,0,0.9979532827230198
0,0,0.9979534422923627
0,0,0.9978769308246931
4,4,0.9985202931248983
0,0,0.9979278972902521
4,4,0.9985137436928582
4,4,0.9985140831373942
4,4,0.9985140779349593
4,4,0.9985153881964552
4,4,0.9985028603679788
0,0,0.9979533927422262
1,1,0.9960191313057198
0,0,0.9979535634891962
4,4,0.9985139947487274
4,4,0.9983855565962116
4,4,0.9735398744120407
4,4,0.9985140082163002
0,0,0.9979426776181641
1,1,0.9932970923493467
0,0,0.9979534429545598
0,0,0.9979531495826393
0,0,0.9979549182925425
0,0,0.9978881546940233
1,1,0.9963260131918258
4,4,0.9985140031927721
4,4,0.9984955908758527
4,4,0.9985151046157126
1,1,0.9963262317104136
4,4,0.9985167921167825
4,4,0.998253971609345
4,4,0.9984417784539901
4,4,0.998514000849127
0,0,0.9979378200339841
4,4,0.998515175236688
4,4,0.9985157539861002
1,1,0.9963262170824431
4,4,0.9977988438246667
0,0,0.9979536590820554
0,0,0.9979583204255751
4,4,0.9985135995074821
0,0,0.9979534463295064
0,0,0.9979534427000186
4,4,0.9985154293992508
4,4,0.9985073559234722
4,4,0.9985139940848689
0,0,0.9979293489506256
0,0,0.9979534430227316
0,0,0.9979534434108185
0,0,0.9979531859892715
4,4,0.9985140830535643
4,4,0.9967539696225145
4,4,0.9952726427739219
4,4,0.9985140894890698
0,0,0.9979213396087232
0,0,0.9979534433618881
4,4,0.9984864548830479
0,0,0.9979555980354917
0,0,0.9979531616407223
0,0,0.9979534429545647
0,0,0.9978802401493246
4,4,0.9985188513288982
0,0,0.9979549486433978
0,0,0.997953580284929
4,4,0.9985163208302792
0,0,0.9979532605956939
0,0,0.997966475381595
0,0,0.9979534429545704
0,0,0.9979534433619097
4,4,0.9985142544504989
4,4,0.9984025675890933
0,0,0.9979534420024728
4,4,0.9985863674339467
4,4,0.9985139956906409
4,4,0.9985157539861002
0,0,0.9979535637787723
0,0,0.9979542413844753
4,4,0.9985157543407381
4,4,0.9985139996287223
0,0,0.997969871187218
4,4,0.9985140007949709
0,0,0.9979531860006414
0,0,0.9979534896851582
0,0,0.9984574043060687
4,4,0.9985139989330154
4,4,0.9984533921190145
0,0,0.9979346401096467
4,4,0.9985126730689514
4,4,0.9952939192751754
4,4,0.9985139939576302
4,4,0.9985139944746095
4,4,0.9985140072658144
4,4,0.9985203949423684
0,0,0.9979525035047601
0,0,0.9979600204363046
4,4,0.9982947899253228
0,0,0.9979535379894591
0,0,0.9979521969807513
4,4,0.9985141881775659
4,4,0.998516091926032
1,1,0.9963728900355869
1,1,0.996325868344097
0,0,0.997963038347401
4,4,0.9985153532735914
4,4,0.998514087810257
4,4,0.9985139977663127
4,4,0.9985156705983729
4,4,0.9985184660211615
4,4,0.9985188819805556
4,4,0.9978081092418012
0,0,0.9979709820624502
4,4,0.9984016279033459
0,0,0.9979537208369446
0,0,0.9979534430227316
4,4,0.9985140838131836
0,0,0.9979548978614399
0,0,0.9979531631487104
4,4,0.9985003345766024
0,0,0.9979409634555464
0,0,0.9979541001603031
0,0,0.9979535402581301
4,4,0.9985157543407469
0,0,0.9979535836089577
4,4,0.9984289678253768
0,0,0.997953571761948
4,4,0.9985070029194839
4,4,0.998494419286668
4,4,0.9985153939422734
0,0,0.9979548978381783
4,4,0.9985154510180918
4,4,0.9985176777659963
4,4,0.9985140870540927
4,4,0.9985070920072172
0,0,0.9979549006110507
4,4,0.997829765898695
0,0,0.9979530391757638
4,4,0.9985151753474522
0,0,0.997953186000634
4,4,0.9985140821235818
0,0,0.9979538733648652
4,4,0.9985154765648939
4,4,0.998513993312338
0,0,0.9979534427000186
4,4,0.9984496017240444
4,4,0.9985154809880595
4,4,0.998514160593939
4,4,0.9985140198718961
0,0,0.9979548978701379
0,0,0.9979534433618881
0,0,0.9979531498722151
4,4,0.9985140110701485
4,4,0.9985141805727895
0,0,0.9979567318968973
4,4,0.9985140794314736
0,0,0.9979511620167875
0,0,0.9979535381320545
0,0,0.9979531860006414
4,4,0.9985157543407469
0,0,0.9979545135397716
4,4,0.99843662831945
1,1,0.9962342588762528
0,0,0.9979535381320545
1,1,0.9962660656527381
0,0,0.9979534427334666
4,4,0.9985141958283089
0,0,0.9979535391318859
4,4,0.9985140790444927
4,4,0.9984971968797985
1,1,0.9962913609989935
0,0,0.9979534877259573
0,0,0.9979534877259677
4,4,0.9985140031927721
0,0,0.9979583215857831
4,4,0.9985140795576004
4,4,0.9985138277000548
4,4,0.9985018347282143
4,4,0.9985139947343026
1,1,0.9962072599846528
4,4,0.998493385305673
4,4,0.9985157567225114
0,0,0.9956490569374212
1,1,0.996302667908804
4,4,0.9985140837876018
0,0,0.9979534484883653
0,0,0.9979534427489739
4,4,0.9985135583948395
4,4,0.9985076754920041
4,4,0.9984939904076656
0,0,0.9979535382015152
4,4,0.9982881841757824
4,4,0.998208931563141
4,4,0.9985139935695522
4,4,0.9985141014868814
0,0,0.9979534434108028
0,0,0.997954272361824
4,4,0.9985139944859188
4,4,0.9985157772858922
4,4,0.9984066596818303
4,4,0.9985140827468257
0,0,0.9977253986251557
4,4,0.9985141834644329
1,1,0.9963733680412226
4,4,0.9984683872667097
0,0,0.9979555968688133
4,4,0.9985174606753763
4,4,0.998493448725432
4,4,0.9985140080719173
4,4,0.9985154366201462
0,0,0.9979531609470371
4,4,0.9985062472407483
0,0,0.9979567315009317
0,0,0.9979534430227422
0,0,0.9979451673024491
0,0,0.9979535800305229
0,0,0.997953206627986
4,4,0.9980557490283667
4,4,0.9985140830350281
0,0,0.9979532989976551
4,4,0.9985138436889072
4,4,0.9985140038964151
0,0,0.9979524115451184
0,0,0.9979202303193688
4,4,0.9985141255154251
1,1,0.9963260140348653
1,1,0.9962359935975238
4,4,0.9982305210950737
1,1,0.9963256389998705
4,4,0.9985141636027227
1,1,0.9963729151626697
4,4,0.998141467806493
4,4,0.9985139953686545
4,4,0.998515777638917
0,0,0.9979583204255751
0,0,0.9969605985681065
0,0,0.997953436543355
0,0,0.9979534431564072
4,4,0.9985139942438013
4,4,0.9985154148482311
4,4,0.9985153769083295
0,0,0.9979535381507662
0,0,0.997918742521881
4,4,0.9985160984955105
4,4,0.9985139928308627
4,4,0.9984472707773755
4,4,0.9985140892147361
4,4,0.9984948827703212
0,0,0.9977375160725198
0,0,0.9979522493149168
0,0,0.9979530434802869
4,4,0.9985069561337229
1,1,0.9963491878618947
4,4,0.9983934367473948
4,4,0.9983977158857914
4,4,0.998505143042443
4,4,0.9983505897884322
4,4,0.9985143383156194
4,4,0.9937615471442747
4,4,0.9921412008289454
4,4,0.9985155521236564
2,2,0.9981081178877553
4,4,0.9985139956391622
0,0,0.9979390090799979
0,0,0.9979555968688498
0,0,0.9973435341514507
4,4,0.9985134953812483
4,4,0.9983102300620823
4,4,0.9985140776107605
4,4,0.9985140795576004
0,0,0.9979533962038941
1,1,0.9812779585963585
0,0,0.9979534877259573
4,4,0.9985140038006997
0,0,0.9979537305312312
0,0,0.9979535592582139
0,0,0.9979202303193688
0,0,0.9979530497855013
0,0,0.9979555968688345
4,4,0.9985153881532363
0,0,0.9979534896851582
1,1,0.9963728901869653
4,4,0.9984549511916441
4,4,0.99851400208348
4,4,0.9985140985835009
0,0,0.9979531325676559
4,4,0.998485156051702
0,0,0.9979515453682534
4,4,0.9993083703609826
4,4,0.9985074633259408
0,0,0.9979535797413064
0,0,0.9979567456260203
0,0,0.9979240170258734
4,4,0.9985157539861002
2,2,0.9975620071144657
4,4,0.9985140064796545
1,1,0.9963250552934535
0,0,0.9979546371619695
4,4,0.9985140814825484
0,0,0.9979555968688498
4,4,0.9985138404890626
1,1,0.9963469695060106
4,4,0.9984894980739405
0,0,0.9979533637949234
4,4,0.9985139943960716
4,4,0.9984436190971954
0,0,0.9979528685245235
4,4,0.9983921355529052
0,0,0.9979535387273067
4,4,0.9977007210444719
4,4,0.9981418057566938
4,4,0.9985139962079804
0,0,0.9971291351863811
0,0,0.9979549104458254
0,0,0.9979531856266507
4,4,0.9984934613539872
4,4,0.998514000912112
4,4,0.9983581889414477
0,0,0.9979532850953146
4,4,0.9985145290011175
4,4,0.9985141195424847
0,0,0.9979531472292702
4,4,0.998166376398078
4,4,0.998515757394625
4,4,0.9985140008501364
0,0,0.9979534484883653
1,1,0.996302665242281
0,0,0.9979535644402634
4,4,0.9985140864603812
4,4,0.9977304912084818
4,4,0.9985069260038322
4,4,0.9985153571755508
0,0,0.9979599761591705
0,0,0.9979534427334666
4,4,0.9985197354921324
4,4,0.9985153641983273
0,0,0.9979534499399993
0,0,0.9979530504440232
4,4,0.998514077776261
0,0,0.9979648685933685
4,4,0.9985196507461437
4,4,0.9983505906173512
4,4,0.9984488004763572
4,4,0.9984888549691178
0,0,0.9979534247800842
0,0,0.9979534438179093
4,4,0.9983946326907587
4,4,0.9985140789473435
0,0,0.997954100560785
0,0,0.9979535634891962
1,1,0.9963259410360302
4,4,0.9981418136567458
0,0,0.9979531498722151
0,0,0.9979534464679984
0,0,0.997957169488066
4,4,0.9981449893936298
4,4,0.9985140075126776
4,4,0.9985153594532844
4,4,0.9985140794314799
4,4,0.9985151824009704
4,4,0.9985154740527094
0,0,0.9979549502736155
0,0,0.9979546375501551
4,4,0.9985138506576761
4,4,0.990151808429679
4,4,0.9984495950150039
4,4,0.9985054842937765
0,0,0.997954789391058
0,0,0.9979542406308883
4,4,0.9984494273779588
4,4,0.9985139940028034
0,0,0.9979549291152329
0,0,0.9979531603402788
4,4,0.9985154430795483
1,1,0.9962912040864611
4,4,0.9984574068581032
4,4,0.9985153831007487
4,4,0.9983583450249215
4,4,0.9985160859462717
4,4,0.9980764761790888
0,0,0.9979630428326698
0,0,0.9979534427489739
0,0,0.9979531606286108
0,0,0.9979394596974928
0,0,0.9979549520323255
0,0,0.9979509230277418
4,4,0.9985141735896107
4,4,0.9981573181606974
0,0,0.9979534459211847
1,1,0.996374987840481
0,0,0.9979533816166287
4,4,0.998131405613377
0,0,0.997954620637628
0,0,0.997953442425209
4,4,0.9984109001443067
0,0,0.9979534429545598
0,0,0.9979598155673046
0,0,0.9979535373345402
4,4,0.9985140957832309
1,1,0.9963723333846438
0,0,0.9979534434107924
4,4,0.9985287397699268
4,4,0.9985141143462627
4,4,0.9973619035607069
4,4,0.9985154336223467
4,4,0.9985197082429708
4,4,0.9981508092723881
4,4,0.9985712355472847
0,0,0.9979546370938233
0,0,0.9979286816372469
4,4,0.9984691366290281
0,0,0.9979151731945607
4,4,0.9985157567225114
4,4,0.9985157579064022
4,4,0.998515376842628
4,4,0.998514526290784
4,4,0.9985000366375745
4,4,0.9985140802389373
4,4,0.9985160921163344
0,0,0.9979535558120892
4,4,0.9985184819225154
4,4,0.9985140227325527
0,0,0.9979660335430892
4,4,0.9985141014109885
1,1,0.9963260131918258
4,4,0.9985178334143807
0,0,0.9979552309475965
0,0,0.9979530462068102
4,4,0.9985135390835166
0,0,0.9979531324453509
4,4,0.9985140777159807
4,4,0.9985140864603812
4,4,0.9985152162936287
4,4,0.9985153690103915
4,4,0.9985139729336894
4,4,0.9985140892531128
4,4,0.9985140794190912
4,4,0.9985150393305463
4,4,0.9985140772889596
0,0,0.9979532998351563
0,0,0.9979535644402849
4,4,0.9984315398933389
0,0,0.997954918826577
0,0,0.9979040310815177
0,0,0.9979535800571466
4,4,0.9985153820415655
4,4,0.9984498321233852
0,0,0.997953445115576
0,0,0.9979522002019053
0,0,0.9979530132932709
0,0,0.9979536764164567
0,0,0.9979526815086381
0,0,0.9979535796231002
0,0,0.9979434264599005
0,0,0.9979550866737213
2,2,0.9981639843293595
0,0,0.9979531495826393
0,0,0.9977439203367637
4,4,0.99849381482457
4,4,0.9985132845152692
4,4,0.9985140833315846
0,0,0.9979534422923627
0,0,0.9979535368946808
4,4,0.9977994103796278
0,0,0.9979571620731091
0,0,0.9979531612351024
0,0,0.9979600204363046
4,4,0.9985139942438013
4,4,0.9985140853642875
0,0,0.9979401339350291
0,0,0.9979393586262789
4,4,0.9985140795367372
4,4,0.994336167703177
1,1,0.9961242220607277
4,4,0.9985139939576213
0,0,0.9979534434107924
4,4,0.9956346032024087
0,0,0.9979534426649211
4,4,0.9985139938313439
0,0,0.9979534390653922
4,4,0.9985172439858198
4,4,0.9985140810448981
0,0,0.9979534426649106
0,0,0.9979534431563968
0,0,0.9979535810997586
0,0,0.9979549141482195
0,0,0.9979597898454354
4,4,0.9983674122287592
1,1,0.9963262317104136
1,1,0.9962711071568949
0,0,0.9979534434108028
4,4,0.9985157539861002
0,0,0.9979519450038139
0,0,0.9979535382015096
0,0,0.9979535381320545
4,4,0.9985140797339477
4,4,0.9984500240809938
4,4,0.9985140074958005
4,4,0.9985140778424137
0,0,0.9979534430227316
1,1,0.9963019251973503
4,4,0.9985157539861002
4,4,0.9985058892997462
1,1,0.9962534578754352
4,4,0.9985140811303127
4,4,0.9985140041025075
4,4,0.9985141382635883
4,4,0.9989492715523016
0,0,0.9979534438178878
4,4,0.9985154396442563
0,0,0.9979533617609269
0,0,0.9979644318293038
0,0,0.9979535379894591
0,0,0.9979481347731239
4,4,0.9985198913182681
0,0,0.9979535796231002
4,4,0.9985140828572615
4,4,0.9985157539861002
4,4,0.998514165655733
4,4,0.9985140765586238
4,4,0.9985098964383768
0,0,0.9979535800305335
4,4,0.9979899893055462
0,0,0.9978926968053503
4,4,0.9983108506428777
0,0,0.9979519908022146
1,1,0.9962981935291488
4,4,0.9984813653493134
4,4,0.9979849581281411
0,0,0.9979534436393797
4,4,0.9984145276051584
4,4,0.9985135671056796
0,0,0.9979531998988279
0,0,0.9979534429545598
1,1,0.9963702205389203
4,4,0.9985139976430676
0,0,0.9978900796328997
4,4,0.9985157539861002
4,4,0.9985140078178928
4,4,0.9980711690346138
4,4,0.9985153350450204
0,0,0.9979534447283668
4,4,0.9985150935671733
4,4,0.9985140057614729
0,0,0.9976723744650531
4,4,0.9985341589919877
4,4,0.9974343104504874
4,4,0.9984888549691178
0,0,0.9979534429545647
0,0,0.9979542042036398
4,4,0.9984560548629469
0,0,0.9979539609023819
4,4,0.9975132379696486
4,4,0.9985141261634153
4,4,0.9985141714712379
4,4,0.9985139942956116
0,0,0.9979547427455282
0,0,0.9979534424252197
2,2,0.9980595077405089
4,4,0.9985140063922953
1,1,0.9963728926203685
0,0,0.9978932784390925
0,0,0.9979531603403178
4,4,0.9985140819200715
0,0,0.9979531629337074
4,4,0.9985130344115617
0,0,0.9979567315009317
4,4,0.9985141618150033
4,4,0.9985005707326152
4,4,0.9963690943854074
0,0,0.9979537255137878
4,4,0.9985157567225114
0,0,0.9979546206289583
0,0,0.9979547427455282
0,0,0.9979534425431142
4,4,0.99851409234841
1,1,0.9963259637618722
4,4,0.9985187498121575
0,0,0.9979534919632058
4,4,0.998513995507098
0,0,0.9979549486433609
0,0,0.9979534438178878
4,4,0.9982006374208648
4,4,0.9985025703507244
0,0,0.9979534484883653
4,4,0.9985140979358573
0,0,0.9979552301600165
4,4,0.9985077260476631
4,4,0.9985160983483923
0,0,0.9979534434108028
4,4,0.9985155295014781
0,0,0.9978502231877837
4,4,0.9985139933716779
4,4,0.9984286311175458
0,0,0.997939459668066
4,4,0.998515328742555
4,4,0.9963180332888262
0,0,0.9979583203617743
4,4,0.9985140861503804
4,4,0.9985140792203037
4,4,0.998494961010966
1,1,0.9959644645057119
0,0,0.9979547840172762
0,0,0.9979534429545598
0,0,0.9979534462294346
0,0,0.9979535372837355
4,4,0.9985140076546156
1,1,0.9963258975757899
0,0,0.9979534437045537
4,4,0.999855559875151
4,4,0.9985139941050205
4,4,0.9985139966760644
0,0,0.9979534443159362
4,4,0.9985203304462112
0,0,0.9979202303193688
4,4,0.9985156705983729
0,0,0.9979531603402895
0,0,0.9979555968688345
0,0,0.9979539635384778
0,0,0.9979519508041588
1,1,0.9963260085630241
4,4,0.9985157582519605
0,0,0.997953150126621
4,4,0.9984287118351035
4,4,0.998514079562735
4,4,0.9985141113569671
4,4,0.9985140100960685
4,4,0.9985141062751345
4,4,0.9985151907256195
0,0,0.9979531581180645
0,0,0.9979516496541595
4,4,0.998513304793256
4,4,0.9985136030655558
0,0,0.9979401336559813
1,1,0.9963262170824431
4,4,0.9979525407802998
4,4,0.9985140801938643
4,4,0.9976765071977143
4,4,0.99851535379118
0,0,0.997953572130392
1,1,0.9963728930686456
4,4,0.9985140847450334
4,4,0.9985073156614466
4,4,0.9985070972391751
4,4,0.9985141193231433
4,4,0.9985157539861002
4,4,0.9979587325781991
4,4,0.9985125942696702
4,4,0.998211538304427
4,4,0.998505143042443
4,4,0.9985140998892321
0,0,0.9979600993237472
0,0,0.9972713676239428
4,4,0.9984959627173455
4,4,0.9986607094545936
0,0,0.9979028290682594
4,4,0.9985157579064022
0,0,0.9979202303193688
4,4,0.9985037041549227
0,0,0.9979627534279394
0,0,0.9979600204363046
0,0,0.9979548978468764
0,0,0.99795495203231
1,1,0.9963262325495454
0,0,0.9976659345399833
0,0,0.9979534431563968
4,4,0.9985140926391078
4,4,0.998213748271526
4,4,0.9985157570416001
4,4,0.9985140872726093
0,0,0.9979508493768507
0,0,0.9979534430227365
4,4,0.9985141049262763
4,4,0.998514182647179
0,0,0.9979531612351024
0,0,0.9979535637787723
4,4,0.998514079562735
0,0,0.9979531606285768
4,4,0.9980322082617057
4,4,0.9985142792064714
0,0,0.9979542405873161
4,4,0.9985166446246744
4,4,0.9985021318244842
0,0,0.9979530497855013
0,0,0.997953658293614
0,0,0.9979515453568115
1,1,0.996326247752119
4,4,0.9985139745055152
0,0,0.9980211340384754
4,4,0.9985049145728021
0,0,0.9979533927422477
0,0,0.9979534431563968
4,4,0.998513995990099
0,0,0.9979534484883653
4,4,0.9982344590215707
1,1,0.9963728947790862
4,4,0.9985154055424059
4,4,0.9985154518341007
1,1,0.9963728951513304
0,0,0.997954636564287
0,0,0.997953442425209
0,0,0.9979531641337356
4,4,0.9970951094677619
4,4,0.9985033646045185
0,0,0.9979479019189107
4,4,0.9984176052028954
4,4,0.9982705696789352
1,1,0.9963066058971352
4,4,0.9984964836371378
0,0,0.9979541424399094
1,1,0.9945363150782813
4,4,0.9985141115385946
4,4,0.9985155938988891
1,1,0.9963728933605427
4,4,0.998514003857961
4,4,0.9985140792716686
4,4,0.9985157567225114
4,4,0.9985140824835061
0,0,0.9979404028748218
4,4,0.9985140002955489
0,0,0.9979541005607638
1,1,0.9963271222647235
0,0,0.9979534430227316
0,0,0.997955230160053
4,4,0.9985341589919877
1,1,0.9963082919108438
4,4,0.9985144947241844
4,4,0.9985140009263924
4,4,0.9985165897121536
4,4,0.9985140794913713
0,0,0.9979549291151968
4,4,0.9985070787983714
0,0,0.9979550693976967
4,4,0.9980933788374358
4,4,0.9985140067734827
4,4,0.9985154966353087
0,0,0.9979530464612056
4,4,0.9985256396352947
4,4,0.9985175530384925
0,0,0.9979285734719158
0,0,0.9979598280137091
0,0,0.9979534431217
4,4,0.998343354495483
1,1,0.9963763187259521
0,0,0.9979521745134432
0,0,0.9979546375501551
0,0,0.9979374805005783
0,0,0.9979531505337057
0,0,0.9979535941005248
0,0,0.9979531498722151
0,0,0.997948934757984
4,4,0.9985139995034898
4,4,0.9985140021877125
1,1,0.9963260140348653
0,0,0.9979571627333403
4,4,0.998515757394625
4,4,0.9985139943960716
0,0,0.9979542993092175
4,4,0.9985155957596129
4,4,0.9985013195612381
0,0,0.9979531758893229
4,4,0.9985140809335068
4,4,0.9982899189525817
0,0,0.9978668609109411
4,4,0.9984620210592265
0,0,0.9979535669518828
4,4,0.9985140749433227
4,4,0.998146392503324
4,4,0.9980486171839966
4,4,0.9985140053155396
4,4,0.9985140848623173
0,0,0.9979534424102874
4,4,0.9985140901061668
4,4,0.9985140853831977
4,4,0.9985166296275414
0,0,0.9979534428328077
4,4,0.9981793221637093
4,4,0.9980121336195538
4,4,0.9985140827225369
0,0,0.9979534430227316
0,0,0.9979565669773618
4,4,0.9985155551405989
0,0,0.9979540929603655
1,1,0.9963729769516415
4,4,0.9985151855547019
4,4,0.9985157555288439
1,1,0.9962646490103919
4,4,0.9985073447724863
4,4,0.9980956013938789
1,1,0.996281796029003
0,0,0.9979534438179093
0,0,0.9979537252614192
4,4,0.9984198714204091
1,1,0.9963256458391548
1,1,0.9963261781269279
4,4,0.999999995503859
4,4,0.9986201471576595
1,1,0.996000650797415
4,4,0.9976732705519367
0,0,0.997953298997658
4,4,0.9985140795627319
4,4,0.9985155892804218
0,0,0.9979534408998662
0,0,0.9972713627902089
4,4,0.9985157543407381
4,4,0.9985079118372565
0,0,0.9979555975922543
4,4,0.9985154451571014
4,4,0.9985160093571883
1,1,0.6299856955589724
4,4,0.998514077236832
0,0,0.9979552307778755
0,0,0.9978655980505284
0,0,0.997953282722986
4,4,0.9980111473166796
4,4,0.9985140786812592
4,4,0.9985139938261995
4,4,0.9985140912147291
4,4,0.9985154293992595
4,4,0.9985157539861002
0,0,0.9987357366182946
0,0,0.9979534446603405
4,4,0.9985140944792992
1,1,0.9962359917659169
4,4,0.9984637748878887
0,0,0.9979534429545598
0,0,0.9979580287957073
4,4,0.9985140793803835
4,4,0.9985140949916844
4,4,0.9985168754909896
0,0,0.9979535640331784
1,1,0.9963256502111351
4,4,0.9985140848630979
4,4,0.9972898306089356
0,0,0.9979356612315923
4,4,0.9983855966681794
0,0,0.9979531881582495
4,4,0.9964401512829356
4,4,0.9984493375238529
4,4,0.9985140087862979
4,4,0.998514079996532
2,2,0.9967975487253025
1,1,0.9961787347704445
0,0,0.9979839570504753
1,1,0.9963728973045282
4,4,0.9985139990583592
4,4,0.9985135478120377
0,0,0.9979534433618881
4,4,0.9981160744268218
0,0,0.9979534424252197
1,1,0.9963262317104136
0,0,0.9979532392560418
0,0,0.9979534438179093
0,0,0.9979534460410828
1,1,0.9963735131053901
4,4,0.9985157555288439
4,4,0.9984949117726587
4,4,0.9985141761288813
0,0,0.9979534427489739
1,1,0.9960325534303908
4,4,0.9980528771451098
4,4,0.9984494589611951
0,0,0.9979195169649855
0,0,0.9979278971530945
4,4,0.998514077776261
4,4,0.9985141066785768
4,4,0.9985157788216183
0,0,0.997953584040836
4,4,0.9985140795627256
4,4,0.8228286797251531
4,4,0.9985150994841685
4,4,0.9984934066754326
0,0,0.9979514073502382
0,0,0.9979532798789009
4,4,0.9979204083351695
4,4,0.9985140975453911
0,0,0.9979598216136553
4,4,0.9985140087938724
0,0,0.9979571702847704
4,4,0.9985193450333685
4,4,0.9985078119971762
0,0,0.9979278972902521
0,0,0.9979522895164835
4,4,0.9985157543407381
4,4,0.9984130618655777
4,4,0.9985148212307574
4,4,0.9983684949713915
0,0,0.9979279069703295
0,0,0.9979531612351159
4,4,0.9985140790444927
4,4,0.9984493066211519
0,0,0.9979556027320509
4,4,0.9985154814380962
4,4,0.9985154496448511
1,1,0.9963729130485057
4,4,0.998514016268173
0,0,0.9979531609470371
0,0,0.9979397281566029
0,0,0.9979037444460607
0,0,0.9979535381507662
0,0,0.9979583204255599
4,4,0.9985157555288439
0,0,0.997959825457048
0,0,0.9979534446603192
4,4,0.9985157543407469
4,4,0.998185647949892
1,1,0.9963262325495454
4,4,0.9985139955962987
0,0,0.9979526727235295
0,0,0.9979511051178793
4,4,0.9985140800869077
1,1,0.9962128925207581
4,4,0.9984984957367871
0,0,0.9979534438429001
0,0,0.9952722897087513
1,1,0.9957749373014231
4,4,0.998515777638917
0,0,0.9979534251466627
4,4,0.9974669705168014
4,4,0.998373099965923
4,4,0.9983465802356398
4,4,0.9985157606874069
4,4,0.9985153547476754
0,0,0.9979627548036901
0,0,0.9979534427334666
4,4,0.9985141167153012
0,0,0.9979528235445345
4,4,0.9985139944859276
4,4,0.9985139945258166
4,4,0.9981373104148961
0,0,0.9979534427334715
4,4,0.998506657660788
1,1,0.9962359935975238
4,4,0.9985140071414795
0,0,0.9979566979658264
4,4,0.9984030692786223
0,0,0.997953446735101
4,4,0.9985157563691316
0,0,0.9979549139776065
1,1,0.996313267960447
4,4,0.9985140776487734
4,4,0.9983938022287685
4,4,0.9878830554955715
4,4,0.9986844012610652
0,0,0.9979542413844753
4,4,0.9985139934245049
4,4,0.9985139942437925
0,0,0.9979560279491476
4,4,0.9985140808928771
4,4,0.9985140022558183
4,4,0.9981515342362369
1,1,0.996326247752119
0,0,0.9979534427489739
4,4,0.9985139973984185
4,4,0.9982848337265673
1,1,0.9962587001143002
0,0,0.9979540929603655
4,4,0.9985121105378375
0,0,0.9979527647974499
0,0,0.9979535800305229
0,0,1.0
0,0,0.9979507219690705
4,4,0.9985139730596719
4,4,0.9976009123964521
4,4,0.9985140014003678
4,4,0.9985142083536437
4,4,0.9985157539861002
0,0,0.9979527600313294
4,4,0.9984863235443179
0,0,0.9979531603403129
4,4,0.998514079273057
4,4,0.9984180942168224
4,4,0.9982847472798315
4,4,0.9985149598016753
4,4,0.9985140776107605
1,1,0.9963262325495454
4,4,0.9984183377091538
4,4,0.9985139955070891
4,4,0.9985067650803504
4,4,0.9985151364890142
4,4,0.9985141795467123
1,1,0.996262531098609
4,4,0.9985156702440116
0,0,0.9979534430227316
0,0,0.997953538718601
4,4,0.9985160377386691
4,4,0.998514021983232
4,4,0.9985157563691316
1,1,0.9963135406329372
0,0,0.997953584040836
0,0,0.9979534446603192
0,0,0.997956039968551
4,4,0.9985139942956116
0,0,0.9979539555657204
4,4,0.9985139940082433
0,0,0.9979535670692009
4,4,0.9985139932104977
1,1,0.9962633683251804
4,4,0.9984213998059338
0,0,0.9979279051995649
0,0,0.9979530533941474
0,0,0.997953724857232
4,4,0.998454740920955
4,4,0.998515753986109
4,4,0.9985009139640386
0,0,0.9979571638929517
0,0,0.997953162026993
4,4,0.9985140080719173
4,4,0.998514086013265
4,4,0.998514077776261
0,0,0.9979531620155422
4,4,0.9983492766163943
0,0,0.9979546365642549
0,0,0.9979531606285673
0,0,0.9979531616101581
1,1,0.9963260131918258
4,4,0.9985157579064022
0,0,0.9979534443712894
4,4,0.9985097695132037
0,0,0.9979542405873161
4,4,0.9982939959967299
4,4,0.9985154597461462
4,4,0.998515458709942
0,0,0.9978018160124829
4,4,0.9985140850882146
0,0,0.9979583215857679
4,4,0.9985153735833113
4,4,0.9985146626930862
4,4,0.9985154790544265
4,4,0.9985154563641532
0,0,0.9977831111210471
1,1,0.996346969506195
1,1,0.996326247752119
0,0,0.9979534429545704
0,0,0.9979151731945607
0,0,0.9979535804643479
0,0,0.9979600261465527
4,4,0.9985154108198264
0,0,0.9979580161512377
0,0,0.9979571557024739
4,4,0.9985140076247302
0,0,0.9979528685359723
4,4,0.9985155237369591
4,4,0.998514111581434
4,4,0.9979252109988214
4,4,0.9983461992180791
1,1,0.9963728901869653
4,4,0.998513995717378
0,0,0.9979183066442114
4,4,0.9985152559436099
4,4,0.9985140778033897
4,4,0.9985154315966764
4,4,0.9985190087004655
0,0,0.9979356947524903
0,0,0.9979548501142722
0,0,0.997953445115576
0,0,0.9979284925434247
0,0,0.9979549935004371
1,1,0.9963227771474602
0,0,0.997953009000795
0,0,0.9979524975030867
0,0,0.9979530462068102
4,4,0.9984504749485216
0,0,0.9979531305538659
4,4,0.9985140045945967
4,4,0.998515320913484
4,4,0.9985140795576004
0,0,0.9979532846615005
4,4,0.9985068229333562
0,0,0.9979534405365852
4,4,0.9985157563691316
4,4,0.9985157539861002
4,4,0.9985140215216479
1,1,0.994754156328109
4,4,0.9985132240492058
0,0,0.9979534421705095
4,4,0.9985140799157837
4,4,0.9985140816342661
0,0,0.9979531610344959
4,4,0.9983620342910036
1,1,0.9962967739532582
0,0,0.9979534446603405
4,4,0.9984497768458207
0,0,0.9979532994293293
4,4,0.9999999955054208
4,4,0.9985176655603275
4,4,0.9984888549691178
0,0,0.9979534434107924
0,0,0.997957155301851
1,1,0.99639572732747
0,0,0.9979534471055863
4,4,0.998516094694736
4,4,0.9983523585156425
0,0,0.9979560271957364
4,4,0.9980437723838882
0,0,0.9979534426649106
0,0,0.9979534427489739
0,0,0.9979627381412164
4,4,0.9984478371404293
0,0,0.9979534421353782
0,0,0.997963855086289
4,4,0.998571891713966
4,4,0.9985157788216183
4,4,0.9985068108812651
4,4,0.9985140068285862
4,4,0.9985140047248403
4,4,0.9983052875075548
4,4,0.9985141224508092
4,4,0.9985137570424782
4,4,0.9984836798308023
4,4,0.998515757394625
0,0,0.9979505368086269
4,4,0.9982116053371354
4,4,0.9985140060474235
4,4,0.998516098695885
0,0,0.9979549508600021
0,0,0.9979534429545704
0,0,0.9979534443713302
4,4,0.9985160993698053
4,4,0.9984548447714982
4,4,0.998515929445043
4,4,0.9985150933901201
0,0,0.9979568758441357
4,4,0.9981708422129361
1,1,0.99625345423724
0,0,0.997954637093776
4,4,0.9985140933204727
1,1,0.9963260011819504
0,0,0.9979535673574773
4,4,0.9985153515561136
4,4,0.9975123196091037
4,4,0.9947771221359968
4,4,0.9984892919270432
4,4,0.9976193895815961
4,4,0.9985194494940894
0,0,0.9979534427334666
4,4,0.9981050258992334
4,4,0.9985153088665993
4,4,0.9985140778033897
4,4,0.9982093698066293
4,4,0.9985140065397551
4,4,0.9985140797845964
4,4,0.9985203712754255
1,1,0.9963487007069403
0,0,0.9979552262668773
1,1,0.9963066058971352
0,0,0.997951161610575
0,0,0.9979546370937863
0,0,0.9979531781317966
0,0,0.9979534424596097
4,4,0.9985139947288627
1,1,0.9963260085630241
0,0,0.9979534446603405
4,4,0.9981387246959703
4,4,0.9983113681662137
4,4,0.998518412415173
1,1,0.9948024304304909
0,0,0.9979537983722657
4,4,0.9984501073805732
0,0,0.9979534441068414
4,4,0.9985139966760644
0,0,0.9979531327339389
4,4,0.9985153571755508
1,1,0.9953403652876871
4,4,0.9992908987167686
0,0,0.9979534454554748
0,0,0.9979549186569565
4,4,0.997180121281243
0,0,0.9979534427489739
4,4,0.9985196182822718
1,1,0.9963256389998705
4,4,0.9984675809699068
1,1,0.9962073582572921
4,4,0.9985183773335071
4,4,0.9985377282011659
0,0,0.9979535634891962
0,0,0.9978667475076688
1,1,0.9967395571629611
4,4,0.9985139930508566
4,4,0.9985139911996117
0,0,0.9979534443712894
1,1,0.9963426622832596
0,0,0.9979532850953146
0,0,0.9979531635853698
0,0,0.9979532449829951
4,4,0.9985140775062848
0,0,0.9979534427334666
0,0,0.9979735457207098
0,0,0.9979535680160214
0,0,0.9979534467562625
4,4,0.9985140103394496
4,4,0.9999999947687526
4,4,0.9984973363782966
4,4,0.9984494247324643
4,4,0.9985140880136706
0,0,0.9979534422923627
4,4,0.9985154055423967
4,4,0.9985138346683292
4,4,0.998509472343962
4,4,0.9985195938730013
4,4,0.9985157539861002
4,4,0.9984938122591697
4,4,0.9984493965266776
0,0,0.9979598013214062
4,4,0.9936859225039267
4,4,0.9985154956944036
4,4,0.9985151028572458
0,0,0.9975393452828821
4,4,0.9985140776498157
4,4,0.9982118235382037
0,0,0.9979497792371691
4,4,0.9985139938262049
0,0,0.9979533959554482
4,4,0.9985154364221195
0,0,0.9979483044901402
4,4,0.9983907059457585
0,0,0.9979535514999893
4,4,0.9985140849793062
4,4,0.9981826310682587
0,0,0.998735791103894
4,4,0.9985157543407381
4,4,0.9985138436889072
0,0,0.9979568758328452
1,1,0.9972388853421901
4,4,0.9985141011927104
4,4,0.9984763168676798
4,4,0.9985153736915358
0,0,0.9979534427334715
0,0,0.9979531633193469
0,0,0.9979531030084972
4,4,0.9985138575766624
1,1,0.9963328021201217
4,4,0.9985155674343467
0,0,0.9979541001603135
4,4,0.9985139993334619
4,4,0.9985142458135109
1,1,0.9963728935116021
0,0,0.9979546206030404
0,0,0.9979403263143205
1,1,0.9963260234181587
4,4,0.9985154305344078
1,1,0.9963125532214437
4,4,0.9985139997570458
4,4,0.9985140097043633
0,0,0.9979532609572959
0,0,0.997953147891129
4,4,0.9985140802389373
4,4,0.9985156937200659
0,0,0.9979534427000186
4,4,0.9985137294680151
4,4,0.9984960044145391
0,0,0.9979535640331784
4,4,0.9983545965631839
4,4,0.9985140086870627
4,4,0.998449475088485
4,4,0.9979115926128403
4,4,0.9984506593909536
4,4,0.998515505892423
0,0,0.9979534421353676
4,4,0.9971950183541813
4,4,0.998507445403889
0,0,0.9979534251466523
0,0,0.9979535646842054
0,0,0.9979534430227316
4,4,0.9984084753105193
4,4,0.9981180210200049
4,4,0.9985020271267042
1,1,0.9963262317104136
4,4,0.9724253959041979
0,0,0.9978714296228712
4,4,0.998515777638917
0,0,0.9979531601118001
4,4,0.9985155557070448
4,4,0.9985140833315935
0,0,0.997953724857232
0,0,0.9979189813548579
4,4,0.9985138280849782
1,1,0.9963565555322119
0,0,0.9979531856266507
0,0,0.9979547427542049
4,4,0.998515149097562
4,4,0.9985140777760142
4,4,0.9985071499294431
4,4,0.9985139938313439
1,1,0.9963728973045282
0,0,0.997953260533754
4,4,0.9985153784950674
0,0,0.9980002950129206
4,4,0.9982425956097997
0,0,0.9979627396924946
4,4,0.9985157561748909
4,4,0.9985137529349136
1,1,0.9963702205389203
0,0,0.997953442425209
4,4,0.9985137270512483
0,0,0.9962412730927547
1,1,0.9963259965428791
4,4,0.9985138877648296
4,4,0.9985157772858922
4,4,0.998511624144643
0,0,0.9979546370937863
4,4,0.9980060830680301
4,4,0.9985140386803213
4,4,0.9985156741611584
4,4,0.9985140821235818
0,0,0.9979598043844797
0,0,0.997953442425209
1,1,0.9954597719260319
4,4,0.9985059600396522
4,4,0.998499849439022
4,4,0.9985140794916088
4,4,0.9985139934051556
0,0,0.9979535383356818
0,0,0.9979209324412662
0,0,0.9979534421357378
1,1,0.9963262317104136
4,4,0.9965404948383625
4,4,0.9985026098206051
0,0,0.9979531633079175
0,0,0.9979534467562625
0,0,0.9979534362708615
0,0,0.997953032184662
4,4,0.9982740711208089
4,4,0.9985141330739
0,0,0.9979534427334773
4,4,0.9984360031607411
4,4,0.9984148481556107
0,0,0.9979535846990004
0,0,0.9979550378416114
4,4,0.9985137460535704
4,4,0.998515490627406
4,4,0.9985155864551184
4,4,0.998515777638917
4,4,0.9982466827592117
0,0,0.9968433866826523
4,4,0.99805739203604
0,0,0.9979071237755663
4,4,0.9985137459661548
4,4,0.9984977612200291
4,4,0.9959138933583115
0,0,0.9979533962593871
0,0,0.9979534427489739
0,0,0.9979534421353782
0,0,0.9979599759294195
0,0,0.9979555980355131
0,0,0.9979531324453509
4,4,0.9985116224897659
0,0,0.9979534467562625
0,0,0.9979534429545704
4,4,0.9981824640082595
4,4,0.9985140148775572
1,1,0.9963728900354661
4,4,0.998513995346044
4,4,0.9985073620482672
4,4,0.9985140798704982
4,4,0.9984034394493078
4,4,0.997470883130914
0,0,0.9978626378183489
4,4,0.9999999942110713
4,4,0.9970834634289355
4,4,0.9983190571480988
4,4,0.9985140805019336
1,1,0.9963738156511062
0,0,0.9979534421705095
0,0,0.9979531606286011
0,0,0.9979539555657204
4,4,0.9985154080669408
1,1,0.9961911917490882
4,4,0.9984685404473367
1,1,0.9963262317104136
0,0,0.9979533927422477
4,4,0.9985161942935745
4,4,0.9985194841039244
4,4,0.9985140778424191
4,4,0.9965698604123453
1,1,0.9921731567395901
4,4,0.9981498719576849
1,1,0.9963728950005215
1,1,0.9963398672163741
4,4,0.9985157543407381
4,3,0.9999999960617907
0,0,0.9979600993237472
0,0,0.997962753427716
4,4,0.9983813481645961
1,1,0.9961242146134135
4,4,0.9987201617333689
4,4,0.9985139965960268
0,0,0.9979535387950201
0,0,0.997953276693689
4,4,0.9985138501041187
4,4,0.9984286888065432
4,4,0.9986997555509426
4,4,0.998373033172707
4,4,0.9985168317194144
4,4,0.998514002124117
4,4,0.998514079365475
4,4,0.9985141220711182
0,0,0.9979531616407223
1,1,0.9963394894805676
4,4,0.9985140861085877
1,1,0.9963261616198256
1,1,0.9963259712102573
4,4,0.998513989330344
0,0,0.997966266121153
0,0,0.9979548027712876
0,0,0.9979534465029661
1,1,0.9962103425010522
0,0,0.9979293495239374
4,4,0.9986884875471007
0,0,0.997952736265894
4,4,0.9985140081704801
4,4,0.9967654744062615
4,4,0.9975998514051995
0,0,0.9979534447283668
0,0,0.9979531606285673
0,0,0.9979537252614086
1,1,0.994967834265798
4,4,0.998081170347853
0,0,0.9979532994293286
4,4,0.9982485878636066
4,4,0.9985140777824728
4,4,0.998454021395016
4,4,0.9984677460972348
4,4,0.9973592830027359
4,4,0.9984360557008536
4,4,0.998513995119489
0,0,0.9979537305704433
0,0,0.9979535387863153
4,4,0.99851400273034
4,4,0.9982860729204878
4,4,0.9985139928970327
0,0,0.997920230456401
0,0,0.9979479856534266
4,4,0.9985140005858161
0,0,0.9979016923517121
4,4,0.9987227883185105
1,1,0.9963259833789039
4,4,0.9985140785128603
0,0,0.9979409530526173
1,1,0.9962521850239574
4,4,0.9985066192138944
0,0,0.9979607169062035
0,0,0.9979531612351024
2,2,0.9988283924521452
4,4,0.9985157563691316
0,0,0.9979394730256635
4,4,0.9985154956944036
4,4,0.9985140796888318
4,4,0.9985010264839694
1,1,0.9963729151626697
4,4,0.9983747881436755
4,4,0.9985097425066328
4,4,0.9985153540314788
0,0,0.9979498541876664
0,0,0.9979531609470342
0,0,0.9979604301898748
4,4,0.9985139954136902
4,4,0.9985025535463189
4,4,0.9984497768458207
4,4,0.998514079996532
4,4,0.9984842824611384
0,0,0.9979534421353676
4,4,0.9984396884822044
0,0,0.9979534424252197
4,4,0.9985140020680107
4,4,0.9985189401761981
0,0,0.997953150126621
4,4,0.9985160983483923
0,0,0.997954918826577
4,4,0.9984554827388614
0,0,0.9979535382094213
1,1,0.9957698109581019
0,0,0.9979533816166287
4,4,0.9985161382155101
1,1,0.9963262066525376
0,0,0.9979534429545598
4,4,0.998407124171005
0,0,0.997952764785999
0,0,0.9979532787199575
0,0,0.997954344810283
1,1,0.9962088659092304
4,4,0.997388169655037
1,1,0.9963344810379792
4,4,0.998520298991179
4,4,0.9983650159159286
0,0,0.9979516860106052
4,4,0.9971215764454466
0,0,0.9979534427000186
4,4,0.9983847010320007
4,4,0.9985069506551025
0,0,0.99795353740437
0,0,0.9979531507776475
0,0,0.9979531998988179
4,4,0.9985139946836806
0,0,0.9979555968688345
4,4,0.9985140855340344
0,0,0.9976982093987043
0,0,0.9979536583547015
4,4,0.9985152370915896
0,0,0.9979571694880558
0,0,0.9979538323601548
4,4,0.9958333463345598
4,4,0.9985140007949761
4,4,0.9985140013150838
0,0,0.9979534427489739
4,4,0.9978246657305014
0,0,0.9979534427489739
1,1,0.9962912040864611
4,4,0.9983505906173512
4,4,0.9985139947664603
0,0,0.9979535379894591
0,0,0.9979534427000291
1,1,0.9963735132609486
4,4,0.998514077443645
4,4,0.9984201268417855
4,4,0.9983334064682484
4,4,0.9983344388803774
0,0,0.9979534436393797
0,0,0.9979534429545704
4,4,0.9985135478640585
4,4,0.9985140035089638
0,0,0.997953045917224
4,4,0.9985000894500398
4,4,0.99851400273034
0,0,0.9979530462067998
2,2,0.998108411303288
4,4,0.9984291174781985
4,4,0.9983414275739331
4,4,0.9985138878312946
4,4,0.9985139955943166
4,4,0.998520307418471
1,1,0.997578598123675
4,4,0.9985139938313439
4,4,0.9985140858111653
4,4,0.9985140776495687
4,4,0.9985073466382042
4,4,0.9985139949218537
1,1,0.9962912028819946
0,0,0.9979534429545598
0,0,0.9979391818904999
4,4,0.9985156726251249
4,4,0.9985140933204727
0,0,0.9981443649805747
4,4,0.9985154816644077
0,0,0.9979534427489739
4,4,0.998519875146645
4,4,0.9984766655290269
0,0,0.9979534429545598
4,4,0.9985140775218165
4,4,0.9985139024887113
4,4,0.9985204672762288
0,0,0.9979547744468192
0,0,0.9979535815329805
0,0,0.9979538306987965
4,4,0.997497412987271
4,4,0.9985237542877552
0,0,0.9979547951650269
0,0,0.9979532452589035
4,4,0.9982767554671981
0,0,0.9979630389848516
4,4,0.9985140794916176
0,0,0.9979531328561784
4,4,0.9965464674494561
0,0,0.9979531610459581
0,0,0.9979534431563968
0,0,0.9979534501822911
4,4,0.9985140076752548
0,0,0.9979535800571466
4,4,0.998515020410581
0,0,0.9979534431217
0,0,0.997952729579707
0,0,0.99795491414823
4,4,0.9985157788216183
0,0,0.9979542417933699
4,4,0.9985154282903462
0,0,0.9979239085651114
4,4,0.9985157539861002
1,1,0.9962760038715138
0,0,0.9979534435289324
4,4,0.9986077352889353
4,4,0.9984341003469785
0,0,0.9979537205830835
0,0,0.9979555968688498
4,4,0.998514007173876
0,0,0.9973885192112729
4,4,0.9985140067299811
0,0,0.9979536781251316
0,0,0.9979534431563968
0,0,0.9979534883874484
0,0,0.9979524389494564
0,0,0.9979533816280188
0,0,0.9979397280234632
0,0,0.9979517698490908
0,0,0.9979599923044243
1,1,0.9963256358213486
4,4,0.9985140011829216
2,2,0.9981972659457597
0,0,0.9979534433619097
0,0,0.9979342669751738
4,4,0.9985155046949613
4,4,0.9985232755617158
0,0,0.9979552268215227
4,4,0.9985066944648933
4,4,0.9985140802108532
4,4,0.9983514545627054
0,0,0.9979555980354917
4,4,0.998514007646511
4,4,0.9984492813520519
4,4,0.9983626410263551
4,4,0.9985142215799883
1,1,0.9963866500142791
4,4,0.9978435483525205
0,0,0.9999983548626599
1,1,0.9957292722912547
4,4,0.998379763693434
0,0,0.9979537259176292
4,4,0.9973829287950249
0,0,0.9979534429545647
4,4,0.9985064025092508
4,4,0.9985139067810468
4,4,0.9985139929360813
4,4,0.9985031619573416
0,0,0.997917182010872
0,0,0.9979534422923627
4,4,0.9984950185969144
0,0,0.9979537259176504
4,4,0.9985140990852757
0,0,0.9979534260503757
4,4,0.998433180854784
1,1,0.9963262170824431
4,4,0.9984934152096094
4,4,0.999038865801657
4,4,0.998515670598364
4,4,0.9985138276034023
4,4,0.998515435887152
0,0,0.9979580157684981
0,0,0.997954918826577
4,4,0.9985178460201681
4,4,0.9985140793644416
4,4,0.9985138347105575
0,0,0.9974414247708908
0,0,0.9979627535065315
4,4,0.9984722003394745
1,1,0.9963262317104136
0,0,0.9978830920981924
4,4,0.9985151822045548
0,0,0.9979568758328452
4,4,0.9985194805994272
4,4,0.9904174549145602
0,0,0.9979534427000186
4,4,0.9985132043847292
4,4,0.9984465806050882
1,1,0.9963728926203685
4,4,0.9985140963614034
4,4,0.9985140048222789
4,4,0.9985140008552237
0,0,0.9979534883874698
1,1,0.9963259769257898
0,0,0.9979531620269901
4,4,0.9990644147220812
4,4,0.9985140791336429
0,0,0.9979278972902521
4,4,0.9985157815323394
4,4,0.9985137495413663
0,0,0.9979600458427744
1,1,0.9963754879953253
4,4,0.9984915319436696
0,0,0.9979534429545647
0,0,0.9979547902579586
0,0,0.9979531609470446
4,4,0.9985193958934112
4,4,0.9985139953228461
0,0,0.9979531324453509
4,4,0.9985142800091426
1,1,0.9959979202100193
4,4,0.9985201757520114
0,0,0.9979534434108028
0,0,0.9979547893997781
4,4,0.9985157570416001
4,4,0.9985255087888616
4,4,0.9983243337145442
4,4,0.9985151840468701
0,0,0.9979534467562625
4,4,0.998515094277138
4,4,0.9985157772858922
0,0,0.9979549186569565
4,4,0.9985137018297948
0,0,0.9979534517209159
4,4,0.9985450127371066
4,4,0.9985155060432691
4,4,0.9985141268066873
0,0,0.9979556846876408
0,0,0.9979534427334666
0,0,0.9979535387950146
0,0,0.9979239039908352
0,0,0.9979535390204817
4,4,0.998507891788625
4,4,0.9985157570416001
0,0,0.9979534484538923
1,1,0.9962748454385999
4,4,0.9985156729782204
4,4,0.9975785090270359
0,0,0.997953658284897
4,4,0.9984301566262049
4,4,0.9985140797845999
0,0,0.9978815932082686
4,4,0.9978624629445165
4,4,0.9985202950519784
0,0,0.9979549291151968
4,4,0.9985123323898915
1,1,0.9962592910980117
4,4,0.9985139946836894
4,4,0.9985050305850679
4,4,0.9985154439183418
4,4,0.9985069194112981
0,0,0.9979534417625725
0,0,0.997953259790024
4,4,0.9974797702329491
0,0,0.99795495203231
4,4,0.9982085611738454
0,0,0.9979567311165449
0,0,0.9979531606400456
1,1,0.9963729151626697
4,4,0.9984983748786315
4,4,0.9985140865263675
4,4,0.9904545972718561
0,0,0.9979534446603405
4,4,0.9985157539861002
4,4,0.9984822999511722
1,1,0.9963733670717515
4,4,0.9985072230396363
4,4,0.9981725566096958
0,0,0.9979534427489739
0,0,0.9979535804643584
4,4,0.9728785377057481
4,4,0.9985139933719291
4,4,0.9985139902871558
4,4,0.9985139938713903
0,0,0.9979543620664559
4,4,0.9985140792716686
4,4,0.9982217113848357
0,0,0.9979534436393797
0,0,0.9979535634891962
0,0,0.9979534430227422
4,4,0.998515670598364
0,0,0.997953445115576
0,0,0.9979534434108028
4,4,0.9985140877292928
2,2,0.9967222508323568
4,4,0.9985143400474572
1,1,0.9952614896229829
4,4,0.9985139946028871
1,1,0.9954597519478798
0,0,0.9979550858891466
4,4,0.9985142041311135
4,4,0.9985141220864056
0,0,0.9978661515658676
4,4,0.998517553886172
0,0,0.9979535384862098
0,0,0.9979600993237472
0,0,0.9979534427000291
2,2,0.9977313892534138
0,0,0.9979535806920353
0,0,0.9979560279491476
4,4,0.9985140028650279
0,0,0.9979535804643479
0,0,0.9979531009411572
4,4,0.9985154985697392
4,4,0.9984442846613932
4,4,0.9985157539861002
0,0,0.9978613020153148
1,1,0.9962076225904367
4,4,0.9985157567225114
4,4,0.9985201530155755
1,1,0.9959983604772483
4,4,0.9891536260096594
4,4,0.9985141608271396
4,4,0.998515100275942
4,4,0.9982745937952571
0,0,0.9979530464612056
0,0,0.9979519073490005
4,4,0.9985140894361937
4,4,0.998514200999728
4,4,0.9985157788216183
1,1,0.994967834265798
4,4,0.9985139754948684
4,4,0.9994001516512279
4,4,0.998514085005078
0,0,0.9979550862396662
4,4,0.998514077776023
0,0,0.9979530462067998
4,4,0.9985145357836464
4,4,0.9985139945522679
1,1,0.9963070488255392
4,4,0.9985139940383972
4,4,0.9985134953812483
0,0,0.9979532990526396
4,4,0.9985183756594656
0,0,0.9979534429545598
4,4,0.998488510472885
0,0,0.9979531609470342
4,4,0.9981100732052282
4,4,0.9985154526450071
0,0,0.9979529949776819
0,0,0.9954368363100117
4,4,0.9985201567616829
0,0,0.9979534698495659
4,4,0.9985140957406844
4,4,0.998513993913973
4,4,0.9985189616081841
4,4,0.9983701480626289
4,4,0.9982388500194289
4,4,0.9985145202564902
1,1,0.9947567923750558
4,4,0.9985000213792988
4,4,0.9984483025609237
0,0,0.9979525658447098
4,4,0.9985149998145444
4,4,0.998515753986109
4,4,0.9985140871944715
0,0,0.9978901675095351
4,4,0.9985150936914424
1,1,0.996178753907103
1,1,0.9962912007450907
4,4,0.9982444082128539
0,0,0.9979600993237472
1,1,0.9960944350600348
1,1,0.996346969506195
1,1,0.9963262215090012
1,1,0.9961434687811566
0,0,0.997953584040836
1,1,0.9963729130485057
0,0,0.9979534436393797
4,4,0.9983999568633318
4,4,0.9985140883685601
4,4,0.9985162830903888
0,0,0.9979531538214024
0,0,0.9979549512582767
4,4,0.9985140825057299
4,4,0.9984022944292311
4,4,0.9985157563691316
4,4,0.998514077776023
0,0,0.9979531777256643
4,4,0.9985157539861002
4,4,0.9985140776490206
4,4,0.99851387001918
4,4,0.9985139959312936
0,0,0.9979480522310068
4,4,0.9985140777760461
0,0,0.9979555968688133
1,1,0.9915990924777338
4,4,0.9985139787133676
0,0,0.9979519332029011
4,4,0.9985139918611834
1,1,0.9961500070804621
4,4,0.9985140799967872
0,0,0.9979533907126963
4,4,0.9983962159679591
0,0,0.9979534430227316
0,0,0.9979534429545647
0,0,0.9979530514904816
4,4,0.9985140894074229
0,0,0.9979543439521061
4,4,0.9985156729782204
0,0,0.9979560271874066
4,4,0.9985141986746399
4,4,0.9985196503266301
1,1,0.9963258857493649
4,4,0.9985258237649206
4,4,0.9985194989438738
4,4,0.9985138362938447
4,4,0.9985140850329772
0,0,0.9978673523822845
0,0,0.9977822693087479
1,1,0.9947669909650793
0,0,0.9979534438178878
4,4,0.9985141659041957
4,4,0.9985140085004945
0,0,0.997953443528911
4,4,0.9979736933458068
4,4,0.9985157543407469
4,4,0.9985157570416001
4,4,0.9985157539861002
4,4,0.9985139930676658
4,4,0.9997308731241261
4,4,0.9984044761593825
4,4,0.9985132872305018
0,0,0.9979534444396987
0,0,0.9979549186569461
4,4,0.9985139940987533
1,1,0.9963260085630241
4,4,0.9985094717042409
0,0,0.9979531312847599
4,4,0.998514092832107
4,4,0.9985140791745428
1,1,0.9963066058971352
4,4,0.9985083370037241
4,4,0.9985154326291407
4,4,0.9985140138892229
0,0,0.9979534427489739
0,0,0.9979532759267884
0,0,0.9979535380813009
4,4,0.9985066232112343
1,1,0.996374987840481
0,0,0.9979534430227422
4,4,0.9985140776498157
1,1,0.9963748601848784
0,0,0.9979534427000291
0,0,0.9979536790011473
0,0,0.9979532066279831
0,0,0.9979394598557702
0,0,0.9979534422923627
4,4,0.998515353174559
4,4,0.9985156702440116
0,0,0.9979535241031297
0,0,0.9979535405510479
0,0,0.9979535644402849
0,0,0.9979543440131937
0,0,0.9979535673574773
0,0,0.997892406173485
4,4,0.9985140943574062
4,4,0.9983834933829863
4,4,0.9977413717756413
0,0,0.9979532989976447
1,1,0.9963135305799552
0,0,0.9979534439283164
0,0,0.9979534430227316
0,0,0.9979534431563968
0,0,0.9979213396087232
1,1,0.9963262170824431
0,0,0.9979546178238685
4,4,0.9877671147959833
4,4,0.9985157543407469
1,1,0.9963262325495454
0,0,0.9979560435106654
4,4,0.9985143612902186
1,1,0.9951745762140783
4,4,0.9985154117951173
4,4,0.998500666548089
4,4,0.998515101910677
4,4,0.9985132869542058
4,4,0.998514275028555
0,0,0.9979583209270837
1,1,0.9963066058971352
0,0,0.9979535804026995
0,0,0.9979533916966056
0,0,0.9979555968688133
0,0,0.9979548978468764
4,4,0.9985070808507868
4,4,0.9985140954831849
4,4,0.9985140048222789
0,0,0.9979687268210325
0,0,0.9979550477973571
0,0,0.9979534426695879
0,0,0.997953574811957
4,4,0.998500902786127
4,4,0.9984517730813616
4,4,0.9981910373745458
4,4,0.9983924441587168
2,2,0.9696010599862731
0,0,0.9979535374040708
4,4,0.9985178344435809
0,0,0.9979571961876307
4,4,0.9985141622825291
0,0,0.9979549006255634
2,2,0.9980840553116197
4,4,0.9985151040881908
4,4,0.9808544256579926
0,0,0.9979531505337057
0,0,0.9979531609470342
4,4,0.9981957430347782
1,1,0.996505104469554
4,4,0.9985141912057326
4,4,0.9984893779012474
4,4,0.9985141881775565
0,0,0.9979534874363812
4,4,0.9985140872842638
0,0,0.9979534438178878
4,4,0.9985141960473969
4,4,0.998514084811186
4,4,0.9985151799990797
4,4,0.9984553222681537
4,4,0.9985139942199719
0,0,0.9979531308620091
0,0,0.9979202303193688
4,4,0.998565447750155
0,0,0.9979517245954709
0,0,0.9979599759294195
0,0,0.997954790064223
0,0,0.9979534865473446
4,4,0.9985139940082433
4,4,0.9985157579064022
1,4,0.8219525225633492
4,4,0.9985140801078062
1,1,0.9963067685337139
4,4,0.9985139952896971
0,0,0.9979534501823125
0,0,0.9979549141482195
4,4,0.9984495640439279
0,0,0.9979580161512377
4,4,0.9985140839690689
4,4,0.998476094959732
4,4,0.9959407383667943
4,4,0.9985139874643896
4,4,0.9985156729782204
4,4,0.9985142082498398
0,0,0.9978904136805319
0,0,0.9979534427489739
0,0,0.9979532813115198
0,0,0.9979403204329294
0,0,0.9979531609470342
1,1,0.9963262317104136
0,0,0.9979534427334666
1,1,0.9963738528889409
4,4,0.9985140862694842
4,4,0.9985139028750829
4,4,0.9984736887837065
1,1,0.9962967734048038
4,4,0.9984124044493358
4,4,0.9985139955070891
1,1,0.9963261521427478
4,4,0.9985157555288439
0,0,0.9979683237513033
4,4,0.9982530135539472
4,4,0.998513993699898
4,4,0.9985140010864968
0,0,0.9979532006580357
1,1,0.9960099147292428
4,4,0.9985140023863887
4,4,0.9999999999999871
4,4,0.9985157567225114
4,4,0.9985140779349504
0,0,0.9979534427334666
0,0,0.9979534446603192
0,0,0.9977398618328364
0,0,0.9979534430227316
4,4,0.998513982788312
0,0,0.9979535806920139
0,0,0.9979534879803633
4,4,0.9984888549691178
4,4,0.9985140015833683
0,0,0.9979534430227637
0,0,0.9979595658383509
4,4,0.9985139933061561
4,4,0.9985156705983729
4,4,0.9538216258119373
4,4,0.9982256810893267
0,0,0.9979537758047193
0,0,0.9979571694880558
1,1,0.9960651722128996
0,0,0.9979561804065626
1,1,0.9963728973045282
1,1,0.996356513280519
4,4,0.9985137570855724
4,4,0.9985153630021485
4,4,0.9985210344038713
1,1,0.9963728929175862
0,0,0.997953425317307
0,0,0.9979534431563968
0,0,0.9979531603402895
1,1,0.9963728973045282
0,0,0.9979531606286011
4,4,0.9980527300530968
4,4,0.9984059601979604
0,0,0.9979535581039767
4,4,0.9984868750674929
4,4,0.9970849273024447
4,4,0.9985082486934521
4,4,0.998424213512946
4,4,0.9985164448715277
2,2,0.9976973315418416
4,4,0.9985150980512704
0,0,0.9979531498722151
0,0,0.9979543448099785
0,0,0.9979202303193688
4,4,0.9985139926301208
4,4,0.9985155520579395
1,1,0.9957228129404939
1,1,0.9963066058971352
4,4,0.9985154097474376
4,4,0.9985140059984889
0,0,0.9979534251466523
4,4,0.9985197219871169
0,0,0.9976945219057849
0,0,0.9979548978381783
1,1,0.9962181568275267
0,0,0.9979531009411572
4,4,0.9985140886341509
4,4,0.9982396506607968
0,0,0.9979534430227422
4,4,0.9985139964370338
4,4,0.9985157543407469
4,4,0.9984957906178743
4,4,0.998517947770957
4,4,0.9975224274017287
4,4,0.9985140139433288
4,4,0.9985124278675811
4,4,0.9930378812851269
1,1,0.9963738824024105
4,4,0.9985140870105879
4,4,0.9985151069105377
4,4,0.9985140212863892
1,1,0.9963266020444755
4,4,0.9985140790444927
0,0,0.9979515449365813
4,4,0.9985140056722369
4,4,0.9985140904920927
4,4,0.998521152057034
4,4,0.9984577710588731
4,4,0.9985139946182088
0,0,0.9979278971530945
0,0,0.9979532989976476
4,4,0.9985140186373193
4,4,0.9991025129037224
4,4,0.9982662954951544
0,0,0.99795344466036
4,4,0.9985065344587482
4,4,0.9975017447219243
4,4,0.9983988427396804
4,4,0.998515753986109
0,0,0.997953381628016
0,0,0.9979534430227316
0,0,0.9979468528457283
0,0,0.9979534423605911
0,0,0.9979534462294346
4,4,0.9985071063594289
4,4,0.9976970401586505
0,0,0.9979538307101743
4,4,0.998278968655583
1,1,0.9963260085630241
4,4,0.9985139384648429
0,0,0.9979550866737107
4,4,0.9980758018027008
4,4,0.9985157579064022
4,4,0.9985030068738465
4,4,0.9983813470462249
0,0,0.9979202303193688
0,0,0.9979531616215714
4,4,0.9981529970448052
4,4,0.998513856583106
0,0,0.9979248265926821
0,0,0.9979531616215714
4,4,0.998514012999803
0,0,0.9979549291151968
0,0,0.9979511784806103
4,4,0.998499849439022
4,4,0.9985138465045833
1,1,0.9963028384215292
4,4,0.9985153123147266
4,4,0.9966902631467652
0,0,0.997814825786121
4,4,0.9985140810448981
4,4,0.998310757232807
0,0,0.9979535644402849
0,0,0.9979599883125468
0,0,0.997949004217513
0,0,0.997928669130517
0,0,0.9979558531683222
4,4,0.9985140789182761
4,4,0.9985140796027155
4,4,0.9985139949462111
0,0,0.9979535637787723
4,4,0.9985179252375049
4,4,0.9985140832910185
0,0,0.9979534467562728
1,1,0.9963733669169466
4,4,0.9985264833542337
0,0,0.9979560435103938
0,0,0.9979555968688345
4,4,0.9985150027098428
0,0,0.9979511623950977
0,0,0.9979548970406076
4,4,0.9993271382926014
4,4,0.9982707444256261
0,0,0.9979534307243992
4,4,0.9985157563691316
1,1,0.9962465582610075
4,4,0.9985140011031547
0,0,0.9979532520018654
4,4,0.9983684546452993
0,0,0.9979533927422262
4,4,0.9985142008813652
4,4,0.9985161014363865
0,0,0.9979534434108028
4,4,0.9984977720860239
0,0,0.9979473763475336
0,0,0.9979397281566029
4,4,0.998514519542112
4,4,0.9984497621542759
0,0,0.997953444132122
4,4,0.9984420059234603
0,0,0.9979535807186052
4,4,0.9985157567225114
4,4,0.9983676742704771
0,0,0.9979531505337057
4,4,0.9980810045563573
4,4,0.9985189811542162
4,4,0.9985014427690859
4,4,0.9979955945404974
0,0,0.9979531616101146
4,4,0.9985139805168486
4,4,0.9985139939576302
0,0,0.9979508528367627
4,4,0.9984983694208596
4,4,0.9985140864601348
0,0,0.997953445115576
1,1,0.9961094656991404
0,0,0.9979534435285734
4,4,0.998515647728462
4,4,0.9984205389844069
4,4,0.998514012977905
4,4,0.9985140795627256
1,1,0.9962702784423362
4,4,0.9984494247324643
0,0,0.9979534421705095
4,4,0.9985151934260651
0,0,0.9979555980355284
4,4,0.9985142423335182
0,0,0.9979531859892715
0,0,0.9979535800305229
0,0,0.9979531504887593
4,4,0.9985139918611834
4,4,0.9985202684812732
4,4,0.9985140158983427
4,4,0.9985139933123292
4,4,0.9986652119466961
0,0,0.9979532772839322
0,0,0.997953580284929
4,4,0.9985138373665434
4,4,0.9985139934051556
4,4,0.9985140007286305
0,0,0.9979534421353782
1,1,0.9963262170824431
0,0,0.9979535564616665
4,4,0.9982108545672921
4,4,0.998514087808206
4,4,0.9979506475349382
4,4,0.9985153524906267
4,4,0.9983496063164081
0,0,0.9979534421704989
4,4,0.9985140095976244
0,0,0.9979531616101581
0,0,0.9979430333484735
4,4,0.9956716958307751
0,0,0.9979533637949234
4,4,0.9984753665202526
4,4,0.9985132431630579
4,4,0.9985139338537491
0,0,0.9979547427455282
4,4,0.9985075475337453
1,1,0.996326247752119
0,0,0.9979534414885727
0,0,0.997941953498695
0,0,0.9979404905577215
4,4,0.9985157567225025
0,0,0.9979548970726139
4,4,0.9985139952098859
4,4,0.9985140794022993
1,1,0.996356513280519
4,4,0.9985155522538713
4,4,0.9985150209801384
4,4,0.9985141032504856
4,4,0.9985139731260664
4,4,0.9980320059809978
4,4,0.9985140076116552
0,0,0.997920230456401
1,1,0.9963066022716455
0,0,0.9979531637458948
2,2,0.9890800566549451
4,4,0.9985017490101684
0,0,0.9979555968688498
4,4,0.998476086652378
4,4,0.9978505982115387
0,0,0.9979531512643289
0,0,0.9979534433618881
4,4,0.9985139966573532
4,4,0.9984891775419293
1,1,0.9963469695060106
0,0,0.9979534883874698
1,1,0.9963323258910608
4,4,0.998516643045174
1,1,0.9963728900353981
0,0,0.9979511603128732
1,1,0.8814352070786728
4,4,0.9985139939934289
4,4,0.9985173667777715
1,1,0.9962072362635024
4,4,0.9985140789473346
4,4,0.9985159734628741
4,4,0.9985140012886755
4,4,0.9910436879838829
0,0,0.9979534877259573
4,4,0.9984444549334686
0,0,0.9979538323487985
1,1,0.9963135299576006
0,0,0.9979555968046931
4,4,0.9977652119494251
0,0,0.9979531620155422
1,1,0.9963702205389203
4,4,0.9982248559911241
4,4,0.9984700225024118
0,0,0.9979547893997781
0,0,0.9979552309475599
4,4,0.9983422417743686
0,0,0.9979533643302523
4,4,0.9984908225823079
4,4,0.9985154108198264
1,1,0.9963260120986339
4,4,0.9983635669817374
4,4,0.9985157555288439
4,4,0.9985132027047554
4,4,0.9985140819200751
0,0,0.9979530462067998
4,4,0.9984130353867228
4,4,0.9985153743595017
4,4,0.9985156726251249
4,4,0.9984502843148865
4,4,0.9982446259263091
0,0,0.9979532066165351
0,0,0.9979534429545598
0,0,0.997953442410277
4,4,0.998515412517471
0,0,0.9979534417625725
4,4,0.9982916642281022
4,4,0.9985161014363865
4,4,0.9984628124823964
0,0,0.9979537255137878
4,4,0.9985139950368322
0,0,0.9979532176699245
0,0,0.9979549520323359
4,4,0.9985157539861002
0,0,0.9979531321378146
4,4,0.9984677372008576
1,1,0.9963066058971352
4,4,0.9985139953009029
0,0,0.9979555968688133
4,4,0.9985154712011632
4,4,0.9984500385511706
4,4,0.9985139953758352
0,0,0.9979549520323255
4,4,0.9985157563691316
4,4,0.9985140029863379
4,4,0.9985154886518314
1,1,0.9962072573368896
4,4,0.9985156705983729
4,4,0.9980798226845217
4,4,0.998515102885155
0,0,0.9979522814866436
4,4,0.9982300609476685
4,4,0.9985140885879987
1,1,0.9961242099936853
1,1,0.9963504630284482
1,1,0.996374987840481
0,0,0.9979525062541316
0,0,0.9979535800571466
4,4,0.9985140241187566
4,4,0.998514079562735
4,4,0.998515777638917
0,0,0.9979535637787723
2,2,0.9977709412496406
4,4,0.9985151907256195
4,4,0.9979240649459727
0,0,0.9979531485910804
4,4,0.997866808808169
4,4,0.9985138283409745
4,4,0.9984981559753782
0,0,0.9979531466997296
4,4,0.9982131844439815
1,1,0.9963728935116021
0,0,0.9979531603403129
4,4,0.998515693541341
4,4,0.9982858850036082
4,4,0.9985137455820753
4,4,0.9981042486380323
4,4,0.9985138995490955
4,4,0.9985138282104374
4,4,0.9985139923761435
4,4,0.9985157563691316
1,1,0.9963259769257898
0,0,0.9979534427334666
0,0,0.9979552857597042
0,0,0.9979735247876638
0,0,0.9979534417625725
4,4,0.9941907436167489
0,0,0.9968884653773218
4,4,0.9982713740043301
4,4,0.9984742778347324
0,0,0.9979563888101195
4,4,0.9981440575339398
0,0,0.9979534427000291
4,4,0.9985156705983729
4,4,0.9985153529011942
4,4,0.9985141205950108
0,0,1.0
2,2,0.9987002935297846
4,4,0.9985160882229095
0,0,0.9979545536541296
4,4,0.9985140116773412
4,4,0.9985160109446398
4,4,0.9954007619681335
4,4,0.9985135448860398
4,4,0.9970045808000807
1,1,0.9963259965428791
0,0,0.9979340988102702
1,1,0.9963728933606104
4,4,0.9985140825057388
4,4,0.9985141454970503
4,4,0.9982426218743591
4,4,0.9985139947343026
0,0,0.9979532989976447
4,4,0.9985091315949477
0,0,0.9979403353732255
0,0,0.9979531603402788
4,4,0.9984817923016172
4,4,0.997874022392619
1,1,0.9963262066525376
0,0,0.9979534390539931
4,4,0.9985034612966026
0,0,0.9979542107802992
4,4,0.9985193376603816
4,4,0.9985219079102197
0,0,0.9979538498792856
0,0,0.9979530464612056
4,4,0.9976032254312945
0,0,0.9979568741920035
4,4,0.9985140777762701
0,0,0.997953391969099
1,1,0.9963228782244451
4,4,0.9985157539861002
0,0,0.9978674683475797
4,4,0.9985139945819457
4,4,0.9985005515741022
0,0,0.997953446735101
4,4,0.997487494673246
0,0,0.9979535379303912
4,4,0.9985139917636747
4,4,0.9985140796888227
0,0,0.9979535797413064
0,0,0.9979534430227316
4,4,0.9984933862766295
0,0,0.9970292692802845
4,4,0.9984522861858507
4,4,0.9985202876372598
4,4,0.9985140795575951
0,0,0.997953439458612
4,4,0.9965511329242497
4,4,0.9985140798447126
4,4,0.9985140794869236
0,0,0.9979590142598342
0,0,0.9979531505337271
4,4,0.9985156741611584
0,0,0.9979549517753727
4,4,0.9982740688241741
4,4,0.9984787426805836
0,0,0.9979534431563968
1,1,0.9963450487440434
0,0,0.9979531606286011
0,0,0.9979534431563968
4,4,0.9985145600750194
2,2,0.9982600292819407
0,0,0.9978080699363935
1,1,0.9963260240248439
0,0,0.9979523833894187
1,1,0.9984684279917914
0,0,0.9979535750617665
4,4,0.9984715432202398
1,1,0.9960572485174818
1,1,0.9931997710246044
0,0,0.997953724857232
4,4,0.9985156726251249
4,4,0.9986578148943414
0,0,0.9979583204255855
4,4,0.9985139946836894
0,0,0.9979534390653945
0,0,0.9979531620269901
0,0,0.9979550854552837
0,0,0.9979278972902521
0,0,0.9979531603402788
0,0,0.9979549188265983
0,0,0.9979535374040708
4,4,0.9982534067888099
4,4,0.9985140002593436
4,4,0.9985450127371066
4,4,0.9985141924651724
4,4,0.9983967728846637
0,0,0.9979511606271039
4,4,0.9985139947654014
4,4,0.9985140834602965
0,0,0.997957169488066
0,0,0.9979606625704527
4,4,0.998515777638917
4,4,0.9985076010239841
0,0,0.9979522800969569
0,0,0.9978793134483296
4,4,0.9985140104919104
4,4,0.9985000770039101
4,4,0.9985141052700534
4,4,0.9985140975453849
4,4,0.9985140079422024
4,4,0.9984140590032848
4,4,0.9985099418404664
4,4,0.9985144008610488
4,4,0.998514079562735
2,2,0.9982990082086186
4,4,0.9985140800869077
0,0,0.9979534422923627
4,4,0.9985164244450423
4,4,0.9985154168009999
0,0,0.9979555968688498
4,4,0.9985140904920927
4,4,0.9983240993028626
4,4,0.9985140771618604
4,4,0.9985157570416001
1,1,0.9911705525086146
4,4,0.9985150939203964
4,4,0.9984213775781511
0,0,0.9979202331082085
0,0,0.9979549666584504
0,0,0.9979534425434737
4,4,0.9985140868034371
4,4,0.9985139994096298
0,0,0.9979535797409791
0,0,0.9979600093207698
0,0,0.9969609067455382
0,0,0.9979524115451374
0,0,0.9979534463295064
4,4,0.998515673649793
0,0,0.9979531606400353
0,0,0.9976982093987043
0,0,0.9979571627333403
4,4,0.9985138955012621
4,4,0.9960787276294291
2,2,0.9980781480975539
4,4,0.9985161014363865
4,4,0.9985151043433099
4,4,0.9985153675625376
4,4,0.9985194382642483
0,0,0.9979404028748218
4,4,0.99304655806255
4,4,0.9985139964487335
0,0,0.9973897340272034
4,4,0.9985944539947619
4,4,0.9983505906173512
1,1,0.9963748771506179
4,4,0.9983647980609509
4,4,0.9982275688835608
0,0,0.9979546403697035
4,4,0.9924379692401071
4,4,0.9985140963257196
4,4,0.9985157567225114
4,4,0.998477571203552
1,1,0.9963262325495454
4,4,0.9985161437626734
4,4,0.9981772093923716
4,4,0.9985140906542366
4,4,0.9985140864601348
0,0,0.9979535811255005
4,4,0.9982082487390361
4,4,0.9985075969192497
4,4,0.998514015299199
2,2,0.9982569591065025
4,4,0.9985140828374999
0,0,0.9979530462068102
1,1,0.9963738824024105
4,4,0.9985139959224728
0,0,0.9979532846615005
4,4,0.9985123453871011
0,0,0.9979531501266152
4,4,0.9985148153960199
4,4,0.9979537304555847
4,4,0.9982077578890207
0,0,0.9979535802849187
4,4,0.9985167727154036
4,4,0.998515353273595
0,0,0.9979534421353676
0,0,0.9979600993237472
4,4,0.9985140011052884
4,4,0.9985140106990562
0,0,0.9978673929484999
1,1,0.9955298754930223
0,0,0.9979532016216165
4,4,0.9985139948836534
4,4,0.9985140794314702
4,4,0.9983061965124072
0,0,0.9979511686909831
4,4,0.9985140777159771
1,1,0.9956680045873301
4,4,0.998501855060149
4,4,0.9964941813121536
4,4,0.9984954314139823
4,4,0.9985157579064022
0,0,0.9979534429545598
2,2,0.9982296263335073
4,4,0.9985184785343753
1,1,0.9963728926203685
4,4,0.9985149778496457
4,4,0.9985153822895225
4,4,0.9983855331133836
0,0,0.9979532985922325
0,0,0.9979531606285673
1,1,0.9962912040864611
0,0,0.9979534427489739
0,0,0.9979534427489739
0,0,0.9979293583177714
4,4,0.9985149519457279
0,0,0.9979534434108028
0,0,0.997953442425209
0,0,0.9979534458087133
1,1,0.99628555982657
4,4,0.9985140055064526
0,0,0.9979571623316461
4,4,0.9978998843601716
4,4,0.9985140903842007
4,4,0.9985140074604746
4,4,0.9985140848490055
4,4,0.9985154893875888
1,1,0.9963729120558252
4,4,0.998515474805401
0,0,0.9979547427455282
4,4,0.9985153525273545
0,0,0.9979534469883655
4,4,0.9984860736444265
4,4,0.9985154174642425
0,0,0.9979549558247517
4,4,0.9985153820863123
4,4,0.9985157563691316
4,4,0.998514010065322
4,4,0.9985157772858922
0,0,0.9979535376890517
4,4,0.9982183499315913
4,4,0.9985140825534553
4,4,0.9985139973659101
0,0,0.9979538306988069
0,0,0.9967242816596726
0,0,0.9979530497855013
0,0,0.997953206627986
0,0,0.9979535379303855
0,0,0.9979542406308883
0,0,0.9979531505337057
0,0,0.9979532079089105
1,1,0.9963375722930512
0,0,0.9970486533079369
4,4,0.998499849439022
0,0,0.9979535640331784
0,0,0.9979394598558488
4,4,0.9985140401220063
0,0,0.9979727733844278
0,0,0.9979571336073175
0,0,0.9979531610344959
0,0,0.9979549558247517
4,4,0.9966050275831675
4,4,0.9985140013211777
4,4,0.998513829487328
4,4,0.9985141008322617
4,4,0.9985020157676532
0,0,0.9979682684457232
0,0,0.9978905226399984
0,0,0.9979535800305335
4,4,0.9985139939889655
0,0,0.9979531612351024
4,4,0.9985177207527062
4,4,0.9978775989186746
1,1,0.9963433362208666
0,0,0.9979534443712894
0,0,0.9979534467562625
4,4,0.9985157772858922
4,4,0.9985161006016172
4,4,0.9987022252442287
0,0,0.9979540933644925
4,4,0.9985153566776852
4,4,0.9984439747277184
1,1,0.9963259881754981
4,4,0.9973344353992291
4,4,0.9985153532840466
4,4,0.9985201693570976
4,4,0.9985157567225114
4,4,0.9985140125417186
4,4,0.9985076008702134
0,0,0.9976623745977558
1,1,0.9963066058971352
4,4,0.9985142056049903
0,0,0.9979548970493146
4,4,0.9985139942956116
4,4,0.9985188219390588
4,4,0.9967881684602006
4,4,0.9985140024667125
0,0,0.9979278972902521
4,4,0.9985013152698765
0,0,0.9979533816369047
4,4,0.990255460293244
4,4,0.9985194863675195
1,1,0.9963729151626697
0,0,0.9979531324453607
0,0,0.9979401466207873
4,4,0.9984570557426721
4,4,0.9985140850329772
1,1,0.9963262317104136
0,0,0.9979571623316461
4,4,0.9985149907114004
0,0,0.997953299429339
4,4,0.9969955970647287
0,0,0.9979531603402788
1,1,0.9963260131918258
0,0,0.9979534438179093
4,4,0.998410651497183
4,4,0.9985140780226955
0,0,0.9979535819394496
1,1,0.9963260146339805
1,1,0.9986918207411783
4,4,0.9985163795178259
1,1,0.9962967714466725
4,4,0.9985153793923344
4,4,0.9985139048727233
4,4,0.998514084413773
4,4,0.9983907831181333
4,4,0.998467590073358
0,0,0.9979532994293286
4,4,0.9985141482032226
4,4,0.9985156705983729
4,4,0.9985140961409161
4,4,0.9977110764094672
0,0,0.9979548970729044
0,0,0.997954299298254
4,4,0.999999995503859
4,4,0.9985140860205428
4,4,0.9982596799289379
4,4,0.9987613896936727
0,0,0.9979534484883653
1,1,0.9963260131918258
4,4,0.99851400273034
1,1,0.9963262325495454
4,4,0.9985160907767842
4,4,0.9985139816697358
4,4,0.9984846505901869
4,4,0.998487840184274
4,4,0.9985019295221838
4,4,0.9979413457868683
0,0,0.997953581125479
0,0,0.9979534430227316
4,4,0.9983425731451236
0,0,0.9979531601118001
4,4,0.9985140827523302
4,4,0.9985157567225114
2,2,0.9973679303878352
0,0,0.9984575451983146
4,4,0.9985135074771937
4,4,0.998155237408143
4,4,0.9985140821249104
4,4,0.99801214870905
4,4,0.9985139942956116
0,0,0.9979531609470371
4,4,0.998519750514679
4,4,0.9985140125296064
0,0,0.9979534427334666
4,4,0.9982596138937792
0,0,0.9979534431213194
1,1,0.9962166526709326
4,4,0.9985141780809902
0,0,0.9979533927422262
0,0,0.9979532430460263
0,0,0.9979546370937863
1,1,0.9963260131918258
0,0,0.9979532767048489
0,0,0.9985132303123117
4,4,0.9997227956662669
0,0,0.9979535800305335
4,4,0.9985139723879116
4,4,0.9985153759461773
0,0,0.9978077043637857
0,0,0.9979525156830238
4,4,0.9985069397807083
0,0,0.9979537983722657
0,0,0.9979555980355284
4,4,0.9985140029484145
1,1,0.9963260131918258
4,4,0.9985140924393431
4,4,0.9985159555853881
0,0,0.9979365894250108
0,0,0.9979535836750638
4,4,0.9977472485899953
0,0,0.9979531606285673
0,0,0.9979535380813009
0,0,0.9978939118575202
4,4,0.9984875353967329
4,4,0.9985139954688238
4,4,0.9985156726251249
4,4,0.9985156729782204
0,0,0.9979539734045998
4,4,0.9984944348293604
4,4,0.9980337331941311
0,0,0.997957169488087
4,4,0.9985093878315434
4,4,0.997123388895577
0,0,0.9979503765080491
1,1,0.9963728930686456
4,4,0.9985154174915478
4,4,0.9985235540179227
0,0,0.997953442425209
4,4,0.9983153759750497
0,0,0.9978668073436073
4,4,0.9985160156159462
4,4,0.9985137466922049
4,4,0.9985077008392454
0,0,0.9979540669777385
0,0,0.9979534446603405
4,4,0.9985157543407469
4,4,0.998514096281713
0,0,0.9979534426649106
0,0,0.9979533542227788
0,0,0.9979561803432827
0,0,0.9979442013636625
0,0,0.9979534427334666
0,0,0.9979278971530945
1,1,0.996326247752119
0,0,0.9979555968688133
0,0,0.9979534430227316
0,0,0.9979527643920362
4,4,0.9984597945088337
4,4,0.9985139942956116
0,0,0.997949038503547
4,4,0.9985154800585944
0,0,0.997953446229445
4,4,0.9985157543407469
4,4,0.9985161177035358
4,4,0.9985055055606787
0,0,0.9979571694880558
0,0,0.9979560435106654
0,0,0.9979555980355284
4,4,0.9985140085004945
0,0,0.997953580284929
4,4,0.9985140796888227
0,0,0.9979547560591967
0,0,0.9979545617615185
0,0,0.9979534427000291
4,4,0.9985153086839131
0,0,0.9977334723508839
0,0,0.9979532990241378
0,0,0.9979534431563968
4,4,0.9984575000743192
0,0,0.9979549188266135
4,4,0.9985154391216235
4,4,0.9985139957699811
0,0,0.9979534438178878
1,1,0.995481770108788
4,4,0.9985142559319928
1,1,0.995480441997854
0,0,0.9979549006113544
0,0,0.9979583204255751
4,4,0.9985154939813217
0,0,0.9979554180647074
4,4,0.9985141987272811
4,4,0.9985012574632636
4,4,0.9985154126990846
4,4,0.9985140791830801
4,4,0.9985068241227759
4,4,0.9985157539861002
0,0,0.9979513364454974
0,0,0.9979534433314721
0,0,0.9979516860220315
4,4,0.9985140934317563
0,0,0.9979549186569779
4,4,0.9981537064423113
4,4,0.9979057413509936
0,0,0.9979534430227316
0,0,0.9979567315009317
4,4,0.9981591063312397
4,4,0.9985140778424226
4,4,0.9984619721854884
4,4,0.9985176111867121
1,1,0.9963728926203685
4,4,0.9984322467769545
4,4,0.9985140013943553
4,4,0.9984499959435151
4,4,0.9985138443844456
0,0,0.9979534433618881
4,4,0.9985149779294262
0,0,0.9979537205830835
0,0,0.9979547744468192
4,4,0.9985066206311446
0,0,0.997953698940376
0,0,0.9979537208369339
4,4,0.9985139978577051
4,4,0.9985139953758352
4,4,0.9985139944505009
0,0,0.9979534443159362
4,4,0.9985139194869163
4,4,0.9985141116178071
4,4,0.997651698977316
4,4,0.9985157563691227
4,4,0.998422678053649
4,4,0.9978860705267198
0,0,0.9979534436393797
0,0,0.9979540408041674
4,4,0.9985153111304522
4,4,0.9985153215955576
4,4,0.998317640405918
4,4,0.9985150950900261
0,0,0.9979535657379519
4,4,0.9985140048400365
4,4,0.9985140213735955
0,0,0.997953146699751
0,0,0.9979374284286386
0,0,0.9979531476856162
0,0,0.9979531495830092
4,4,0.9984947971312522
1,1,0.9963260821873025
0,0,0.9979484778579046
4,4,0.9985157567225025
4,4,0.998935852062308
0,0,0.9979435585131547
4,4,0.9985139945522644
4,4,0.9985150018924412
1,1,0.9963260131918258
4,4,0.998515757394625
0,0,0.9979535396660251
4,4,0.9975796465331889
1,1,0.9963262317104136
4,4,0.9985140028652032
4,4,0.9985156732970524
4,4,0.9985153920576497
0,0,0.9979549486433609
4,4,0.9985075475337453
1,1,0.9963260131918258
4,4,0.9985156254395894
4,4,0.9984493258939087
4,4,0.9985147493550743
4,4,0.9985157431415342
4,4,0.9985139955522168
4,4,0.9985140067734827
0,0,0.99795344466036
4,4,0.9985140777762701
0,0,0.9979532284488007
4,4,0.9983761258709315
1,1,0.9960183624344765
4,4,0.9985140931968925
4,4,0.9985140067351931
1,1,0.9962912028819946
4,4,0.9984395013997595
0,0,0.9979534426649426
4,4,0.998515753986109
4,4,0.9975217110952898
0,0,0.9979555980355284
0,0,0.99795805105589
0,0,0.9979547427542049
1,1,0.9961923475063097
2,2,0.9980943392583379
4,4,0.9984997741184426
0,0,0.9979532772839294
4,4,0.9985155049418624
4,4,0.998513304793256
0,0,0.9979542721180361
4,4,0.9985151014237441
4,4,0.9977269484809117
0,0,0.9977738246400963
4,4,0.9985139931475903
0,0,0.9979533927422477
0,0,0.9979537208369339
4,4,0.9985074490375251
4,4,0.9985142417058755
1,1,0.9507994609340287
4,4,0.9985148315567265
4,4,0.9984834422176797
0,0,0.9979539609023819
0,0,0.9979531498722151
4,4,0.998507092890257
4,4,0.9984056062102734
4,4,0.9985156729782204
4,4,0.9985140795619484
0,0,0.9979534467562625
0,0,0.9979552569153751
0,0,0.9979599923044243
0,0,0.9979404372555082
0,0,0.9979039090585066
4,4,0.9985140026656473
1,1,0.9963258975757899
4,4,0.9984275848541774
4,4,0.9985066777266199
0,0,0.997939459668066
4,4,0.9981029131654793
4,4,0.9985137492596414
0,0,0.997953538718601
0,0,0.9979535800305229
4,4,0.9984229182649702
4,4,0.9971680913498427
0,0,0.9950726470481678
4,4,0.998513995119489
0,0,0.9977294559462394
4,4,0.9985140859191617
4,4,0.9984991833663698
4,4,0.9987157475287076
4,4,0.998177359562201
4,4,0.9985141126177995
4,4,0.9983985965518318
4,4,0.9985154124289642
0,0,0.9979532850953146
0,0,0.9979534873185344
0,0,0.9979511843868641
4,4,0.9984142261924527
0,0,0.9979534424252197
4,4,0.9983445197371258
1,1,0.9963728926203685
0,0,0.9979533637949044
4,4,0.9985034316254171
4,4,0.9984495968994782
4,4,0.9985140015686916
0,0,0.9979285788970604
0,0,0.9979532448259744
1,1,0.9963260140348653
0,0,0.9977254044928923
4,4,0.9985183692350846
0,0,0.9975190700332072
0,0,0.9979535381507662
0,0,0.9979535404105925
0,0,0.9979530355413204
0,0,0.9979534427489739
0,0,0.9978929763200504
4,4,0.998513997031791
4,4,0.9985140022044173
4,4,0.9985990701073713
4,4,0.9985140779349687
1,1,0.9963565581289263
0,0,0.9979534430227316
4,4,0.9985139945623979
0,0,0.9979535409851861
4,4,0.9984777549957612
4,4,0.9981091844366966
4,4,0.9985157570416001
4,4,0.9985140796027191
0,0,0.9979730533742202
0,0,0.9979530468682903
0,0,0.9978786610975747
4,4,0.998515353087981
1,1,0.9963733680412226
0,0,0.9979549487115917
1,1,0.9984678228487893
0,0,0.9979549519193274
0,0,0.997928669130517
4,4,0.9978998940688703
4,4,0.998514080041825
4,4,0.9985157582519605
4,4,0.9985140796027155
0,0,0.9979534429545704
0,0,0.9979397575937807
4,4,0.9984581444994859
4,4,0.9985140976681591
4,4,0.99831157584472
4,4,0.9985139937316154
1,1,0.9962592910980117
0,0,0.9979534417625725
4,4,0.9984711010285409
0,0,0.9979535589227816
4,4,0.9985065243446768
4,4,0.998499849439022
4,4,0.9986596870148385
4,4,0.9985153603643987
4,4,0.9985137538506739
4,4,0.9911332108758517
4,4,0.9977249627128646
4,4,0.9982362700531123
1,1,0.9963723333846438
4,4,0.9985140069379496
4,4,0.9985140821235756
0,0,0.9979531341168579
4,4,0.9956477516861529
0,0,0.9979550692651428
4,4,0.9984941879532352
4,4,0.9985141015537694
0,0,0.9979534471056075
4,4,0.9985153532087432
4,4,0.9985147820601917
0,0,0.9979401336559031
4,4,0.9985151070396837
0,0,0.997953446735101
4,4,0.9985157772858922
0,0,0.9979531609470342
4,4,0.9984494482298056
4,4,0.9985205376107892
4,4,0.9985143976904669
4,4,0.9985139935695522
4,4,0.9985140900792232
0,0,0.9979534253172858
2,2,0.9980520152217618
4,4,0.9983219834839915
4,4,0.9985140791745428
4,4,0.998515777638917
4,4,0.9981694784784652
4,4,0.9985137153789854
0,0,0.9979534463295064
4,4,0.9985003579997129
0,0,0.9979452625601924
0,0,0.9979535385559442
1,1,0.996281640654944
4,4,0.9985140796888322
4,4,0.9985140054420204
0,0,0.9979534429545598
4,4,0.9985140007345592
0,0,0.9979511710120648
0,0,0.9979534424252197
0,0,0.9979531860006414
4,4,0.9983964825093735
4,4,0.9985260569230459
0,0,0.9979568754840382
0,0,0.9979547902579586
4,4,0.9985651027243774
4,4,0.9982092471500387
0,0,0.9979534444397201
0,0,0.9979535520835393
4,4,0.9982417342374583
0,0,0.9979531612351024
4,4,0.9983923088154474
0,0,0.9979568897013166
4,4,0.9985141590207562
4,4,0.9985140084274636
4,4,0.9983947814197096
0,0,0.997951117801073
0,0,0.9979278971530945
4,4,0.9981401832150795
0,0,0.9979531466997189
0,0,0.9979533916966056
0,0,0.9979554490404019
4,4,0.9985153971856273
0,0,0.9974979780249611
4,4,0.9985157539861002
4,4,0.9985179336534219
4,4,0.9985139938262049
0,0,0.9979534430227316
4,4,0.9985153577100639
4,4,0.9985197907942462
0,0,0.9979279069704069
4,4,0.998513993649952
0,0,0.9979534464679936
0,0,0.9978919084945386
4,4,0.9982764490435017
1,1,0.9963260821873025
4,4,0.9985013289398669
4,4,0.9984873308418675
4,4,0.9985140790445016
0,0,0.9979543650098619
0,0,0.997953658284897
4,4,0.9985140794913713
4,4,0.9985140053939678
4,4,0.9985139927437111
4,4,0.9985157563691316
0,0,0.9979416531362837
0,0,0.9979509275389836
0,0,0.9979546569267809
0,0,0.9979535562632564
0,0,0.9979546206289615
1,1,0.9963728933605427
0,0,0.9979530670079156
4,4,0.9985154086564492
4,4,0.9985140811303033
4,4,0.9985140173060263
4,4,0.9993266242741876
4,4,0.9985075475337453
0,0,0.9979534427489739
1,1,0.9994384477935104
1,1,0.9962646490103919
0,0,0.9979535565295217
0,0,0.9979532683976903
1,1,0.996294353444115
4,4,0.9985139940322153
4,4,0.9985153983000068
0,0,0.9863288510070826
1,1,0.9963262251692123
0,0,0.9979534459894825
0,0,0.9979535245909787
4,4,0.9985137458808001
4,4,0.9984237205739348
4,4,0.9981777882823824
4,4,0.9985151067864471
4,4,0.998513972976627
4,4,0.9985140848630979
0,0,0.9979427143350821
0,0,0.9979533976464701
1,1,0.9963260131918258
0,0,0.9975575001976589
1,1,0.9963067685337139
0,0,0.9979597744729279
0,0,0.9979534439283164
0,0,0.9979534429545647
4,4,0.9985139925474246
0,0,0.9979535840408678
0,0,0.9979526727235295
4,4,0.9984922144934257
4,4,0.9985199023243194
4,4,0.9985102307548098
4,4,0.9985139949656492
4,4,0.9985140797186356
4,4,0.9985157579064022
4,4,0.998515777638917
4,4,0.9985140777760142
0,0,0.9979531504887593
4,4,0.9985157570416001
0,0,0.9979436062222945
1,1,0.996019133810289
4,4,0.9984082065986861
4,4,0.9985140930477693
4,4,0.9985141710808679
4,4,0.9984981991400567
4,4,0.9985140207274412
1,1,0.9963260293092064
1,1,0.9961583132305621
4,4,0.9985157570416001
0,0,0.9979394562207355
1,1,0.9963749024530008
4,4,0.9985140763213368
4,4,0.9984627189599268
4,4,0.9930004749123418
0,0,0.9979531998988179
4,4,0.9985140852603556
4,4,0.9985157582519516
4,4,0.9985202590181844
0,0,1.0
0,0,0.9979534312158527
4,4,0.9984344679342536
4,4,0.9985153165964699
0,0,0.997928669130517
4,4,0.998515777638917
4,4,0.9985064318648295
0,0,0.9979401424588386
0,0,0.99795344466036
1,1,0.9963262325495454
4,4,0.9984453869743855
4,4,0.9985154239668372
4,4,0.9985132449113039
4,4,0.9981195216284837
2,2,0.9971300152847665
0,0,0.9979537212431739
4,4,0.9985157567225114
4,4,0.9985139923327201
4,4,0.9985140796888322
0,0,0.9979534427334666
4,4,0.9983277268013879
1,1,0.9963259971497036
0,0,0.997952764509667
1,1,0.9958866789603411
0,0,0.9979534459211847
4,4,0.9985140062474616
1,1,0.996325967673847
0,0,0.9979533927422262
0,0,0.9979534427000186
0,0,0.9976910414645763
4,4,0.9985201453016221
4,4,0.9973534911577662
1,1,0.9962912004664536
4,4,0.9985141120708703
4,4,0.9985140119772647
4,4,0.9985139942301089
0,0,0.99795344466036
0,0,0.9979534447283454
4,4,0.9967252409012906
0,0,0.9979531613336499
1,1,0.9963256502111351
0,0,0.9979535387950201
1,1,0.9963467597314407
4,4,0.9826200329427148
0,0,0.9979583215857466
4,4,0.9985138315663683
0,0,0.9979521555611065
1,1,0.9963259833789039
4,4,0.9985097453104393
0,0,0.9979535677279627
0,0,0.9979535390881757
1,1,0.9963463727040962
4,4,0.9982874946807196
4,4,0.9985157563691316
0,0,0.997956027196014
0,0,0.9979531616101581
0,0,0.9979534429545598
4,4,0.9985134672077461
4,4,0.9983867314445586
0,0,0.9979530437350089
0,0,0.9979534414724903
4,4,0.9985140798707383
2,2,0.9980692841663121
4,4,0.9985205128230921
0,0,0.9979426869802411
4,4,0.9985140793652286
0,0,0.9979534434108028
1,1,0.9960810854375425
0,0,0.9979598430799743
4,4,0.998464035864919
0,0,0.99795673150123
4,4,0.99839294819975
0,0,0.9979534459894825
4,4,0.9985140092265539
0,0,0.9978998539962509
0,0,0.9979432058657648
4,4,0.9985148440984893
4,4,0.9985153513522927
2,2,0.9895796623947198
4,4,0.9985287397699268
4,4,0.9959358764016705
0,0,0.9979521204252639
1,1,0.9963260131918258
4,4,0.9985139951280106
0,0,0.9979545128694353
4,4,0.9981071909218995
4,4,0.9977332873463066
4,4,0.998514086013265
4,4,0.9985149488986647
4,4,0.9985007333817028
1,1,0.9969354109243397
4,4,0.9985008526479174
4,4,0.9985140790074428
1,1,0.9963748601848784
4,4,0.9985157543407469
4,4,0.9985154597461462
4,4,0.9985139284407574
4,4,0.99851585230591
4,4,0.9984893242066346
0,0,0.9979606137428221
4,4,0.9985153784950674
4,4,0.9985157555288439
4,4,0.9984499239747703
0,0,0.997955597656443
0,0,0.9979534443159362
4,4,0.9985030830926296
0,0,0.9979533927422262
1,1,0.9963256319594475
0,0,0.9979535372837355
4,4,0.9985141526809389
4,4,0.9982374817269505
0,0,0.9979416496595537
4,4,0.9985140794916088
0,0,0.9970475330324705
1,1,0.9959082719601335
0,0,0.997953282722986
4,4,0.9985070892896772
1,1,0.9963260131918258
1,1,0.9961064160870376
4,4,0.9983961714424814
0,0,0.9979556038900457
1,1,0.9962912040864611
0,0,0.9979534447283454
0,0,0.9979568897013166
4,4,0.9985143432017041
4,4,0.9985039161745274
4,4,0.9985154281748627
4,4,0.9985161182854044
0,0,0.9979529149685269
0,0,0.9979549520322888
0,0,0.9979506256278242
4,4,0.9984553222681537
4,4,0.9985140795951185
4,4,0.9985037308008236
0,0,1.0
4,4,0.9985140012494053
4,4,0.9957144846696796
4,4,0.998514093851977
0,0,0.9979549481138398
4,4,0.9983047918590656
0,0,0.9979600993237472
4,4,0.9982791263778968
4,4,0.9985157579064022
4,4,0.998513251254225
0,0,0.9979278972902521
4,4,0.9985153945345817
4,4,0.9985195951530219
4,4,0.9985139950212609
0,0,0.9972838414050893
0,0,0.9979555968688498
4,4,0.9983316660002826
4,4,0.9985140800678519
4,4,0.9985129359826729
1,1,0.9950657370718973
0,0,0.9979534429545598
4,4,0.9985139959296053
4,4,0.9952061220558439
0,0,0.9979401417259381
0,0,0.9976618747144915
4,4,0.9985194786309223
0,0,0.9979534429545598
4,4,0.998516100255131
4,4,0.998513831141477
0,0,0.9979532772839294
4,4,0.9985141743916162
0,0,0.9979534251466523
4,4,0.9985202064763304
4,4,0.9985141573723205
4,4,0.9985153526765072
4,4,0.9986884875471007
4,4,0.9985204067828799
0,0,0.9979530462067998
0,0,0.9979530986540186
4,4,0.9985139934380522
4,4,0.9985140866575951
1,1,0.9963426622832596
0,0,0.9979534430227422
4,4,0.9985201716027533
4,4,0.9985157555288439
0,0,0.9979535637787723
0,0,0.9979534877259677
4,4,0.9981360877827291
0,0,0.9979580157769881
0,0,0.9979593075834245
0,0,0.9979531466997296
4,4,0.9985139966442239
0,0,0.9979538106011229
0,0,0.9979533637949044
4,4,0.9985139943960716
1,1,0.9963762333697072
0,0,0.9979535372837355
4,4,0.9984728377283242
0,0,0.997953186000634
0,0,0.997952934957815
0,0,0.9979552262668927
4,4,0.9985203275460878
4,4,0.9985157543407381
1,1,0.9957338611839431
4,4,0.9985140799136943
4,4,0.998514083385475
4,4,0.9985157539861002
1,1,0.99625345423724
1,1,0.9963729151626697
0,0,0.9979516856572819
4,4,0.998514113382208
0,0,0.9979535804643479
4,4,0.998514001659118
1,1,0.9962734541878147
1,1,0.996326247752119
1,1,0.9962714726968158
0,0,0.9979533596441216
4,4,0.9985139729336894
1,1,0.9963070488255392
0,0,0.9979542098962184
4,4,0.998513998103101
4,4,0.9985157582519605
4,4,0.998515777638917
0,0,0.9978513256357402
1,1,0.9962997889345955
0,0,0.9979534430227316
0,0,0.9979535644402849
0,0,0.9978171501608823
1,1,0.9959157057737045
4,4,0.9985141612747317
0,0,0.9979537208369446
0,0,0.9979532066165351
4,4,0.9985140107969704
4,4,0.9985188236338393
0,0,0.9979552254817035
0,0,0.997957169488066
4,4,0.9985166543358563
0,0,0.9979583204255599
4,4,0.9985154314079214
4,4,0.9985364057249283
4,4,0.9985140809190428
0,0,0.9979534417625725
4,4,0.9985140070668433
0,0,0.9979510138625465
4,4,0.9982551331325399
0,0,0.9979534427334666
4,4,0.9985139966573496
4,4,0.998515757394625
4,4,0.998514085916107
0,0,0.9979534427334666
4,4,0.9985149988556172
4,4,0.9984608646278271
0,0,0.9979549188265664
4,4,0.9985151032573754
0,0,0.998216308348736
4,4,0.9985156741611584
0,0,0.9972049495005857
0,0,0.997962740119538
4,4,0.9985142415474645
1,1,0.9963944938791883
4,4,0.9985140809139315
4,4,0.9985140751168505
4,4,0.99851481720252
4,4,0.9985064297770818
4,4,0.9985154966085945
4,4,0.998514082082296
0,0,0.9979580298288258
4,4,0.9984292840835916
4,4,0.998036916768858
4,4,0.9985139938261995
4,4,0.9985140776765444
4,4,0.9999999999999929
1,1,0.9963728950005215
1,1,0.9963067719014633
0,0,0.9979531571295897
0,0,0.9979567322808977
0,0,0.997615743792364
4,4,0.9984235763900113
1,1,0.9963258693871075
4,4,0.9985136544465885
0,0,0.9979535373953508
0,0,0.997953583635462
4,4,0.9985019330964948
4,4,0.998514084811186
4,4,0.9985139939846379
4,4,0.9984497768458207
1,1,0.9963224102290431
4,4,0.9985139731314578
4,4,0.99684881213128
0,0,0.9979364755038428
4,4,0.9985157570416001
4,4,0.9985140010666047
0,0,0.9978878426898922
0,0,0.9979529495880245
4,4,0.9985136318436021
4,4,0.998515670598364
0,0,0.9979540677602888
1,1,0.9963262317104136
0,0,0.996962573779771
4,4,0.998513887822357
4,4,0.9960934390267686
1,1,0.9964090224700664
4,4,0.998514079562735
1,1,0.9963728924692633
4,4,0.9983824646599077
4,4,0.9985142428313816
1,1,0.9963070488255392
4,4,0.9985138373665434
0,0,0.9979537205830729
1,1,0.9962365849604312
0,0,0.9979538323488083
4,4,0.9985155183894098
2,2,0.9977862807769903
4,4,0.9985154023065306
4,4,0.9982639525233831
4,4,0.9985140779349504
0,0,0.9979404027718509
4,4,0.998507545326596
0,0,0.9979529071678415
0,0,0.9979534430227316
4,4,0.9980956693943348
4,4,0.9985157570416001
1,1,0.9955677017783713
4,4,0.9985507275872708
1,1,0.996374987840481
4,4,0.9837029355975353
4,4,0.9981746911987677
4,4,0.9985169214055605
0,0,0.9979530514905095
0,0,0.9979552858238242
4,4,0.9985139930286424
4,4,0.9985450127371066
4,4,0.9985134974615202
4,4,0.9985140906542366
0,0,0.9979021133839805
4,4,0.9985099088272497
0,0,0.9979535637787723
0,0,0.997954918826577
4,4,0.9985139152593119
4,4,0.9983498627019544
0,0,0.9979538323601548
4,4,0.9983548474747704
1,1,0.9963284089399869
4,4,0.998245539099052
0,0,0.9979530468682903
4,4,0.9985141636027227
4,4,0.9985003602611089
4,4,0.9984297307169963
4,4,0.9985139943768049
4,4,0.9985140116773412
0,0,0.9979534429545598
0,0,0.9979531860006414
0,0,0.9979531598233243
0,0,0.9979537255137775
0,0,0.997954620637628
4,4,0.9985140007949761
4,4,0.9985140789360119
4,4,0.9972925812947206
0,0,0.9979568758441385
1,1,0.9950034980018971
4,4,0.9984483025609237
4,4,0.9971796719917619
4,4,0.9985140796262655
0,0,0.9979025670957756
0,0,0.9979534422923627
0,0,0.9979534883874484
4,4,0.9985140040471362
4,4,0.9983946142244947
2,2,0.9982467221712927
0,0,0.9979537205830729
0,0,0.9979531606285673
0,0,0.9979534431563968
0,0,0.9979278971530945
0,0,0.9979519466581415
0,0,0.9979531327339389
0,0,0.9979551024512355
4,4,0.9980288350045247
0,0,0.9979540420342145
0,0,0.9979534459212254
4,4,0.9981442083759539
4,4,0.998515183506293
0,0,0.9976538765178158
0,0,0.9979534429545598
0,0,0.995048437140609
1,1,0.9963729130485057
4,4,0.998364313076629
4,4,0.9985140896164488
0,0,0.9979537252614086
1,1,0.9963106957415163
4,4,0.9985154253102144
4,4,0.998393152499882
0,0,0.9979552253110645
0,0,0.997953150126621
4,4,0.998253020099042
0,0,0.9979534421704989
4,4,0.9966808083590353
4,4,0.9979674229967179
0,0,0.9978927347864636
4,4,0.9985140849427538
0,0,0.9979409125880071
0,0,0.9979535637787826
4,4,0.9985151078905171
0,0,0.9979531998988179
4,4,0.9984821621355233
4,4,0.998232009652833
0,0,0.9979537547280248
4,4,0.9977672802517485
4,4,0.9985140068936251
1,1,0.9963082923698535
4,4,0.9985003582322048
0,0,0.9979534436393797
1,1,0.9963728900353981
4,4,0.9979638243098389
0,0,0.9979534427334666
4,4,0.9985139844133091
4,4,0.9985140799366878
4,4,0.9984495954572812
4,4,0.9985025859275479
4,4,0.9985155005054785
4,4,0.9987154658306701
0,0,0.9979530468682903
0,0,0.9979531518314146
0,0,0.99795319228834
0,0,0.9979535381507662
0,0,0.9979531612351055
0,0,0.9979397291328105
0,0,0.9979535797409577
1,1,0.9705267057444306
4,4,0.9988729266322024
4,4,0.9984926439006029
4,4,0.9985157788216183
0,0,0.9979534427489739
0,0,0.9979533613620848
1,1,0.9963260131918258
4,4,0.9984035093560355
4,4,0.9985139939853798
0,0,0.9979534424252197
0,0,0.997953557034654
4,4,0.9985138879528239
4,4,0.998426572348838
2,2,0.9984066839743345
4,4,0.9985154887482298
0,0,0.9979534434108028
4,4,0.9985153533177632
0,0,0.9979535804643479
4,4,0.9985126939516099
0,0,0.9980002950963667
4,4,0.9985140777159807
0,0,0.9979583215857831
0,0,0.9979537201765062
0,0,0.997954918292579
4,4,0.9985157539861002
4,4,0.9985235197620257
0,0,0.9979537255137775
0,0,0.9979535804643479
4,4,0.9984279766182621
4,4,0.9985042821500881
0,0,0.9979532739593366
0,0,0.9924134292757508
4,4,0.9985267730864086
0,0,0.9979534455699559
4,4,0.9985180544485643
4,4,0.9985140974172828
4,4,0.9985139955070891
0,0,0.9979534429545598
4,4,0.9983221505460668
4,4,0.9985151786609098
0,0,0.9979534431563968
0,0,0.9979530678693669
4,4,0.9985102864670272
0,0,0.9979534429545598
4,4,0.9985151764108511
1,1,0.9963729151626697
4,4,0.9985141024981137
1,1,0.9962872328403689
0,0,0.9979549006342311
4,4,0.9985152957435051
4,4,0.9984494247324643
4,4,0.9985139946836894
0,0,0.9979534422923627
0,0,0.9979627396924946
0,0,0.9979546370938077
1,1,0.9963267879933022
0,0,0.997953581369288
1,1,0.9963260821873025
4,4,0.9985157543407469
1,1,0.9962579451076854
4,4,0.9985137563164191
2,2,0.6987599648100834
0,0,0.997950518122436
4,4,0.9985156726251249
4,4,0.9984493074504833
4,4,0.9985084346065227
4,4,0.9984318994791592
4,4,0.998449597660669
0,0,0.9978826959310949
0,0,0.9979538307101639
4,4,0.9985151817554296
4,4,0.9985140872635065
4,4,0.9982288086594862
0,0,0.997953206627984
4,4,0.9985140961586819
4,4,0.9984888549691178
0,0,0.997956027196014
0,0,0.9979563749563727
4,4,0.9985141810830788
4,4,0.9985157772858922
4,4,0.9985169176654112
4,4,0.9985140778876479
4,4,0.9985156110312023
4,4,0.9985140793652286
0,0,0.9979735444541415
0,0,0.9979549246904954
4,4,0.9976654935285574
4,4,0.9985140794916088
4,4,0.9985140030561251
4,4,0.998516094694736
0,0,0.9979552254817035
4,4,0.9985201373678676
0,0,0.9979555980355284
4,4,0.9985153784950674
0,0,0.9979531612351159
4,4,0.9985139930738772
1,1,0.9962076225904367
4,4,0.9985156561205369
0,0,0.9978651421357789
0,0,0.9979531618881662
4,4,0.9985157241140746
4,4,0.9985442536209228
4,4,0.9985199183354663
4,4,0.9985139945894124
0,0,0.9979534424252353
4,4,0.9985109962794314
4,4,0.9982596138937792
1,1,0.9961232109220741
4,4,0.9985069009415811
0,0,0.9979535804643479
0,0,0.9979555968688345
4,4,0.9985140801721908
4,4,0.9972695600474643
4,4,0.9985157567225114
4,4,0.9985127291013765
0,0,0.9979599946672314
1,1,0.9963066058971352
4,4,0.998514001118326
4,4,0.9985140794913624
0,0,0.9979552412413999
0,0,0.9979530678693669
0,0,0.997956284365188
0,0,0.9977276753574055
1,1,0.9963256502111351
1,1,0.9105759149286919
0,0,0.9979535589227816
0,0,0.9979534484538923
4,4,0.9999999999999907
4,4,0.9985153578951288
4,4,0.9985066896369994
0,0,0.9979543583705772
4,4,0.9984339746183665
1,1,0.9962981935291488
4,4,0.9985139940082433
0,0,0.9979511628009096
4,4,0.998514084257732
0,0,0.997928669130517
0,0,0.9979567311165449
0,0,0.9979531612351024
4,4,0.9985025043426322
0,0,0.9979532966057406
4,4,0.9985140197098019
1,1,0.9963259983891478
4,4,0.9985140778087759
4,4,0.9985139954263968
4,4,0.9985141701506823
1,1,0.9963259827420804
4,4,0.9985157539861002
4,4,0.9985217488216165
4,4,0.9980785182109956
2,2,0.990896068766228
0,0,0.9979531620269939
4,4,0.9985140116610118
4,4,0.9985196471123362
4,4,0.9985157570416001
4,4,0.9985140872635065
4,4,0.997673153342995
0,0,0.9979608682341307
0,0,0.9978643260918263
4,4,0.9985140794913624
4,4,0.9985140778836933
0,0,0.9967920363330947
0,0,0.9979571627333403
0,0,0.997955597656443
1,1,0.9920467559778591
4,4,0.9985140797183956
4,4,0.998516091574963
4,4,0.9985140016477676
0,0,0.9979534433618881
0,0,0.9979535376890517
0,0,0.9979534434107924
0,0,0.997909462892879
4,4,0.998515753986109
4,4,0.9985157772858922
0,0,0.9979545135511318
4,4,0.9985054595518772
4,4,0.9985132872305018
4,4,0.9985154188355164
4,4,0.9984434201457129
4,4,0.9985139191019857
4,4,0.9985188513288982
0,0,0.9979549487115763
4,4,0.9985194477750211
0,0,0.9979549349028546
4,4,0.998817097296811
4,4,0.9985140799106613
4,4,0.998514079549994
4,4,0.9984015317587205
4,4,0.9985166461576728
4,4,0.9975223539664712
4,4,0.9985157788216183
0,0,0.9979530464612271
4,4,0.9985140776498157
4,4,0.9983728042362157
2,2,0.9920281557678424
0,0,0.9979519340168475
0,0,0.9979560271957364
0,0,0.9979534427334773
4,4,0.9985140961586879
4,4,0.9984008269374582
0,0,0.9979278972902521
1,1,0.9963256358213486
4,4,0.9983902518509393
0,0,0.9979534424252197
0,0,0.9979535520835393
4,4,0.9985140985761899
1,1,0.9962702784423362
4,4,0.9977609496837829
0,0,0.9979531998988179
4,4,0.9985139928306112
4,4,0.998350590617339
1,1,0.9963728900353981
4,4,0.9985150076495709
1,1,0.9963259778256911
1,1,0.989156518756715
4,4,0.9983468904912938
4,4,0.9985153284622804
4,4,0.9984935309305237
4,4,0.9921442209168355
4,4,0.9985150960694151
4,4,0.9985140790445016
4,4,0.9985140007949761
4,4,0.9985079755597914
4,4,0.9985065498926075
1,1,0.9963728950005215
4,4,0.9993266242741876
0,0,0.9979516781960014
0,0,0.997866852542248
0,0,0.9979535644402634
4,4,0.9985153720857228
0,0,0.9979534253172752
0,0,0.9979509075759783
0,0,0.997953538718601
1,1,0.9984678228487893
0,0,0.997953066479678
4,4,0.9979328719183705
4,4,0.9985139954735652
0,0,0.9979531612351055
4,4,0.998514084043544
4,4,0.9985140103925455
0,0,0.9979612005813668
0,0,0.9979532601431306
4,4,0.9985149988556172
0,0,0.9979600993237472
4,4,0.9985140017052487
0,0,0.9979530179465882
4,4,0.9985140083912146
4,4,0.9985140778475634
1,1,0.9963188113364362
0,0,0.9979531616215683
0,0,0.9979516860220315
4,4,0.9993681335986442
0,0,0.997962740119538
4,4,0.9985140862111214
4,4,0.9986596870148385
4,4,0.9985151802158464
4,4,0.9983451519250879
4,4,0.9981564126349562
0,0,0.997953579740947
4,4,0.9952867831513967
0,0,0.9979534421705095
0,0,0.9979527358597523
4,4,0.9985157563691316
4,4,0.9981827527743248
4,4,0.9985140771232773
0,0,0.9979531856266507
1,1,0.9961146760996872
4,4,0.9985140199658039
0,0,0.9979535804643479
4,4,0.9985140079610032
0,0,0.9979511335311255
0,0,0.9979534427000186
2,2,0.9931800777962306
4,4,0.9984495246828119
4,4,0.9985140772636416
4,4,0.9985140776498157
0,0,0.9979550752535938
4,4,0.9985139933123292
4,4,0.9993089549149531
4,4,0.9985157579064022
4,4,0.998516100255131
4,4,0.9985138881198725
4,4,0.9985140868794338
4,4,0.9985140807979777
0,0,0.9979534427334666
4,4,0.9985141769697016
4,4,0.9984948934382697
0,0,0.9979561325870261
0,0,0.9979535833206812
4,4,0.9985139945081151
0,0,0.9979537216500619
4,4,0.9985154526336599
0,0,0.997953568016
1,1,0.9963729151626697
0,0,0.9979534415822074
4,4,0.9985159412718017
4,4,0.9985153117370293
0,0,0.9979599923044243
0,0,0.9979535387950201
4,4,0.9985140819502253
4,4,0.9984954272322752
0,0,0.9979549486433609
1,1,0.9963270954494999
4,4,0.9985140850329772
1,1,0.9963260131918258
4,4,0.998520298991179
4,4,0.9985140778424191
0,0,0.997953445910635
0,0,0.9979530462067998
1,1,0.9963260234181587
0,0,0.9979580357315712
0,0,0.9979534430227316
1,1,0.9962629629043773
0,0,0.997953161235113
4,4,0.9985156748315425
4,4,0.9983595314732587
4,4,0.998163463452395
0,0,0.9979541596512045
4,4,0.9985157163127294
4,4,0.9975615665241876
4,4,0.9985138310464341
1,1,0.9960076391003206
0,0,0.9979560279574688
0,0,0.9979531616407215
4,4,0.9985139948119155
4,4,0.9985077156083695
0,0,0.997953390985548
0,0,0.9979535836750957
4,4,0.9984947342895791
4,4,0.998489330841753
4,4,0.9985003620952414
4,4,0.9985154508078596
4,4,0.9969404326897677
0,0,0.9979583204255751
0,0,0.9979534427489739
4,4,0.9985157539861002
0,0,0.997953444132122
0,0,0.9979547560719711
4,4,0.9985183375934162
0,0,0.9979534421704989
4,4,0.9984802950612301
0,0,0.9979689133670439
0,0,0.9979534464679936
0,0,0.9979534433619097
4,4,0.9985157582519516
4,4,0.9980006647311875
0,0,0.9979531606285673
4,4,0.9985070904433206
0,0,0.9979549186569461
1,1,0.9963082923698535
4,4,0.9980179408521196
0,0,0.9979546206262262
4,4,0.9983878543139959
0,0,0.9979534421704989
0,0,0.9979436045313115
0,0,0.9979534910163854
1,1,0.995854580734466
0,0,0.9979534444396987
4,4,0.9982161251310642
0,0,0.9979534460410828
4,4,0.9985194892025956
4,4,0.9985075451430548
0,0,0.9979549486433609
0,0,0.9979534874367405
4,4,0.9985176360189816
4,4,0.9984494329953614
0,0,0.9979580107290507
4,4,0.9985139940028034
0,0,0.9979404139053839
1,1,0.9948181135102416
1,1,0.9960099583267421
4,4,0.9985073983115293
4,4,0.9985157543407469
4,4,0.9985177467758571
4,4,0.9985184641930342
4,4,0.9985157570416001
4,4,0.998513994164115
0,0,0.9979535800969271
4,4,0.9977674237681301
4,4,0.9985140844732819
4,4,0.9985151019010611
4,4,0.9985140811303033
4,4,0.9983897806828855
4,4,0.9980820712763597
4,4,0.9985139964141562
4,4,0.9976715755802376
4,4,0.9985075475337453
0,0,0.997958320927099
4,4,0.9985141050663643
4,4,0.9984493048046003
0,0,0.9979532772839294
0,0,0.9979384411198596
0,0,0.997953538718601
4,4,0.9981739125630423
0,0,0.9979565669773618
4,4,0.9985139958575742
0,0,0.9979534429545598
0,0,0.9979537255137878
0,0,0.9979400556396871
1,1,0.9963259965428791
4,4,0.9985157539861002
1,1,0.9963500820633376
0,0,0.9978939118575202
0,0,0.9979537255137878
0,0,0.9972124686963567
4,4,0.998320862269357
0,0,0.9979534424252197
4,4,0.9984672884054211
0,0,0.9979535640331784
4,4,0.9985157788216183
4,4,0.9983299329627587
1,1,0.9962582031356051
0,0,0.997909719251611
0,0,0.9979534430227316
0,0,0.9979521996665587
0,0,0.9976670995840806
0,0,0.9979598182171749
0,0,0.9979538360471791
4,4,0.9985139960522071
4,4,0.9980022789141102
0,0,0.9979534426649106
4,4,0.9985155516145507
0,0,0.9979560279574688
4,4,0.9985341589919877
1,1,0.996372831393279
4,4,0.9985135710620947
0,0,0.9979534467562625
4,4,0.996406404838967
4,4,0.9985140795627256
4,4,0.9985151754331131
0,0,0.9981081886990718
4,4,0.9985138567774811
4,4,0.998475834509578
4,4,0.9985139946627947
0,0,0.9979401458480641
0,0,0.9979534356667067
0,0,0.9979470777788602
4,4,0.9985157579064022
0,0,0.9979571350353189
0,0,0.9977040616302338
4,4,0.9981120868778084
4,4,0.9985143649906209
4,4,0.9985140802108498
4,4,0.9985146855697699
0,0,0.9979533643302523
0,0,0.9979547427455282
0,0,0.9979549186569565
4,4,0.9985140800678424
4,4,0.9981338525110695
4,4,0.9985140907503887
4,4,0.9982527346170125
0,0,0.9979583204255599
4,4,0.9985157772858922
0,0,0.9979535640331679
4,4,0.9985137436936272
4,4,0.9985140031927721
4,4,0.9985139949881514
0,0,0.9979537216500619
4,4,0.998513993649952
0,0,0.9979534430227316
4,4,0.9985140777159807
0,0,0.9979539702233655
0,0,0.9979730158675818
0,0,0.9979534421705095
4,4,0.9985137523066824
0,0,0.9979565653479248
4,4,0.9985019315522334
0,0,0.9979534446603192
4,4,0.99851403003205
4,4,0.9985147920436259
4,4,0.9984941574229371
0,0,0.9979534444396987
0,0,0.9979530468682903
4,4,0.9984115081106631
4,4,0.9985139413115091
0,0,0.9979545878582111
1,1,0.9963262170824431
4,4,0.9986463431409931
4,4,0.9983122327071047
4,4,0.9985140917602928
4,4,0.9985140864216804
0,0,0.9979546370938077
1,1,0.9963738824024105
4,4,0.9982031463975549
0,0,0.9979537252614086
4,4,0.9982923554896007
0,0,0.9978947893417928
0,0,0.9979529688849456
4,4,0.9983375731851111
4,4,0.9985154893875976
0,0,0.9979546365642549
0,0,0.9979549013963744
0,0,0.9979585020593679
4,4,0.9983479580512464
0,0,0.9979535637787723
0,0,0.9979571714332335
4,4,0.9985139945532606
0,0,0.9978884216100907
1,1,0.9961901365126228
0,0,0.9979534427000291
4,4,0.9766068472265574
4,4,0.9982585598853736
4,4,0.998515413953014
0,0,0.99795489793439
4,4,0.9985140761684589
1,1,0.9963258592414282
4,4,0.9985153793923344
4,4,0.9984053237027789
0,0,0.9979535796231002
0,0,0.9979534459894825
0,0,0.9979401345950997
0,0,0.9979555968688498
0,0,0.9979534434108028
4,4,0.9985074886643535
4,4,0.998514077847573
0,0,0.9979534435285519
0,0,0.9979426836384416
0,0,0.9979534429545704
4,4,0.9985138879629737
0,0,0.9979534446603405
4,4,0.9984888549691178
1,1,0.9962476386935499
1,1,0.9962319026790475
4,4,0.998515435887152
4,4,0.9985153569466269
4,4,0.9910805828256298
4,4,0.9984848831382567
4,4,0.9984493116100591
4,4,0.998514976786321
0,0,0.9979599923044243
4,4,0.9985195845564917
4,4,0.9982955307127728
4,4,0.9977674237681301
1,1,0.9961134083260204
0,0,0.9979548970725994
4,4,0.9984959230448202
1,1,0.9963272088704324
0,0,0.9979574077590914
0,0,0.9979534429545704
0,0,0.997953446735101
4,4,0.9985140794913624
1,1,0.9963260821873025
0,0,0.9979534430227316
4,4,0.9985071013175372
1,1,0.9963135291660673
0,0,0.9979599883125468
4,4,0.9985142124960452
1,1,0.9963259983891478
0,0,0.9979534426649211
0,0,0.9979531922883081
4,4,0.9985140799157837
0,0,0.9979535387950201
0,0,0.997953467892011
4,4,0.9985140031329183
4,4,0.9985259894536651
4,4,0.9985075265979069
0,0,0.9979534426649106
4,4,0.9985140887558532
4,4,0.9985157555288439
0,0,0.9979278972902521
4,4,0.9985157579063934
1,1,0.9962912004664536
4,4,0.9914812908416225
0,0,0.9978870491485948
0,0,0.997953282734434
0,0,0.9979530468683118
4,4,0.9971569945257308
4,4,0.9985157543407381
4,4,0.998515670598364
4,4,0.9985188513288982
0,0,0.9979546365642655
4,4,0.9985140862694842
0,0,0.9979531498722151
4,4,0.9984833883089054
4,4,0.9985020788782499
0,0,0.9979534427489739
4,4,0.9984082389355472
4,4,0.9985157279721285
4,4,0.9985048936455794
0,0,0.9979537205830729
0,0,0.9842513039692772
4,4,0.9977357843059658
1,1,0.9962507837969434
1,1,0.9963733680412226
4,4,0.9985140904920927
0,0,0.9979533596441216
4,4,0.9985154665067149
0,0,0.9979552301600378
4,4,0.9985154518341007
0,0,0.9979534427334666
4,4,0.9985140869655507
4,4,0.998515671857072
4,4,0.9985140021982414
4,4,0.998515777638917
0,0,0.9979554961406085
4,4,0.9985140100843127
4,4,0.9985157772858922
4,4,0.9985055231385989
4,4,0.9980071331677046
4,4,0.9985140017844025
0,0,0.9979535842674804
4,4,0.9970724612510953
4,4,0.9979617180596096
0,0,0.9979149246536213
4,4,0.9978712810497445
4,4,0.9985162802378965
0,0,0.997953348900501
4,4,0.9985070557699571
0,0,0.9979549490997619
1,1,0.9963256892398107
4,4,0.9967719500048466
0,0,0.9979549246904851
0,0,0.9979599583565572
0,0,0.9979520241863258
1,1,0.9965856912524846
0,0,0.9979538360471791
4,4,0.9985217320634099
0,0,0.9979508570678842
4,4,0.9985138401954418
2,2,0.9925948339753644
4,4,0.9984937434715427
4,4,0.9986644351022277
4,4,0.9987227883024876
4,4,0.9985140016991668
4,4,0.9982115542600807
1,1,0.9963738824024105
0,0,0.9979534426649106
4,4,0.9985198273552209
1,1,0.9963416623157417
4,4,0.9984763649353741
4,4,0.9985157555288439
0,0,0.9979682829766424
4,4,0.9985139966372826
4,4,0.9985151615003859
4,4,0.9983239222590559
0,0,0.9979451310442872
0,0,0.9979534559041002
0,0,0.9978660931095711
4,4,0.9985157772858922
4,4,0.9985151129937286
0,0,0.9979534431563968
4,4,0.998493834714067
4,4,0.998295818695674
4,4,0.9984033094264756
0,0,0.9979531472292383
0,0,0.9979532630809765
0,0,0.9979508526632248
0,0,0.9979534432669275
0,0,0.9979744212614831
0,0,0.997953109533254
4,4,0.9985149711926166
0,0,0.9979516856572848
4,4,0.9985140768754163
1,1,0.9962913609989935
1,1,0.9962359935975238
4,4,0.9985140985761899
4,4,0.9985156938940816
0,0,0.9979534429545598
0,0,0.9979534462294665
4,4,0.9982653269241687
0,0,0.9979534429545598
0,0,0.9979535520835393
4,4,0.9985135575575033
4,4,0.9985084558486051
1,1,0.9962660662444937
0,0,0.9979535379216767
0,0,0.997954344810283
0,0,0.9979535806920139
0,0,0.9979539635296135
0,0,0.9979554278509858
4,4,0.9985011174302609
0,0,0.9979534429545647
0,0,0.9979534430227316
0,0,0.9979531472292488
4,4,0.9985154905411786
0,0,0.9979536590820554
0,0,0.9979522002019053
0,0,0.9978610877326315
0,0,0.9979541165817906
4,4,0.9985157563691316
4,4,0.9985140116797941
4,4,0.9984982088954623
0,0,0.9979532989976476
4,4,0.9981849210240571
0,0,0.9979209323048572
4,4,0.9982039745542877
0,0,0.9979534434108028
0,0,0.9979537263221251
0,0,0.997954093364503
4,4,0.9994614515917688
0,0,0.9979642818371888
4,4,0.9969428252401725
0,0,0.997953032184662
4,4,0.998515866953059
4,4,0.9985157788216183
4,4,0.9979847717158888
0,0,0.9979554158109813
0,0,0.9979535804643479
4,4,0.9985140945879588
4,4,0.9985139367049988
4,4,0.9985153648060493
4,4,0.998514206865166
4,4,0.99835503569634
0,0,0.997957169488066
4,4,0.9985139961598588
0,0,0.9979598314615802
0,0,0.9979530420052084
1,1,0.996207350443347
1,1,0.9963259965428791
0,0,0.997953568016
1,1,0.9962388057554834
4,4,0.9982749661324093
4,4,0.9985141337692115
0,0,0.9979534913046618
4,4,0.9985079089732894
0,0,0.9979535574757217
4,4,0.9984620065661108
4,4,0.9985140069262792
0,0,0.9979532542443394
4,4,0.9968965426500409
1,1,0.9963728933605427
4,4,0.9986596870148385
4,4,0.9983857241700618
4,4,0.9985140072391129
0,0,0.997918742521881
4,4,0.9985157815323394
0,0,0.9979546210172439
4,4,0.9985140780243233
4,4,0.9985138481439161
0,0,0.9979070002315129
4,4,0.9984884026098404
4,4,0.9983049822097153
4,4,0.9985140768777169
0,0,0.9979583204255751
4,4,0.9985140047803931
4,4,0.9985140778475634
0,0,0.997953442425209
0,0,0.9979549502736261
4,4,0.9985157543407381
4,4,0.998515670598364
0,0,0.9979534438178878
1,1,0.9963738824024105
4,4,0.9985139947288627
4,4,0.9985133075084888
1,1,0.9963729156007373
0,0,0.9979535516225528
1,1,0.9963729156007373
0,0,0.9979530089921252
4,4,0.9985140821235756
1,1,0.9963728901869653
0,0,0.997954344012889
0,0,0.9979541875627128
0,0,0.9979372370832442
4,4,0.9985140175851372
0,0,0.9979530514904816
0,0,0.9979532772924226
0,0,0.9979530501559862
0,0,0.9979435580282782
4,4,0.9985141244825819
4,4,0.9985139945522644
4,4,0.9985140999057052
0,0,0.9979568754727525
1,1,0.9962872353533898
0,0,0.9979534422923627
4,4,0.9984768968581693
1,1,0.9963728900354661
4,4,0.9982963389204184
4,4,0.9985139941957941
4,4,0.997486786334248
4,4,0.9985140771040691
0,0,0.9979550858891099
4,4,0.9985203343188997
4,4,0.9985140800678519
1,1,0.99630847348101
0,0,0.9979534484538923
4,4,0.9984173541084882
4,4,0.9985140836857878
4,4,0.9985153094784803
4,4,0.9984729422450549
0,0,0.997953488098493
0,0,0.9979600993237472
4,4,0.9985157567225025
4,4,0.9985116811706364
0,0,0.9979209315178723
0,0,0.9979531466997296
0,0,0.9979599883125468
0,0,0.9979531617392197
4,4,0.9985140797186417
1,1,0.9963728973045282
4,4,0.9985152575834758
0,0,0.9979531498722255
4,4,0.9984708909732749
0,0,0.997866117820012
4,4,0.9985135482911331
4,4,0.9985157539861002
0,0,0.9979548104059023
1,1,0.9963241451970497
4,4,0.9985056195338274
0,0,0.9979531616407223
4,4,0.9984832518567389
0,0,0.9979534424592501
4,4,0.9985157570416001
0,0,0.9979531603402788
0,0,0.9979531498722151
4,4,0.9984876299957326
0,0,0.9979599337777765
4,4,0.9968983348012844
1,1,0.9923705970446872
1,1,0.9959799549496312
4,4,0.9985156717855137
0,0,0.9979534778117973
4,4,0.9985160149425685
0,0,0.9979511501899013
0,0,0.9979535387273067
0,0,0.9979647553424699
0,0,0.9979278971530945
4,4,0.9985140058050125
4,4,0.9941212410282846
4,4,0.9985139952480676
0,0,0.9979538176313134
4,4,0.9985341589919877
0,0,0.9979549486433505
4,4,0.9985140036787269
4,4,0.9985137512004424
4,4,0.9985140778876479
0,0,0.9979532989976454
0,0,0.9961997507153316
4,4,0.9985151886311834
4,4,0.9985153139875438
0,0,0.9978903593436665
4,4,0.9978210446616153
4,4,0.9985062637375226
4,4,0.9982929906250473
4,4,0.9985075475337453
4,4,0.9985157582519605
0,0,0.9979538323487985
0,0,0.9979534459212254
0,0,0.9979534427334666
4,4,0.9984764536670107
4,4,0.9985157543407469
0,0,0.9979548970493146
1,1,0.996323111273451
4,4,0.9985141618150033
1,1,0.9963260260360948
4,4,0.9985442536209228
4,4,0.9985145367616023
0,0,0.9979549486433609
0,0,0.9979279053122964
0,0,0.99795716273333
0,0,0.9979535380813009
4,4,0.9985057697112666
4,4,0.9985157585773263
4,4,0.9981073680031776
4,4,0.9985140830946033
4,4,0.9985140868658036
4,4,0.9985153798153731
0,0,0.9979534421705095
0,0,0.9979409630190726
0,0,0.9979534877259573
4,4,0.9985140794314736
0,0,0.9979604301898748
4,4,0.9985140796888318
4,4,0.9985153702475834
1,1,0.9963260131918258
0,0,0.9979531860006414
1,1,0.9963259968210503
4,4,0.9985037388908397
4,4,0.9985140791336429
0,0,0.9979534430227316
4,4,0.9983527371874149
0,0,0.9979535804643479
4,4,0.9982584174375105
0,0,0.9979546206289615
2,2,0.9722027839120094
0,0,0.9979534433619097
0,0,0.9979531609470342
0,0,0.9979535800305335
4,4,0.9985140101822125
0,0,0.9979534422923627
4,4,0.9983999864117242
0,0,0.9979534460410828
0,0,0.9979548978381783
4,4,0.998514006734675
4,4,0.998513888334523
4,4,0.9985193542506565
4,4,0.9985140058659684
4,4,0.9985140131719679
4,4,0.9985197053896777
4,4,0.9985253492007228
4,4,0.998127787112886
4,4,0.9985153553118941
1,1,0.9963728950005215
0,0,0.9979532745404726
0,0,0.9979531498722151
4,4,0.9985147602018989
2,4,0.5735516386622826
4,4,0.9985140788100263
4,4,0.9985154319470029
0,0,0.997885730911536
4,4,0.9985084591836005
0,0,0.997957169488066
4,4,0.9985140823464492
4,4,0.998418122519524
1,1,0.9963260131918258
0,0,0.9979535372837355
0,0,0.9979567311165449
0,0,0.9979523395845582
4,4,0.998513993643977
4,4,0.9985140793644416
4,4,0.9985140801721908
4,4,0.9985140796888318
0,0,0.9979534426649106
4,4,0.9985264724933893
0,0,0.9970796100966076
4,4,0.9985138239906157
0,0,0.9856059975255321
0,0,0.9979537547280248
1,1,0.9963733669169466
1,1,0.9955244271919398
1,1,0.9963728929176088
0,0,0.9979531324453509
4,4,0.9985157563691316
4,4,0.9985069917268956
4,4,0.9985143355778769
0,0,0.997953583635462
4,4,0.9985154526450071
0,0,0.9979409634555464
0,0,0.9979583200633143
0,0,0.9979568893387424
4,4,0.9985153806973407
4,4,0.9983194497398706
4,4,0.9985157788216183
4,4,0.9969445121316446
4,4,0.9979313131395002
1,1,0.9962263344401011
0,0,0.9979528698283274
1,1,0.9963260140348653
4,4,0.9983234201560349
0,0,0.9979535405507443
0,0,0.9979535838622222
0,0,0.9979556908023678
1,1,0.9963260131918258
4,4,0.9979154412474414
4,4,0.9985141800441079
0,0,0.9979531616407215
4,4,0.9985139939576213
4,4,0.9985140792435212
0,0,0.9972521505194089
0,0,0.9979535833206812
0,0,0.9979535637787723
4,4,0.9985139756988968
1,1,0.9963121622596709
0,0,0.997954918826577
4,4,0.9985139934380522
0,0,0.9978910355173918
0,0,0.9979534253172752
4,4,0.9983380041876352
0,0,0.9979533926002124
0,0,0.9979535806920139
4,4,0.9985157772858922
4,4,0.9984210057342096
0,0,0.9978805274393071
4,4,0.9985140047731954
0,0,0.9979532989976447
0,0,0.9979687144643228
4,4,0.9984441372792101
1,1,0.9349193648147559
4,4,0.9985142573575414
0,0,0.9979534426649106
1,1,0.99118129158422
0,0,0.9979535637787723
4,4,0.9985157772858922
0,0,0.9979531612351024
0,0,0.99795507142369
0,0,0.9979535634895554
4,4,0.9966353841010059
4,4,0.999999999999994
4,4,0.9985139976816386
1,1,0.9963082923698535
4,4,0.9985140921321809
4,4,0.9985139505291437
4,4,0.9985139726737942
4,4,0.9985154440495995
0,0,0.9979534411305544
0,0,0.9979531348218863
4,4,0.9985065208323034
4,4,0.9985076850771119
0,0,0.9979571698860955
0,0,0.9979534883874484
0,0,0.9979535800305229
4,4,0.9985153945345817
4,4,0.9985139844133091
4,4,0.9985139954123637
4,4,0.998514079910656
4,4,0.9983094124159632
4,4,0.9985140777659042
0,0,0.9979531498722151
4,4,0.9985142078716509
0,0,0.9979397421644564
4,4,0.9983331470581751
4,4,0.998515440517823
4,4,0.9983926803689803
0,0,0.9979531859892715
0,0,0.9979531603403129
4,4,0.9985154763035444
1,1,0.9961787347704445
4,4,0.9985139963795364
0,0,0.997953244574809
4,4,0.998515777638917
4,4,0.9943955487965278
4,4,0.9985139969170116
0,0,0.9954367138403457
4,4,0.9985184819225154
4,4,0.9985140864601348
0,0,0.9979599923044243
4,4,0.9985138275737141
0,0,0.9979534427000291
0,0,0.9979541001603079
0,0,0.9979532739593366
4,4,0.9985202647761068
4,4,0.9985137342084803
4,4,0.998515777638917
4,4,0.9985140916375339
4,4,0.998515777638917
4,4,0.9985138270977393
4,4,0.9985140793652605
4,4,0.9985154400854733
4,4,0.9985139944064623
2,2,0.9981592471610718
4,4,0.9985140083912146
1,1,0.9963733011483173
4,4,0.994570088286574
0,0,0.9979555980355284
0,0,0.9979531512643183
4,4,0.9985140923926775
4,4,0.9984417634071199
0,0,0.9979534455699559
4,4,0.9980996997651993
4,4,0.9984939043508804
4,4,0.9985138280849782
4,4,0.998515777638917
4,4,0.9985139955070891
4,4,0.9985118163219749
4,4,0.998515673649793
4,4,0.9980558538916533
1,1,0.9963260131918258
4,4,0.998145686809881
0,0,0.9978028246574517
0,0,0.9979534427682121
4,4,0.9985139940082433
0,0,0.9979535806920353
4,4,0.9985139947288627
4,4,0.9941675840087287
4,4,0.9985154530750057
4,4,0.9985140905657113
4,4,0.9980125655838736
1,1,0.9962103425010522
4,4,0.9985270598525575
1,1,0.9962445705259854
0,0,0.9979533637949044
1,1,0.995830794633233
0,0,0.9979535800305229
0,0,0.9981466815161165
0,0,0.9977629173574069
0,0,0.992541638990366
4,4,0.9985140107381758
0,0,0.9979607169062035
4,4,0.9985167000769986
0,0,0.9979532985922325
4,4,0.9985140018125563
4,4,0.9985156705983729
4,4,0.9999999942110713
0,0,0.9979534430227365
4,4,0.9982713136460519
4,4,0.9985154773537248
1,1,0.9963260140348653
0,0,0.9979568758441385
0,0,0.997953580284929
4,4,0.9985142044358264
4,4,0.9985188259431758
4,4,0.9985140011910325
4,4,0.9984497346732295
4,4,0.9985139970344239
4,4,0.9985137502455499
4,4,0.9984447330881767
0,0,0.997200903025184
4,4,0.9985053809874729
0,0,0.9979549186569461
4,4,0.9985139944801364
1,1,0.9963066058971352
0,0,0.9979535804643584
0,0,0.9979533927422477
4,4,0.9982417370150746
4,4,0.9985154108198264
1,1,0.9962560789194984
4,4,0.9985013188805186
4,4,0.9985157772858922
4,4,0.9985151776525502
0,0,0.9979022508799963
0,0,0.9979549520322888
0,0,0.9979534427000186
4,4,0.9984758397883459
4,4,0.9985140808512717
1,1,0.9963738824024105
0,0,0.9979535797409577
0,0,0.9979548978704426
0,0,0.997941662503061
4,4,0.9985157539861002
4,4,0.9984103581522908
4,4,0.9985140025201737
4,4,0.9985150503368513
4,4,0.998514079955753
4,4,0.9985155042831405
4,4,0.9985140865187665
4,4,0.9985139936539464
4,4,0.9985193440759579
0,0,0.9979493773721448
0,0,0.997953276693722
4,4,0.9985139959450007
0,0,0.9979468713586247
0,0,0.9979531612351024
4,4,0.9985140824278951
4,4,0.9985139780739413
0,0,0.9982871044864079
0,0,0.9979531610345064
0,0,0.9979371543126615
0,0,0.9979531629337074
4,4,0.9985074067522391
0,0,0.9976012317997208
0,0,0.9979535797409577
4,4,0.9985158695029771
4,4,0.9751861936850165
4,4,0.9985140756507175
4,4,0.9985139960010386
4,4,0.9985140807219456
4,4,0.9981779101420751
4,4,0.9984998215026223
0,0,0.9979532850953146
1,1,0.996296778076011
4,4,0.9985140864603812
0,0,0.9979535372837355
0,0,0.9979535644402634
4,4,0.9985151258850754
0,0,0.9979534427334666
1,1,0.9962518561443664
0,0,0.997942677618126
0,0,0.99795344466036
4,4,0.9975506698479805
1,1,0.9963728951513304
4,4,0.998515757394625
0,0,0.9979532990241371
1,1,0.9957901455269642
0,0,0.9979565280208438
4,4,0.9286549893143222
0,0,0.9979542993008851
4,4,0.9985141854053273
4,4,0.9984888549691178
0,0,0.9979510141588691
0,0,0.9979532597483224
4,4,0.9984089313973683
4,4,0.998475962974169
4,4,0.9984685369725014
0,0,0.9979597986390782
4,4,0.998513987852348
4,4,0.9981357529868254
4,4,0.9985153175282192
4,4,0.9985139948375841
4,4,0.9985129224559512
0,0,0.9979535800305229
0,0,0.997953161322226
0,0,0.997953538718601
4,4,0.9985140894745023
0,0,0.997953442425209
4,4,0.9982710162421636
0,0,0.9979516860106391
4,4,0.9983152399247829
4,4,0.9985066556669607
1,1,0.9963260131918258
4,4,0.9984988414139454
1,1,0.9963738824024105
0,0,0.9979536677787474
1,1,0.995613409246752
4,4,0.9985160983483923
4,4,0.9985139945081151
1,1,0.9963256643026864
0,0,0.9979606648220696
0,0,0.9979534484883653
1,1,0.9962563496925708
1,1,0.9962721555905828
4,4,0.9983968677438839
0,0,0.9979546235511753
4,4,0.9985153578445888
0,0,0.997953282722986
1,1,0.9961392103281067
1,1,0.9958033807306896
0,0,0.9979028133800139
0,0,0.9979534431564072
0,0,0.9979536680511373
4,4,0.9985140821235756
0,0,0.9979569849602983
4,4,0.9981062315225335
4,4,0.9985138282147529
1,1,0.9962518561443664
4,4,0.9985154863788913
4,4,0.9985140931713771
4,4,0.9985139942437925
4,4,0.9985142726279723
0,0,0.9979548970406076
4,4,0.9985140018384371
4,4,0.9985140799157901
4,4,0.9985160942833236
0,0,0.9979534427000291
0,0,0.9979533637949234
1,1,0.9963763187259521
4,4,0.9985156729782204
0,0,0.9979548970638926
4,4,0.9985157555288439
0,0,0.9979546370937863
1,1,0.9962074481848874
4,4,0.9985157539861002
4,4,0.9985193882605802
0,0,0.9979534467562728
4,4,0.9985139940788895
4,4,0.9984370101260294
0,0,0.9979213396087232
4,4,0.9985074397765056
0,0,0.9979542985381177
4,4,0.9985055765330252
4,4,0.9980824974362081
4,4,0.9985140021201134
1,1,0.9962073431932205
4,4,0.9985157563691227
4,4,0.9985135480084314
4,4,0.998514079562735
4,4,0.9985099455602395
4,4,0.9985128028144739
0,0,0.9979534877259573
0,0,0.9979533372396081
4,4,0.9985154427663336
1,1,0.9963082415520992
0,0,0.997952673508548
0,0,0.9979526753298057
4,4,0.9984412775280203
4,4,0.9985142579923354
0,0,0.9979534390539496
0,0,0.997804065842568
1,1,0.9963261616198256
1,1,0.9963733677085495
4,4,0.9981220656619919
4,4,0.998520126377595
4,4,0.9984903314684321
4,4,0.9985139799742391
4,4,0.9985141792732731
4,4,0.9984447010884568
0,0,0.9979531498722151
0,0,0.9979528312328707
1,1,0.9962342563563046
4,4,0.9946702078153777
4,4,0.9985026085032382
1,1,0.9961583132305621
0,0,0.9979533011040338
4,4,0.998381637737498
0,0,0.9979531610459685
1,1,0.9958303364500971
0,0,0.997890577742659
0,0,0.997954344012889
4,4,0.9985161033341793
4,4,0.9985141201231775
4,4,0.9985157539861002
4,4,0.9982604270923606
0,0,0.9979537757536462
1,1,0.9964467891570865
0,0,0.9979535833206917
4,4,0.998515667642379
4,4,0.9985156741611584
0,0,0.9979522002019053
1,1,0.9962912028819946
4,4,0.9985157772858922
4,4,0.9985154838385796
4,4,0.99826069484794
4,4,0.9985158549790687
0,0,0.9979547597401197
1,1,0.9962882050905966
4,4,0.9985179348915743
0,0,0.9978139690063776
4,4,0.9985157563691227
1,1,0.9963728951513304
0,0,0.9979536727264916
4,4,0.9985140114965799
4,4,0.9985140961586819
4,4,0.9985069181745742
4,4,0.9985139940028034
4,4,0.9985140894635899
1,1,0.9963270954494999
4,4,0.998449475088485
4,4,0.9427787405813046
0,0,0.9979540929603655
0,0,0.9979534484883653
0,0,0.9979531609470342
0,0,0.9979535382015152
4,4,0.9982332576809352
0,0,0.9979534460972213
4,4,0.998329157658986
0,0,0.9979250161366088
1,1,0.9895677943912662
4,4,0.9984956903459979
0,0,0.9979534421357378
4,4,0.9985140005951184
4,4,0.9984110533347127
0,0,0.9979534443159469
0,0,0.9979535677279627
4,4,0.9985153223306128
0,0,0.9979531498722151
4,4,0.9985155586892633
0,0,0.997491214411386
4,4,0.9987476587347723
4,4,0.9985157539861002
0,0,0.997953568016
0,0,0.9979532989976476
0,0,0.9979534431216786
0,0,0.9979530772819102
0,0,0.9979533927422477
0,0,0.9979531609470342
0,0,0.9979532990126895
4,4,0.9980208263197846
0,0,0.9979534429545598
4,4,0.998519706109189
1,1,0.996326247752119
4,4,0.9985139929238928
4,4,0.9985157539861002
0,0,0.9979511620167875
4,4,0.9985154303405817
0,0,0.9979571553136408
4,4,0.9985140110681857
0,0,0.9979534877259573
4,4,0.99810043878747
1,1,0.9963469695060106
0,0,0.9979531616407215
0,0,0.9979534427489739
4,4,0.9981799547709269
0,0,0.9979599883125468
4,4,0.9985063986716849
4,4,0.9985154094059321
0,0,0.9979534427682121
0,0,0.9979555968688498
4,4,0.99698486335773
0,0,0.9979549724913774
4,4,0.9985140954242121
1,1,0.9963260131918258
0,0,0.9979590821200542
4,4,0.9985143101943724
4,4,0.9980510357867294
4,4,0.9985140997306184
4,4,0.9985110392333653
4,4,0.9985001154423898
4,4,0.998519442264902
4,4,0.9985157543407469
0,0,0.9974065450718268
4,4,0.9980065503865706
4,4,0.9985202999108268
0,0,0.9979534434108028
4,4,0.9985711281177468
0,0,0.9979533253517701
4,4,0.9985161033341793
4,4,0.9985139925085947
4,4,0.9965084144719827
0,0,0.9979530462067998
0,0,0.997953540258434
0,0,0.9979534429545861
4,4,0.9985066306425466
4,4,0.9985140831612923
4,4,0.9985139729326471
4,4,0.9985160962720697
4,4,0.9985084591836005
1,1,0.9960364657049207
4,4,0.9985157788216183
4,4,0.9983965735360081
4,4,0.9985195180194891
4,4,0.9980572613591482
4,4,0.9986521923980095
1,1,0.9962534430750951
1,1,0.99741285220408
0,0,0.9979528685359714
4,4,0.9985140834154281
4,4,0.998515444234066
0,0,0.9978231753898265
0,0,0.997956875832855
4,4,0.9985157563691316
4,4,0.9984731035799026
0,0,0.9979436062222945
4,4,0.9984980709236186
4,4,0.9977522261836883
4,4,0.9985053823264295
4,4,0.9985139935695522
4,4,0.9985080055353766
4,4,0.9978243206005462
1,1,0.9963258560881842
4,4,0.9985153882789513
4,4,0.9990738731535469
4,4,0.998515412299872
0,0,0.9979574062392228
1,1,0.9963259951856988
4,4,0.9972597803871617
0,0,0.997928669130517
0,0,0.9973448122882413
4,4,0.9985141041682131
0,0,0.9979535401908456
1,1,0.9963256358213486
0,0,0.997910607610412
0,0,0.9979531612351024
4,4,0.9985077229918259
4,4,0.9984206079095838
0,0,0.9979543438190283
4,4,0.9985141125364753
4,4,0.9982656966860803
4,4,0.9985139943648114
0,0,0.9979565669773618
0,0,0.997953161621579
4,4,0.9985153983000068
4,4,0.9985140776771727
4,4,0.9985140117994652
0,0,0.997953032184662
4,4,0.9985157815323394
4,4,0.9985141707817795
4,4,0.9983090873254596
4,4,0.998506087351413
0,0,0.997953584040836
4,4,0.9985153719774984
4,4,0.9985146427493533
0,0,0.9979539609023819
4,4,0.9985137461779892
0,0,0.9979530821171508
4,4,0.9985142456224206
4,4,0.9981583295714939
4,4,0.9985151052033983
0,0,0.9979534422923627
4,4,0.9985157539861002
0,0,0.9979293583170935
0,0,0.9976981999477794
4,4,0.9985140807880524
1,1,0.9962927635919986
0,0,0.9952044828998824
4,4,0.9993115792000006
1,1,0.9963260131918258
4,4,0.9997962079808941
0,0,0.9979513478573291
0,0,0.9979531859892715
4,4,0.9985156702440203
4,4,0.9984704978680942
0,0,0.9979531620155422
4,4,0.9985154949551511
4,4,0.9985030502817349
4,4,0.9975967801672859
4,4,0.9985078107565016
0,0,0.9979530664796972
4,4,0.9985140959088622
4,4,0.99851400012522
1,1,0.9852363326538958
4,4,0.998514238173744
4,4,0.9986607094545936
1,1,0.9958133756236905
4,4,0.9985194316353302
4,4,0.9985181394736485
4,4,0.9987998283729533
4,4,0.9985157539861002
4,4,0.998516097362372
0,0,0.9979189813548579
0,0,0.9979590821200542
4,4,0.9985140989966923
0,0,0.9979534427489739
4,4,0.9984955724738694
0,0,0.9979531641529568
0,0,0.9979531498722151
0,0,0.9979531494647924
4,4,0.9985194010052821
4,4,0.9985136490571908
0,0,0.9979675829405351
0,0,0.9979537208369446
4,4,0.9985153109629974
0,0,0.9979534459212062
0,0,0.9979534429545598
0,0,0.9979534312158527
1,1,0.9963262215090012
4,4,0.9985157563691316
0,0,0.9976653763424552
4,4,0.9983728642755063
4,4,0.9985140778424191
4,4,0.9982173682147362
4,4,0.9985063921858326
4,4,0.9979112751663652
4,4,0.9985135463582694
4,4,0.9985193138353792
4,4,0.9985153768426247
0,0,0.997892406173485
4,4,0.9380053601134293
4,4,0.9985141042661184
4,4,0.998505527205545
4,4,0.9985140789473346
4,4,0.9985141936097114
4,4,0.9985138277000548
1,1,0.9963259983164291
4,4,0.9985160983483923
4,4,0.998514006316785
4,4,0.9974642798856057
4,4,0.9966857509329115
4,4,0.9985157539861002
4,4,0.9985153098711882
0,0,0.9979534427334666
4,4,0.9985140798923247
4,4,0.9984712446122402
0,0,0.9979543446163126
0,0,0.9979600211390216
0,0,0.9979535636732407
0,0,0.9979608830667244
4,4,0.9985141014071218
4,4,0.9983180420042034
1,1,0.9963762333697072
4,4,0.9985139745055152
0,0,0.9979409630190726
4,4,0.9982714254829848
4,4,0.9985157563691227
0,0,0.9979534422923627
4,4,0.998514001103146
4,4,0.9985156729782204
0,0,0.997953151135462
4,4,0.9982580161866991
0,0,0.9979535634895554
0,0,0.9979539555657204
0,0,0.9979534424252139
4,4,0.9985157585773263
0,0,0.9979630279714711
4,4,0.9984954814421361
4,4,0.9985140795367372
0,0,0.9979406329355247
4,4,0.9985161006016172
2,2,0.9973164401992645
4,4,0.9985158225086838
4,4,0.9985119962629723
0,0,0.997953580284929
1,1,0.9962967739532582
0,0,0.9979535387273067
0,0,0.9979560271957364
0,0,0.9979534886314007
4,4,0.9984662666646172
4,4,0.9985158533492362
4,4,0.998515673649793
4,4,0.9985363428678351
1,1,0.9962398982575634
0,0,0.9979534458087133
4,4,0.9984454661367066
4,4,0.9985338991208984
4,4,0.9985183303439404
0,0,0.9979534426649106
4,4,0.9921132602816667
0,0,0.9979541001603135
0,0,0.9979600993237472
4,4,0.9981724581944664
4,4,0.9980614559915278
0,0,0.9979534429545704
4,4,0.998513999202137
4,4,0.9985153432570494
4,4,0.9968575783859634
4,4,0.9985140047803931
0,0,0.9979589808048599
4,4,0.9985153945345908
0,0,0.997953555416032
4,4,0.998514086013265
4,4,0.998516091926032
4,4,0.9980821166005778
4,4,0.9985144024703732
0,0,0.9979528400127223
1,1,0.9984688472790494
0,0,0.9979535806470783
0,0,0.9979535373532706
4,4,0.9985153807204522
4,4,0.998514131310542
4,4,0.9985140010380075
1,1,0.9963728926203685
0,0,0.9978631064832681
4,4,0.9985140812450084
4,4,0.9985138403651068
1,1,0.9896589253730191
0,0,0.9979534820983705
4,4,0.9961965667264624
4,4,0.9981291713124038
0,0,0.9979648694577763
4,4,0.9985153776713952
4,4,0.9985140800418245
0,0,0.9979535491778592
4,4,0.9985139344391842
0,0,0.9979528541834273
4,4,0.9984330614824578
0,0,0.9979547893997781
0,0,0.9979522540674078
0,0,0.9979401342813731
4,4,0.9985139731314483
0,0,0.9979555968688345
4,4,0.9985154033366013
0,0,0.9979583204255751
1,1,0.9962912040864611
1,1,0.996326247752119
0,0,0.9972795023083083
4,4,0.9985156729782204
4,4,0.9984495666898123
4,4,0.9985140796888411
0,0,0.9979534433618881
4,4,0.998515757394625
1,1,0.9963259847552409
0,0,0.9979278972902521
4,4,0.9985157582519516
4,4,0.9985270601988216
0,0,0.997953282722986
4,4,0.9982428623863734
4,4,0.9985157579064022
4,4,0.9982083657476172
4,4,0.9984494384223719
4,4,0.998501594641637
4,4,0.9985156748315425
4,4,0.998456533797454
0,0,0.9979534443713302
1,1,0.9962359917659169
4,4,0.9985185695782408
1,1,0.9963405808425241
4,4,0.9985017662620174
0,0,0.9979534883874698
1,1,0.9963728926203685
4,4,0.9985140120731548
4,4,0.9985157772858922
4,4,0.998514080062721
0,0,0.9979535379981728
4,4,0.9985149508398674
4,4,0.9968596624561349
0,0,0.9977823247489056
4,4,0.9985141857393421
1,1,0.9963390903299494
4,4,0.9985157543407381
0,0,0.9785531470570069
0,0,0.997950748845382
4,4,0.9667625306229355
0,0,0.9979534438178878
4,4,0.9985126730973712
0,0,0.9979532824466527
4,4,0.9982835833578841
4,4,0.9985194865148366
0,0,0.9979535800969271
0,0,0.9979534879803633
0,0,0.9979534426649211
4,4,0.9978088794850574
4,4,0.9983559107853498
0,0,0.997953439938566
0,0,0.9979535376890517
0,0,0.9979527340234222
4,4,0.9981298305718481
0,0,0.9979544777581093
4,4,0.9985145195762154
4,4,0.9985151822914918
4,4,0.9984986224997645
4,4,0.9984577796092855
0,0,0.9979534427000291
0,0,0.9979534421357273
4,4,0.9985140844997561
4,4,0.9985140017573578
4,4,0.9985139971279731
4,4,0.9983803275130709
1,1,0.9963260260360948
2,2,0.9981687918321076
1,1,0.9899216881699798
4,4,0.9985140859198508
0,0,0.9979534247800949
0,0,0.9979571698860955
0,0,0.9979405144160342
0,0,0.9979583200633143
4,4,0.9984577779273142
1,1,0.9963270812270725
4,4,0.9983413157234937
4,4,0.9980785182109956
4,4,0.8702438600216935
4,4,0.9995354855395316
4,4,0.9985125735067357
4,4,0.9985153815419296
4,4,0.9985154782813793
4,4,0.9984858680466844
4,4,0.9984142241360273
0,0,0.9979534434108028
4,4,0.9985132634573116
2,2,0.9981323133435325
1,1,0.996207257977183
0,0,0.997953538718601
0,0,0.997953442170531
0,0,0.9979549188266135
4,4,0.9985140815100125
0,0,0.9979535804643799
4,4,0.998507411276499
0,0,0.9986211260011796
4,4,0.9985157772858922
4,4,0.9985138299104751
0,0,0.9979534414886041
4,4,0.9985157567225114
4,4,0.9985140920017409
4,4,0.9984956881640126
4,4,0.9985140171557895
1,1,0.9963194868958464
0,0,0.9979549546352592
0,0,0.9979397281565243
4,4,0.9985160328122734
0,0,0.9976438368879047
0,0,0.9979516860220347
4,4,0.9985153726972313
4,4,0.9985134609166446
0,0,0.9978932784390925
4,4,0.9984518349289088
2,2,0.9982339664816163
0,0,0.9979534426649426
4,4,0.9985151888496208
4,4,0.9985140800418156
4,4,0.998756013026619
4,4,0.9985139928915209
0,0,0.9979424575483598
4,4,0.9985139956722615
0,0,0.9979531541094607
4,4,0.9985017381339769
4,4,0.998514077847573
0,0,0.9979534429545598
4,4,0.9985030933062148
4,4,0.9985140831374701
1,1,0.9963729156007373
0,0,0.9979531581180588
4,4,0.9984888549691178
4,4,0.9985154126547282
0,0,0.997953161621579
4,4,0.9985153797619268
4,4,0.9981875689836798
4,4,0.9985140812858541
4,4,0.9984215845231865
0,0,0.9979534430227316
4,4,0.9980798738712907
1,1,0.9940108556773268
4,4,0.9984916498492463
0,0,0.9979535386578919
4,4,0.9985140777159807
4,4,0.9984711405420355
4,4,0.9987067392297349
4,4,0.9985188137353616
0,0,0.9979568738424548
1,1,0.9962916457967034
4,4,0.9985201674066451
4,4,0.9985141674447238
1,1,0.9962388101019414
0,0,0.9979534443713108
0,0,0.9979534427000291
0,0,0.9979531860006309
0,0,0.9979531651620571
4,4,0.9985139966573496
0,0,0.9979535806920139
0,0,0.9979550477973571
4,4,0.9985154106907375
1,1,0.9933864476986103
0,0,0.9979531998988179
0,0,0.9979534429545704
4,4,0.9985139969408132
4,4,0.9983585634092941
0,0,0.9979530989263254
0,0,0.9979535637787723
1,1,0.9963260234181587
4,4,0.9983597508862121
1,1,0.9963135305799552
1,1,0.9963164683413014
0,0,0.9979512778068333
4,4,0.9985154050816509
4,4,0.9985139937598595
4,4,0.9972467176325744
4,4,0.9985138187108136
0,0,0.9979531598233243
0,0,0.9979531505337271
4,4,0.9985141871842564
4,4,0.9985151959969601
4,4,0.9985019921364275
0,0,0.9979583204255751
4,4,0.997954125245227
0,0,0.9909707891613782
4,4,0.998507545326596
4,4,0.99851439783275
0,0,0.9979524120804844
0,0,0.9979548978614399
0,0,0.9979534467562625
4,4,0.9985139928970382
4,4,0.9985133049752611
2,2,0.9982664696157967
4,4,0.9985154106907339
4,4,0.9259815781996238
0,0,0.997892406173485
4,4,0.9985138437560216
2,2,0.9959240410858391
0,0,0.9979534441068338
1,1,0.9962476376945266
4,4,0.9984228388880169
4,4,0.9985150955579708
4,4,0.9985139935866298
0,0,0.9979583220865671
0,0,0.9979627548036901
4,4,0.9985153211153918
0,0,0.9979535379981728
4,4,0.9977674237681301
0,0,0.9979532063287838
4,4,0.9984494265486275
4,4,0.9984026151725546
4,4,0.9985140100488716
4,4,0.9985140046081772
4,4,0.9985141846463129
0,0,0.9979549246904851
4,4,0.9980645933061432
4,4,0.9982568568350395
0,0,0.9979530618111956
4,4,0.9984484417567597
4,4,0.9985139278330435
4,4,0.99850588643834
4,4,0.9985017350528969
0,0,0.9975009437653943
4,4,0.9984893360988714
4,4,0.9985202846662725
4,4,0.9984932321091817
4,4,0.9962886162801889
1,1,0.9963259971497036
0,0,0.9977082578487367
0,0,0.9977375353558642
4,4,0.998515453597296
0,0,0.9979534444396987
4,4,0.9985145208521711
4,4,0.999116743846279
1,1,0.9963299213136292
4,4,0.998515757394625
4,4,0.9985140994081155
4,4,0.9985140823352237
0,0,0.9979535840408463
0,0,0.9979540933644925
4,4,0.9985139935040493
4,4,0.9985140794314763
4,4,0.9985074210870638
4,4,0.9985177207527062
4,4,0.9982040664840631
1,1,0.9963738824024105
0,0,0.9979534444396987
0,0,0.9979537216500619
4,4,0.9985140778876515
4,4,0.9985154411290925
4,4,0.9984888549691178
4,4,0.9985139939576213
4,4,0.9982100186178812
4,4,0.9985140834335828
0,0,0.9979534427000186
0,0,0.997954621423106
1,1,0.9964218897499844
4,4,0.9985140021785018
0,0,0.9979278971530945
0,0,0.9979583196355535
4,4,0.9985140810448981
4,4,0.9985156938940816
4,4,0.9985066918844249
1,1,0.9962835972687993
4,4,0.9985139935695522
0,0,0.9977223278993553
4,4,0.9985157563691316
0,0,0.997953161610159
0,0,0.9979534431563968
4,4,0.9985140808928771
4,4,0.9984953539469997
0,0,0.9979519493004909
0,0,1.0
4,4,0.998516498156658
4,4,0.9985154765648939
4,4,0.9985156741611584
0,0,0.9979532989976454
4,4,0.9985141959453174
0,0,0.9979531466997296
4,4,0.9985138411923843
0,0,0.997955230160053
4,4,0.9985139949907936
4,4,0.9985153140625871
0,0,0.9978906207731364
0,0,0.9979549520323359
0,0,0.9979540669661237
0,0,0.9979534467562625
1,1,0.9963641800173305
1,1,0.9963260131918258
0,0,0.9979534877259573
4,4,0.9985150951058512
0,0,0.9978643260918263
4,4,0.998515466507437
0,0,0.9979549141482195
1,1,0.9963256389998705
0,0,0.99795491414823
0,0,0.9979549291151865
0,0,0.997953538718601
0,0,0.997953381628016
4,4,0.9985100284639524
4,4,0.9983573146206381
0,0,0.9979531667109418
4,4,0.998514107618151
4,4,0.9985157543407469
4,4,0.9985140864603812
1,1,0.9849508197445453
4,3,0.9999999999750531
0,0,0.9979520241863229
4,4,0.9985082723019861
0,0,0.9979583215857831
4,4,0.9980901245957972
0,0,0.9979534883425125
2,2,0.997433710166066
0,0,0.9979537257481712
4,4,0.9984073029731885
4,4,0.9985274128945131
0,0,0.9979526732514268
4,4,0.9981198493490987
0,0,0.9979521574405837
4,4,0.9984497876289347
1,1,0.9963262215090012
4,4,0.9985140013648338
0,0,0.9979149448675066
1,1,0.9963066058971352
0,0,0.9979531110002416
4,4,0.9985157579064022
0,0,0.9979537205830729
0,0,0.9979598190557467
4,4,0.9984287050239872
0,0,0.9979534312158631
4,4,0.9984999405187469
4,4,0.998514007646511
0,0,0.9979534433314826
4,4,0.9985138883513421
0,0,0.9979535800305229
4,4,0.9983588753545012
4,4,0.9985140058659684
4,4,0.9981897584179811
0,0,0.9979535673574773
4,4,0.9981793439692225
0,0,0.9979543439433891
4,4,0.9985154750524144
0,0,0.9979521996665397
0,0,0.9979537208369446
0,0,0.9979534426649106
0,0,0.997957162267845
4,4,0.9985139791057825
4,4,0.9985201934550634
4,4,0.9527662878239571
4,4,0.9985029972326519
4,4,0.9985157567225025
0,0,0.9979536727264916
4,4,0.9985140789811771
0,0,0.9979535409854897
0,0,0.9979534434108028
4,4,0.9985161033341793
0,0,0.9979534417625725
0,0,0.9953037451983083
0,0,0.9979534877259573
0,0,0.9979534429545598
0,0,0.9979534434107924
4,4,0.9985193771653004
4,4,0.9985116222206261
1,1,0.9940186092358841
0,0,0.9979552254816667
4,4,0.9985140809190524
0,0,0.9978961020605543
4,4,0.9985157539861002
0,0,0.9979555964403722
4,4,0.9985155453997209
0,0,0.9979534423605911
0,0,0.9979394601349744
0,0,0.9979209315178723
4,4,0.9985160222158865
4,4,0.9985156729782204
4,4,0.9985140778876515
4,4,0.9984273453238448
4,4,0.9985140847447863
4,4,0.9985104850192293
4,4,0.9985153534020683
0,0,0.9979396504266254
4,4,0.9984945115994034
4,4,0.9985155618574802
4,4,0.9984494247324643
1,1,0.9963262325495454
4,4,0.9663772737572431
4,4,0.9985135485727761
1,1,0.996327520992576
4,4,0.9985157543407469
4,4,0.9981802267195179
0,0,0.9979604301898748
1,1,0.9962912028819946
4,4,0.9985139942395896
0,0,0.9979534430227316
4,4,0.9985203252983745
0,0,0.9979534427334666
4,4,0.9985140811303033
4,4,0.9894916776205976
4,4,0.9985140009791981
0,0,0.9979534446603192
4,4,0.9985169166031761
0,0,0.9979530097949284
4,4,0.9985137568700972
4,4,0.9982058928466931
4,4,0.9984198842468136
4,4,0.9985450127371066
0,0,0.9979401345950997
0,0,0.9979534417625725
4,4,0.9985150942931297
1,1,0.996286002813564
4,4,0.998514543656946
1,1,0.9962358349952508
4,4,0.9983862620854295
0,0,0.9979535804026995
4,4,0.9986608834224532
1,1,0.9962900177541227
4,4,0.959906149569276
4,4,0.9982739066056298
4,4,0.998341151828966
0,0,0.9968968753118143
0,0,0.997920230456401
4,4,0.9981770617257274
1,4,0.8566340052363125
4,4,0.9985154973114425
1,1,0.9963262317104136
0,0,0.9979549486433978
4,4,0.9983192375177256
0,0,0.9978932846430305
0,0,0.99795495203231
0,0,0.9979598007117
4,4,0.9985140045430715
4,4,0.9985139944867799
2,2,0.9981614652745546
4,4,0.998516023358091
4,4,0.9985179116888004
0,0,0.9979531856266507
4,4,0.9984752468429905
4,4,0.9985138101288761
1,1,0.9928020954541852
4,4,0.9983813481645961
4,4,0.9985151075106979
0,0,0.9979534429545598
4,4,0.9985140896133271
4,4,0.9985153451475519
4,4,0.9985140925027981
0,0,0.9979534434108028
4,4,0.9984949594599402
0,0,0.9977894806719514
0,0,0.9979599923044243
0,0,0.9979372206737628
4,4,0.9976605523681994
1,1,0.9963729129004972
0,0,0.9979202331082085
4,4,0.9980725123943714
4,4,0.9983802932459738
4,4,0.9985140772472566
4,4,0.9985011564797364
0,0,0.9962023713236394
4,4,0.998295228868358
0,0,0.9979555968688133
4,4,0.9985157563691316
0,0,0.9979531505337271
4,4,0.9985228770020944
4,4,0.9985140121062714
4,4,0.9856828425736676
0,0,0.9979534467562625
4,4,0.9984981571346409
4,4,0.9985140013455759
0,0,0.9979597898454051
4,4,0.9985161014363865
0,0,0.9979531495826498
1,1,0.9963743671693743
0,0,0.9979538307101639
0,0,0.9979531606285673
0,0,0.9979534444396987
4,4,0.9980375999682933
0,0,0.9978934738457761
0,0,0.9979534436393797
4,4,0.9985154762371127
4,4,0.9985176447825395
4,4,0.9984183604768834
0,0,0.9979534464679936
0,0,0.9979530468683118
4,4,0.9985140850164267
4,4,0.9985073564649092
4,4,0.9985257209257595
4,4,0.9981944410781028
0,0,0.997953442425209
1,1,0.9963083210305685
0,0,0.9979534459211847
4,4,0.9983155414293483
4,4,0.998515673649793
0,0,0.9979534438179093
0,0,0.9979401458480641
4,4,0.9985116264861582
4,4,0.998476172715045
4,4,0.9995624945812982
4,4,0.9985140130161947
4,4,0.9972455854627192
0,0,0.9979549188266135
4,4,0.998288696053554
4,4,0.9810489385101662
4,4,0.9985156938940816
4,4,0.9634639039251471
4,4,0.9985201406225425
4,4,0.9985235914323305
0,0,0.997956027196014
4,4,0.9985139928970418
0,0,0.9979547560591967
1,1,0.9963260821873025
0,0,0.9979534434108243
1,1,0.9963262170824431
0,0,0.9979534429545598
1,1,0.9962727542958277
2,4,0.9239019446491079
0,0,0.9979531609470342
0,0,0.997958320927099
0,0,0.9979516860220347
0,0,0.9979535373532706
4,4,0.9985154292813304
0,0,0.997948448602233
4,4,0.9984108729986533
0,0,0.9714860543762576
0,0,0.9979534444396987
0,0,0.9979528377702501
0,0,0.9978553805907693
4,4,0.9985140062217364
4,4,0.9985339006327574
4,4,0.9985157815323394
0,0,0.9979531612351055
4,4,0.9985146348268906
4,4,0.9981775464838964
1,1,0.9963262325495454
4,4,0.99851399244213
4,4,0.9985140776495687
0,0,0.9979550694557203
0,0,0.9979532066279831
4,4,0.9985027362321348
1,1,0.9962073341483179
0,0,0.997954621408818
0,0,0.9979534883874698
4,4,0.9985140777159771
0,0,0.9979521921979785
0,0,0.9979535644402634
4,4,0.9985157567225114
4,4,0.9967616135719917
4,4,0.9982866841682927
4,4,0.9978776946183078
4,4,0.9984758397883459
1,1,0.9963262317104136
0,0,0.997953206627986
0,0,0.9979531606286115
4,4,0.9985140830350281
0,0,0.9979535521432199
2,2,0.9859186546425937
0,0,0.9979532062225748
0,0,0.9979534434108028
4,4,0.9985140795627319
4,4,0.9985157788216183
0,0,0.9978228164911142
0,0,0.9979600204363046
4,4,0.9985152121467962
4,4,0.998381278505179
0,0,0.997956875832855
0,0,0.9979531534509278
4,4,0.9985150974101532
4,4,0.9985151782266232
4,4,0.998513979005139
0,0,0.9979534443712894
0,0,0.9975661198106583
4,4,0.9984385743166186
1,1,0.9966698832663425
1,1,0.9963262325495454
4,4,0.9984766669916264
0,0,0.9979546408967006
4,4,0.9982774701013839
4,4,0.9985157539861002
4,4,0.9983627082126392
4,4,0.9983099191993822
0,0,0.997953162015576
4,4,0.9974570400280118
0,0,0.997881062325636
0,0,0.9979536063894308
0,0,0.9978660999270211
4,3,0.9999999950920888
4,4,0.9855716811951497
4,4,0.9985153723128204
4,4,0.998514084811186
4,4,0.998515757394625
4,4,0.9985028684407613
0,0,0.9979534433619097
0,0,0.9979533376919955
0,0,0.9979534428328292
0,0,0.9979516605384822
0,0,0.9979533637949234
4,4,0.9985140013489691
0,0,0.9979549520323255
0,0,0.9979468528457283
1,1,0.9861728900026524
4,4,0.9985140799106613
0,0,0.9979534448270915
4,4,0.9985140889180768
0,0,0.9979671696359171
4,4,0.9985140135750924
4,4,0.9984805870908062
4,4,0.9985140834154188
4,4,0.9985140779739815
4,4,0.9971101987017874
0,0,0.999994030269342
4,4,0.9985149988556172
0,0,0.9979535644402849
4,4,0.998413041103142
4,4,0.9985140812337645
1,1,0.9963262317104136
0,0,0.99795495203231
0,0,0.9979534469883655
4,4,0.9985139949951322
4,4,0.9985140779739815
1,1,0.9963762053356351
0,0,0.9979534623452793
4,4,0.9982453283374813
0,0,0.9979535800305229
4,4,0.9985140000660032
4,4,0.9984878413483695
4,4,0.9985153577100604
4,4,0.9981557729424343
4,4,0.9984765590676494
0,0,0.9979548970493146
4,4,0.9970600418377457
0,0,0.9979533548523698
4,4,0.9981653699681666
4,4,0.9985140058557563
0,0,0.9979531606285673
0,0,0.9979600993237472
2,2,0.9982331837107158
4,4,0.9983964893667664
0,0,0.9979534883874698
4,4,0.9975926118189894
4,4,0.9985140797339477
1,1,0.9963259769257898
4,4,0.9984831548953159
0,0,0.9979534449322606
4,4,0.9985132248821955
4,4,0.9985152144401185
0,0,0.9979547744468192
2,2,0.9979749901414576
0,0,0.9972151036440697
0,0,0.9979549014195317
4,4,0.9985153126438971
0,0,0.9979530462068102
0,0,0.9979365917284283
0,0,0.9979532066165351
0,0,0.9979532685207175
4,4,0.9985139947662138
4,4,0.9985191027255372
4,4,0.9978145861553053
4,4,0.9985141023320869
1,1,0.996303158207324
4,4,0.9984969984577943
4,4,0.9984999195396677
1,1,0.996356513280519
4,4,0.9985153721238074
4,4,0.9985140830086625
0,0,0.9979538046787465
0,0,0.997940134093926
4,4,0.9985157539861002
4,4,0.9985140800678519
4,4,0.9981555134640913
0,0,0.9979531610344959
4,4,0.9976183530237087
4,4,0.9985139937073815
0,0,0.9979583204255751
0,0,0.9979534919631844
4,4,0.9985140953159349
4,4,0.9985155966440215
0,0,0.9979571694248454
4,4,0.9985138465948422
4,4,0.9985151171013563
4,4,0.9985156088180869
4,4,0.9985186577508806
4,4,0.9981248586058342
1,1,0.9961909462786959
0,0,0.997962753287792
0,0,0.9979534448270915
0,0,0.9979534429545704
4,4,0.998513998971516
0,0,0.9978910344607606
4,4,0.9984752675990897
4,4,0.9985157579063934
1,1,0.9963279013755412
4,4,0.9963978438038602
0,0,0.9979534467562625
1,1,0.9963135305799552
4,4,0.9984989883170464
0,0,0.9979534446603192
4,4,0.9985140825057388
4,4,0.9982912928458035
4,4,0.9985152010610833
0,0,0.997953955148614
4,4,0.9981517733908313
4,4,0.9984273618902331
0,0,0.9979551477152329
4,4,0.9978101148074973
1,1,0.9975313899174874
0,0,0.9979534428328292
0,0,0.9979549486433978
0,0,0.9979426836384416
4,4,0.9985139940028034
0,0,0.9979534467351117
0,0,0.9979528685245573
0,0,0.9979514098798727
0,0,0.9979534429545704
4,4,0.9985157570416001
0,0,0.9979534467562625
0,0,0.9979278972902521
1,1,0.9963763187259521
4,4,0.9979888637314429
4,4,0.998515848044608
4,4,0.9985157543407469
0,0,0.9979534431563968
0,0,0.9979566052370095
4,4,0.9985176413250416
1,1,0.9962518561443664
4,4,0.9985139957699811
4,4,0.9985139960468689
4,4,0.9983214832210229
4,4,0.9985157772858922
4,4,0.9985139940788895
0,0,0.9979534441321005
4,4,0.9985157570416001
4,4,0.9985141371788894
4,4,0.9985157788216183
4,4,0.9985140833315935
0,0,0.9979278971530945
1,1,0.9963469695060106
4,4,0.9985157539861002
0,0,0.9979534447283668
4,4,0.9984493260240203
1,1,0.9963066025507047
4,4,0.9984173703230338
4,4,0.998514077776261
0,0,0.9979534427000291
4,4,0.9985159294652104
4,4,0.9985138893261155
4,4,0.9981471535210784
4,4,0.9985140981854815
0,0,0.9979535800305229
0,0,0.9979348642387964
0,0,0.9979534427000186
4,4,0.9984801867411737
4,4,0.9985004020425826
0,0,0.9979662656862476
4,4,0.99407309697699
4,4,0.9982946403249516
0,0,0.9979630389848516
0,0,0.9979534431563968
4,4,0.9984816277847471
0,0,0.9979374805005783
0,0,0.9979550379020528
0,0,0.9979535796231002
0,0,0.997956875832855
4,4,0.9985145291504552
1,1,0.9963256193629283
0,0,0.9979531534509172
1,1,0.9960191313057198
4,4,0.9985140779739905
0,0,0.997954789391058
4,4,0.9985132370909962
4,4,0.9985139973566217
4,4,0.9985151816586243
4,4,0.9985140863702511
4,4,0.9985140974651885
4,4,0.9981464424133153
4,4,0.9985157563691316
0,0,0.9979534430227365
0,0,0.9979534356667067
0,0,0.9979549486433609
4,4,0.9984888549691178
0,0,0.997953446229445
4,4,0.9982990639960487
4,4,0.9985140789182761
4,4,0.998514077776261
4,4,0.9985139095774789
0,0,0.9979534427000291
4,4,0.9978700501967294
1,1,0.9963366832873337
4,4,0.9985047539462226
0,0,0.9979534436393797
0,0,0.9979365894250891
0,0,0.9979209324412662
1,1,0.996153025085629
4,4,0.9985140986987732
4,4,0.9985139939576302
4,4,0.9984849392090652
0,0,0.9979531612351024
4,4,0.9984493048046003
4,4,0.9981458126083236
4,4,0.9985195943266496
4,4,0.998501729643096
4,4,0.998514100583588
0,0,0.9979534444397201
0,0,0.9979537201765062
4,4,0.9985153752681238
4,4,0.9985063915045868
0,0,0.9979534427489739
0,0,0.9979535381416578
4,4,0.9984494945238528
0,0,0.99795716273333
4,4,0.998515753986109
0,0,0.9979534434108028
0,0,0.9979534444397201
4,4,0.9985157567225114
4,4,0.998514314597516
4,4,0.9985144388000312
4,4,0.9985139341417755
4,4,0.9985073296698393
4,4,0.9985141279753741
0,0,0.9979531498722255
4,4,0.9985134991127703
4,4,0.9982857170246334
0,0,0.9979535634895554
0,0,0.997953443528911
4,4,0.9985157815323394
4,4,0.9985181036854295
4,4,0.9985139954136902
4,4,0.9985139982570058
4,4,0.998331145201662
4,4,0.9985026448603028
0,0,0.9978660956857369
0,0,0.9979534429545704
4,4,0.865261076338243
1,1,0.9963259983891478
4,4,0.998507363997688
0,0,0.9979531327339389
2,2,0.9975744076692458
4,4,0.9984167018136368
4,4,0.9988721502410255
4,4,0.998295824448029
0,0,0.9979534431564072
4,4,0.9985140791336429
0,0,0.9979548970638926
4,4,0.998495369141908
4,4,0.9977277190674144
0,0,0.9979448026694387
0,0,0.997953276693689
4,4,0.9979988790005063
0,0,0.9979278939191947
1,1,0.9962912040864611
0,0,0.9979534431563968
0,0,0.9979534431563968
4,4,0.9985157579064022
0,0,0.9979534443712894
4,4,0.9985151782344025
4,4,0.9985037963051351
4,4,0.9985139784600837
4,4,0.9985140143944281
4,4,0.9985139905374437
4,4,0.9985139937937251
4,4,0.9985153547476789
0,0,0.9967113792689458
4,4,0.9985137478505354
4,4,0.998514087031488
0,0,0.9979538307101743
0,0,0.9979534467562625
0,0,0.9979535561953781
0,0,0.997953581533002
4,4,0.9984944606000066
0,0,0.9979535118104853
0,0,0.997956375736338
4,4,0.9985157788216183
4,4,0.998519486652429
4,4,0.9982985411751115
4,4,0.9979470948047927
4,4,0.9985151854452793
0,0,1.0
0,0,0.9979571627333615
4,4,0.9985153525480304
0,0,0.9979549006023829
4,4,0.9985140998068721
4,4,0.9984893031665387
1,1,0.9963260011819504
4,4,0.9985157570416001
4,4,0.9982150765779277
0,0,0.9979534447283668
4,4,0.9985063528756083
4,4,0.9985159785300414
4,4,0.998515753986109
1,1,0.9963262317104136
0,0,0.9979532994293286
4,4,0.9985140795364909
0,0,0.9979534486336789
0,0,0.9979534430227316
1,1,0.996338079804796
0,0,0.9977440036946847
4,4,0.9985140779739811
0,0,0.9979548978381783
0,0,0.9979543573188145
4,4,0.9985038628109794
4,4,0.998413032220335
4,4,0.9983309751556022
4,4,0.9985140060474235
0,0,0.9979511358736137
0,0,0.9979534428668208
4,4,0.997816565833506
0,0,0.9979534451155975
4,4,0.9984996909920143
4,4,0.9985102287021603
4,4,0.9985140772306244
4,4,0.9985075454721859
4,4,0.9983978749382099
0,0,0.9979552569153751
4,4,0.9985157563691316
1,1,0.9963067685337139
4,4,0.9981564038968422
0,0,0.9979542746602603
1,1,0.9963749024530008
4,4,0.9984348131583036
4,4,0.9985199396017245
4,4,0.9964981988979237
4,4,0.998444623701901
1,1,0.9963149703380925
4,4,0.9985139952341743
0,0,0.9979568758441357
4,4,0.9985139939576302
4,4,0.9985157570416001
4,4,0.9984482857436336
4,4,0.9979439203200573
4,4,0.998513887750448
4,4,0.9985144487212867
0,0,0.9979528685245235
4,4,0.9985140067734827
1,1,0.9962445705259854
4,4,0.9985140003288191
1,1,0.9956715254289894
1,1,0.995525842770401
4,4,0.9984241959239599
4,4,0.9985156887047935
0,0,0.997777680251429
4,4,0.9985140423876034
0,0,0.9979548145518414
4,4,0.9985140795575951
0,0,0.9978795749448587
0,0,0.997952099110926
4,4,0.998355573807226
1,1,0.9963565581289263
0,0,0.9979598314615802
4,4,0.9984486841148241
0,0,0.9979535654490874
4,4,0.6439590045130804
4,4,0.9982365924691426
1,1,0.9962912040864611
4,4,0.9984968369991047
4,4,0.9978210446616153
0,0,0.9979537216500619
0,0,0.9981322541030554
4,4,0.9985140865263675
0,0,0.997953442425209
4,4,0.9985139951313725
4,4,0.9985169778810861
4,4,0.9985157555288439
4,4,0.9985137463860925
0,0,0.9979534434108028
1,1,0.9963188113364362
1,1,0.9963256358213486
0,0,0.9979583209271091
0,0,1.0
4,4,0.9984918814135616
4,4,0.9985140795576004
1,1,0.9963754223393005
4,4,0.9985140794314736
0,0,0.9979527824882694
1,1,0.9962711058027143
0,0,0.9979534434107924
4,4,0.9981853975927927
0,0,0.9979541009618635
4,4,0.998515693541341
0,0,0.997953557034654
0,0,0.9979530459175834
0,0,0.9979534877259573
4,4,0.9985139941203593
4,4,0.9985140879285574
4,4,0.998515670598364
4,4,0.9985075475337364
0,0,0.9979552412413999
4,4,0.9978234677399757
0,0,0.9979531758893229
4,4,0.9985139945892432
4,4,0.9985140161453343
4,4,0.9985139927045996
4,4,0.9984845108013135
0,0,0.9979583209270625
4,4,0.9985139731260664
4,4,0.9984966441994996
4,4,0.9985157579064022
4,4,0.9985152583655472
4,4,0.9985157570416001
4,4,0.9985140037801272
0,0,0.9979278972902521
1,1,0.9962912028819946
4,4,0.9985079109074222
4,4,0.9979820331219071
1,1,0.9963728973045282
1,1,0.9963404570218861
1,1,0.9963262487327036
4,4,0.9985141948214368
4,4,0.9985154661583282
4,4,0.9985985728048559
4,4,0.9985157539861002
0,0,0.997953440909461
4,4,0.9985154983343716
0,0,0.9973747519823338
4,4,0.998514006106926
1,1,0.9963405808425241
0,0,0.9979631194523617
0,0,0.9979534431563968
4,4,0.998514007056908
4,4,0.9985153439055919
0,0,0.9979534420024728
0,0,0.9979527644982141
4,4,0.9985139941641115
4,4,0.9985157788216183
0,0,0.9979394598558488
4,4,0.9985394245195197
4,4,0.9985162600027294
4,4,0.9273726636946347
4,4,0.9984767918059011
4,4,0.9982145729098927
0,0,0.9979535439772118
0,0,0.9979401336559813
4,4,0.998515753986109
1,1,0.9963259778256911
0,0,0.997953441815375
4,4,0.9981773076979187
4,4,0.9985077087919207
0,0,0.9979534877259573
4,4,0.9925762217088249
0,0,0.9965760408341964
0,0,0.9979535804643799
4,4,0.9985140790896507
0,0,0.9976296863316148
0,0,0.997954897525818
0,0,0.9979534426649211
0,0,0.9979627387905086
4,4,0.9985154110455902
4,4,0.9985139726116417
4,4,0.9984761557738615
0,0,0.997890361430232
4,4,0.9984671395876722
0,0,0.9979535836089577
4,4,0.9984660491801742
4,4,0.9985158382179882
4,4,0.9985142481614188
0,0,0.9979535521432199
4,4,0.998518238528432
4,4,0.9985178426869533
4,4,0.9985140021365668
4,4,0.9968208521089688
0,0,0.9979534877259573
0,0,0.9979535804643479
1,1,0.9963728926203685
4,4,0.9981644830678036
1,1,0.9963070488255392
0,0,0.9979534430227316
4,4,0.9985140911838886
1,1,0.9963262439875493
4,4,0.9984390105967302
4,4,0.9985139946679326
4,4,0.9985140793654814
1,1,0.9958866789603411
4,4,0.9985188031918778
4,4,0.9985141978448947
4,4,0.9985140015086235
4,4,0.9984210925361211
0,0,0.9978673518445718
0,0,0.9979531609470342
4,4,0.9985139949308393
0,0,0.997953538718601
0,0,0.9979535637787723
0,0,0.9979471232069073
4,4,0.9983760463610744
4,4,0.9983057521181552
4,4,0.9985140001197631
0,0,0.997946000191551
4,4,0.99852066957214
1,1,0.9803436594370522
0,0,0.9980448336331299
0,0,0.9979534431563968
4,4,0.9984890081163124
0,0,0.9979534429545598
1,1,0.9963258587623224
0,0,0.997953161727757
4,4,0.9998887459830317
4,4,0.9987133581959884
4,4,0.9985140793652286
0,0,0.9979534459212254
0,0,0.9978553805907693
4,4,0.998513847948536
1,1,0.9963070488255392
4,4,0.998276354735893
0,0,0.9979598013214062
4,4,0.9985140117646748
0,0,0.9979540669663738
4,4,0.9985139943768049
4,4,0.9982184578295206
4,4,0.998515673649793
1,1,0.996320787470299
0,0,0.9979534447283454
1,1,0.9964096629167805
0,0,0.9979534417625725
4,4,0.998515757394625
4,4,0.9985157543407469
4,4,0.9986887655266805
4,4,0.9981375300742814
4,4,0.9985140066418978
4,4,0.9985004130818986
4,4,0.9985140770444412
1,1,0.9970386240409485
0,0,0.9979531606285768
4,4,0.9985151101916879
1,1,0.9963260805647967
4,4,0.9985153644667485
1,1,0.9964556602869957
0,0,0.9979550370481408
1,1,0.9957531183337381
1,1,0.996326178730801
0,0,0.9979531612351024
0,0,0.9979528685359743
0,0,0.9979512879166823
0,0,0.9979600993237472
4,4,0.9985160983483923
4,4,0.9985139990066634
4,4,0.9985140020042805
0,0,0.997953724857232
4,4,0.9985142688941919
0,0,0.9979409530526173
4,4,0.9984670405131153
4,4,0.9985142478729909
4,4,0.9985140825245505
0,0,0.996960600238628
4,4,0.9985147669409586
1,1,0.9963148866658789
4,4,0.9985066899005144
4,4,0.9985153178753737
4,4,0.9985139943773699
4,4,0.9985196079057983
0,0,0.9979571698860955
4,4,0.9982662411094517
0,0,0.9979371543126615
1,1,0.9903353933247684
4,4,0.9985153881464098
4,4,0.9982861305077858
4,4,0.9985157539861002
4,4,0.9985139958138276
0,0,0.9979542405873161
4,4,0.9985139946403176
4,4,0.9985139930118324
0,0,0.9979550706922413
1,1,0.9962800652507795
0,0,0.9979537252614086
4,4,0.9985140788028705
4,4,0.9985150934211326
4,4,0.9984106571409831
0,0,0.9979531616407246
0,0,0.9979598430799743
0,0,0.9979535637787723
4,4,0.9985142102072334
0,0,0.9979531598233243
4,4,0.9985139969426954
0,0,0.9979534429545598
4,4,0.9985139942647255
4,4,0.9985157563691316
2,2,0.9987275094784094
4,4,0.9985157563691316
4,4,0.998516091926032
1,1,0.9963826367904459
4,4,0.9985139884192848
0,0,0.9979535401908456
0,0,0.9979583203617743
0,0,0.9979567452483354
4,4,0.9985137502455499
4,4,0.9985177276174201
4,4,0.9981250125907452
4,4,0.9984027310162698
0,0,0.9979533576508139
4,4,0.998517947205557
4,4,0.9985139945228243
0,0,0.9979546206376311
0,0,0.9979555968688498
4,4,0.9985143400774025
4,4,0.9985140777159807
4,4,0.998515753986109
4,4,0.9985123323898915
4,4,0.998514083415437
4,4,0.9985140067873122
0,0,0.9979534430227316
1,1,0.9963260293092064
0,0,0.9979583204255751
0,0,0.9979534427334666
4,4,0.9984922477518167
4,4,0.9982660970813776
0,0,0.9979531606285768
0,0,0.9979534427334666
1,1,0.9963743671693743
4,4,0.998305732364758
0,0,0.9979535637787723
4,4,0.9985137462751894
4,4,0.9985194889255086
1,1,0.9963738623351948
4,4,0.9985140861196127
4,4,0.9985135586001327
0,0,0.9979528034296085
0,0,0.9979531498722255
4,4,0.9978022215713326
4,4,0.9985140863887759
0,0,0.9979409630190726
0,0,0.9979532601518122
4,4,0.9985142610731113
0,0,0.9979426409165081
0,0,0.9979531616101581
4,4,0.9985090834792432
1,1,0.996313527110772
0,0,0.9979491151738521
4,4,0.9985156726251249
0,0,0.9979534429545598
4,4,0.9985026147708198
1,1,0.996325993959284
4,4,0.9983246595895426
4,4,0.9984116723290825
4,4,0.9983404358857335
4,4,0.9985140798699517
1,1,0.9963259847552409
0,0,0.9979530462067998
4,4,0.9985199114990368
0,0,0.9979534436931884
4,4,0.9985140825057388
4,4,0.998509472343962
0,0,0.9979534417625725
0,0,0.9979436064520505
1,1,0.9962940445142566
4,4,0.9985154036821348
0,0,0.9979598293941685
4,4,0.9985139739612411
0,0,0.9979535380813009
4,4,0.9985136164531556
4,4,0.9984981580482872
4,4,0.9983992351825508
4,4,0.9993083703609826
1,1,0.9959761835430473
0,0,0.9979531498722151
0,0,0.9979532994293286
1,1,0.9962748652106881
1,1,0.6613102811814321
4,4,0.9985153146020677
0,0,0.9979534446603192
4,4,0.9985193793371844
4,4,0.9985140796888322
4,4,0.9984626345103766
4,4,0.9985194508681701
4,4,0.9985082246089444
4,4,0.9951590338140329
4,4,0.9985135268640819
4,4,0.9984888549691178
4,4,0.9985217298253163
4,4,0.9984164558026435
1,1,0.9964117633873653
1,1,0.9962359935975238
0,0,0.9979580107290507
4,4,0.9976415660654901
0,0,0.9979278939191157
4,4,0.9985142529571484
0,0,0.9979537255137775
4,4,0.9983272587080144
4,4,0.9985150939349434
4,4,0.9985140070645927
0,0,0.9979534427000186
0,0,0.9966729114326593
4,4,0.9981828269332886
4,4,0.9982671645921736
4,4,0.9985157579064022
4,4,0.9985094147271233
4,4,0.9985205581714254
4,4,0.9984875412878118
4,4,0.9985141063417141
4,4,0.9985131980604323
4,4,0.9970132918584719
4,4,0.9985139908285735
4,4,0.9985196529512779
4,4,0.9945164972670375
4,4,0.9985185216072172
4,4,0.9985152655383329
4,4,0.9985133154106786
0,0,0.9979437927544198
4,4,0.9896308120684708
4,4,0.9985139946836806
0,0,0.9979535387950201
0,0,0.997958010729061
4,4,0.9984232355149447
0,0,0.9979534434300465
0,0,0.9979534468829322
0,0,0.9979531592018654
0,0,0.9979534464679936
4,4,0.9985185732686785
1,1,0.9963070488255392
0,0,0.9979546365642549
4,4,0.9985140832910278
1,1,0.9963260131918258
4,4,0.9985155181012823
1,1,0.9963702205389203
4,4,0.9981231244362756
0,0,0.9979534429545598
4,4,0.9985157563691316
1,1,0.9963259965428791
4,4,0.9985151907256195
4,4,0.9985140069204514
4,4,0.9985040782228699
0,0,0.9979555965045582
1,1,0.9960083374780047
4,4,0.9985153152179018
4,4,0.9984934140672574
0,0,0.9979533591853532
0,0,0.9979535800305229
4,4,0.9985140019149733
4,4,0.99851464002859
0,0,0.9979534438178878
0,0,0.9979548970638926
4,4,0.9985197191523905
4,4,0.9983113313434927
4,4,0.9985140074626705
4,4,0.9985139949305883
1,1,0.9963262170824431
4,4,0.9985168337505131
4,4,0.9985157543407381
0,0,0.9979533418572095
4,4,0.998514115613815
1,1,0.9963135410663728
0,0,0.9979532154408999
4,4,0.9983523150309979
4,4,0.9985139973091244
4,4,0.9980211962939024
1,1,0.9963256193629283
0,0,0.9979401458480641
4,4,0.9976166455519263
4,4,0.9985140796888322
4,4,0.9985144080024935
4,4,0.9985155604371773
0,0,0.9979600093207698
4,4,0.9988712562775292
4,4,0.9984919458749874
0,0,0.9979531304892661
4,4,0.9985158501312683
4,4,0.9985153567521682
4,4,0.9985138389841807
4,4,0.9985140868794338
4,4,0.9985142391653264
0,0,0.9977774414815272
4,4,0.9985157563691316
0,0,0.9979638045771734
4,4,0.9985139897468001
0,0,0.997953557034654
0,0,0.9979378274246581
0,0,0.99795673150123
4,4,0.9985151753552026
0,0,0.9979534426649106
4,4,0.9985157539861002
4,4,0.998142650220172
4,4,0.9985160878698845
0,0,0.9979534459212062
4,4,0.9985153701628994
0,0,0.9979530664796972
4,4,0.9985140349660321
0,0,0.9979531606400353
4,4,0.99838278117817
4,4,0.9985138890773924
4,4,0.9985158641475331
4,4,0.9986197669834747
4,4,0.9981497940398596
4,4,0.9985137476551473
0,0,0.9979535804643479
0,0,0.9979530465789547
4,4,0.9985133879572131
0,0,0.9979535836089577
4,4,0.9979830473633486
0,0,0.9979531318490102
4,4,0.998514077737237
1,1,0.9963260260360948
0,0,0.997953444132122
4,4,0.998507007249726
0,0,0.9979534467562625
0,0,0.9979534428328292
4,4,0.9985156726251249
4,4,0.9985140903561315
0,0,0.9979532990640866
0,0,0.997953832360152
0,0,0.9979532737602266
4,4,0.9985135466435853
4,4,0.9984212033027617
4,4,0.9985166447662195
4,4,0.9985138492604069
4,4,0.9985153761245051
0,0,0.9979189804157794
0,0,0.9979600204363046
0,0,0.9979531331210965
4,4,0.9985140789473435
4,4,0.9956276442687922
0,0,0.9930388148642797
0,0,0.997920926806283
0,0,0.9979534427334666
0,0,0.9978543814912582
4,4,0.9985140080109421
0,0,0.997953260948407
4,4,0.9985194948059907
4,4,0.9983244717327056
4,4,0.9984251944727757
4,4,0.9985140794314799
4,4,0.9985142523410322
0,0,0.9979534430227316
0,0,0.9979523145583626
0,0,0.9978855018380646
0,0,0.9979568742033079
1,1,0.9963733669169466
0,0,0.9913721897857284
0,0,0.9979531483023446
4,4,0.9982631447313368
4,4,0.9981908980252864
0,0,0.9943497605940568
4,4,0.9985078071064641
0,0,0.9977456439847635
4,4,0.9985141877900818
4,4,0.9985140793992079
0,0,0.9979534422923627
4,4,0.9985194349458479
4,4,0.99850717599744
4,4,0.9985158208025917
2,2,0.9988216163612342
0,0,0.9971483052400125
4,4,0.9983126824010787
0,0,0.9979533643302713
0,0,0.9979534429545598
0,0,0.9979530468682903
0,0,0.997955597656443
0,0,0.9979534446603192
0,0,0.9979457327107448
4,4,0.9985140072658144
4,4,0.9985140849863856
4,4,0.9985140847060003
4,4,0.9985142929577975
0,0,0.9979531324453509
4,4,0.9984634947255607
4,4,0.9980086535059248
4,4,0.9982023823720272
0,0,0.9979534421357273
4,4,0.9984353101565994
0,0,0.9979535381507662
0,0,0.9979534436393797
4,4,0.9985140976879076
4,4,0.9985139995849065
0,0,0.9978091196069104
0,0,0.9979597889667826
0,0,0.9979534484883653
4,4,0.9985157788216183
4,4,0.9985140065397551
0,0,0.9979534430227316
0,0,0.9979600481373889
1,1,0.9963738824024105
0,0,0.9979534443712894
0,0,0.9979535743013965
0,0,0.9979593848761018
0,0,0.9979567314924026
4,4,0.9984642187849297
0,0,0.9979537216500619
1,1,0.9963026120732443
0,0,0.9979538106011229
4,4,0.9985140011671992
0,0,0.9979530471122423
4,4,0.998507545326596
4,4,0.9985188027117033
4,4,0.9985153735759591
0,0,0.9979536590820554
4,3,0.9999999958016434
0,0,0.9979568897013166
0,0,0.9979531598233243
1,1,0.9963256358213486
4,4,0.9985154414589891
4,4,0.9985202706191744
4,4,0.9985138280927272
0,0,0.997953147685648
0,0,0.9979534436393797
4,4,0.9985140039767678
4,4,0.9985140838266348
4,4,0.9982193248552087
0,0,0.9979535387256115
4,4,0.9985139953758316
4,4,0.9985153703359093
4,4,0.9985203073370431
4,4,0.9984396282952804
4,4,0.9985141078312577
4,4,0.9982554358086039
4,4,0.9985157772858922
0,0,0.9979565669773647
4,4,0.998514079365475
4,4,0.9983639981682949
0,0,0.9979547602519234
0,0,0.9979531634568016
0,0,0.9979534444396987
4,4,0.9985157539861002
4,4,0.998515777638917
0,0,0.99795507142369
0,0,0.9979550477973571
4,4,0.9985143573970402
0,0,0.9979515505007308
4,4,0.9969706356952346
4,4,0.998514635770029
4,4,0.9985237089026014
1,1,0.9962913609989935
4,4,0.9985160143087679
4,4,0.9985140849793062
0,0,0.9979531498722151
4,4,0.9984959385786928
0,0,0.9979555976564065
0,0,0.9979531612351072
0,0,0.9979534429545598
4,4,0.9985003614511097
4,4,0.99851518938169
1,1,0.9963728973045282
0,0,0.9979394136627203
1,1,0.9963134624517821
4,4,0.9985154132754183
4,4,0.9985204305279896
0,0,0.9979531616215781
4,4,0.9985139976614159
4,4,0.9985140807880488
1,1,0.9963702205389203
4,4,0.9985075475337453
1,1,0.996319453742072
0,0,0.9979534443713302
0,0,0.9979534427000291
0,0,0.9979534430227316
4,4,0.9985138436334398
4,4,0.9985155900280092
0,0,0.9979534426649106
4,4,0.9996426470162681
4,4,0.998515777638917
0,0,0.9979534438179093
4,4,0.9982932576135762
1,1,0.9963260821873025
4,4,0.998303049333359
4,4,0.9985140003994946
1,1,0.9963262317104136
4,4,0.9985139959312901
0,0,0.9979534874363918
4,4,0.9965342534627201
4,4,0.9985161020958707
0,0,0.9979537259176292
0,0,0.9979531606286011
4,4,0.998484746266675
1,1,0.9962466341853401
4,4,0.9985154349579313
4,4,0.9985140871626278
4,4,0.9985140777760142
4,4,0.9985151853005644
4,4,0.9985157543407469
0,0,0.9979548982283903
0,0,0.9979534429545598
4,4,0.9985157788216183
1,1,0.9963259983164291
4,4,0.9985151461823735
4,4,0.9985140800678519
0,0,0.997956027196014
4,4,0.9984764757673122
0,0,0.9979533040365115
0,0,0.997953276693689
4,4,0.9985167461141962
4,4,0.998130808806286
4,4,0.9985140789946912
4,4,0.9985157815323394
4,4,0.998513992640274
0,0,0.9979543448099785
4,4,0.9985140049658845
4,4,0.9985142508969603
1,1,0.9963262204251596
4,4,0.9985142061685777
4,4,0.998513994198679
4,4,0.9985154482683125
0,0,0.9979571702847704
1,1,0.9597500346115171
1,1,0.9963256389998705
4,4,0.9985140772849105
1,1,0.9963260038055674
4,4,0.998513999855146
0,0,0.9979538323601548
0,0,0.9979541001603031
4,4,0.9984616267293425
4,4,0.9983363313338826
4,4,0.9984278448890618
0,0,0.9979202303193688
3,4,0.996749663170255
0,0,0.9979532542443394
4,4,0.9985141780108762
0,0,0.997953658284897
0,0,0.9979535387863153
4,4,0.998313509218483
4,4,0.9985191207961243
0,0,0.9979534426649106
0,0,0.99795495203231
0,0,0.9978907634906273
1,1,0.9961672137182603
0,0,0.9978660581128407
1,1,0.9963256358213486
0,0,0.9979535637787826
4,4,0.998514081952843
0,0,0.9979531505337271
0,0,0.9979541001603135
4,4,0.998515757394625
4,4,0.9985157567225114
4,4,0.9985156729782204
4,4,0.998515603386852
0,0,0.9979531616215812
0,0,0.9979550692651273
4,4,0.9985157555288439
0,0,0.9979534484883653
4,4,0.9985141879510923
4,4,0.9985157563691316
1,1,0.9963728926203685
0,0,0.997953446229445
0,0,0.9979535836089577
4,4,0.9985140825918876
1,1,0.9963270954494999
4,4,0.9984545338373196
4,4,0.9983605090911336
4,4,0.9983461482052213
0,0,0.99795315532569
4,4,0.998513999390302
0,0,0.9979346401096467
4,4,0.9985139124539624
0,0,0.9979511784806103
0,0,0.9979571698861165
4,4,0.9985157040429405
4,4,0.9972030891829844
0,0,0.9979531324453509
0,0,0.9979568758441385
2,2,0.9981686056985984
4,4,0.9985139934051556
4,4,0.9985139946836806
0,0,0.9979531498722255
4,4,0.9985140153564811
0,0,0.9978441481167528
4,4,0.998513750579299
0,0,0.9979547744468087
0,0,0.9979534877259677
0,0,0.9979467167613243
0,0,0.9979600204363046
4,4,0.998516100255131
4,4,0.9985154319470064
0,0,0.9978742683086085
4,4,0.9985230682609267
0,0,0.9979568700192389
0,0,0.9979534253172858
4,4,0.9985156729782204
4,4,0.9985140012405791
0,0,0.9975517105809151
0,0,0.9979534429545919
1,1,0.9963260234181587
0,0,0.9979209315178723
4,4,0.9983101101134882
1,1,0.9958569537583503
0,0,0.9979534440271508
1,1,0.9975073412709473
4,4,0.9983767469303548
0,0,0.9979542405960331
4,4,0.9980245694968599
4,4,0.9985138879823525
0,0,0.997953161621579
4,4,0.9985138889458006
4,4,0.9985139945532606
4,4,0.9985140070622556
1,1,0.9649267106978218
0,0,0.9979580161512377
1,1,0.9963262066525376
4,4,0.9985054016697335
4,4,0.9985140809182671
4,4,0.9985139884192848
4,4,0.9983423092063447
0,0,0.9979549186569461
1,1,0.9963260124289325
4,4,0.9985139949308393
4,4,0.9985139044930232
4,4,0.9985140873932578
0,0,0.9979535614082986
1,1,0.9963749012264655
0,0,0.9977086840191263
0,0,0.997952764785999
0,0,0.9979526732514268
4,4,0.998513999883368
0,0,0.9979531311511711
1,1,0.9956260858003771
0,0,0.9979511615617458
4,4,0.997946435219408
4,4,0.9984882611260204
4,4,0.99851400919023
0,0,0.997953161372213
0,0,0.9979534427334773
0,0,0.9978756031662332
4,4,0.9985139928699062
4,4,0.998515757394625
4,4,0.9985138463338779
0,0,0.9979522002019053
4,4,0.9984878413483695
0,0,0.9979533915818516
4,4,0.9985140782622589
4,4,0.9985208365510997
0,0,0.9979534443712894
0,0,0.997952733971801
4,4,0.9985140963257196
0,0,0.9979527645096767
0,0,0.9979531009411572
0,0,0.9979534430227637
4,4,0.9985138462117735
4,4,0.9985341589919877
4,4,0.9985139241493235
4,4,0.99893109274603
0,0,0.9979545886539366
0,0,0.9979540978726283
0,0,0.997601164655834
0,0,0.9979534429545919
4,4,0.9985140993034032
0,0,0.9979395968596785
4,4,0.9985154593203436
4,4,0.9985140031259165
4,4,0.9962206332472725
4,4,0.9985136551712629
0,0,0.9979535552107501
4,4,0.9413809820594664
0,0,0.9979607169062035
4,4,0.9981958158902215
0,0,0.9979589609175388
0,0,0.9979560279574688
4,4,0.9985059809748553
0,0,0.997937842625615
0,0,0.9979534444397201
4,4,0.9884024698316609
4,4,0.9985157555288439
4,4,0.9985140772014901
0,0,0.9979583204255751
4,4,0.9985140032373812
4,4,0.9985139731260664
4,4,0.998413368811845
4,4,0.9982551331325399
4,4,0.997942566255797
0,0,0.9979539555657204
4,4,0.998513908474862
4,4,0.9985139893052245
4,4,0.9985219998173412
4,4,0.9980145282626409
4,4,0.9985154893875884
0,0,0.9979436514137102
1,1,0.9963260234181587
0,0,0.9979534427000291
4,4,0.9985155678071944
4,4,0.9985139996837851
0,0,0.9979534879803633
0,0,0.9972719203808128
4,4,0.9985071939898692
0,0,0.9979543439433891
4,4,0.9985157555288439
4,4,0.9985139942943531
4,4,0.998513997547283
0,0,0.9979583204255751
0,0,0.9979531998988279
4,4,0.9915338041389911
0,0,0.9979531617277909
0,0,0.9979534430227316
0,0,0.9979516551684923
4,4,0.9985140130577527
0,0,0.9979534429545598
4,4,0.9983174953680406
4,4,0.9985140073640162
0,0,0.9979532850953146
0,0,0.9979534430227422
0,0,0.9979534459894611
4,4,0.9984075597827977
0,0,0.9979531532211041
4,4,0.998514104266122
0,0,0.9979534426649154
0,0,0.9979560271957364
0,0,0.9979534429545598
4,4,0.9970964532831001
1,1,0.996326247752119
4,4,0.9985141043211724
4,4,0.9985141033801208
4,4,0.9985139942438013
0,0,0.9979534426649106
1,1,0.9962912040864611
0,0,0.9979532772924226
4,4,0.9985141828358238
0,0,0.9979511757948278
4,4,0.9987036709061647
0,0,0.9979536587469161
4,4,0.9985151043964026
4,4,0.998514003489675
0,0,0.9979534430227422
4,4,0.9908836711027931
1,1,0.9963733680412226
4,4,0.9985140107234055
0,0,0.9979534426649106
4,4,0.9985157788216183
0,0,0.9959592989441457
0,0,0.9979531538214236
0,0,0.9979580302046008
1,1,0.9958936771372345
0,0,0.9979549186569779
1,1,0.9959684612452554
0,0,0.9979748289941976
0,0,0.9971868404243405
4,4,0.9984404205139773
4,4,0.9978373678990221
4,4,0.9926294761249319
0,0,0.9979546375501551
4,4,0.9985141237779027
2,2,0.9855476184188285
4,4,0.9985139939576213
4,4,0.9985154764605849
4,4,0.9985188502221909
4,4,0.9985157543407469
0,0,0.9979567311165449
4,4,0.8812101301732858
4,4,0.9985139943405694
4,4,0.9985140900150189
4,4,0.9984287050239872
4,4,0.9980791555009992
4,4,0.9981799378617953
4,4,0.9938985417763386
1,1,0.9963260234181587
0,0,0.9979534879803633
0,0,0.9979535637787723
4,4,0.9957449652075976
0,0,0.9979530462068102
4,4,0.9981540490423788
4,4,0.9985139935557944
4,4,0.9985187777450311
0,0,0.9979293489505471
4,4,0.9985132869542058
4,4,0.9989397417037614
4,4,0.9985026169325868
0,0,0.9979534443713108
0,0,0.9979535376890517
0,0,0.9979432100006685
0,0,0.9979580302046008
4,4,0.998513993102203
4,4,0.9994983073172607
4,4,0.9984497621542759
0,0,0.997953162026991
4,4,0.9985140790444927
4,4,0.997898902020008
4,4,0.9985140789182761
0,0,0.9979530462068102
4,4,0.9985139957312896
0,0,0.9979580157769881
0,0,0.9979537201765062
1,1,0.9962646490103919
0,0,0.997953442170531
4,4,0.9984869457836489
0,0,0.9979534429545598
4,4,0.998412599600051
4,4,0.9985071027257245
0,0,0.9979534919631844
4,4,0.9984888549691178
0,0,0.997953282734434
4,4,0.9985157772858922
0,0,0.997951788856865
4,4,0.9985156702440116
1,1,0.9963728929876234
0,0,0.9979549486433609
4,4,0.9985139935695522
4,4,0.9985140187723184
4,4,0.9983937414087641
0,0,0.9979534430227365
4,4,0.998513994164115
4,4,0.9985157567225114
4,4,0.9985151746666342
0,0,0.9979534430227365
4,4,0.9985139942822854
4,4,0.9985157567225114
0,0,0.9979534427334773
4,4,0.9993733910710441
0,0,0.997950908874308
0,0,0.9979549188265664
0,0,0.9979531110002416
4,4,0.9985153881532396
4,4,0.9985151874659609
4,4,0.998514081131208
4,4,0.9983966881498347
4,4,0.9985140067270988
0,0,0.9979528541834273
4,4,0.9985140010318038
4,4,0.9985188227078046
4,4,0.9985157555288439
4,4,0.9985139952341743
4,4,0.9984498598165492
4,4,0.9985156729782204
4,4,0.9981837867429988
4,4,0.9985157772858922
4,4,0.998506405390627
4,4,0.9985140800627246
4,4,0.9985125757733436
4,4,0.9985144948309801
1,1,0.9963260085630241
0,0,0.9979534879803633
4,4,0.9985140803903856
1,1,0.996356513280519
0,0,0.9979534417625725
1,1,0.9963729156007373
1,1,0.9954804642581726
1,1,0.9961233161701707
0,0,0.9979481759403137
4,4,0.9985172069566134
4,4,0.9981105768594759
0,0,0.9979532827230198
0,0,0.9979213396087232
4,4,0.9985147277124354
4,4,0.9984499874184305
4,4,0.9985157772858922
4,4,0.9985140859960229
0,0,0.9979513111467918
4,4,0.998513995119489
0,0,0.9979531831973931
4,4,0.9985154501062532
4,4,0.9987476587347723
1,1,0.99582173443939
1,1,0.9962819882393222
0,0,0.9979534439283164
4,4,0.9985157570416001
1,1,0.996372893360731
0,0,0.9979555980355284
1,1,0.9962600472650665
0,0,0.9979534430227316
0,0,0.9979534467562625
1,1,0.9963456594957795
4,4,0.9984493804599794
0,0,0.9979731841324906
4,4,0.9984919855994117
0,0,0.9979525156830238
0,0,0.9979552858238242
0,0,0.997953047112232
4,4,0.9985069019679206
4,4,0.9985139939576302
4,4,0.9986450299732524
1,1,0.9963728926203685
1,1,0.9962590124192151
0,0,0.9979567315009317
4,4,0.9985128811279137
0,0,0.9979555968688133
4,4,0.9980132110773672
4,4,0.9985157555288439
4,4,0.9985139915061866
0,0,0.9979583204255751
4,4,0.9984494458875433
0,0,0.9979535564616665
4,4,0.9981674331289253
0,0,0.9979534426649211
4,4,0.9785628311537342
4,4,0.9985139953009118
0,0,0.9979583204255599
0,0,0.9976470268260668
0,0,0.9979102289266675
4,4,0.9985140906159401
4,4,0.9985178794913191
4,4,0.9984426351885435
4,4,0.9985154369696185
0,0,0.9979524442520652
4,4,0.9985156158196229
4,4,0.9985154207783896
0,0,0.9979531616215812
0,0,0.9979534429545704
4,4,0.9985139961343198
0,0,0.997954513551129
0,0,0.9979535644402849
4,4,0.9984927339423726
4,4,0.998514079562735
0,0,0.9979534424252197
0,0,0.9979534434108028
1,1,0.9961241829379459
4,4,0.998515516161673
0,0,0.9979344308693894
0,0,0.9979534460410828
4,4,0.9985140804445422
4,4,0.9985155043311876
4,4,0.9985140915338694
0,0,0.9979516860220347
4,4,0.9985154405720099
4,4,0.998309554052016
4,4,0.9985153614501341
4,4,0.9984496242901757
4,4,0.9985154294648212
1,1,0.996313572400506
4,4,0.996439782413003
0,0,0.9979555968688498
4,4,0.9985073735876033
4,4,0.998520156324611
4,4,0.9985152919110708
4,4,0.9985153752681238
0,0,0.9979534436393797
4,4,0.9940885707715741
0,0,0.9979534251466523
0,0,0.9979549139776434
2,2,0.9981749850123516
4,4,0.9971516764543261
1,1,0.9962587222913567
4,4,0.9985152098691771
0,0,0.9978476330666664
4,4,0.9985140049208611
4,4,0.9985046125324905
4,4,0.9984486841148241
4,4,0.9985140955914344
0,0,0.9982064353257084
4,4,0.9985136390974312
1,1,0.9960820773857825
4,4,0.9985155536134694
4,4,0.9985072287869526
4,4,0.9984188377305938
4,4,0.9985153608223196
0,0,0.9979532772839294
4,4,0.9985154089596818
4,4,0.998177359562201
0,0,0.9979532994178971
0,0,0.9979532824466536
4,4,0.9985141482443184
4,4,0.9984429792531213
4,4,0.9981957243404725
4,4,0.99852382876624
0,0,0.9979615902678202
1,1,0.9963728951513304
1,1,0.9962579553473715
0,0,0.997864281849921
0,0,0.9979534251466523
1,1,0.9963148834180208
4,4,0.998514084162791
0,0,0.9979516860106052
0,0,0.9979549186569461
0,0,0.9979531466997189
4,4,0.9985140816342661
4,4,0.9984741698828543
4,4,0.998514111782778
0,0,0.9979533582597477
4,4,0.9981621532888993
0,0,0.9979583200632677
0,0,0.997954093364503
0,0,0.9979531612351055
4,4,0.99851409616387
0,0,0.9979531498722151
4,4,0.9984949947469764
4,4,0.9982005687187884
4,4,0.9985909665844023
4,4,0.998513668300667
4,4,0.9984130353867228
4,4,0.9985157539861002
4,4,0.9985140870812789
4,4,0.998313906399867
0,0,0.9977746583650905
4,4,0.9985298850861242
4,4,0.9985141821110607
0,0,0.9976555898862096
1,1,0.9963262317104136
4,4,0.9985140825057299
4,4,0.9985157788216183
0,0,0.9979516860220315
0,0,0.9979571702847704
4,4,0.9953146687994782
4,4,0.9985154451571014
0,0,0.997959786190257
4,4,0.9985151782344087
4,4,0.99925238701678
0,0,0.9979534253172752
4,4,0.9943375137747756
0,0,0.9979531495830092
4,4,0.9985140772562094
4,4,0.9982411839368522
4,4,0.9985154760050663
0,0,0.9979531606286011
4,4,0.9982568536456613
1,1,0.9932723610097746
4,4,0.9985157567225114
4,4,0.998513745843802
4,4,0.998515777638917
0,0,0.9979549481138398
4,4,0.9982314488195233
0,0,0.9979534429545598
0,0,0.9979371737935616
0,0,0.9979534443712894
0,0,0.997953572130392
4,4,0.9985156732970524
4,4,0.9985139948682574
0,0,0.9979278972902521
4,4,0.9983764740610334
4,4,0.9981198294791405
0,0,0.9979527647974479
0,0,0.997923391597795
4,4,0.9985152939848941
4,4,0.9985140847450334
4,4,0.998514079549994
0,0,0.9979532994293286
0,0,0.9979534251466523
4,4,0.9984868750674929
4,4,0.9985140976681591
4,4,0.9985157772858922
4,4,0.9614822023824523
0,0,0.9979516551684816
0,0,0.9979374805005783
4,4,0.9985030825450667
4,4,0.9981743208431497
0,0,0.9979401417259381
4,4,0.9973408137735618
0,0,0.9979531466997296
4,4,0.9985155524282164
4,4,0.9985140796888318
0,0,0.9978660999270211
0,0,0.997954378391744
4,4,0.998489290336683
4,4,0.9985140032195696
4,4,0.9994586215645141
0,0,0.9979535804643479
4,4,0.9985140797339477
4,4,0.9985132366668037
0,0,0.9979531996226341
0,0,0.9979404028748218
4,4,0.9985188216492622
4,4,0.9985139938104961
4,4,0.9985137005540042
0,0,0.9977086212572602
0,0,0.9979397281566029
0,0,0.997778792746241
0,0,0.9979571698861165
4,4,0.9985139725142419
0,0,0.9979484364737287
0,0,0.9979548978614399
4,4,0.9985185216078791
4,4,0.9983330172674322
0,0,0.9979534431563968
0,0,0.997953676407939
0,0,0.9978584091747232
0,0,0.9979534460972213
4,4,0.998513993649952
4,4,0.9981573181606974
1,1,0.996326247752119
4,4,0.9981664634464734
0,0,0.9979549486433609
0,0,0.9979392362683269
4,4,0.9985161043040904
4,4,0.998515757394625
4,4,0.9985153611905568
0,0,0.9979532062225719
4,4,0.9985140854617951
4,4,0.9984954291349643
4,4,0.9984756004212196
0,0,0.9979542985464586
0,0,0.997950867183104
0,0,0.9979534443713302
4,4,0.9985156938940816
4,4,0.9985140751335017
1,1,0.9962710197312841
4,4,0.9981368650121067
0,0,0.9979533927422262
0,0,0.9979401417557003
4,4,0.9034369640634089
4,4,0.998514077390171
0,0,0.9979534424252197
0,0,0.9979508870614955
4,4,0.9985159429726971
0,0,0.9979549246905317
4,4,0.9983432665801474
4,4,0.9984955434055535
4,4,0.998159654294505
4,4,0.9985140913676248
2,2,0.9981816738164417
4,4,0.998515757394625
0,0,0.997953260948407
4,4,0.998501991702222
2,2,0.9903723471791847
0,0,0.99784448991051
4,4,0.9984470475466898
0,0,0.9979533380176121
4,4,0.9985140773580035
4,4,0.9985151787794244
0,0,0.997953583203363
4,4,0.9981839475966693
4,4,0.9985139929813187
4,4,0.9985140794916176
1,1,0.996325868344097
0,0,0.9979567315009317
4,4,0.9985157563691316
4,4,0.9985193829331086
4,4,0.9985139040528825
4,4,0.9985140780192107
1,1,0.9960650034942887
4,4,0.9985156702440116
0,0,0.9979497784131367
4,4,0.998518237034167
4,4,0.9984760914818435
0,0,0.9979535634892067
4,4,0.9985139952489288
4,4,0.9985139789795064
2,2,0.9989677028906764
4,4,0.9984499041510627
0,0,0.9979535800305335
1,1,0.9959295123117564
1,1,0.9963728926203685
4,4,0.9985141025161519
0,0,0.9979542098962184
4,4,0.9985141221484468
4,4,0.9985140794314736
0,0,0.9979597744729279
4,4,0.9985153214069028
4,4,0.9985140931968988
4,4,0.9985140969442755
4,4,0.9984874242047724
0,0,0.9979533643302523
4,4,0.9984443905524292
4,4,0.9985073703768306
4,4,0.9983901564498364
4,4,0.9985164797484133
0,0,0.997953537998167
4,4,0.9985154714046507
0,0,0.9979514063691954
0,0,0.9979600093207698
0,0,0.9975977847434192
4,4,0.9985139983941159
4,4,0.9985141299522079
4,4,0.9985179974092583
0,0,0.9979534497120393
4,4,0.9985154305174723
4,4,0.9985156729782204
4,4,0.9988099164549913
4,4,0.998515102683313
4,4,0.9985157539861002
0,0,0.9979549526784921
4,4,0.99849981010771
1,1,0.9963262317104136
4,4,0.999999999999994
0,0,0.9979534318710818
0,0,0.9977937733907224
4,4,0.9985139955656991
4,4,0.9902212116286613
4,4,0.998515423082013
0,0,0.9979548978614399
4,4,0.9985139945481317
0,0,0.9979534430723868
4,4,0.998514088079793
4,4,0.9985140806270479
0,0,0.9979531308620091
0,0,0.9979535374040708
4,4,0.9985140437774394
4,4,0.9985015868212438
4,4,0.9985140905657051
1,1,0.9963260131918258
4,4,0.9894582915080682
4,4,0.9983209314445789
4,4,0.998514078147087
0,0,0.9979571698861165
0,0,0.9979534430227316
4,4,0.9985140779739722
4,4,0.9985185734006276
4,4,0.9985139730599187
4,4,0.9982646908488941
0,0,0.9979534447283454
0,0,0.997953186000634
4,4,0.9985151954207131
4,4,0.9985140088965394
4,4,0.9985141639875843
4,4,0.9985140796888322
0,0,0.9979535521432199
4,4,0.9985177207527062
0,0,0.9979535725248697
4,4,0.9985139973332401
0,0,0.9979534438432592
4,4,0.9985140842248472
4,4,0.9984982842603354
4,4,0.9980670214426082
4,4,0.9981136340386495
0,0,0.9809509016816358
4,4,0.989904376366784
0,0,0.9979547435479637
1,1,0.9963259879179899
4,4,0.9975624440803528
0,0,0.9979534463295064
4,4,0.9985264464695783
0,0,0.9979598211587052
1,1,0.9963728951513304
0,0,0.997953161235115
4,4,0.9984494247324643
4,4,0.998515097540216
0,0,0.9979627548034673
4,4,0.9985141874104925
4,4,0.9985137527391895
4,4,0.9985152796671863
0,0,0.9979533927422262
4,4,0.9985140095664214
4,4,0.9985140777151855
0,0,0.9979534439283164
4,4,0.9982380103776621
0,0,0.9979531541094393
0,0,0.9979533816166287
4,3,0.9999999965590931
4,4,0.9985139998537634
4,4,0.9984522034843362
4,4,0.9985160984955105
4,4,0.998515673649793
4,4,0.9983601421100894
0,0,0.9979535274850463
0,0,0.9979549246905317
4,4,0.9981962158630515
0,0,0.9979534427489739
4,4,0.9985153769083295
4,4,0.9969211507909738
1,1,0.996323111273451
4,4,0.9985007791111985
4,4,0.9983586080970998
4,4,0.9984026180087634
1,1,0.9963260240248439
0,0,0.9979374803279842
4,4,0.9984499874184305
4,4,0.9983521508653344
0,0,0.997681769829651
0,0,0.9977024229730511
4,4,0.9985157579064022
0,0,0.9979511620167875
0,0,0.9979534426649154
0,0,0.9979532990126901
4,4,0.9983928460529476
1,1,0.9963066022716455
4,4,0.9985141529789726
4,4,0.9983520524904161
0,0,0.9979536587466116
4,4,0.998423818887552
4,4,0.9985140875179067
1,1,0.9962074712002859
0,0,0.9979549014050337
4,4,0.9985155183940863
0,0,0.9979540001667843
0,0,0.997953439938566
0,0,0.9979534462294346
4,4,0.9984916460870872
0,0,0.9978913350057989
4,4,0.9985185247366678
4,4,0.9983578020385347
0,0,0.9979532824352346
4,4,0.9985143681431067
4,4,0.9984388733635491
4,4,0.9984517114211067
4,4,0.9985140072658144
0,0,0.9979535386578919
0,0,0.9979607079300873
1,1,0.9963728933605427
0,0,0.997952764797447
0,0,0.9979534443713108
4,4,0.9985140796098346
4,4,0.9985153546830411
0,0,0.9979531505337271
0,0,0.9979534469883655
1,1,0.9958917305079161
0,0,0.9979534883425019
0,0,0.9979535487821548
0,0,0.9979401336559813
0,0,0.9939607697520404
0,0,0.9979600993237472
0,0,0.9979534417625725
4,4,0.9985141298014315
4,4,0.9985152326051275
0,0,0.9979414639309286
4,4,0.9979744945100355
4,4,0.9985157539861002
4,4,0.9983824163370085
4,4,0.9985176062076642
4,4,0.9985188513288982
4,4,0.9965404948383625
0,0,0.9979534429545598
0,0,0.9979535637787723
0,0,0.9979539609023819
0,0,0.997941645923447
4,4,0.9985139946497759
4,4,0.9999508119945898
4,4,0.9981220656619919
4,4,0.9985140982223656
0,0,0.9979534429545704
0,0,0.9979600054007872
0,0,0.9979531505337271
0,0,0.9979531603403129
4,4,0.9984925503162181
0,0,0.9979532994293419
4,4,0.9985067660196473
0,0,0.9979508884861823
0,0,0.9979535387256115
4,4,0.998515757394625
0,0,0.997953444132122
4,4,0.9985137496550117
0,0,0.9979523038567714
4,4,0.9981081337392741
0,0,0.9979535379216767
4,4,0.9985019330964948
4,4,0.9985140093512477
4,4,0.9985140013211777
4,4,0.9985045392262106
1,1,0.9954804642581726
0,0,0.9979534512585452
4,4,0.9984893712469527
4,4,0.9985140819200751
1,1,0.9965049928996857
0,0,0.9979546206289615
4,4,0.9985153257394852
0,0,0.9979530468682903
1,1,0.9963194606506565
0,0,0.9979549512582981
0,0,0.997939427455773
0,0,0.9979534431563968
0,0,0.9979534429545647
4,4,0.9984336145017718
4,4,0.998513844560955
0,0,0.9979528653039834
4,4,0.9986563399361925
4,4,0.9985185316149592
4,4,0.9977767508589318
0,0,0.9966501994313743
1,1,0.9963766938920826
4,4,0.9985140800418338
4,4,0.998514149168472
4,4,0.9985151960421298
0,0,0.9979549186569565
4,4,0.9999999999999871
4,4,0.9985151042277738
0,0,0.9979539734045998
0,0,0.997952764797447
1,1,0.9963260131918258
4,4,0.9985140777159807
4,4,0.9985156729782204
4,4,0.9985157788216183
2,2,0.9983006571519321
4,4,0.998513997609997
4,4,0.9983119924510212
4,4,0.9985255368817778
4,4,0.9985151027204971
0,0,0.9979538323487985
1,1,0.9963262170824431
0,0,0.9936631937538303
4,4,0.9985140835347404
4,4,0.9994961806699814
4,4,0.9985140819413896
4,4,0.9985157772858922
0,0,0.9979549708731732
1,1,0.9963259968210503
4,4,0.9986531772757447
4,4,0.9985157788216183
0,0,0.9979534444396987
4,4,0.9981186166800294
0,0,0.9979534426649211
0,0,0.997953564033194
0,0,0.9979608515259075
0,0,0.9979534430227316
4,4,0.9985140770652297
0,0,0.9979531616215714
4,4,0.9985153519629661
0,0,0.9979549490997404
4,4,0.9985154340270289
0,0,0.9979533927422262
4,4,0.9985140856079686
4,4,0.9985194542379768
4,4,0.9985127589881724
4,4,0.998502052728359
0,0,0.9975978680006977
4,4,0.9985157567225114
0,0,0.9979532605540404
0,0,0.9979534424252139
1,1,0.9962912040864611
4,4,0.9985139786496994
0,0,0.9979608682341307
4,4,0.998515777638917
4,4,0.9985157563691316
4,4,0.9985140785830775
0,0,0.9979583204255599
4,4,0.9985150015677606
1,1,0.9917582393572176
4,4,0.998513995119489
4,4,0.9985175345767965
1,1,0.9963260131918258
4,4,0.9985154126547282
4,4,0.9985105412027431
0,0,0.9979534427334666
0,0,0.9985134328043498
0,0,0.9979571638929517
4,4,0.998501963560018
1,1,0.9962702784423362
0,0,0.997953206627984
1,1,0.9963188107193311
4,4,0.9985140035440264
1,1,0.9964664164881477
4,4,0.9985140057375262
4,4,0.9985139989261633
1,1,0.9963066058971352
4,4,0.998514115251037
4,4,0.9982270034253113
0,0,0.9979534427334666
0,0,0.997953161727757
4,4,0.9985140068986708
1,1,0.9963260131918258
0,0,0.9979202303193688
1,1,0.9962828568851225
4,4,0.9985246758994515
4,4,0.9985140866576047
4,4,0.9985140795627256
4,4,0.997479712399417
4,4,0.9985071852492593
4,4,0.9984511680785159
4,4,0.9985012049047159
4,4,0.9984583062185629
4,4,0.9983767204252655
0,0,0.9979541013169552
0,0,0.9979567322808977
0,0,0.9979531534509172
4,4,0.9985007289983786
0,0,0.9979540676276343
4,4,0.9985010565627757
4,4,0.9985140796098346
4,4,0.99851400208348
4,4,0.9971472449287234
4,4,0.9985139946028871
4,4,0.9985139957947484
0,0,0.9979534434108243
4,4,0.9999999955038623
4,4,0.9985154224062399
1,1,0.9963260066201634
4,4,0.9982147762760757
0,0,0.9979549526174447
4,4,0.9985202891305316
2,2,0.9918622882647979
4,4,0.9982119528431451
1,1,0.9963066058971352
4,4,0.9985140871626278
4,4,0.9985155521313842
0,0,0.9979534446603405
0,0,0.9979534422923627
4,4,0.9985161191648239
0,0,0.9979531341168671
0,0,0.9979293489506256
0,0,0.9979522891621223
4,4,0.9985151981240806
1,1,0.9963375375067631
4,4,0.9985140971173129
1,1,0.9962872328403689
4,4,0.9986940237072952
0,0,0.9979534422923627
4,4,0.9985157788216183
4,4,0.9984915342519873
0,0,0.9979534429545598
4,4,0.9985140862696116
4,4,0.9984121605358842
1,1,0.9963256481809903
0,0,0.9950480389419037
4,4,0.9985138891786663
1,1,0.9963194451333752
0,0,0.9979534436393797
0,0,0.9979599925495203
0,0,0.9979533213651406
4,4,0.9985140863907355
4,4,0.998449634529648
4,4,0.9985176316438743
0,0,0.9979530462067998
0,0,0.9979530468682903
1,1,0.9961241863598588
4,4,0.998515777638917
4,4,0.9982410197524714
0,0,0.9979534427489739
4,4,0.9983520753533861
4,4,0.9985157772858922
4,4,0.9985157563691316
0,0,0.9923095027626133
0,0,0.9979534446603405
0,0,0.9979555968688498
2,2,0.9976214662708012
4,4,0.9985154384738836
0,0,0.9979537216500405
0,0,0.9979583204255599
0,0,0.9979583215857679
0,0,0.9979535382015152
0,0,0.9979534421353676
4,4,0.998513915451669
0,0,0.9979531623399126
4,4,0.9985141104087781
4,4,0.9985140906986162
4,4,0.9985140866576047
0,0,0.9979535802849506
4,4,0.9985139937598595
0,0,0.9979534426649106
4,4,0.9985140961037894
0,0,0.9979580302046008
4,4,0.9985183375934162
4,4,0.9985137230778404
0,0,0.9979535387863153
4,4,0.9985155804532954
4,4,0.9985141672873519
4,4,0.9985153519505642
0,0,0.9979535637787826
4,4,0.9985140864603812
1,1,0.9963738824024105
0,0,0.9979583204255599
4,4,0.9985140809190524
0,0,0.9979535556825883
4,4,0.9984372711148443
4,4,0.9987802412419009
4,4,0.9983764075174795
4,4,0.9985140955473792
0,0,0.9972187459744603
4,4,0.9976209035999862
4,4,0.9985164870362271
4,4,0.9985154530750057
4,4,0.9985141810172035
4,4,0.998402064459084
0,0,0.9979580161512377
4,4,0.9985139941756324
0,0,0.9979531331210916
0,0,0.9979531860006414
0,0,0.9979534427000186
0,0,0.9982538008307199
4,4,0.9985140001890992
4,4,0.985981106465026
4,4,0.998350784217435
0,0,0.9979534247800842
4,4,0.9977704953833719
0,0,0.9979534460187844
4,4,0.9985075475337453
0,0,0.9979568754840382
0,0,0.9979534430724084
0,0,0.9979527647974499
4,4,0.9985141639875843
0,0,0.9979531498722151
0,0,0.9979404146213903
4,4,0.9985065371164012
4,4,0.9985157570416001
0,0,0.9979531584071584
1,1,0.9962358458664229
4,4,0.9985139789743678
4,4,0.9985157772858922
1,1,0.9963259833789039
1,1,0.9963728926203685
1,1,0.9961802332147968
4,4,0.9952236970960555
4,4,0.9985102771534088
4,4,0.9985141162587315
4,4,0.9932280098988299
4,4,0.9985140794916088
4,4,0.9985186667026905
0,0,0.9979537259176292
4,4,0.9985140795627256
4,4,0.9986531764277503
4,4,0.9985156732970524
4,4,0.998517557762135
4,4,0.9984407998692346
1,1,0.996216769731767
4,4,0.9985140779739815
1,1,0.9963070488255392
4,4,0.998515757394625
4,4,0.9984843182010653
4,4,0.9985140055214021
1,1,0.9963729156007373
1,1,0.9963728933605427
0,0,0.9979535646842054
4,4,0.9985139943819397
4,4,0.998385194076765
4,4,0.9979896506713878
0,0,0.9979547427455282
0,0,0.9979530420052084
4,4,0.996579741472385
4,4,0.9985157567225114
4,4,0.9985157555288439
0,0,0.9979533637949234
0,0,0.9979534464680042
4,4,0.9982092291351252
1,1,0.9963262170824431
4,4,0.998515673649793
1,1,0.996356513280519
4,4,0.9985156349814951
4,4,0.9985139884026686
0,0,0.9979547605165223
1,1,0.9963738824024105
0,0,0.9979532062225613
4,4,0.998323705854058
0,0,0.9979532745404726
0,0,0.9979537266458159
0,0,0.9979139286757082
4,4,0.9985154670510612
4,4,0.9985029865471168
4,4,0.9985141192106584
4,4,0.9984444861988933
0,0,0.9979401460326776
4,4,0.9985143906350379
4,4,0.9984393169542234
1,1,0.9955269656969084
0,0,0.997902592713617
0,0,0.9979530089894412
0,0,0.9979540941276368
4,4,0.9985055440926569
0,0,0.9979534434108028
4,4,0.9984944067985712
0,0,0.99795344466036
1,1,0.9962358458664229
0,0,0.9979534421704989
0,0,0.9979491151738521
0,0,0.9979532994179207
0,0,0.9978755369463854
0,0,0.9979278972902521
0,0,0.9979531996226341
0,0,0.9978914901541104
4,4,0.9984075209368086
0,0,0.9979520797970733
4,4,0.9985139938713903
4,4,0.998514007646511
0,0,0.9979534430227316
0,0,0.9979534429545598
4,4,0.9985140858880882
4,4,0.9985144056072093
0,0,0.9976233305995293
4,4,0.9985155108110679
1,1,0.9963260019250334
0,0,0.9979560435022435
4,4,0.9985153093967024
0,0,0.9979549708619662
0,0,0.9964139991919473
1,1,0.9963728973045282
0,0,0.9979568758441357
4,4,0.9984130353867228
1,1,0.9963728973045282
4,4,0.9985157815323394
0,0,0.9979481347731239
4,4,0.9985138308903596
0,0,0.9979539555657204
1,1,0.9963728973045282
4,4,0.9985011443058984
4,4,0.9977739177634407
1,1,0.9963259983891478
4,4,0.9981560596025295
1,1,0.9963260131918258
4,4,0.9985154994598724
0,0,0.9979487945683474
4,4,0.9985140823352299
1,1,0.9963565733699583
0,0,0.9979534431563968
4,4,0.9985127525116297
1,1,0.9962583819078007
0,0,0.9979368509358983
4,4,0.9985344787392039
4,4,0.9976891572176803
0,0,0.9979548970638926
4,4,0.9928730911054341
4,4,0.9985140093549417
0,0,0.9979374803278389
4,4,0.9981536303752545
1,1,0.9960557961737749
1,1,0.9963260234181587
1,1,0.99633025921773
4,4,0.9985153997724243
1,1,0.9962370207841099
0,0,0.9979542591615415
4,4,0.9985138953697015
4,4,0.9985156705983729
4,4,0.9985138297803334
0,0,0.9979583204255386
4,4,0.9985151000517857
4,4,0.9985140018537386
4,4,0.9985157567225114
0,0,0.9979534427334666
4,4,0.9985157539861002
4,4,0.9985139945081151
0,0,0.9979583204255751
4,4,0.9985073357623744
0,0,0.9979534427334666
0,0,0.997901870954569
1,1,0.9961323967563591
0,0,0.9979571553018608
0,0,0.9979534447283454
0,0,0.9979535379894591
4,4,0.9985139945313651
0,0,0.9979567452483354
0,0,0.9979549486433505
4,4,0.9985151783481102
0,0,0.9979534448270915
4,4,0.9985140821235756
0,0,0.9979530462067998
0,0,0.9979401436331516
4,4,0.998513995717378
0,0,0.9979534444396987
4,4,0.9985157539861002
4,4,0.9985154124289642
0,0,0.9979534467562625
4,4,0.9980054745659959
4,4,0.9985157539861002
0,0,0.9979534879803633
4,4,0.9985138386505631
4,4,0.9985154546986253
0,0,0.9979232198085907
0,0,0.9979542616537844
0,0,0.9979531603402788
1,1,0.9963259637618722
4,4,0.9985020976607991
0,0,0.9979534431563968
4,4,0.9984888549691178
4,4,0.9985139946836894
4,4,0.9979742315408743
1,1,0.9963448507751479
4,4,0.998177793700233
0,0,0.9979534434108243
4,4,0.9985150967156496
4,4,0.9985140857158679
4,4,0.9985137460108625
0,0,0.9979534464468246
1,1,0.9963748771506179
0,0,0.9979571626695614
4,4,0.9985140807219394
4,4,0.9980342608345315
4,4,0.9984925572698984
4,4,0.9932164868565527
0,0,0.9979549558247517
4,4,0.9985139950439181
4,4,0.998515777638917
4,4,0.99851546235436
4,4,0.9985150018924412
0,0,0.9979546365642655
2,2,0.9966669203809556
0,0,0.9979540405975278
0,0,0.9999989249779909
0,0,0.997920230456401
4,4,0.9985139954014691
4,4,0.9985158569124393
4,4,0.9985140790896507
0,0,0.9978862185319559
0,0,0.9979550898198756
4,4,0.9955606514207245
0,0,0.9979530457993773
0,0,0.9978927380505902
1,1,0.996325967673847
4,4,0.9999999999999907
4,4,0.9984941540738207
4,4,0.997388169655037
4,4,0.9985193893701421
4,4,0.9985140790896507
4,4,0.9985177207527062
4,4,0.9985139732576505
4,4,0.9985154704794791
4,4,0.9968189952969313
4,4,0.9985140800418733
4,4,0.9985157563691316
1,1,0.9963260146339805
4,4,0.9985153239464865
0,0,0.9979549486433824
4,4,0.9981392086727523
4,4,0.9985140033184117
4,4,0.9980824956851748
0,0,0.9979593075834245
4,4,0.9985068195279028
0,0,0.9979571698861165
4,4,0.9985139961148939
2,2,0.9976458537540864
0,0,0.9977607863312709
4,4,0.6911223851983987
4,4,0.9984493375238529
4,4,0.9985184532913788
1,1,0.9963260140348653
1,1,0.9291172968173591
0,0,0.9979518214348715
4,4,0.9983543209699348
1,1,0.9961179939448328
4,4,0.9985152175966409
4,4,0.9985157543407381
4,4,0.9985139965245805
4,4,0.9985151908482018
4,4,0.9985139971949144
0,0,0.9979534427334715
4,4,0.9985140855029196
1,1,0.9949044420580581
0,0,0.9979534484539135
4,4,0.998436089167154
0,0,0.9979531609470371
1,1,0.996242815902419
4,4,0.9985140105326873
0,0,0.9979510137781376
0,0,0.9979534299956081
4,4,0.9985058964045146
1,1,0.9962358458664229
4,4,0.9985140259712557
0,0,0.99795457615899
4,4,0.9985154043230874
4,4,0.9983565152014916
4,4,0.9985139953034807
0,0,0.9999910070094018
4,4,0.9984318834432906
0,0,0.9979540001667843
0,0,0.997952619130581
4,4,0.9982739280850824
1,1,0.9960191313057198
4,4,0.9984123174668292
0,0,0.9979535637787723
4,4,0.9985149757332495
0,0,0.9979537309325208
4,4,0.99851399686918
4,4,0.9985179256951933
0,0,0.9979535836089577
0,0,0.9979549486433978
4,4,0.9984758101514495
4,4,0.9985087807116254
4,4,0.998492323292223
0,0,0.9979531606285673
4,4,0.9985140886341509
0,0,0.9979535804643479
4,4,0.9985115574770296
4,4,0.9984761697945721
4,4,0.9985140128202293
4,4,0.9985056272380051
4,4,0.9956474237819811
1,1,0.9963036423667198
4,4,0.998515777638917
0,0,0.9979545128897349
0,0,0.9970670107818533
4,4,0.9984955279724659
4,4,0.9985341589919877
1,1,0.9962748652106881
4,4,0.9985155006712131
0,0,0.9979627381412164
0,0,0.9979649394898175
0,0,0.9979532767022218
0,0,0.9979534247800842
0,0,0.9979534467562728
0,0,0.9979534447283668
4,4,0.998499849439022
4,4,0.9985139957929671
4,4,0.9985140036117838
4,4,0.9985198830005588
1,1,0.9963729156007373
4,4,0.9985140923155998
0,0,0.997953446229445
0,0,0.9979545127569609
4,4,0.9985140809335068
4,4,0.9985140860352636
0,0,0.9979535836089577
4,4,0.9983756594338038
2,2,0.9965133071895765
4,4,0.9985141675433477
0,0,0.9979537212431954
4,4,0.9985140931968925
4,4,0.9985154151045275
4,4,0.9985138209440588
4,4,0.9982891733233035
0,0,0.9979534436393797
4,4,0.9979475516020173
4,4,0.9985138877650813
4,4,0.9985140795576004
1,1,0.9963070488255392
4,4,0.9985153153212655
0,0,0.9979534874367405
4,4,0.9984039039483503
0,0,0.9979251992119513
4,4,0.9985084293624212
4,4,0.9985154509336697
0,0,0.997953564033194
0,0,0.9978981839106709
4,4,0.9984892572807734
4,4,0.9985131673990493
4,4,0.9981935202660094
1,1,0.9962913609989935
4,4,0.9985154214507266
0,0,0.9979534417625725
4,4,0.9985199049917501
4,4,0.9985154415778682
1,1,0.996320207820678
4,4,0.9985140103121092
4,4,0.9985183292364025
0,0,0.9979533927422262
0,0,0.997949038503547
0,0,0.9979541001603135
2,2,0.9980928778704669
4,4,0.9985156705983729
4,4,0.9983923709986484
0,0,0.99795335679338
4,4,0.9982849580539778
4,4,0.9909635502062188
1,1,0.9963187998443517
0,0,0.9979598192677207
4,4,0.9985139966573496
0,0,0.9979534434108028
0,0,0.9979541005607638
4,4,0.9984244389136546
4,4,0.9985140100323917
0,0,0.9979535800305335
4,4,0.9980642891286347
4,4,0.9982156271598678
4,4,0.9985154573633113
0,0,0.9979209315178723
4,4,0.9985140771040691
4,4,0.9985140809392807
4,4,0.9985153652970471
0,0,0.997953445115576
1,1,0.9964349496103929
4,4,0.9989114369159332
4,4,0.9985154553574236
4,4,0.9985064046998319
0,0,0.9979535800571466
1,1,0.9962912028819946
4,4,0.9985066208465171
4,4,0.9985003537803948
4,4,0.9985140830086713
0,0,0.9979532062111182
1,1,0.996356513280519
4,4,0.994650694449323
4,4,0.998519401006821
4,4,0.9980410026438127
4,4,0.9985363462552582
0,0,0.997927365083065
0,0,0.9979534431564072
4,4,0.9985154776844146
1,1,0.9953906281275486
4,4,0.9985140800678424
4,4,0.9985141250866539
4,4,0.9985136390961776
4,4,0.9985140866576047
4,4,0.9985140220124401
4,4,0.9985154108641977
4,4,0.9984409940689876
0,0,0.9979534394700383
0,0,0.9979550858891466
4,4,0.9984694777586841
4,4,0.9985140989110408
1,1,0.9963728950005215
4,4,0.9984363502295659
4,4,0.9985153979686162
0,0,0.9979533950985552
4,4,0.99836147683614
0,0,0.9979548978468764
0,0,0.9979560271957364
4,4,0.9985154670510612
4,4,0.9985140989644735
4,4,0.998466507139206
4,4,0.9985132236252723
4,4,0.998515670598364
0,0,0.9979534446603405
0,0,0.9979534433619097
4,4,0.9979669693898088
4,4,0.9985139745055152
1,1,0.9962913609989935
4,4,0.9985140866575951
1,1,0.9958973289371759
1,1,0.9962954690560138
4,4,0.9985139959228178
4,4,0.9983283310905375
1,1,0.9958915921929922
4,4,0.998514087748166
4,4,0.9935075052356745
4,4,0.9985140807880587
0,0,0.997955230160053
0,0,0.9979534429545704
0,0,0.997954918292579
0,0,0.9979534431563968
0,0,0.9979531584071526
4,4,0.9985140783176769
0,0,0.9979531860006309
4,4,0.9978891485519992
4,4,0.9984991049146817
1,1,0.9962984888551564
4,4,0.9984495950150039
0,0,0.9979534429545598
4,4,0.9985157579064022
4,4,0.9985160149425685
1,1,0.9963260140348653
0,0,0.9979534421353676
4,4,0.9985074424831775
4,4,0.9984451616685603
0,0,0.9979202303193688
4,4,0.9985153717323176
4,4,0.9985157543407469
4,4,0.9985139944746095
4,4,0.9980575087541258
0,0,0.9979534427000505
4,4,0.9985138295954036
4,4,0.9978665179922731
4,4,0.9985137466922049
2,2,0.9982108361871808
4,4,0.9985155985460098
0,0,0.9979416431684147
2,2,0.9925291370346594
0,0,0.9979522746427361
4,4,0.9982437857412328
4,4,0.998514080062721
4,4,0.9985140032552878
4,4,0.9985140778475634
4,4,0.9984736747273127
0,0,0.9979541001603135
1,1,0.9958033807306896
1,1,0.9959739486505594
4,4,0.9985140862694842
1,1,0.9961802339095872
0,0,0.9979534434108028
0,0,0.99795716273333
0,0,0.9979583215857831
4,4,0.998514087095272
4,4,0.9985136344423083
0,0,0.9979534459212254
4,4,0.9985157579064022
1,1,0.9955181568515685
4,4,0.9985140809917685
4,4,0.9973491188677706
4,4,0.9985157788216183
4,4,0.9984625273172851
4,4,0.998514081529399
4,4,0.9985139970702137
4,4,0.9985157539861002
1,1,0.9963259887610293
0,0,0.9979470527563273
4,4,0.9985153653826363
0,0,0.9979541001603135
4,4,0.9985067766436548
0,0,0.9979534431563968
2,2,0.9966891201040493
0,0,0.9979534414724903
0,0,0.9979568897013166
4,4,0.9985152655383329
4,4,0.9985140866575951
4,4,0.9983138881074656
1,1,0.9962912040864611
0,0,0.9979527540196715
0,0,0.9979531472292383
4,4,0.9985151843349463
0,0,0.9979583204255751
1,1,0.9963731804219355
0,0,0.9979583204255751
0,0,0.9979532062111173
4,4,0.9985141056985276
0,0,0.9979549186569565
1,1,0.9963260131918258
0,0,0.9979556849666196
4,4,0.9985153531172477
4,4,0.9985139138882282
0,0,0.9979534433619097
0,0,0.9979555968688133
0,0,0.9979571694880605
2,2,0.998107203800433
4,4,0.9985037434444599
4,4,0.9984071453311815
0,0,0.997953444132122
4,4,0.9989837792594676
4,4,0.9985140076196845
0,0,0.997953162015576
4,4,0.9985155545924151
0,0,0.9979535800972863
0,0,0.9979534430227422
4,4,0.9981859463277226
0,0,0.9979674922711911
0,0,0.9979535513597982
4,4,0.9983923923109674
0,0,0.9979202332447441
1,1,0.9960743252698272
1,1,0.9963135299576006
0,0,0.9979531612351024
4,4,0.9985154589672925
0,0,0.9979565280208438
4,4,0.9985137212741156
4,4,0.9687324617972212
0,0,0.9979534820983854
0,0,0.9979552309475599
4,4,0.9985141191107069
0,0,0.9979532798789009
0,0,0.9979534426649106
0,0,0.9979635059673938
4,4,0.9985140184998997
0,0,0.9979279069704069
0,0,0.9979534430227316
4,4,0.9985157563691316
4,4,0.998516722156186
4,4,0.9969771926749474
4,4,0.9984237293050334
4,4,0.9983653579932174
0,0,0.9979541001603031
4,4,0.998513993362999
4,4,0.9985139924809634
0,0,0.9545441659152463
1,1,0.9963749221754293
4,4,0.9985140007949761
0,0,0.9979549502736261
4,4,0.9985141565256428
4,4,0.9985151922716305
4,4,0.99851400710623
4,4,0.9985111599401869
4,4,0.9985063462960785
0,0,0.9979574077590914
1,1,0.9963762333697072
0,0,0.9979531308620091
0,0,0.9979549481138398
0,0,0.9979535810997586
0,0,0.9979546370937863
4,4,0.9985139937316154
4,4,0.998514090300357
4,4,0.9985139946836806
4,4,0.9984031913094581
4,4,0.9985158728731934
0,0,0.9979510150506464
0,0,0.9979534430227316
4,4,0.9985140823352237
4,4,0.9985160355232519
4,4,0.998506387268173
4,4,0.9985083600436092
4,4,0.998515310749278
0,0,0.9979534429545598
4,4,0.998514082590862
0,0,0.9979531629337074
4,4,0.9985141681226791
4,4,0.9985139871905728
1,1,0.9963262066525376
4,4,0.9985141126689727
4,4,0.9985073099975914
0,0,0.9979532448259744
0,0,0.9979555980354917
0,0,0.9979534517208757
4,4,0.9985139942889555
0,0,0.9979531498722151
0,0,0.9979534447283454
4,4,0.998449444075883
4,4,0.9985119888781452
4,4,0.9985157772858922
0,0,0.9979549014195317
4,4,0.9985140018370284
4,4,0.998513903132396
1,1,0.9963262317104136
4,4,0.99851400273034
4,4,0.9985141600087598
4,4,0.9984270118935709
4,4,0.9984078623778354
4,4,0.9985157539861002
1,1,0.9963104377681343
4,4,0.9961460065703259
1,1,0.9963944938791883
0,0,0.9979549006342311
0,0,0.9977429565189329
0,0,0.997953441488583
4,4,0.9985202707659449
4,4,0.9910521701808755
4,4,0.9985140746731983
4,4,0.9985153737006199
4,4,0.9985140790074428
4,4,0.9985180819377213
4,4,0.998513995122122
0,0,0.9979534429545598
4,4,0.9985505266998576
2,2,0.9983021007961199
0,0,0.9979536680511373
4,4,0.9984501323386749
0,0,0.9979278972902521
4,4,0.9984289746364967
4,4,0.9984753774621045
0,0,0.9979534427489739
4,4,0.9985140981068069
0,0,0.9979535589227816
0,0,0.9979531637458948
4,4,0.9985162802378965
4,4,0.9985157555288439
1,4,0.9968177023166235
4,4,0.9984497621542759
4,4,0.9985141176692506
4,4,0.9985140808928603
0,0,0.9979537252614086
4,4,0.9985139836062727
4,4,0.9980895288185121
0,0,0.9979519293184449
4,4,0.9985141205958444
0,0,0.9979547879559268
4,4,0.9985140799157901
4,4,0.9985140779349593
0,0,0.9979534433619097
4,4,0.9985175850236292
0,0,0.9979491046662896
4,4,0.9985140795576004
4,4,0.9985140770652297
0,0,0.9979571706377255
0,0,0.9979534883874484
4,4,0.9983047918590656
4,4,0.9983637178391304
4,4,0.998514009832008
0,0,0.9979534429545598
4,4,0.9985140796888322
0,0,0.9979534417625725
4,4,0.9985139933719291
4,4,0.9985139939576213
4,4,0.9985139731314578
0,0,0.9979533376282946
0,0,0.9979512912285337
4,4,0.998515777638917
4,4,0.9985157570416001
4,4,0.9985157563691316
0,0,0.9979534438178878
0,0,0.9979496298661339
4,4,0.9983512487569233
0,0,0.9978668349990432
4,4,0.998515466507437
1,1,0.9963738824024105
0,0,0.9979531106671751
1,1,0.996019133810289
4,4,0.9973008374070903
4,4,0.9985140071383961
0,0,0.9979278972902521
4,4,0.9985140795627256
4,4,0.9985140954242121
4,4,0.9985139795761027
4,4,0.9985154288606704
4,4,0.9985139955302839
0,0,0.9979531603402837
0,0,0.9979607079300873
0,0,0.9979538303473088
4,4,0.9972186671715235
4,4,0.9985139939122768
0,0,0.9979571694880558
4,4,0.9983017085343876
4,4,0.9985202893405118
0,0,0.9979534251466523
0,0,0.9979548978468764
4,4,0.9985194439323084
0,0,0.9979534424252197
0,0,0.9979534451155975
0,0,0.9979549486433609
4,4,0.9985154036543082
0,0,0.9979535804643479
0,0,0.9979083086437077
4,4,0.9985157788216183
4,4,0.9979405836980323
0,0,0.9979531311511711
0,0,0.9979555968688498
1,1,0.9964483500693835
0,0,0.9979534467562625
0,0,0.9979534877259677
4,4,0.9983827780110706
0,0,0.9979537983722551
0,0,0.9979522839372379
4,4,0.9985140795627256
4,4,0.9983812636128347
4,4,0.9985149981836687
4,4,0.99964723956311
4,4,0.9985140063361962
0,0,0.9979583204255751
4,4,0.9978898010976226
4,4,0.9985070716681667
0,0,0.9979607169062035
0,0,0.9979535811255005
4,4,0.9985157582519605
4,4,0.9985156705983729
4,4,0.9985139942498026
0,0,0.9979549486433609
4,4,0.998515777638917
0,0,0.9979534430227316
4,4,0.9982380306767102
4,4,0.9985188513288982
1,1,0.9963259971497036
4,4,0.998515412299872
4,4,0.9987170838534656
4,4,0.9985158381370833
1,1,0.9963728924692408
1,1,0.9963728924692408
0,0,0.9979549188265664
4,4,0.9985140777659077
0,0,0.9979980951813393
4,4,0.9985141696422631
4,4,0.99851255880655
4,4,0.9985157585773263
4,4,0.9985142058301057
0,0,0.9979534427334666
4,4,0.9977113867072589
4,4,0.9985157555288439
0,0,0.9979202303193688
4,4,0.9985140006393379
0,0,0.997953442425209
0,0,0.997956875832855
4,4,0.9985139948501228
4,4,0.998449475088485
1,1,0.9963258822298716
0,0,0.9979538307101743
1,1,0.9963733680412226
4,4,0.9985140905122463
4,4,0.99851509668427
4,4,0.9985139992259098
4,4,0.997722164474821
0,0,0.9979571032067499
4,4,0.9985113841824682
4,4,0.9985139955070891
0,0,0.9979535800571466
0,0,0.9979600093207698
4,4,0.9982404727863059
1,1,0.9963368842437244
1,1,0.9963418506507357
0,0,0.9979535836089577
0,0,0.9979534427489739
0,0,0.9979534417625725
0,0,0.9979532989976447
0,0,0.9979532846615219
4,4,0.9973330509811105
4,4,0.9985140771040691
4,4,0.9985140100233072
4,4,0.9985140777744392
0,0,0.9979567315009317
4,4,0.9985135666086125
4,4,0.9985154760638715
4,4,0.9985141815684616
0,0,0.9979534463295064
4,4,0.9985188354591836
0,0,0.9979535804643799
0,0,0.9979534886313902
4,4,0.9985140777760142
0,0,0.9979535640331679
4,4,0.9985153569365128
0,0,0.9979535381507662
0,0,0.9979677959768364
1,1,0.996171110222374
4,4,0.9984282137176239
0,0,0.9979534447283454
0,0,0.9979534394700392
0,0,0.9979534431564072
4,4,0.9985139946469256
4,4,0.9983224081985319
4,4,0.9985157555288439
0,0,0.9979535840408463
4,4,0.9985140847447863
0,0,0.997885769047001
4,4,0.9983099455121983
4,4,0.9985141778339256
4,4,0.9965666320508025
4,4,0.998515777638917
4,4,0.9985194863675195
4,4,0.9985160128690124
4,4,0.9977352893731669
1,1,0.9963026610905774
4,4,0.9985143259522562
0,0,0.997953579740947
0,0,0.9979537255137775
4,4,0.9985140024667125
4,4,0.9983224078703014
0,0,0.9979540405975278
0,0,0.9978657844991751
0,0,0.9979533927422477
4,4,0.9985140971130362
0,0,0.9977641066508969
4,4,0.9985140864603812
0,0,0.9979535384948903
1,1,0.9962358458664229
0,0,0.9979534429545704
4,4,0.998515673649793
1,1,0.9984386089692727
0,0,0.9979539012418428
1,1,0.9963123503138254
4,4,0.9985962160285066
4,4,0.9985141486698611
4,4,0.9985140122098676
4,4,0.9984289108133628
4,4,0.99851612322072
4,4,0.9985140183814093
4,4,0.9985067366689557
0,0,0.9979534467562625
4,4,0.9983176909842653
0,0,0.9979534446603405
0,0,0.997952280503653
4,4,0.9985140825057388
4,4,0.9985193771653004
0,0,0.997938259695348
4,4,0.998513821031563
4,4,0.9982469625205316
0,0,0.9979537521866896
0,0,0.9978668135630733
4,4,0.9985140857962129
4,4,0.9927911865028288
0,0,0.9979652173060294
0,0,0.997953584040836
1,1,0.9962445705259854
4,4,0.9984486841148241
0,0,0.9978864790547867
0,0,0.9979299554788675
4,4,0.9985140850635653
0,0,0.9979427266687638
4,4,0.9985140778467685
0,0,0.9979534253172858
0,0,0.9979546365643023
4,4,0.9985133132713805
0,0,0.9979527647860329
0,0,0.9979598211587052
4,4,0.9985069595237717
4,4,0.9985140010318038
4,4,0.9985132850759474
4,4,0.9985139044930232
0,0,0.9979534429545598
0,0,0.9979426409165081
4,4,0.998507309681965
4,4,0.9985149150658866
4,4,0.9985156729782204
4,4,0.9985140964542072
4,4,0.9985140789924991
0,0,0.9979535634891962
0,0,0.9979395310313586
2,2,0.4251928475090939
0,0,0.9979534312158527
4,4,0.998467699677793
0,0,0.9979534446603405
4,4,0.9985140017844025
4,4,0.998515558982008
0,0,0.9979531609470342
0,0,0.9979535640331679
4,4,0.9985141456008183
4,4,0.9985151843341679
1,1,0.9963728935116021
4,4,0.9985138491422357
4,4,0.9984982419928193
0,0,0.9979539559612952
4,4,0.9985185588403332
4,4,0.998403022838788
4,4,0.9982929082997022
4,4,0.9985135887412868
0,0,0.9979597986390782
0,0,0.9979546375501656
0,0,0.9979530155719956
4,4,0.998499849439022
0,0,0.9979535390712084
4,4,0.9985153888350593
4,4,0.9985140070800854
4,4,0.9985203935514856
4,4,0.9983976788327782
0,0,0.9979571553131652
0,0,0.9977821362861877
0,0,0.9979534431563968
4,4,0.9985140793652286
0,0,0.9979546819858183
4,4,0.9985154670510612
4,4,0.9983386656031666
4,4,0.9985101033358088
4,4,0.9985139942388077
4,4,0.9983872933078581
1,1,0.9963000902985111
4,4,0.998515777638917
4,4,0.9981669043055718
0,0,0.9979687268210325
0,0,0.9978643260918263
0,0,0.9979533927422262
4,4,0.9985037417234982
0,0,0.9979531635560774
0,0,0.997953584040836
4,4,0.998499828754357
4,4,0.9985140796888227
4,4,0.9963021671659802
4,4,0.9985157539861002
4,4,0.9985140020042805
4,4,0.9984970538605374
4,4,0.9983361261166306
4,4,0.9982428259786882
0,0,0.9979534417625725
1,1,0.9963260040419657
0,0,0.9979534422923627
4,4,0.9985151776525502
0,0,0.9979555980355131
4,4,0.9985139965097939
4,4,0.998228663409244
4,4,0.9985140870105974
4,4,0.9983980835556457
0,0,0.9979534430227365
0,0,0.9979534427000291
1,1,0.9962981935291488
0,0,0.9979573909332196
4,4,0.9985140931968925
0,0,0.9979535373345402
1,1,0.9963944938791883
0,0,0.9979534444396987
1,1,0.9963260234181587
0,0,0.9979534431563968
4,4,0.9985139946072312
0,0,0.9979537205830729
4,4,0.9985116281317193
4,4,0.997881412691561
4,4,0.9985154236140965
4,4,0.9982781564977588
0,0,0.9979534429545598
1,1,0.9963728926203685
0,0,0.9979534438178878
0,0,0.9978905209621984
4,4,0.9982101862953587
4,4,0.998031654677966
1,1,0.9962912040864611
4,4,0.9985141016856727
1,1,0.9963259751839691
4,4,0.9982027603673689
1,1,0.9963260140348653
4,4,0.998162752298596
4,4,0.998488069372123
4,4,0.9985139935695522
1,1,0.9963426622832596
4,4,0.9983126799768762
1,1,0.9963729129005193
4,4,0.998515777638917
0,0,0.9979538307101928
0,0,0.9979535917353908
0,0,0.9979530468683118
0,0,0.996843830341197
4,4,0.9985157772858922
0,0,0.9979549006023829
0,0,0.9979532066165351
4,4,0.998514082626792
4,4,0.9985140073211614
4,4,0.9985140776490206
4,4,0.9985140800418156
0,0,0.9979528681191068
4,4,0.9750651548318089
0,0,0.997939728135208
4,4,0.9985141587378756
4,4,0.999987552599043
4,4,0.9981956758010772
1,1,0.995884624530891
0,0,0.9979531498722151
4,4,0.9985140771040691
0,0,0.9979494695917724
0,0,0.9979549186569461
1,1,0.9963728973045282
4,4,0.9985140888119917
0,0,0.9979534446736477
4,4,0.9982135598658634
4,4,0.9984997051675286
0,0,0.9979537214796678
0,0,0.9979527647974574
0,0,0.9979535637787723
4,4,0.9985185720681606
0,0,0.9979535807186155
0,0,0.9979516860220315
0,0,0.9979532605956939
1,1,0.9954804642581726
4,4,0.9981595825315286
4,4,0.9985140831604944
1,1,0.9961812614432443
4,4,0.9985138282630642
1,1,0.9963260140348653
4,4,0.9985139923241109
4,4,0.9985140055658088
4,4,0.9985151754331039
4,4,0.9985157772858922
4,4,0.9985140821235756
4,4,0.9985157788216183
0,0,0.9979536927332044
4,4,0.9985140098927455
4,4,0.9936366070393846
4,4,0.9985003327631632
4,4,0.9985139067313883
4,4,0.9985140826483084
0,0,0.9979040312080325
0,0,0.9979474448125418
4,4,0.9985140858522291
0,0,0.9979535807583846
4,4,0.9985154749053434
4,4,0.9985132814617129
4,4,0.9984048887517011
4,4,0.9985141745719028
0,0,0.9979547597485957
0,0,0.9979537246875254
4,4,0.998506460848941
0,0,0.997967152205485
0,0,0.997953467892011
0,0,0.9979531327339389
4,4,0.998034758167948
0,0,0.9979533913091901
0,0,0.9978738505009541
4,4,0.9985196056971523
0,0,0.9979519138101175
2,2,0.9984811963514494
1,1,0.9962649850095535
0,0,0.9979528682367828
0,0,0.9979531534509172
4,4,0.998514111885086
4,4,0.9985140061130305
4,4,0.9985160878698845
0,0,0.9978518215719421
0,0,0.9979532788344919
0,0,0.9979533376282946
1,1,0.9953342709848017
4,4,0.9981219855364758
0,0,0.9979541875627128
0,0,0.9979567456260203
4,4,0.9985140906542366
0,0,0.9979534436393797
0,0,0.9979552309475965
4,4,0.9985140825057388
1,1,0.9983307733013191
0,0,0.9979534444397201
4,4,0.9985258418597878
4,4,0.9985156726251249
4,4,0.9984476200812463
0,0,0.9979534443159362
4,4,0.9985074387564578
4,4,0.9985152233371354
4,4,0.9985154475380073
4,4,0.9969874450443814
0,0,0.997953435666717
0,0,0.9979534443713108
4,4,0.9985187683563598
0,0,0.9979531758893229
0,0,0.9979540495744418
4,4,0.9985140862172073
4,4,0.9992833857324092
0,0,0.9979535581039767
4,4,0.9985153806973407
0,0,0.997952478060417
4,4,0.9984496143863397
4,4,0.9985156705983729
4,4,0.9979955075119556
0,0,0.9979549182925319
4,4,0.9985160202809554
0,0,0.9979540668335859
4,4,0.9985150948061776
0,0,0.9979598026266963
4,4,0.99850365459788
4,4,0.998515753986109
4,4,0.9985139950780736
4,4,0.9985141609886659
4,4,0.9981615040830399
0,0,0.9979535728929434
4,4,0.9980500456921191
1,1,0.9962426888058629
4,4,0.9985200403011718
1,1,0.9963467290194982
0,0,0.9979531616101244
0,0,0.9979627548034673
4,4,0.9985136312070916
0,0,0.9979531651620571
4,4,0.9985139506765631
4,4,0.9985146390911164
4,4,0.9985137454519301
0,0,0.9979534090106901
0,0,0.997953832360152
0,0,0.9979534251466523
4,4,0.9985155540938185
0,0,0.9946321765331191
0,0,0.9979555968688498
4,4,0.998514005011467
0,0,0.997953045917224
4,4,0.9985157582519605
4,4,0.998513994198679
0,0,0.9979535387863153
0,0,0.9979356612315923
4,4,0.9985140778087759
4,4,0.99849002477926
1,1,0.9963260131918258
4,4,0.9985153691253238
0,0,0.9979560271874066
4,4,0.9974039486015922
4,4,0.9985157555288527
0,0,0.9979534449322606
4,4,0.9979826919622639
4,4,0.9985074378397897
0,0,0.9979534447283454
4,4,0.9985157563691316
4,4,0.9985066411382195
4,4,0.9985153554120952
4,4,0.9985027329563758
0,0,0.9979535387950201
2,2,0.9981498389917531
2,2,0.9974164699158088
4,4,0.9985139959296053
4,4,0.9985036694401662
0,0,0.9979534487759008
0,0,0.997954742754494
1,1,0.9963738824024105
4,4,0.995332851991745
4,4,0.9985158423410506
4,4,0.9985140777762701
4,4,0.9985111599401869
4,4,0.9974554795231735
0,0,0.9979531498722151
4,4,0.9985140029037288
4,4,0.9985143898749553
4,4,0.9981757026587993
0,0,0.9979546365642549
0,0,0.9979531606286011
4,4,0.9985140954242121
4,4,0.9985157772858922
4,4,0.9965577155744176
0,0,0.9979534438178878
1,1,0.9960606938183455
0,0,0.9979537208369339
4,4,0.9984948932089119
0,0,0.9979531612351072
4,4,0.9985151934260651
1,1,0.9963728926203685
4,4,0.9982408362331832
4,4,0.9985151994093858
4,4,0.9985140799965411
4,4,0.9985182389608613
1,1,0.9962359791107611
4,4,0.9985139981238373
4,4,0.9985182363760877
4,4,0.998512474284705
0,0,0.9979521921979785
0,0,0.9979481347731239
4,4,0.9982802022846314
4,4,0.998494148929917
4,4,0.9985142774051349
0,0,0.997953538718601
4,4,0.9985194724580715
4,4,0.9985142479661354
4,4,0.9983329831723885
4,4,0.9985140780216709
4,4,0.9985205483663905
4,4,0.9984806095156928
0,0,0.9979535800305229
0,0,0.9976012382941436
4,4,0.9985140039419891
0,0,0.9971328472124276
0,0,0.9979550339396398
0,0,0.9979534429545598
1,1,0.9963728901869653
0,0,0.9979540502744997
0,0,0.9979534434108028
4,4,0.9985154816644077
4,4,0.9985140778033844
0,0,0.9979535381320545
4,4,0.9985140798707383
4,4,0.9985139938262049
4,4,0.9937282184315591
0,0,0.9979534447283454
4,4,0.9984959385786928
0,0,0.9979534423605911
4,4,0.998515673649793
4,4,0.9985140971130362
4,4,0.9985137455820753
0,0,0.9979187407227794
1,1,0.9963260131918258
4,4,0.9985157567225114
4,4,0.9983775308450868
0,0,0.9978812972348821
0,0,0.9979534426649154
4,4,0.9985140018739136
4,4,0.9985139942395896
0,0,0.9979535800969271
4,4,0.9985139740584431
1,1,0.9953468633139723
0,0,0.9979568742033079
0,0,0.997920230456401
0,0,0.9979534426649106
4,4,0.9985201260474557
4,4,0.9985139949244874
4,4,0.9985194681597263
4,4,0.998402576460986
4,4,0.9985141041995156
4,4,0.9984924523102912
0,0,0.9979535804643479
4,4,0.9985140772014901
4,4,0.9985140012792841
0,0,0.997953580030555
0,0,0.9979560271957364
1,1,0.9962968238370504
4,4,0.9985139955070891
0,0,0.9976648893688445
4,4,0.9985140839578704
4,4,0.997620594220891
4,4,0.9985137443721751
4,4,0.9985151876216102
0,0,0.9979535506659727
4,4,0.9985157579064022
4,4,0.9985153568083898
4,4,0.9985142422141281
0,0,0.9979768248537283
4,4,0.9985139947433069
4,4,0.9985140010081043
0,0,0.9979546213999406
0,0,0.9976623740441232
4,4,0.9984869394235023
0,0,0.9979534429545598
4,4,0.9981262527254964
4,4,0.9779523201950576
4,4,0.9985168685165648
4,4,0.9771130020654439
0,0,0.997953150126621
4,4,0.998459992452938
4,4,0.9988479498629184
0,0,0.9979537889348609
0,0,0.997953363053429
4,4,0.9985086284069395
4,4,0.9985157815323394
4,4,0.9985051437609161
0,0,0.9979535520835393
0,0,0.9979394598558488
0,0,0.9979401424588386
4,4,0.9963318733247806
4,4,0.9985155133130762
0,0,0.9978794809100321
0,0,0.997953488098493
4,4,0.9984954576975964
0,0,0.997953066479678
2,2,0.9747038522506711
4,4,0.9984977341982992
4,4,0.9983239745188258
4,4,0.9985140934346789
4,4,0.9985140865263729
0,0,0.9979571553136408
4,4,0.9887225917667098
0,0,0.997953442425209
4,4,0.9985139982486008
0,0,0.9979546535802418
4,4,0.9985138280841921
4,4,0.9983656697636694
4,4,0.9985011245379928
4,4,0.9985140992220842
2,2,0.9964021289865139
4,4,0.9985157788216183
0,0,0.9979534439283164
4,4,0.9984970131823793
0,0,0.9979534453436747
1,1,0.9962855902822987
0,0,0.9979603410083463
4,4,0.9974295555518102
0,0,0.9973773462035846
1,1,0.9963405808425241
0,0,0.9979534442181321
0,0,0.9979485932386233
4,4,0.9984916600832872
4,4,0.9985150941607931
0,0,0.9979534464679936
0,0,0.9979534447283668
0,0,0.9979404028748218
0,0,0.9979534877259573
0,0,0.9979535804643479
4,4,0.9985138507247908
4,4,0.9985144125059752
4,4,0.998454791800491
4,4,0.9984586203738585
4,4,0.9985199797817796
0,0,0.997953442425209
4,4,0.9983851486593223
4,4,0.9985140230017425
4,4,0.9966460982642357
4,4,0.9985154275960695
4,4,0.9977639869289375
4,4,0.9985139899360321
4,4,0.9985157772858922
4,4,0.9985140777159807
4,4,0.9985152661413876
0,0,0.9979534467001812
4,4,0.9984983645226746
0,0,0.997960037680166
0,0,0.9979516574067152
1,1,0.9963762333697072
4,4,0.9984029330532217
0,0,0.9978161122487063
0,0,0.9979538307101639
0,0,0.9979550821658342
4,4,0.9985140055658088
0,0,0.9979571615826015
4,4,0.9982929830543712
4,4,0.9985142396203558
4,4,0.9985140795576004
4,4,0.9985141017633374
0,0,0.9979537757536462
4,4,0.9985077826933403
0,0,0.9979537761562172
4,4,0.9983519662051472
4,4,0.9984463609933811
4,4,0.9984446524854522
4,4,0.9985140795627256
4,4,0.9985139945501634
1,1,0.9962900444934522
1,1,0.9962359998359798
1,1,0.9961583216404145
4,4,0.9985140890783081
0,0,0.9979541013169552
4,4,0.9985157567225025
1,1,0.9963262170824431
1,1,0.9963259983891478
4,4,0.9972498871014184
4,4,0.9985139945311139
0,0,0.9979538307101743
4,4,0.9983631282264687
0,0,0.9979537521866896
4,4,0.9985151123891582
1,1,0.9963728914587107
4,4,0.998514077737237
4,4,0.9985151935531132
4,4,0.9982538763796955
1,1,0.9970026425407117
4,4,0.9985136292847351
1,1,0.9963260040419657
0,0,0.9979535439772118
1,1,0.9957809197937897
0,0,0.997953467892011
4,4,0.9985145198974845
0,0,0.997953299429339
4,4,0.9985140776495687
4,4,0.9980201366183322
4,4,0.9984489608371743
4,4,0.998318774556037
0,0,0.997955597656443
1,1,0.9963259983891478
0,0,0.9979796950696302
4,4,0.9981739858933864
1,1,0.9963733680412226
0,0,0.9979549014195317
3,4,0.9388838116696636
0,0,0.9979530504440232
0,0,0.9979353802014056
0,0,0.9979542042036308
1,1,0.9962912028819946
1,1,0.9963391055494155
4,4,0.9985202867774711
4,4,0.9982999813105263
0,0,0.9979534438179093
4,4,0.998221091932276
4,4,0.9984928751145142
0,0,0.9979550629966066
0,0,0.9979533916966056
4,4,0.9985159015040083
0,0,0.9979533915818516
1,1,0.9963066227690429
4,4,0.9984944126117314
4,4,0.9747150251659722
0,0,0.9979409627685226
0,0,0.9978110708837098
4,4,0.9978808973712231
0,0,0.9978091127642945
4,4,0.9985152162936287
1,1,0.9963260044597005
4,4,0.9985140773280272
0,0,0.9979534444396987
4,4,0.9985140113504436
4,4,0.998522747379337
4,4,0.9985140987499288
0,0,0.9979494157057304
0,0,0.9979547901885035
4,4,0.9985153177051987
2,2,0.9980783023509331
4,4,0.9985140985761899
4,4,0.9985140833315935
4,4,0.9985140067958076
4,4,0.9968501383766409
4,4,0.9985157570416001
4,4,0.9982643546764813
0,0,0.9979534429545598
0,0,0.9979523897060256
4,4,0.998449444075883
4,4,0.9985155972440835
4,4,0.9985137456691272
1,1,0.9963728950005215
4,4,0.9985024213008397
0,0,0.9979534434108028
4,4,0.9985141651874115
0,0,0.9979555980355284
0,0,0.9979530462067998
0,0,0.9979534443713108
4,4,0.9985188513288982
4,4,0.9985139946836806
0,0,0.9979534427334666
4,4,0.998433037723773
4,4,0.9948355586516288
0,0,0.997953436543355
0,0,0.9979580165449042
0,0,0.9979534429545704
0,0,0.9979552309475965
4,4,0.9985153146020677
4,4,0.9985140165208842
4,4,0.9984002019126583
0,0,0.9979549502735788
0,0,0.9979534426649106
0,0,0.9979534424252197
0,0,0.9979537259176292
4,4,0.9985153541516263
1,1,0.9959893640381541
0,0,0.9979535644402634
4,4,0.9985139946836806
4,4,0.998514099268787
0,0,0.9979583204255751
4,4,0.9985139940082433
4,4,0.9985140920387096
0,0,0.9979583204255599
4,4,0.9985189128549113
4,4,0.9985113471294597
4,4,0.9985157563691316
0,0,0.9976430520388693
4,4,0.9985140075126717
4,4,0.9985088929021295
0,0,0.9979534430227422
0,0,0.9972297833682384
4,4,0.9985139960468724
0,0,0.9979537319856232
4,4,0.9985140085543751
0,0,0.99795315024437
4,4,0.9985143235223132
0,0,0.9979526874025448
0,0,0.9979482436671356
0,0,0.9979568758441385
4,4,0.997967725139858
4,4,0.9985145200288896
1,1,0.9962912028819946
4,4,0.9985159690634324
0,0,0.9979532985807787
0,0,0.9979531609470342
0,0,0.997951117801073
1,1,0.9963259879179899
4,4,0.9985140053371693
4,4,0.9985184565649504
4,4,0.9985214548095843
1,1,0.9963262317104136
4,4,0.9985140798699517
0,0,0.9979531476856162
4,4,0.9985139937244414
4,4,0.9985140010476607
1,1,0.9962912040864611
4,4,0.9985139925078484
4,4,0.9985139942771596
4,4,0.9985140776107605
0,0,0.9979535387950201
4,4,0.9985151154206652
1,1,0.9963735131053901
4,4,0.998513995507098
4,4,0.9985194816607392
0,0,0.9979600261465527
0,0,0.9979535640331784
4,4,0.9984006496450719
0,0,0.9979543440131937
4,4,0.9985142204676896
0,0,0.9979527647860329
4,4,0.9985185823825957
0,0,0.9979534446603405
4,4,0.9985030787340247
0,0,0.9979549956590106
4,4,0.9985217388188338
0,0,0.9954369566172416
4,4,0.9973233912701537
4,4,0.9983780372967112
1,1,0.9962721294258692
1,1,0.9963260140348653
0,0,0.997954951258324
4,4,0.998515143245207
1,1,0.9963531580174804
4,4,0.9984494247324643
4,4,0.9985140035440264
1,1,0.6350069959506399
0,0,0.9979531609470342
4,4,0.998519291236717
0,0,0.9979534429545598
0,0,0.9979599580997465
0,0,0.9963911920509111
0,0,0.9979534913046618
4,4,0.9985157772858922
4,4,0.9984486680788024
4,4,0.9985140827746259
4,4,0.9984439829699718
0,0,0.9979534424252197
4,4,0.9985153596404887
1,1,0.9963262317104136
0,0,0.9979531612351024
0,0,0.9979599923044243
4,4,0.9985154336223467
0,0,0.9978518370352132
0,0,0.9979509266125685
1,1,0.9963259778256911
4,4,0.9985140046955917
4,4,0.9981879833608165
0,0,0.9979534424596097
1,1,0.9963256389998705
4,4,0.9985139951120038
0,0,0.997952736265894
0,0,0.9979542405873161
4,4,0.9980106716974217
4,4,0.998515673649793
4,4,0.9985137459661461
4,4,0.9985153810278816
4,4,0.9985160878698845
0,0,0.9979534464679984
4,4,0.9984240495880939
1,1,0.9963262317104136
0,0,0.9979535644402634
4,4,0.9985153885494411
1,1,0.9963259549459761
0,0,0.9979534424252139
4,4,0.9985140835347404
1,1,0.9963260131918258
4,4,0.9985150937320046
4,4,0.9983295930813951
4,4,0.9985150966186078
4,4,0.9985153119543403
4,4,0.9985140808838482
0,0,0.997953163844783
0,0,0.9979534429545598
4,4,0.9985140848630979
0,0,0.9979495633233544
0,0,0.997953572130392
4,4,0.9985143311393359
1,1,0.9962982125365532
0,0,0.9979543440131937
4,4,0.9985140072848827
0,0,0.9985132303123117
4,4,0.9981304389798353
1,1,0.9963255938285706
4,4,0.9984383614121846
0,0,0.9979397575937807
1,1,0.9963260131918258
4,4,0.9984494458875433
0,0,0.9979535379303912
0,0,0.9979534465029343
4,4,0.9985153745208547
1,1,0.9962912040864611
4,4,0.9981382759582982
0,0,0.9979404027718509
1,1,0.9963731659492718
4,4,0.9985151443827652
0,0,0.9979150861000234
0,0,0.9979530464612056
4,4,0.9985140976681591
4,4,0.9981822151540332
2,2,0.9746734475337
4,4,0.9983765417536846
4,4,0.998515267295689
1,1,0.9963762333697072
0,0,0.9976623740441232
4,4,0.9985140971130451
4,4,0.9985139938713903
4,4,0.9985140808928771
4,4,0.9985157567225025
1,1,0.9960651722128996
0,0,0.9979162592135765
4,4,0.9984900722627337
0,0,0.997953572130392
0,0,0.9979552858238242
4,4,0.9985137455820753
4,4,0.9985140778079808
4,4,0.9996322604462237
0,0,0.9979534467562625
4,4,0.9985157563691316
4,4,0.9982534316751579
4,4,0.9985157539861002
4,4,0.9985140926391078
4,4,0.9984919313428667
0,0,0.9979534433618881
0,0,0.997776571000223
4,4,0.9985139949218537
4,4,0.9985142482271127
4,4,0.9985140856818125
4,4,0.9985142451883591
0,0,0.9979687268210325
0,0,0.9979532990241378
4,4,0.9985150947867646
4,4,0.9985140773280183
0,0,0.9979535909917913
4,4,0.9918083604647452
4,4,0.9985154646232165
4,4,0.9976605958951261
4,4,0.9985140812621268
4,4,0.9985140825534642
0,0,0.9979469411956534
0,0,0.9973649109300787
4,4,0.9984996986029979
4,4,0.9985157539861002
4,4,0.9985067121682432
1,1,0.9963728926203685
4,4,0.9983711354401125
0,0,0.9979568758328452
0,0,0.9979540933003359
4,4,0.9985142438489883
4,4,0.998514079562735
4,4,0.9985157570416001
4,4,0.9985146388235738
0,0,0.9979532701693011
4,4,0.9984593884348393
4,4,0.9985141621957001
0,0,0.9979531502443915
4,4,0.9985139934051556
0,0,0.9979469166889408
4,4,0.9985140906542366
4,4,0.9985139936991034
1,1,0.9962711071568949
0,0,0.99795374626289
4,4,0.9985154785707862
0,0,0.9979293607565324
0,0,0.9979532601519948
0,0,0.997943558028274
0,0,0.9979536591514852
0,0,0.9979535809359558
4,4,0.9984965537104463
0,0,0.9979436045313115
0,0,0.9973650071077274
0,0,0.9979531612351024
4,4,0.9964980066191148
4,4,0.9982130539699368
0,0,0.9978640804484276
4,4,0.9981424354055334
0,0,0.9979549524463249
4,4,0.9985160488997059
0,0,0.9979598190557467
4,4,0.9985140077485866
4,4,0.9984373282914526
4,4,0.9985139968612328
1,1,0.9963271662215233
4,4,0.9985139944259572
4,4,0.9985154314409048
4,4,0.9985157555288439
1,1,0.9963070488255392
4,4,0.9980715106688052
4,4,0.9978257068232109
4,4,0.9982044322349051
4,4,0.9985140793652286
0,0,0.9979501540324897
0,0,0.9979531308620091
4,4,0.9985157539861002
4,4,0.9984948720011191
4,4,0.9985205622531664
4,4,0.9985137460108625
4,4,0.9986578165655046
0,0,0.9979657215941165
4,4,0.998508220316913
1,1,0.9962073341483179
4,4,0.9985141022792711
0,0,0.99795495203231
4,4,0.9984760030773683
4,4,0.9985140784567667
4,4,0.9982107361781293
1,1,0.9896589253730191
0,0,0.9979543440131937
0,0,0.9979534459211847
4,4,0.998936880507918
0,0,0.9979532961318966
1,1,0.9963749012264655
1,1,0.9962323939972377
4,4,0.9985139935015103
1,1,0.9963070488255392
0,0,0.9979539555657204
0,0,0.9979537757645438
0,0,0.9974810390891186
1,1,0.9963260821873025
0,0,0.9979580161509409
4,4,0.99851264697725
0,4,0.8401714682979058
4,4,0.9985139993942964
0,0,0.9979571702847704
4,4,0.9985138682425648
4,4,0.9985140978907467
4,4,0.9985160202809554
4,4,0.9985151754331127
4,4,0.9985140901292578
4,4,0.9985150932651349
0,0,0.9979549246905317
4,4,0.9976362234887296
4,4,0.9985166556049416
0,0,0.9979535382659283
0,0,0.9979534427334773
4,4,0.9982557122710103
4,4,0.9985140055064526
4,4,0.9939468392038163
4,4,0.9985141071359325
0,0,0.9979531356034669
1,1,0.9963261342699724
0,0,0.9979531606286011
0,0,0.997722369010861
0,0,0.997953584040836
4,4,0.993827902355828
0,0,0.9979278972902521
1,1,0.9963194379425665
0,0,0.9979531603403129
0,0,0.9979549006345346
4,4,0.9985140776487734
1,1,0.9963019251973503
4,4,0.997510181270981
0,0,0.9979534441068307
4,4,0.9985139936908894
4,4,0.9985140964498311
4,4,0.9984498760155139
4,4,0.99851464002859
1,1,0.9940414694495131
0,0,0.9979534421704989
4,4,0.998514000392325
1,1,0.9963044010394186
4,4,0.9985157772858922
0,0,0.997941662503061
0,0,0.9979436064520505
4,4,0.9985138436562451
0,0,0.9979529058682476
0,0,0.9979534877259573
4,4,0.9985140119269525
0,0,0.9979528377702501
4,4,0.9982461053814458
4,4,0.9985172806426929
1,1,0.9964745285217236
4,4,0.9985140122024962
4,4,0.9985137475517922
4,4,0.9985152133848062
4,4,0.9985229914256373
4,4,0.9985141261634153
0,0,0.9979555980355131
1,1,0.996236984127174
4,4,0.9983933893223348
4,4,0.9985137513614142
0,0,0.9979531613222269
0,0,0.9979535800305229
0,0,0.9979531651620571
4,4,0.9985157579064022
0,0,0.9979534429545598
0,0,0.9979538714419094
4,4,0.9985165796961136
0,0,0.9979534443712894
0,0,0.9979534424252197
4,4,0.9985341589919877
0,0,0.9976249956389267
4,4,0.9985139939576213
0,0,0.9979534427682227
0,0,0.9979532134408645
0,0,0.9979535833206812
4,4,0.9985140802758838
4,4,0.9981659059496001
0,0,0.9979549188266135
4,4,0.9985140065129221
4,4,0.9985139943960627
4,4,0.9985154115729763
4,4,0.9982099622876043
4,4,0.9985189142494182
4,4,0.9981583295714939
4,4,0.9985157772858922
4,4,0.9985139967320412
4,4,0.9983505897884322
4,4,0.9985139941957941
0,0,0.9979535804643584
0,0,0.9979534429545598
0,0,0.997953581125479
0,0,0.9977205616668922
2,2,0.9826142237639708
2,2,0.9983125542996918
4,4,0.9985139947682201
4,4,0.9976175704529285
0,0,0.9979531606285673
0,0,0.9979555968688498
0,0,0.9979534421353782
4,4,0.9974467986165808
0,0,0.9979552254817035
4,4,0.9985201691062946
4,4,0.9985126869961588
4,4,0.9985151826874846
4,4,0.9974061407467711
4,4,0.998513546607758
4,4,0.9985140070099336
4,4,0.9985136379380309
4,4,0.9985154319546887
0,0,0.9979534446603405
4,4,0.9985140013648338
4,4,0.9984941647808888
4,4,0.9985157539861002
0,0,0.9979537205830835
1,1,0.9961787347704445
4,4,0.9983957669876565
4,4,0.9985140778212562
0,0,0.9979534430227422
0,0,0.997920230456401
0,0,0.9979537212431954
4,4,0.9985074398553412
0,0,0.9979511620167875
0,0,0.9979534435289324
0,0,0.9979535409854897
0,0,0.9979522048420986
4,4,0.9985139929151513
0,0,0.9979598190557467
0,0,0.9979539609023819
1,1,0.9963260131918258
0,0,0.9979534865473446
0,0,0.9979583204255855
4,4,0.9982891897526562
0,0,1.0
0,0,0.9965356465809776
4,4,0.9985139932734838
4,4,0.9985188041244893
4,4,0.9985156729782204
0,0,0.9979534260503757
4,4,0.998519401006821
4,4,0.9985140859957096
0,0,0.9979538323601548
4,4,0.9985140777159807
4,4,0.9985140797339477
1,1,0.996326247752119
4,4,0.9985074090632543
4,4,0.9984443838207719
0,0,0.9979567456257276
4,4,0.9985139720326265
4,4,0.9985157543407381
0,0,0.9979530461717119
0,0,0.9979531498722151
4,4,0.9985139930676658
4,4,0.9985149988556172
1,1,0.9963255219603525
4,4,0.998514085476617
0,0,0.9979532066165351
0,0,0.9979534467562625
4,4,0.9985204490772392
4,4,0.9985154984655614
4,4,0.9959293268704988
4,4,0.99851376075831
4,4,0.9985127361164616
0,0,0.9979511620167875
4,4,0.9981957373762249
4,4,0.9984032836284449
4,4,0.9985155797216799
4,4,0.9980569581717188
4,4,0.9970442755844131
4,4,0.9985095661667449
4,4,0.9985139967587429
4,4,0.998514003067278
2,2,0.9967224801990843
0,0,0.9979531617392121
4,4,0.9983053270291621
1,1,0.9963262317104136
4,4,0.9985140875978243
4,4,0.9985156726251249
1,1,0.9963261616198256
4,4,0.9985139939576213
0,0,0.9979537205830729
4,4,0.9984494247324643
4,4,0.9985154499802888
4,4,0.9985138224661566
4,4,0.9985157579064022
4,4,0.9985153528748378
4,4,0.9982815068194233
0,0,0.9979535806920353
4,4,0.9980319355383261
4,4,0.9985157788216183
0,0,0.9979534429545598
4,4,0.9981539086803806
4,4,0.9985140084941696
4,4,0.9969932664057889
4,4,0.9985073432530136
4,4,0.9982726368440881
4,4,0.9985139939576213
0,0,0.9979397281566029
4,4,0.9983719751868685
0,0,0.9979513394710112
4,4,0.9984941777244494
1,1,0.995884624530891
4,4,0.998513828018301
0,0,0.997822801220153
4,4,0.9984168827323002
1,1,0.9963262204251596
0,0,0.9979534467562625
4,4,0.9985140086063857
0,0,0.9979534908990673
4,4,0.9985168172901043
0,0,0.9982672845560235
0,0,0.9978661562187774
0,0,0.995588036459465
1,1,0.9963260131918258
4,4,0.9985176353743663
1,1,0.9962359935975238
0,0,0.997956566966178
4,4,0.998359544233307
0,0,0.9979546370938077
4,4,0.9961275923596451
4,4,0.9985140779739905
4,4,0.9985005527678003
0,0,0.9979534452812565
4,4,0.9985143347798562
0,0,0.9979535272120613
4,4,0.9985137710140944
0,0,0.9979532989976454
4,4,0.9982130159961987
0,0,0.9979534484539135
0,0,0.9979533637949234
4,4,0.9979237567629148
4,4,0.9985139934752213
0,0,0.9979531996226341
4,4,0.9983003377205587
4,4,0.9985153777475712
0,0,0.9979534434108243
4,4,0.9985140794238775
4,4,0.9985139485888033
4,4,0.9985154275417673
1,1,0.9968435436493341
4,4,0.9985565187413338
4,4,0.9985027386377099
0,0,0.9979532437959314
4,4,0.9984724911094496
4,4,0.9985139952741946
4,4,0.9985137487284174
4,4,0.9984925179965702
0,0,0.9978374880452314
0,0,0.9979534896851582
0,0,0.9979531612351055
0,0,0.9979227970019244
0,0,0.9979511757948278
4,4,0.9985156726251249
4,4,0.9985153525480337
4,4,0.9949479468832205
4,4,0.9985172063590901
0,0,0.9979598300082232
4,4,0.9985140793267735
4,4,0.9985141146970917
0,0,0.9979534877259573
0,0,0.9979531498722151
0,0,0.9979633843324378
4,4,0.9984888549691178
4,4,0.9985138312316051
4,4,0.9985157570416001
4,4,0.9985140824834967
4,4,0.9979589977219102
0,0,0.9979507292383326
1,1,0.9963702205389203
4,4,0.9985139935159096
0,0,0.9979534443713108
0,0,0.9979534433314721
4,4,0.9985139957767764
0,0,0.9979535637787723
0,0,0.9979522814866436
4,4,0.9985140798444576
4,4,0.9985146725387922
4,4,0.9978144940787887
4,4,0.9982471068843517
4,4,0.9945773170800902
4,4,0.9984938331365265
0,0,0.9979535836089577
1,1,0.9962879349924171
4,4,0.9985157585773263
4,4,0.9985140847447863
0,0,0.9979549481138612
0,0,0.9979567456257276
4,4,0.9982353918514332
4,4,0.9985157772858922
0,0,0.9979533927422262
0,0,0.997954637093776
0,0,0.9979534421705095
4,4,0.9985195167859728
0,0,0.9978341622249693
4,4,0.9985156741611584
4,4,0.998519486652429
0,0,0.9979534431563968
0,0,0.997378386777092
4,4,0.9984289916029933
4,4,0.9963180472721674
4,4,0.9875572597267943
4,4,0.9985140790445016
4,4,0.9982010489845177
4,4,0.9984493169540255
4,4,0.9985140207434723
0,0,0.9979535644402634
1,1,0.9961787089944261
4,4,0.9985140083832762
4,4,0.9985140119730121
1,1,0.9963728950005215
4,4,0.9985067634592948
0,0,0.9979531606286011
0,0,0.9979537255137775
0,0,0.9979534464679936
4,4,0.9985140849793062
0,0,0.9979534437045529
1,1,0.9963067685337139
0,0,0.9979530462067998
0,0,0.9979278972902521
4,4,0.998708404330382
0,0,0.9979531375765349
4,4,0.9985150938602215
4,4,0.9985066957992664
4,4,0.998513755843412
4,4,0.9985153145082699
4,4,0.9985140836450184
0,0,0.9979534421705095
4,4,0.9985151751771189
4,4,0.998514077847573
0,0,0.9979538497079616
4,4,0.998514079002308
4,4,0.9987476587347723
0,0,0.997959902661964
0,0,0.9979531859892617
0,0,0.9979542985381206
0,0,0.99814665030799
0,0,0.9979530462067998
4,4,0.9985140807219625
0,0,0.9978340532267279
4,4,0.998507409234052
4,4,0.9985140031927721
0,0,0.9979534417625725
1,1,0.9954597519478798
4,4,0.9985158732975593
4,4,0.9841693299291668
4,4,0.99851408654562
0,0,0.9979534467562625
0,0,0.9979519483977465
4,4,0.9910404339634042
4,4,0.998514079365475
0,0,0.9979532445941682
0,0,0.997939728135208
4,4,0.9985157788216183
0,0,0.9979532989862305
0,0,0.9979534430227422
4,4,0.9983673104853513
0,0,0.9979599923044243
4,4,0.9985139962917583
4,4,0.9984502788719399
4,4,0.9985140782589392
0,0,0.9979528685359714
4,4,0.998602898471578
4,4,0.9985126145444098
4,4,0.9984223547913436
4,4,0.9967254286052429
0,0,0.9979534459211847
1,1,0.9963809738776288
0,0,0.9979571706377255
4,4,0.9985141266937403
4,4,0.9985139949308393
4,4,0.9985153093338045
4,4,0.998513840110773
0,0,0.997953467892011
4,4,0.998516091574963
1,1,0.9963259778256911
0,0,0.9979404028748218
0,0,0.9979535388675307
4,4,0.9985145215578132
4,4,0.9978888975696937
4,4,0.9985139946028871
0,0,0.9979531308620091
4,4,0.9985156717855226
4,4,0.9985140788211
4,4,0.9984492580538555
4,4,0.9984997196932981
0,0,0.9979534426695879
0,0,0.9977908229094028
4,4,0.9984888549691178
0,0,0.9979534427489739
4,4,0.998525747147324
0,0,0.997953162646255
0,0,0.9979560271957364
1,1,0.9963565729263463
1,1,0.9963261158233275
4,4,0.9986596870148385
0,0,0.9979537201765062
4,4,0.9985151886311834
1,1,0.9848107896024808
4,4,0.9985140977802722
4,4,0.9984883353224726
0,0,0.9979534467562625
4,4,0.9985160435714653
0,0,0.9979532605451472
1,1,0.9961458284633176
0,0,0.9979535637787723
4,4,0.9973891228712207
0,0,0.9979535800969376
4,4,0.9985157570416001
4,4,0.9985162802378965
4,4,0.9985154223215229
4,4,0.9984212033027617
4,4,0.9985160966206585
4,4,0.998514079365475
0,0,0.997953567357488
0,0,0.9978881546940233
0,0,0.9979535985521893
0,0,0.9979535807186155
4,4,0.9985173344848165
4,4,0.9985017301558956
0,0,0.9979598190557467
0,0,0.9979536923580933
4,4,0.9985075454721859
4,4,0.9398702593083913
4,4,0.9985157563691316
4,4,0.9984177470660476
4,4,0.9985057734128883
4,4,0.9985139928863694
4,4,0.998513934618402
0,0,0.9979531498722151
0,0,0.9979409627685226
1,1,0.9963070488255392
0,0,0.9979209324412662
2,2,0.8387611101179449
0,0,0.9979532767133485
0,0,0.9979017596559631
0,0,0.9979534431563968
4,4,0.9985139723879116
4,4,0.9985073556383768
4,4,0.9978501741343536
0,0,0.9979531606286011
1,1,0.9962425218518633
4,4,0.9985140823464492
4,4,0.802564612649266
4,4,0.9985335808859115
0,0,0.9979531667109418
4,4,0.9937509743499396
4,4,0.9985142548434042
0,0,0.9979534427489739
0,0,0.9979534253172858
4,4,0.9985137471517531
0,0,0.9979534429545598
0,0,0.9979534455699559
0,0,0.9979534879803847
4,4,0.9985139956869614
4,4,0.9983419150491826
4,4,0.997765628515396
0,0,0.9979571338764572
4,4,0.9985111599401869
4,4,0.9985140831373942
4,4,0.9985142147024612
4,4,0.998517533516215
4,4,0.998515777638917
4,4,0.9985140096844198
1,1,0.9904296080407508
4,4,0.9984728073251563
0,0,0.9978784451550129
0,0,0.9979534420024728
4,4,0.9985157539861002
4,4,0.998525352947652
4,4,0.998514077776261
4,4,0.998506777506382
4,4,0.998514101683742
4,4,0.9965963390476517
4,4,0.9985157567225114
4,4,0.9985140018663101
0,0,0.99795495203231
4,4,0.998482974784414
4,4,0.9985155249539045
4,4,0.9982127051158228
1,1,0.9963066058971352
1,1,0.9963729155318592
0,0,0.9979534426649154
0,0,0.997953441488583
4,4,0.9982510163598601
0,0,0.9976407787800137
4,4,0.99851400546165
4,4,0.9985160962720697
1,1,0.9961787347704445
4,4,0.9985140778215033
4,4,0.9985145773334037
1,1,0.9963199546192996
4,4,0.9985157555288527
4,4,0.9983958502473849
4,4,0.998494186824077
0,0,0.9979511125645604
4,4,0.9980538185710428
1,1,0.9963728973045282
0,0,0.997953446229445
0,0,0.997939757593818
0,0,0.9979568758328452
0,0,0.9979627535065315
4,4,0.9983505897884322
4,4,0.9985140848111915
4,4,0.9985139982157846
0,0,0.9979552569153751
1,1,0.9963728973045282
4,4,0.9985005267535122
4,4,0.998512021835792
0,0,0.9979542594893285
4,4,0.9985149592647868
0,0,0.9978881539166872
0,0,0.997771311358571
4,4,0.9985141157275856
4,4,0.9985126959847936
0,0,0.9979535800571466
4,4,0.9985141647751041
0,0,0.9979530497855013
4,4,0.9985141808027269
0,0,0.9979532994293315
4,4,0.9985141130496256
0,0,0.997953832360152
0,0,0.9979534467562625
4,4,0.9955838233929989
0,0,0.9979533613620848
4,4,0.9985139935695522
2,2,0.9984271841088822
0,0,0.9979534411987264
0,0,0.9979531009411572
4,4,0.9985140794913713
0,0,0.9977059533939322
4,4,0.9982077101131155
0,0,0.9979531510317587
0,0,0.9979535806920353
0,0,0.9979531603403129
4,4,0.9978265451693521
4,4,0.9984109001443067
0,0,0.997953581125479
0,0,0.9979550692651428
4,4,0.9979098402508876
4,4,0.9985138280927272
0,0,0.9979534440271508
4,4,0.9985140801078062
4,4,0.9984997033594526
0,0,0.9979535387273067
0,0,0.9979534459894825
0,0,0.9979378274246581
0,0,0.9979539338648049
0,0,0.9978910003728572
0,0,0.9979535381320545
0,0,0.997953538718601
4,4,0.9967351184615406
0,0,0.9979531612351024
4,4,0.9984939932915498
4,4,0.997897445183545
0,0,0.9979202303193688
0,0,0.9979278972902521
4,4,0.9985139955957342
0,0,0.9979534464679936
0,0,0.9983852298017281
4,4,0.9985157563691316
4,4,0.9985175991058906
4,4,0.9985032558952482
0,0,0.9979527849459491
0,0,0.9979285771111223
4,4,0.9985140873637556
4,4,0.9985157567225114
4,4,0.9985158584056918
0,0,0.9979549464850181
4,4,0.9985054091824238
0,0,0.9979392640981455
0,0,0.9979534425431357
4,4,0.9984497074692078
1,1,0.9963366774473182
0,0,0.9979548104059023
0,0,0.9979533596441216
0,0,0.9979552301600378
4,4,0.998000279731788
4,4,0.9983747232747224
4,4,0.998515753986109
1,1,0.9963096744579563
4,4,0.9985140931713771
0,0,0.9979535649383227
4,4,0.998516098695885
4,4,0.9982167646321781
0,0,0.9979534484883653
0,0,0.9979562843652092
4,4,0.9985140809488574
0,0,0.9979490635897057
1,1,0.9962828564706485
4,4,0.9984935802750705
4,4,0.9985154139966704
2,2,0.9967657972998618
0,0,0.9979534447283668
0,0,0.9979535372837355
4,4,0.9985140944568522
0,0,0.9979534437045566
4,4,0.9985186917769134
4,4,0.9835514371195603
0,0,0.9979532381606475
0,0,0.9979535382015152
0,0,0.9979542414542097
4,4,0.9984493184675646
4,4,0.9984777843193537
1,1,0.9962191365574214
4,4,0.9985139989026631
0,0,0.9979508843966732
0,0,0.9979531495826498
4,4,0.9985140005928047
0,0,0.9978668136136281
4,4,0.9985157567225114
4,4,0.9985140127455282
0,0,0.9979511673676643
0,0,0.9979534429545704
4,4,0.9985142453196288
4,4,0.997576478360901
0,0,0.9979534446603405
4,4,0.9982332999656118
1,1,0.996326247752119
4,4,0.9985198955829916
4,4,0.998516097362372
4,4,0.9985123323898915
4,4,0.9983732848940448
0,0,0.997953580030555
4,4,0.9982784298319249
4,4,0.9985139366340969
4,4,0.9985157772858922
4,4,0.9985159475976091
0,0,0.9979401303864166
4,4,0.9976678285933467
2,2,0.9984040124953152
4,4,0.9985140901039615
4,4,0.9985153719701495
1,1,0.9963259833789039
4,4,0.9985196494672495
4,4,0.998514077847573
4,4,0.9984999735752539
0,0,0.9953039446624758
4,4,0.9985157563691316
4,4,0.9985140826501079
0,0,0.9968130664003758
0,0,0.9979202303193688
0,0,0.9979511704030831
4,4,0.9985142847386663
4,4,0.9985153731467512
1,1,0.9962073582572921
1,1,0.9963259847552409
4,4,0.998462904869606
4,4,0.9985189811542162
0,0,0.9979534443713108
4,4,0.9984739829404184
1,1,0.9962913609989935
4,4,0.9985140013648338
0,0,0.9979539012418428
0,0,0.9979534439283267
4,4,0.9985140770652297
0,0,0.9979549188265664
4,4,0.9985160983483923
4,4,0.9985142478156214
0,0,0.9979549502736003
1,1,0.9963259965428791
1,1,0.9963728900356549
4,4,0.9984254379152981
4,4,0.9976924803074348
4,4,0.9985148630396644
0,0,0.9978906102666933
4,4,0.998499849439022
0,0,0.9979535387863153
0,0,0.9979634051173892
4,4,0.9985141048219038
0,0,0.9979531507776475
1,1,0.9963256624881885
4,4,0.998493487843072
1,1,0.9902296512182345
4,4,0.9985154124289556
4,4,0.9985145278152685
0,0,0.9979600204363046
1,1,0.9963260821873025
4,4,0.998515390779449
1,1,0.9963259410360302
0,0,0.9979598300082232
4,4,0.9984496142498435
0,0,0.9979535611231094
4,4,0.998513999904849
4,4,0.9985160973839675
0,0,0.9979534429545598
4,4,0.9985138890774012
4,4,0.9985135687244079
4,4,0.9985140789182761
4,4,0.9985157539861002
4,4,0.9985137100078862
4,4,0.9985140800627158
4,4,0.9985162802378965
4,4,0.9985052577896579
4,4,0.99827821400276
0,0,0.9979534446603405
4,4,0.9976045907228622
1,1,0.9963066058971352
0,0,0.9979598216136553
1,1,0.9963259965428791
0,0,0.9979409530526173
4,4,0.9984804713609878
0,0,0.9979531009411572
0,0,0.9979552254817035
4,4,0.9983552814386161
4,4,0.9977848490581233
4,4,0.9985157543407381
0,0,0.9979531308620091
0,0,0.9979627548036901
0,0,0.9979560271874066
0,0,0.9979356878322112
0,0,0.9979534421705095
0,0,0.9979531629337074
1,1,0.993682664947937
4,4,0.9983369561992584
0,0,0.9979394598557702
0,0,0.9979534446603192
4,4,0.9985154670510612
1,1,0.9963262325495454
0,0,0.997953162026993
4,4,0.998515777638917
0,0,0.9979542413931834
0,0,0.9979604301898748
0,0,0.9979537757536469
4,4,0.9875123405727245
4,4,0.9985140070622556
4,4,0.9978931640248111
1,1,0.9955244090492565
0,0,0.9979530089921252
4,4,0.9985079822463836
4,4,0.9985145670832499
0,0,0.9979535634891962
0,0,0.997963038347401
0,0,0.9979546365642655
4,4,0.9983542496506531
1,1,0.9963867154676618
4,4,0.9985132686859165
0,0,0.9979531616215781
4,4,0.9985154465277035
0,0,0.997942708770877
4,4,0.9985140891287853
1,1,0.9994065347362786
4,4,0.9984204956857835
4,4,0.998514090949551
4,4,0.9984083855011142
4,4,0.9985160983483923
4,4,0.9985152549943461
1,1,0.9956467626406619
4,4,0.9985158434028402
0,0,0.9979531331211012
4,4,0.9985141195871666
0,0,0.9979531616407223
0,0,0.9979534427000186
4,4,0.9984494887695912
4,4,0.9984638532311516
4,4,0.9985157567225114
4,4,0.9982952261050253
4,4,0.9985140972629255
0,0,0.997954637550187
4,4,0.9983316366043011
4,4,0.9984577588584833
0,0,0.9979545108731959
4,4,0.9985141031848741
4,4,0.9985137559472493
4,4,0.9984888549691178
0,0,0.9978482055600576
0,0,0.9979532990640971
0,0,0.9979549676214534
0,0,0.9980177374042227
0,0,0.997953276693689
4,4,0.9985132700823209
0,0,0.997953446735101
4,4,0.9985017396593767
4,4,0.998514079562735
4,4,0.9985147007491961
0,0,0.9979481347731239
4,4,0.9985140058659684
1,1,0.9963261781269279
0,0,0.9979537351510839
4,4,0.9985101422646561
4,4,0.9985141720914743
0,0,0.9979534430227316
0,0,0.9979534426649211
4,4,0.9985200606962321
0,0,0.9979548970406076
4,4,0.996647461426364
1,1,0.9963260131918258
4,4,0.9985156705983729
4,4,0.9985157567225114
0,0,0.9979565669661682
4,4,0.9979650515218298
0,0,0.9979538498792856
4,4,0.998514093803157
4,4,0.995060778900707
4,4,0.9985154222658151
0,0,0.9973314668064462
1,1,0.9941481084341012
0,0,0.9979532823175583
4,4,0.9984936301984929
4,4,0.9985154169570151
4,4,0.9985140921035768
4,4,0.9985138276728307
0,0,0.9978932846723214
0,0,0.9979534435285734
0,0,0.9979202332447441
4,4,0.9985073890605556
4,4,0.9981705853185086
4,4,0.9985140850329772
1,1,0.996372893992643
4,4,0.9985141579507072
4,4,0.9985140081760404
1,1,0.9963260131918258
4,4,0.9985074633259408
0,0,0.9976186537627799
4,4,0.9985150952744098
0,0,0.9979532772924226
1,1,0.971919802938439
4,4,0.9985140794916176
4,4,0.9985139724853381
1,1,0.9963066227690429
4,4,0.9995554146944979
0,0,0.9979534253172858
0,0,0.9979899195544562
0,0,0.9979583204255855
1,1,0.9963728926203685
0,0,0.9979552299904326
4,4,0.9982057003898998
4,4,0.9985155551405989
4,4,0.9985138282155417
0,0,0.9979598043844797
4,4,0.998499849439022
1,1,0.9958318004695575
4,4,0.9966928315445156
4,4,0.9985015199330666
4,4,0.9980116329726134
4,4,0.998514083415437
4,4,0.9984984147092951
4,4,0.9985153819215977
0,0,0.9979534882244299
4,4,0.9977672364463875
4,4,0.9985075451430548
1,1,0.9963400867917932
4,4,0.9984816653003354
1,1,0.9962159019803885
4,4,0.9985197101522615
1,1,0.9428819994179615
0,0,0.9979531311511711
4,4,0.998512248974862
0,0,0.9979540978726283
1,1,0.9963260293092064
0,0,0.9979551020024113
1,1,0.9963367318069764
0,0,0.9979534429545598
4,4,0.9984123153419375
0,0,0.9979535381928039
0,0,0.9979401339351074
4,4,0.9983995758465796
1,1,0.9963944938791883
4,4,0.9978509748699527
4,4,0.9985185410226537
0,0,0.9979534434108028
0,0,0.9979533191151417
0,0,0.9979524077726447
4,4,0.9985131970936999
4,4,0.9985140838559633
4,4,0.9985139941641115
0,0,0.9979531606285768
0,0,0.997953658284897
4,4,0.9985142417058755
4,4,0.9983365670313801
0,0,0.9979534427489739
4,4,0.9982557666938257
4,4,0.9982012919381821
4,4,0.9985141581471384
0,0,0.9979521485752819
0,0,0.9979452773056849
4,4,0.9956756528798772
0,0,0.9979531498722151
0,0,0.9979542406308883
0,0,0.9979530153978596
4,4,0.9985084556078877
4,4,0.9973770099252665
4,4,0.9979433365950265
4,4,0.9985140778424191
4,4,0.9986608834224532
0,0,0.9979518801694534
4,4,0.9985140007949709
4,4,0.9985157539861002
0,0,0.9979576695044503
4,4,0.9984463197188829
4,4,0.9975093466610366
0,0,0.9979514061928032
4,4,0.9985139941634139
4,4,0.998514003349503
0,0,0.9979531609470342
4,4,0.9985140955473792
0,0,0.9979512886765062
4,4,0.9985154319470029
1,1,0.996374987840481
4,4,0.9985142481614252
4,4,0.9985157570416001
0,0,0.9975768940276882
0,0,0.9979534436393797
4,4,0.9985019841144127
4,4,0.9983860608882299
4,4,0.9985140060091335
1,1,0.9962358458664229
0,0,0.9979604301898748
4,4,0.9985153838953355
1,1,0.9964296942078507
4,4,0.9985142483572923
0,0,0.9979532772924199
4,4,0.9985139930286424
0,0,0.9979546206289615
4,4,0.9985140926846315
4,4,0.9983789302243169
0,0,0.997867187127942
4,4,0.9985154806764643
4,4,0.9985157567225114
0,0,0.9979531324453509
4,4,0.998514005381899
4,4,0.9985159402281485
1,1,0.9963255251849531
4,4,0.9981473093639031
0,0,0.9979531612351024
4,4,0.9981096022620222
4,4,0.9985140838554767
1,1,0.9961870963290909
1,1,0.9963230862222718
4,4,0.9985157772858922
0,0,0.9978319709831086
4,4,0.9985154151045275
0,0,0.997952458442953
4,4,0.9985140010476607
4,4,0.998515673649793
0,0,0.997953186000634
0,0,0.997954344012889
4,4,0.9984217843237791
4,4,0.998456411803315
0,0,0.9979555976564536
4,4,0.9985048062415921
4,4,0.9985142565430468
4,4,0.9982051269647165
4,4,0.9985140004947345
0,0,0.9979531584071526
1,1,0.9963055581755182
4,4,0.9984899236615057
0,0,0.9979531311511711
4,4,0.9981935903615303
4,4,0.998513994089949
1,1,0.9963733680412226
4,4,0.998515777638917
0,0,0.9966773960081593
0,0,0.9979535593173449
0,0,0.9979471622914029
0,0,0.9979535637787723
4,4,0.998514105993074
4,4,0.9985157563691316
4,4,0.9985133048170513
4,4,0.9985177207527062
4,4,0.9985140802758776
4,4,0.998514007646511
4,4,0.9984494872540425
4,4,0.9985142053268259
4,4,0.9985140779739905
4,4,0.9985153641407719
4,4,0.9985139952847555
0,0,0.9979583215857831
4,4,0.9985140807880587
4,4,0.9985143393231048
4,4,0.9980284951878369
0,0,0.997953568016
4,4,0.9985157543407381
0,0,0.9979532794952143
4,4,0.9985140797072984
4,4,0.9985157567225114
4,4,0.9985140826868436
4,4,0.9985020687975825
0,0,0.9979534421705095
4,4,0.9985140776495687
0,0,0.9979550890337656
4,4,0.9985140800627158
4,4,0.998514005268866
4,4,0.998513996481924
4,4,0.9985157772858922
1,1,0.9963404032740004
4,4,0.9985140794916088
0,0,0.9979547892666524
0,0,0.9979535373532706
0,0,0.9979604301898748
4,4,0.9985140095575891
0,0,0.9979534426649106
1,1,0.9961787347704445
4,4,0.9985140795575951
4,4,0.9985140798895626
1,1,0.996313527110772
1,1,0.996356513280519
4,4,0.9983381276967443
0,0,0.9979607079300873
0,0,0.9976368913296667
0,0,0.9979522002019053
4,4,0.9985157772858922
1,1,0.9963070488255392
4,4,0.9985140809332611
4,4,0.9984202425541202
4,4,0.9985140799967872
4,4,0.9985141008252769
0,0,0.9979531495826393
4,4,0.9845360450633919
1,1,0.9956821520097937
0,0,0.9979534427000291
4,4,0.9977713467475829
0,0,0.9978796514872412
4,4,0.9985066273147196
4,4,0.9961541353320332
0,0,0.9979532824466536
4,4,0.998450171135817
0,0,0.9979516856458502
4,4,0.9985101508504525
4,4,0.998354288333865
0,0,0.9979535570431584
4,4,0.9985188513288982
0,0,0.9979531498722151
0,0,0.9979550367892694
4,4,0.9983871508903295
4,4,0.9985153451296215
0,0,0.9979537357990954
0,0,0.9979580157769881
0,0,0.9979555968046931
0,0,0.9979535376890241
0,0,0.9979531304892661
4,4,0.9985140880136706
2,2,0.9979357295790644
4,4,0.9978034662090493
0,0,0.9976982093987043
4,4,0.998341910602117
0,0,0.9979535570431584
4,4,0.9972331612661364
4,4,0.9985188803624734
4,4,0.9985150946762393
4,4,0.9985156760355407
4,4,0.9985202832162466
0,0,0.9979547597486097
4,4,0.9985074301987112
0,0,0.997953442425209
0,0,0.9979534484538923
4,4,0.9985078975360056
0,0,0.9979534434108028
4,4,0.9985159508641454
0,0,0.9979534444396987
4,4,0.9985154138639197
4,4,0.9985159614493118
4,4,0.9982306374499784
0,0,0.9979535800305229
4,4,0.9985157772858922
0,0,0.997953161235115
4,4,0.9985141059669655
4,4,0.9985133053824216
4,4,0.998515757394625
1,1,0.9963066022716455
4,4,0.9985137463058207
0,0,0.9979546408967006
0,0,0.9979468528457283
4,4,0.9982929830543712
4,4,0.9985156994656276
1,1,0.99628555982657
4,4,0.9985159908977612
0,0,0.9979535384862098
0,0,0.9979604301898748
0,0,0.9979534467562625
4,4,0.9985157570416001
4,4,0.998514098705097
4,4,0.9985139732576505
4,4,0.998497412422785
0,0,0.9979534436393797
4,4,0.998449444075883
4,4,0.998515413138792
1,1,0.9963329782496497
0,0,0.9979608090429591
4,4,0.9985148582213693
0,0,0.9979527291917074
0,0,0.997953446735101
4,4,0.9985160983483923
4,4,0.9985154252301791
4,4,0.9983773610487511
0,0,0.9978851748930374
4,4,0.9982712720495593
1,1,0.9963066058971352
4,4,0.9985139947343026
4,4,0.9985141061390281
4,4,0.9985119927271763
0,0,0.997953581533002
4,4,0.9985139932150273
4,4,0.9850403752028554
4,4,0.9985140795619484
0,0,0.9979535800969376
0,0,0.997953724857232
4,4,0.9985142925208024
4,4,0.9983088165746884
4,4,0.9985154505266259
4,4,0.9985140795627256
4,4,0.9985140880136706
4,4,0.9985140778212562
0,0,0.997953175482045
4,4,0.9975141852575803
0,0,0.9979532006580357
0,0,0.997958320927099
4,4,0.9985137481578292
4,4,0.998042637468146
1,1,0.9963262317104136
4,4,0.9919544179072493
4,4,0.9981741834484684
0,0,0.9979534427489739
4,4,0.9985140878877894
4,4,0.9935199949656403
0,0,0.997953299429339
0,0,0.997681714840582
4,4,0.9980541584343322
0,0,0.997953146699751
4,4,0.9985154375485108
0,0,0.9979534447283454
4,4,0.9985157539861002
0,0,0.9979541021173333
4,4,0.9985067418722916
4,4,0.9985140854260331
0,0,0.9979525156830238
0,0,0.9979530462067998
1,1,0.9963260293092064
4,4,0.9983825358065492
0,0,0.9979540933645242
4,4,0.998515670598364
0,0,0.9979534426649106
1,1,0.9963728973045282
4,4,0.9985139332907419
0,0,0.9964875564394685
4,4,0.997845418869433
4,4,0.9981612242621226
4,4,0.9985153858515187
0,0,0.9979531616215732
4,4,0.9631488014486628
0,0,0.9979534426649154
4,4,0.9982689956663314
0,0,0.9979534424252411
4,4,0.9985136321274263
4,4,0.9984393929613166
1,1,0.9952645462335606
0,0,0.9979534430227316
4,4,0.9985140779349599
4,4,0.9981167836907751
4,4,0.9980236377480752
4,4,0.9985151366675222
1,1,0.9963258592414282
0,0,0.9979583203617743
4,4,0.9983964989255979
4,4,0.9985157543407469
0,0,0.99795716273333
4,4,0.9984076029765175
4,4,0.9985159940574707
1,1,0.9833248374768794
4,4,0.9985133075084888
4,4,0.9984996692729795
4,4,0.9985156741611584
0,0,0.9979549186569565
1,1,0.9963260140348653
0,0,0.9979542721180361
0,0,0.9979518790557745
4,4,0.9985157543407381
4,4,0.9985140782608414
4,4,0.9985140039419891
0,0,0.9979531651620571
4,4,0.9985193254193824
0,0,0.9979534439283164
4,4,0.9983083711956967
4,4,0.9985140811303127
1,1,0.9963260293092064
0,0,0.997967203921033
0,0,0.9979537250917887
4,4,0.9985157563691316
1,1,0.9963262317104136
4,4,0.9985154289568483
0,0,0.997953446735101
0,0,0.9979507582834392
4,4,0.998513888879361
4,4,0.9985151753025793
4,4,0.9985141013883351
4,4,0.9915820942128682
4,4,0.9985157539861002
4,4,0.9985141226424749
4,4,0.9985198955829916
4,4,0.9981537701393133
0,0,0.9979535390712084
0,0,0.9978613020153148
4,4,0.9985140204668908
0,0,0.9979560271874066
1,1,0.9963262325495454
4,4,0.9985153935441653
0,0,0.9979535807186372
4,4,0.9985140833359043
0,0,0.9978664673273596
0,0,0.9979543447405486
4,4,0.9985142483572892
4,4,0.9984680040657931
4,4,0.998514079562735
4,4,0.9984926590405905
0,0,0.9979532772839294
0,0,0.9979555980354917
0,0,0.9969273169008364
4,4,0.9983868295653938
0,0,0.9979532605451472
0,0,0.9999980196206496
4,4,0.998449444075883
4,4,0.9983056489922976
0,0,0.9979531522376287
4,4,0.9985154358880934
4,4,0.9985149169300376
0,0,0.9979535637787723
4,4,0.9985140985761899
4,4,0.998512136097471
4,4,0.998515670598364
0,0,0.997953150126621
0,0,0.9979534431563968
0,0,0.9979531472974318
4,4,0.9985157555969187
4,4,0.9985157585773263
4,4,0.9985139937598595
2,2,0.9766801658846311
0,0,0.9979541001603135
0,0,0.9979505580044169
4,4,0.9985165153117719
0,0,0.9979549524463249
4,4,0.9985140778467779
0,0,0.9979531324453509
1,1,0.9963066058971352
0,0,0.9979535804643479
4,4,0.9985140001177556
0,0,0.9978709535523425
0,0,0.9979558757344283
0,0,0.9979535589227816
0,0,0.9977921024181831
4,4,0.9985023056004939
1,1,0.9963135305799552
4,4,0.9984936685218404
1,1,0.9962881150899218
4,4,0.9922976809964495
4,4,0.9977944958629632
0,0,0.9979541001603135
0,0,0.9979532767022218
4,4,0.9985141616324765
4,4,0.9985140079479605
4,4,0.9983780612754665
0,0,0.9979534883874698
1,1,0.9962734541878147
0,0,0.9979535807186315
1,1,0.9962426888058629
4,4,0.9985136039646485
4,4,0.9983545276511806
4,4,0.9976685519741647
4,4,0.998514001103146
4,4,0.9985150015677606
1,1,0.9963066227690429
4,4,0.997262985521703
0,0,0.9979531494647924
1,1,0.9963066230410993
1,1,0.9963729156007373
4,4,0.9984959176571385
4,4,0.9985037262209557
0,0,0.9979543448099785
0,0,0.9979534427000186
4,4,0.9979955227313067
4,4,0.9982207215915053
4,4,0.998514338242966
4,4,0.9984678760571859
4,4,0.9983720056191994
4,4,0.9984479232407286
0,0,0.9979535800571466
0,0,0.9979568758328452
4,4,0.9985037706635282
4,4,0.9985139964801897
0,0,0.997964869457782
0,0,0.997935513891831
0,0,0.9979534447283668
0,0,0.9979430333484735
0,0,0.9979534387004577
0,0,0.9979179073862698
4,4,0.9985140871626185
4,4,0.9985157772858922
0,0,0.9979530464611952
0,0,0.9979536583543968
0,0,0.9979531311511711
4,4,0.9983468200083639
4,4,0.9985190904519208
4,4,0.9985075475337453
0,0,0.9979535387273067
0,0,0.9979537208369446
0,0,0.997953442425209
4,4,0.9985156729782204
1,1,0.9962650075872143
0,0,0.9979538323488083
4,4,0.9983644055150832
4,4,0.9985157788216183
4,4,0.998043521239936
4,4,0.9985139920234118
0,0,0.997953445940985
0,0,0.9979534424592501
4,4,0.9985140802389373
4,4,0.9985140800627158
4,4,0.9985140795619388
4,4,0.9982820727847804
1,1,0.9962370207841099
1,1,0.9963260240248439
0,0,0.9979538323488083
4,4,0.9985140772006942
4,4,0.9985075969436956
4,4,0.9982674142305167
0,0,0.9979532597394256
4,4,0.9985160147423552
0,0,0.9979583220865308
4,4,0.9985139939917638
2,2,0.9980399604762986
1,1,0.9963135181985756
0,0,0.9979535387950201
0,0,0.9979531534509278
0,0,0.9987374588941412
1,1,0.9963044010394186
0,0,0.9979004540566166
4,4,0.9985140058795282
0,0,0.9979528396065903
4,4,0.9981739207545774
1,1,0.9962912028819946
0,0,0.9979534467562625
0,0,0.9979534434108028
1,1,0.9962967739532582
0,0,0.9979530504440446
0,0,0.9979550686359655
4,4,0.9985138381690943
0,0,0.9979530462067998
0,0,0.9979531324453509
4,4,0.9985140800418245
1,1,0.9963260140348653
4,4,0.9985140830086713
4,4,0.9985154307022251
0,0,0.9979600367837226
0,0,0.9979509146446797
4,4,0.9985074043542707
0,0,0.9979534417625725
4,4,0.9985139745055152
1,1,0.9731155916806876
4,4,0.9984161870654586
4,4,0.9985159665001099
1,1,0.9963728933605427
0,0,0.9979540933644925
0,0,0.9979511629195112
0,0,0.9978441472218081
4,4,0.9985140801078062
1,1,0.996326247752119
4,4,0.9984476602506236
4,4,0.9977846720661693
0,0,0.9979617523737115
0,0,0.9979534431564072
4,4,0.9982128511115037
4,4,0.9981613136848481
4,4,0.9985139945792328
4,4,0.9985140790444927
0,0,0.9985038451917878
0,0,0.9979549291151968
2,2,0.9980184901688605
0,0,0.5391820324406528
4,4,0.9984964758340654
4,4,0.9985157772858922
4,4,0.9985142711967191
1,1,0.9963728954477207
1,1,0.9963096744579563
1,1,0.9961099747547955
4,4,0.9985142007764894
0,0,0.9979546590853003
4,4,0.9985153577604584
0,0,0.9979535806920139
4,4,0.9982005687187884
0,0,0.997953584040836
0,0,0.9979534447283454
0,0,0.997953260533754
1,1,0.9898558449168015
4,4,0.9984022337597169
4,4,0.9985157539861002
0,0,0.9979531612351055
0,0,0.9979549520323359
4,4,0.9985140771626563
4,4,0.9985140776498157
4,4,0.998458357416768
4,4,0.9985151978160689
2,2,0.9981167662132978
4,4,0.9982839368630929
1,1,0.9963308279823901
1,1,0.9963453976831327
4,4,0.9985157539861002
0,0,0.9979555980355284
4,4,0.998516023358091
0,0,0.9979555968688133
4,4,0.9985140077556065
4,4,0.9985188150095947
0,0,0.9977922393853836
0,0,0.9979582521274205
4,4,0.9981834195708661
0,0,0.9979534426649106
0,0,0.9979534883874484
4,4,0.9985140016203069
0,0,0.9979535802849234
4,4,0.998515484259947
4,4,0.998515103926596
0,0,0.9979532994293315
4,4,0.9985140134033761
0,0,0.9979532705088524
4,4,0.9985263313850173
0,0,0.9979531570595641
4,4,0.9985141675433477
4,4,0.9985157555288439
4,4,0.9985070857580625
0,0,0.997956746014488
4,4,0.9985140778033933
0,0,0.9979522810804303
0,0,0.997953146699751
4,4,0.9985154416864944
4,4,0.9985140986987732
0,0,0.997954790064223
0,0,0.9979560403569296
0,0,0.997954344012889
4,4,0.9985140796888227
4,4,0.9984004651368275
0,0,0.9979571627333615
0,0,0.9979537206663758
4,4,0.9985140023307506
4,4,0.9985155521236564
4,4,0.9979590855572948
4,4,0.9985201266430935
4,4,0.9985140849865453
4,4,0.9985140061831052
0,0,0.9979567759268624
4,4,0.9985138316149327
0,0,0.997953444826733
4,4,0.998499181823812
4,4,0.9978332222816462
0,0,0.9979796950696213
0,0,0.9978535783038187
2,2,0.9977313367675572
4,4,0.998513995175082
4,4,0.9981278254420295
4,4,0.9985154385315886
4,4,0.9985140822173089
4,4,0.9985036147579708
4,4,0.9985139323929512
4,4,0.9967453704894981
4,4,0.9985140795078408
4,4,0.9985181007356921
0,0,0.9973285524342118
4,4,0.9985011474534103
0,0,0.9979607079300873
4,4,0.997921251069327
0,0,0.9979534430227316
4,4,0.9985139393156527
4,4,0.9979661895921769
1,1,0.9963260131918258
0,0,0.9979580161509409
1,1,0.9962465582610075
4,4,0.9985157539861002
4,4,0.9985140809335068
0,0,0.9979583204255855
0,0,0.9979534424252353
0,0,0.9979534877259573
4,4,0.9985156702440203
4,4,0.9985140075386453
0,0,0.9979534430227316
0,0,0.9979600204363046
4,4,0.998282776084868
4,4,0.9983662706973403
4,4,0.9985150939860137
4,4,0.9985153499219442
1,1,0.9966174752842952
4,4,0.9984849019953637
0,0,0.9979532066165351
4,4,0.9984938755310476
4,4,0.9983940346049599
4,4,0.9985042380249989
0,0,0.9979665475243741
0,0,0.9979534430227316
4,4,0.9985153265745538
0,0,0.5149507852858779
4,4,0.9985140793677019
0,0,0.9979531308620091
4,4,0.9985261382723819
0,0,0.9979259744971876
4,4,0.9981871859870933
4,4,0.9982127051158228
0,0,0.9979567311165449
4,4,0.999445715214998
0,0,0.997953161235113
0,0,0.9979531541094393
0,0,0.9974671932118556
4,4,0.9985139949865922
1,1,0.9962912028819946
0,0,0.9979531859892715
4,4,0.9983020505543025
4,4,0.9984064333189023
0,0,0.9979532775360421
4,4,0.9985140777159771
4,4,0.998499849439022
4,4,0.9985138903466699
0,0,0.9979478265300694
0,0,0.9979534484883653
0,0,0.9979534427334773
0,0,0.9979535836089577
4,4,0.9985139949951322
0,0,0.9970262497087091
4,4,0.9981559538212701
0,0,0.9979535637787826
0,0,0.9979735594025347
4,4,0.9985139957232653
4,4,0.9985139924812151
0,0,1.0
0,0,0.9979534460410828
4,4,0.9985140794916088
1,1,0.9963262227007821
4,4,0.9985140961213601
0,0,0.9979531609470371
1,1,0.9963212633558609
0,0,0.9914404720380139
0,0,0.9979531616215781
0,0,0.9979508269508592
0,0,0.9979583204255751
4,4,0.9985140003405543
4,4,0.9985140796888322
1,1,0.9963407882193349
4,4,0.9985157567225025
4,4,0.9985156717855226
1,1,0.9962912040864611
0,0,0.9979540405333901
4,4,0.9985157772858922
4,4,0.9985151797869453
4,4,0.9985141478160015
0,0,0.997543679866967
4,4,0.9985016984508877
4,4,0.9985017398419986
4,4,0.9982859724287257
1,1,0.9962263353785299
4,4,0.9984863775957962
0,0,0.997954344012889
0,0,0.9979519305795929
0,0,0.9979710719155193
0,0,0.9979583209270837
1,1,0.996474528775157
4,4,0.9984293797916028
4,4,0.9985070988118686
1,1,0.9962167664963933
0,0,0.9979285831047005
4,4,0.998177359562201
4,4,0.9982089966505331
2,2,0.9986396145899589
4,4,0.9985156892581557
4,4,0.9985157567225114
4,4,0.9983120887453806
4,4,0.9985139927434185
0,0,0.9979213531485277
4,4,0.9985157539861002
0,0,0.9979535276457583
4,4,0.9985149792339337
4,4,0.998514251224946
4,4,0.9985140099690284
4,4,0.9985139931475991
0,0,0.9979534439283164
0,0,0.9979627548036901
4,4,0.9985075475337453
4,4,0.9985154305174802
0,0,0.9979532788344725
1,1,0.9963728926203685
4,4,0.9985148896761972
4,4,0.9985141040839689
2,2,0.9977378495094078
4,4,0.9985154780078801
4,4,0.9985075478617087
4,4,0.9985157543407381
1,1,0.9963728950005215
0,0,0.9979534431563968
4,4,0.9983776961917258
4,4,0.9985138904907429
0,0,0.9979548970406076
4,4,0.9984574878153804
0,0,0.9979531466997189
1,1,0.9963762333697072
0,0,0.9979534883874698
4,4,0.9985139955656991
4,4,0.9985156702440203
0,0,0.9979534431563968
4,4,0.9968652817032536
4,4,0.9985140878165941
1,1,0.9963256502111351
0,0,0.9979535844729099
4,4,0.9985154132264358
1,1,0.9963262317104136
0,0,0.997946974207695
4,4,0.9985073509773129
0,0,0.99795716273333
4,4,0.9993948561566759
4,4,0.9985153290476338
4,4,0.998513903132396
4,4,0.9985154816644077
4,4,0.9985140815242202
4,4,0.9985140792894042
0,0,0.9979548096883432
4,4,0.9985129115296253
4,4,0.9985064449474327
0,0,0.9978148230650145
0,0,0.9979535380813009
4,4,0.9985194816607392
4,4,0.998515777638917
4,4,0.9981620889581613
4,4,0.9986846985016239
0,0,0.997952885493381
1,1,0.9963259971497036
0,0,0.9979534434108243
0,0,0.997953441488583
4,4,0.9985137466922049
4,4,0.9985157539861002
4,4,0.9984391406939666
1,1,0.9963259968210503
4,4,0.9981358052412862
4,4,0.9985140005690462
4,4,0.9983107140914568
1,1,0.9843895191700993
4,4,0.9985140776487734
0,0,0.997706152029205
0,0,0.9978148346814777
1,1,0.9963262317104136
4,4,0.9985140034515013
1,1,0.9963728973045282
0,0,0.9979481121318258
4,4,0.9985197287387283
4,4,0.998514097712074
4,4,0.9985140794314799
4,4,0.998657494310202
4,4,0.9981284252580792
4,4,0.9985142084889207
4,4,0.9985258547819572
4,4,0.9985139942956116
0,0,0.9979598436800133
0,0,0.9979394274556964
1,1,0.995873137977569
4,4,0.9985140857010729
0,0,0.9979598190557467
4,4,0.9983382892663951
4,4,0.9985153548757281
0,0,0.9979562331683881
4,4,0.9985188513288982
4,4,0.9985140878827005
1,1,0.9963728973045282
0,0,0.9979554278509858
4,4,0.998515312427698
1,1,0.9963066058971352
4,4,0.997874411026767
4,4,0.9982666781653469
0,0,0.9979546375501656
4,4,0.9985140007286305
4,4,0.9985014834167991
0,0,0.9979534427334666
0,0,0.9981084060390017
4,4,0.9968880078658635
4,4,0.9985154581040129
4,4,0.9982415343686132
4,4,0.997562868773319
4,4,0.9985151878829283
0,0,0.997953150126621
0,0,0.9979528682481905
0,0,0.9978960815721029
0,0,0.9979394136627203
0,0,0.9968878537612971
4,4,0.9947368584854344
4,4,0.9985139944838267
0,0,0.9979534427000186
0,0,0.9979534427489739
0,0,0.9979511016314893
0,0,0.9979534621733914
4,4,0.9985140819200751
0,0,0.9979530497855013
4,4,0.998515777638917
4,4,0.9985195008822527
0,0,0.9979535279185626
4,4,0.9983384841292146
4,4,0.9985205727733941
0,0,0.9979534427000291
4,4,0.9985154295094907
0,0,0.9979532789066623
1,1,0.9963729156007373
0,0,0.9979534421704989
4,4,0.9985140779349504
4,4,0.9985150930693737
4,4,0.998511989751866
0,0,0.9979531998988272
4,4,0.9985149558665785
4,4,0.9983399226810333
4,4,0.998514079365475
0,0,0.9979278971530945
4,4,0.9984968650966002
1,1,0.996339812691081
4,4,0.9985153436019174
4,4,0.9985139938107473
4,4,0.9985185305876808
0,0,0.9979560435022435
1,1,0.9963067719014633
0,0,0.9979600093207698
0,0,0.9979534429545647
4,4,0.9985005925881378
0,0,0.997953442425209
4,4,0.9985139959312901
4,4,0.9985141056606287
4,4,0.9985004165898003
4,4,0.9983967527502189
0,0,0.9979533909855265
4,4,0.9980343165085844
4,4,0.9985140927309007
0,0,0.9979195169649855
0,0,0.9979552309475813
0,0,0.997918742521881
4,4,0.9985019328571356
0,0,0.9979512690598672
4,4,0.9884137771687757
0,0,0.9979531609470371
4,4,0.9985140831655982
4,4,0.9982653768766168
0,0,0.9809040067767125
4,4,0.9985157539861002
0,0,0.9979598314615802
4,4,0.9979272788889405
0,0,0.9979535569753483
1,1,0.9958973289371759
4,4,0.998515412234704
4,4,0.9985141183075804
1,1,0.9963260120986339
4,4,0.9984498439406041
0,0,0.9979532562467105
4,4,0.9985154526336599
0,0,0.9979535379894591
4,4,0.9985160966206585
4,4,0.9984494247324643
4,4,0.9984938347014924
4,4,0.9985153530952386
0,0,0.9979538307101928
0,0,0.9979531327339389
4,4,0.9985154294725407
4,4,0.9984159060921228
0,0,0.997954953012661
4,4,0.9985153556012893
0,0,0.9979534424252197
0,0,0.9979534469883655
0,0,0.9979555968688133
4,4,0.9985140016098695
0,0,0.9979534439283164
4,4,0.9985157563691227
4,4,0.9985185702501218
0,0,0.9979374805005783
4,4,0.998332911419195
1,1,0.9963259778256911
4,4,0.9982963997155663
4,4,0.9985662624942195
4,4,0.9984493242119657
4,4,0.9985140082281808
4,4,0.9985140796888227
4,4,0.99831224643329
1,1,0.9963733669169466
1,1,0.9963262170824431
4,4,0.9985154896021166
4,4,0.9982881329266396
4,4,0.9985157788216183
4,4,0.9984127046009581
0,0,0.9979504041883938
0,0,0.9979672320790172
4,4,0.9985159024184569
1,1,0.991543897041409
0,0,0.9979550694557203
4,4,0.9985139978452225
4,4,0.9978485814803436
4,4,0.9982743291727998
4,4,0.9983625556023223
4,4,0.9985139368618854
0,0,0.997959800812292
4,4,0.998499849439022
4,4,0.9985051434267358
0,0,0.9979607079300873
0,0,0.9979534429545598
4,4,0.9985157539861002
4,4,0.9985075703679763
0,0,0.9979531476856162
4,4,0.9985153599982483
0,0,0.9979531609470342
1,1,0.9963262325495454
4,4,0.9984410827965199
0,0,0.9979535804643479
0,0,0.9979535800305229
0,0,0.9979535570431584
4,4,0.9959391369944499
4,4,0.8463299189708211
0,0,0.9979535807186155
0,0,0.9979535382659283
4,4,0.9981202613742325
0,0,0.9979507582834392
0,0,0.9979550714236641
4,4,0.9985153414622016
0,0,0.9979426836384416
0,0,0.9979534427334666
4,4,0.9985139915061866
0,0,0.9978421036936174
4,4,0.9985140909530462
4,4,0.9985153167181837
1,1,0.9963259778256911
0,0,0.9979534436393797
0,0,0.9979549512583136
1,1,0.9963259983891478
4,4,0.9985140865263675
0,0,0.9979583204255599
1,1,0.996325868344097
4,4,0.9976002304288234
0,0,0.9979526119354118
0,0,0.9979521808866326
0,0,0.9979587698536555
4,4,0.9985160965687506
1,1,0.9961241863598588
4,4,0.9985140814844116
4,4,0.9981319246071144
4,4,0.998514008632975
4,4,0.9985140787581379
4,4,0.9985139919351093
4,4,0.9985154487177138
4,4,0.9984928360749795
4,4,0.9985153977861024
4,4,0.998515777638917
0,0,0.9974372036535651
4,4,0.9985193975694099
0,0,0.9979542985271568
4,0,0.9298671292372234
4,4,0.9985140825057388
4,4,0.9985140798447038
0,0,0.9979634920066656
4,4,0.9985140777762701
0,0,0.9979534427334666
0,0,0.9947084817183817
0,0,0.9979549006255634
1,1,0.9963260131918258
4,4,0.9985140863922156
0,0,0.9979531126510549
0,0,0.9979535386578919
0,0,0.9979611586225763
4,4,0.9985157788216183
4,4,0.9986826685405182
4,4,0.9985139126952636
4,4,0.9985140858127808
1,1,0.9963259983891478
4,4,0.9985140779349593
0,0,0.9979542414542097
0,0,0.9979534429545704
4,4,0.9985139318953384
4,4,0.9985140796888322
0,0,0.9979531606285673
4,4,0.9985142333112206
0,0,0.9979535807186155
4,4,0.998515757394625
4,4,0.9984358241688668
4,4,0.9985149750596118
0,0,0.9979535804643479
4,4,0.998430022855172
1,1,0.9962912004664536
4,4,0.9985139928265355
0,0,0.9979549182925425
0,0,0.9979530441926334
4,4,0.9985140831373942
0,0,0.9979540405975278
4,4,0.9984890759402577
4,4,0.998515670598364
4,4,0.9985153238900225
0,0,0.9979531325676345
4,4,0.9985151869798727
4,4,0.9985157570416001
4,4,0.9985156729782204
0,0,0.9979533924699977
4,4,0.998515438127628
4,4,0.998514005640434
0,0,0.9979535404102886
2,2,0.9982599517003861
0,0,0.997953442425209
0,0,0.9978053607505326
4,4,0.9982465348219565
4,4,0.9981265797284405
4,4,0.9984774695002214
4,4,0.9985151885031824
0,0,0.9979571702847704
0,0,0.9979593075834245
0,0,0.9979538062830472
4,4,0.9981104906137538
4,4,0.9981248952899755
4,4,0.9978702597428193
4,4,0.9985154451571014
0,0,0.997920230456401
0,0,0.9979534879803633
4,4,0.9985139945522644
4,4,0.9985138498445529
4,4,0.9970458090238836
1,1,0.9963256385185336
4,4,0.9985138883513421
4,4,0.9985139983948507
0,0,0.997954107926455
0,0,0.9979534431563968
1,1,0.9954803381622996
4,4,0.99838654262796
4,4,0.9975831252170335
0,0,0.9977761790413697
4,4,0.9984179306701828
4,4,0.9982356003978521
0,0,0.9979550379020528
4,4,0.9985006408031148
4,4,0.9983999868907849
4,4,0.9981571617664602
4,4,0.9985141704014215
4,4,0.9984167179118487
4,4,0.9985161177035358
4,4,0.9944089862111215
4,4,0.9984032171098915
0,0,0.9979534433619097
4,4,0.9985148399390279
4,4,0.9985157563691316
4,4,0.998346345276069
1,1,0.9962967714466725
0,0,0.9979549188265664
1,1,0.996326247752119
4,4,0.9982729835373483
4,4,0.9985140956837785
4,4,0.9977905456223561
0,0,0.9979567311165449
2,2,0.9980128012665718
1,1,0.9963728933605427
4,4,0.9985140124058536
4,4,0.998514081131208
4,4,0.9982146836437278
4,4,0.9985139946836806
4,4,0.9985140829672834
4,4,0.9985019345414254
4,4,0.9985139949262021
0,0,0.9979524928578435
0,0,0.9979547973682948
4,4,0.9985140797846062
0,0,0.9979535373345402
4,4,0.9984487020618197
4,4,0.9985201805065155
1,1,0.9962997889345955
0,0,0.9979548971101289
4,4,0.998514008362474
0,0,0.9979568688574005
4,4,0.9985201021831385
4,4,0.9985157570416001
1,1,0.9963702205389203
4,4,0.9985157539861002
0,0,0.9979534430227316
4,4,0.9985196360259465
0,0,0.9979528685245235
4,4,0.9985140018097055
0,0,0.9979532989861967
1,1,0.9963066227690429
4,4,0.9984307133278402
0,0,0.9979550367892964
4,4,0.9985139959450007
1,1,0.9962072573368896
4,4,0.9986883445076924
4,4,0.9985140070202284
4,4,0.9983928877387611
4,4,0.9985150971561444
0,0,0.9979546535802418
1,1,0.996326247752119
4,4,0.9985140062777659
0,0,0.9979209315178723
4,4,0.998536420370601
0,0,0.9979538498792856
1,1,0.9963728900353981
4,4,0.9980491280691829
4,4,0.9985153417205358
4,4,0.9985073145792583
0,0,0.9979535810997372
0,0,0.9979535644402849
4,4,0.9965705965673791
4,4,0.997651698977316
4,4,0.9985140160939694
4,4,0.9983096504221534
4,4,0.9985157585773263
0,0,0.9979542405873161
4,4,0.9985055440926569
4,4,0.9985140788100325
4,4,0.9985139979602281
4,4,0.9965463296336834
4,4,0.9985141531057199
0,0,0.9979531498371378
0,0,0.9979534422923627
4,4,0.998513981364602
4,4,0.9985153844895607
4,4,0.9985140848630979
4,4,0.9985141871842564
4,4,0.9989152815468416
4,4,0.998346499520099
0,0,0.9979517737498335
0,0,0.9979535673574773
4,4,0.998515442602981
4,4,0.9985152166501258
4,4,0.9985065267761891
4,4,0.9985157772858922
4,4,0.9985140770652297
4,4,0.9983716737538451
4,4,0.9985023906332663
4,4,0.9985141099942185
1,1,0.9921070333094074
4,4,0.9985141585296032
0,0,0.9979530514904816
0,0,0.9979535673574773
0,0,0.9979534434108028
4,4,0.9985140824234424
4,4,0.9985201455397062
4,4,0.9985138886890328
4,4,0.9985146348268906
0,0,0.9979534427000186
4,4,0.9985157563691316
4,4,0.9985161033341793
4,4,0.9985139944273903
4,4,0.9985139938261995
0,0,0.9979374803278389
0,0,0.9979535633713493
0,0,0.9979535383356818
0,0,0.9979537263221251
0,0,0.9979534253172858
0,0,0.9979552094606163
0,0,0.9979534411305544
4,4,0.9985153250568762
0,0,0.997962739471662
0,0,0.9979534877259573
0,0,0.9979539787412146
4,4,0.9985141854053238
4,4,0.9985155049855892
4,4,0.9985158434028402
4,4,0.9985153853292915
4,4,0.9984120793577002
0,0,0.997950855186602
1,1,0.9963729120558252
4,4,0.998513749315755
1,1,0.9962913609989935
4,4,0.9984888549691178
0,0,0.9979531501266424
0,0,0.9979583215857831
4,4,0.9985140115262057
4,4,0.9985140074116657
4,4,0.9985140777666905
4,4,0.9985140794913713
4,4,0.9985066833764927
4,4,0.9985138346738653
4,4,0.9985153754640403
4,4,0.9985151753025704
0,0,0.9979529715609837
4,4,0.890991058445456
4,4,0.9984950447652287
0,0,0.9979532787199575
4,4,0.99851602602666
0,0,0.9967558755105778
4,4,0.9985141642435427
0,0,0.9979534431563968
0,0,0.997953538718601
4,4,0.9981720924190962
4,4,0.9984338703123002
0,0,0.9978388130953393
1,1,0.9960558234680577
4,4,0.9985154749053401
0,0,0.9979202331082085
4,4,0.998514012805424
4,4,0.998514520207758
0,0,0.9979598211587052
4,4,0.9984556667041232
0,0,0.9979535379303912
1,1,0.9963809738776288
0,0,0.9979571336073175
1,1,0.9938450560347911
4,4,0.9985141269461568
4,4,0.998515777638917
4,4,0.998515777638917
2,2,0.9983359713575756
4,4,0.998519395088239
0,0,0.9979534423605911
0,0,0.9979531534509172
0,0,0.9979401460326776
0,0,0.9979549246904954
0,0,0.9979534430227316
4,4,0.9985140819200715
0,0,0.9979532597394256
0,0,0.997900598696318
4,4,0.9985153193869689
0,0,0.997960148453144
4,4,0.9985138267030162
1,1,0.9963763187259521
0,0,0.9979597898454354
0,0,0.9979555968688345
4,4,0.9985157570416001
0,0,0.9979535804643479
4,4,0.9985100907975986
4,4,0.9985157772858922
4,4,0.9985150006501428
0,0,0.9979532989861967
4,4,0.9985140818442738
4,4,0.9985158574247875
0,0,0.9979534469883655
4,4,0.9985132238193575
0,0,0.9979531612351024
4,4,0.9982845452873848
4,4,0.998517673980488
4,4,0.9985140050228054
4,4,0.9985153945345908
4,4,0.9985157567225114
0,0,0.997953446735101
4,4,0.9985053749291497
4,4,0.9985161014363865
0,0,0.9979535800305229
4,4,0.998514077661558
4,4,0.9985149758781154
4,4,0.998514083415437
4,4,0.9985188602011558
0,0,0.9979409630190726
0,0,0.9979531606400353
0,0,0.997953244574809
4,4,0.998513994715025
4,4,0.9985157815323394
1,1,0.9963258592414282
0,0,0.9979534431564072
0,0,0.9979475500012005
0,0,0.9979540676390233
4,4,0.9984974117187012
0,0,0.9979533376282946
0,0,0.9979534446603405
0,0,0.9979531610344959
0,0,0.997940134093926
4,4,0.9980747694752824
0,0,0.9979535379216767
0,0,0.997938767408425
4,4,0.9985154877126627
0,0,0.9979531606286011
0,0,0.9979536583543968
4,4,0.9985154296394014
0,0,0.9979290523236461
0,0,0.9979535800305335
0,0,0.9979374806070306
1,1,0.9963260131918258
4,4,0.9985140053972588
4,4,0.9987486141505737
4,4,0.9985140990722232
4,4,0.9984707343055282
1,1,0.9966432823190849
0,0,0.9979401436338264
4,4,0.9985132826988208
4,4,0.9970734781698267
4,4,0.9985154124289642
4,4,0.9985237644998816
0,0,0.9979534427489739
0,0,0.9979533613621039
0,0,0.9979597986390782
4,4,0.9985139953096113
4,4,0.9985151037814156
4,4,0.9984465491399387
0,0,0.9979534438178878
1,1,0.9963729151626697
4,4,0.9985139792805509
0,0,0.9979534431563968
4,4,0.9985140832910278
0,0,0.9979531606286011
0,0,0.9979537261527114
4,4,0.9985145215578132
0,0,0.9979534444396987
4,4,0.9983423303435415
4,4,0.9985139937073815
4,4,0.9985157957905996
4,4,0.9985140800627246
4,4,0.998499849439022
4,4,0.998514086803446
4,4,0.9985078062235779
4,4,0.9985140009263924
0,0,0.9979546365643023
4,4,0.9985140833658097
0,0,0.9979534422923627
0,0,0.9979534431563968
4,4,0.9985160721898956
4,4,0.99827302984844
0,0,0.9979598302163983
4,4,0.9985140789924991
4,4,0.9985140842552127
4,4,0.9985139966573532
0,0,0.9979531612351024
4,4,0.9985140062474616
1,1,0.9963259983891478
0,0,0.9979537208369446
4,4,0.9985139940979884
2,2,0.9977604289713411
4,4,0.9985155049855892
4,4,0.9985189734780668
4,4,0.9985136320449423
0,0,0.9979384499829334
0,0,0.9979580157684981
4,4,0.9985140794314736
4,4,0.996688132783495
4,4,0.9985239292215934
4,4,0.9985127536782438
1,1,0.9963375195640387
4,4,0.9985074208801424
4,4,0.9985140039946707
4,4,0.9985141885773385
4,4,0.9985203204757407
4,4,0.9985157539861002
0,0,0.9979533607099347
0,0,0.997605872262775
4,4,0.9985167921167825
0,0,0.9979534879803791
4,4,0.9985153511769134
1,1,0.9962258564172104
0,0,0.9979534430227365
4,4,0.9985140028771624
0,0,0.9979533015374746
0,0,0.9979531620155431
1,1,0.9963262317104136
1,1,0.9962987514764824
4,4,0.9983018720208223
1,1,0.9963728950005215
0,0,0.9979028290682594
0,0,0.9979534438178878
4,4,0.9985139944861701
0,0,0.9979534426649211
4,4,0.9984493905718445
1,1,0.9958936522110581
4,4,0.9985141720914743
0,0,0.9979534434108028
4,4,0.998531181918289
4,4,0.9985087813216648
1,1,0.9961352647221812
4,4,0.9985137494581031
4,4,0.9973648665442783
4,4,0.9985145279241833
4,4,0.9978568500144003
0,0,0.9973727607630972
0,0,0.997953446988387
4,4,0.9985161014363865
4,4,0.9985157555288439
0,0,0.9979571623316461
4,4,0.998514079562735
4,4,0.998513827744965
4,4,0.9985119158736049
0,0,0.9979532990640971
4,4,0.9985143601843542
1,1,0.9955996710934785
4,4,0.9985141532200587
4,4,0.9985151207178624
0,0,0.9979543775049627
4,4,0.9985154759499815
4,4,0.9985141534649663
1,1,0.9961787347704445
0,0,0.9979537200057959
0,0,0.9979598035257764
4,4,0.9985140809917685
4,4,0.9984192275591058
0,0,0.997953282734434
0,0,0.9979568758441357
0,0,0.9968777188810465
4,4,0.9985236952203277
4,4,0.998277849933028
4,4,0.9981655255483864
4,4,0.9985140830946033
0,0,0.9979172984725052
0,0,0.9979634892506913
4,4,0.9985140004485146
4,4,0.9985139952490707
0,0,0.997957169488066
4,4,0.9985140016203069
0,0,0.997953186000634
4,4,0.9982635974381809
4,4,0.9985069709045058
0,0,0.9977082578487367
0,0,0.9979535279185947
1,1,0.9934821833802154
4,4,0.9986084202655573
0,0,0.9979534424252197
4,4,0.9985116208893796
4,4,0.9985140800627158
4,4,0.998501166904183
4,4,0.9985152524906739
1,1,0.9963256358213486
4,4,0.998513999571632
0,0,0.9979531606400487
4,4,0.9985153524505418
4,4,0.9985140906542366
4,4,0.9975708354008866
0,0,0.9979542587103792
0,0,0.9979278971530945
4,4,0.9985161046309748
0,0,0.9979534459211847
2,2,0.9984849098161277
4,4,0.9985140922986034
0,0,0.9979534877259573
4,4,0.9985160241201216
4,4,0.9985157579064022
4,4,0.9982356837916222
0,0,0.9979549291152329
0,0,0.997953209430152
4,4,0.9985140779739811
0,0,0.9979534429545704
0,0,0.9979531612351055
0,0,0.9979599935594218
0,0,0.9979534424252197
0,0,0.9979534426649369
4,4,0.997067004011693
1,1,0.9963702205389203
0,0,0.9979534427334666
4,4,0.9985155938988891
4,4,0.9985188041244893
4,4,0.9985140796442824
4,4,0.9985157543407381
1,1,0.9963738096422456
0,0,0.9979384458512619
1,1,0.9916204882836145
4,4,0.998518965642461
0,0,0.9979534446603405
0,0,0.9978661988166811
4,4,0.9985140775218165
0,0,0.9979534464679936
4,4,0.9984137216972212
4,4,0.9985141633600005
0,0,0.9979548970493146
1,1,0.9963259833789039
4,4,0.9985157788216183
0,0,0.997954789391058
4,4,0.9978428535978386
0,0,0.9979528707615417
1,1,0.9963728926203685
0,0,0.9979528685245582
1,1,0.9955269656969084
0,0,0.9979426409165081
4,4,0.9985074169034182
0,0,0.9979436064520505
1,1,0.9963426077854975
4,4,0.9985004150303189
0,0,0.997953467892011
4,4,0.9984292378246109
0,0,0.9979555968688498
0,0,0.9979532989862071
1,1,0.9963259685948094
4,4,0.9985151006662376
0,0,0.9979549508706015
1,1,0.9963728955176461
4,4,0.9931612517445679
4,4,0.9985151851834887
4,4,0.9985128791708737
0,0,0.9979532426188826
1,1,0.9956504530863046
4,4,0.9985157788216183
4,4,0.9985204881659332
0,0,0.9979572696764336
4,4,0.9985140013648338
0,0,0.9979534430227422
4,4,0.9985145830027127
4,4,0.9985200082962133
4,4,0.9985140778424137
0,0,0.9979535806920139
0,0,0.9979534481662399
4,4,0.9985078075409303
4,4,0.9985074640000278
4,4,0.9985151876870015
4,4,0.9985153581400835
4,4,0.9985157539861002
0,0,0.9979534433314721
0,0,0.9979475471764965
4,4,0.9969099101091647
4,4,0.998171235337973
0,0,0.9979549956590106
4,4,0.9985141858278896
4,4,0.9985157539861002
4,4,0.9985154373559189
4,4,0.9985141061470421
0,0,0.99795315532569
0,0,0.9979534427489739
0,0,0.9979535387950201
4,4,0.9985140008501852
4,4,0.9976931749232995
4,4,0.998396054711434
0,0,0.9979590158901331
0,0,0.9979535796231002
1,1,0.9962912028819946
4,4,0.998513828215545
0,0,0.9979531494647924
4,4,0.998487840184274
0,0,0.9979534467562728
4,4,0.998514012413416
4,4,0.9985161239928112
0,0,0.9979533637949044
0,0,0.9979534434108028
4,4,0.9985157543407469
1,1,0.9461669138185697
4,4,0.9985139924809634
4,4,0.9779523117602238
0,0,0.9979535634895554
4,4,0.998444359048781
0,0,0.9977316870010012
0,0,0.997967195482955
4,4,0.9985140790896507
4,4,0.9995495709635773
0,0,0.9749111806783183
1,1,0.9963262325495454
0,0,0.9979531472292383
4,4,0.9985140053955535
4,4,0.9985139730716506
4,4,0.9984706117025659
4,4,0.9985154387250527
4,4,0.9983861893372084
4,4,0.9985140795627256
4,4,0.9985203954603807
4,4,0.9984954269358383
4,4,0.9974118530343797
1,1,0.9962967734048038
1,1,0.9962711071568949
0,0,0.997953442977751
4,4,0.99817366652822
1,1,0.9962518561443664
4,4,0.9979803962068662
4,4,0.9983506798688412
4,4,0.9985015781243999
4,4,0.998370628244827
4,4,0.9985152086345043
4,4,0.9985151823262386
0,0,0.997951057885764
0,0,0.9979524036749362
0,0,0.997953444132122
4,4,0.9984499041510627
0,0,0.9979527647974479
4,4,0.9981770501757814
0,0,0.9979681750395806
4,4,0.9985056621969715
0,0,0.997954623158806
0,0,0.9911616226164809
2,0,0.5666026507204965
4,4,0.9985156705983729
1,1,0.9963738528889409
0,0,0.997948543875765
4,4,0.9985140778424137
4,4,0.9985152607635766
0,0,0.9979531609470342
1,1,0.996372893360731
4,4,0.998507365515184
0,0,0.9979545578584593
4,4,0.998452955515593
4,4,0.998514001267235
4,4,0.9985142135313756
4,4,0.9985139938313439
0,0,0.9979546365642655
4,4,0.9985140084354793
0,0,0.9979542630194091
4,4,0.9984892516512626
4,4,0.9998978542913686
4,4,0.9985154357729757
1,1,0.9963438043926199
4,4,0.998513997664187
4,4,0.9985140865511313
4,4,0.9983305113271025
0,0,0.9979534247800842
0,0,0.9979580157684981
4,4,0.9982783220287955
0,0,0.9979534464679936
0,0,0.9979534464680042
4,4,0.9980779865636985
1,1,0.9962534430750951
1,1,0.9961787347704445
0,0,0.9979535633713493
4,4,0.9984370436752265
0,0,0.9979552254816667
0,0,0.9979534464679936
4,4,0.998514006981784
0,0,0.9979549481138612
0,0,0.9979532452589035
4,4,0.9985139935959654
1,1,0.9984333396600124
0,0,0.9979548978704426
4,4,0.9985154305174806
0,0,0.9979534446603405
0,0,0.9938110232720765
0,0,0.9979555968688345
4,4,0.9985136513373567
4,4,0.9985140975453849
4,4,0.9984997042620173
4,4,0.9985140016325925
0,0,0.997823180345363
0,0,0.9979542107802992
4,4,0.9985157543407469
4,4,0.9985142009616234
0,0,0.9979524067892322
4,4,0.9984788371299288
4,4,0.9985140903842007
0,0,0.9979532824466527
0,0,0.9979600054007872
4,4,0.9985141063953883
0,0,0.9979567321469558
4,4,0.9985158530217151
0,0,0.9979530464612056
4,4,0.9985140879486502
4,4,0.998513975754994
4,4,0.9985141822331425
4,4,0.998499849439022
4,4,0.9985455091220119
4,4,0.9985140813586382
0,0,0.9979543310402579
4,4,0.9853815272003787
0,0,0.9979527660898057
4,4,0.9985153614834095
4,4,0.9985157543407381
1,1,0.9963067640190232
0,0,0.997953396530318
4,4,0.9985140953159349
4,4,0.9984293491555513
0,0,0.9979618725004581
0,0,0.9979535826010764
0,0,0.9979534444396987
4,4,0.998514099705746
0,0,0.9979571756932171
4,4,0.9985138470253141
4,4,0.9985152164129203
0,0,0.9978664673273596
2,2,0.9982429800356378
4,4,0.998515753986109
0,0,0.9979539567446493
4,4,0.9927002655096943
4,4,0.9985194508681701
0,0,0.9979534438179093
4,4,0.9985140772306244
0,0,0.997822804774857
4,4,0.9985151885081903
0,0,0.9979568758441489
4,4,0.998507310140571
0,0,0.9979537259176504
4,4,0.998511624144643
4,4,0.9950286116572088
0,0,0.9979534433618881
4,4,0.9975399951720425
4,4,0.9985139941756324
4,4,0.9985146928574857
0,0,0.9979539643348911
4,4,0.9985154892573714
0,0,0.9979531860006414
1,1,0.9960673178416356
4,4,0.998425917899128
0,0,0.9979535412775311
0,0,0.9979534443712894
4,4,0.9985152727671546
1,1,0.9963728926203685
0,0,0.997953442425209
0,0,0.9979531483023446
0,0,0.9979542413931834
4,4,0.9981743112111475
4,4,0.998515351458352
4,4,0.9982121023637104
4,4,0.9985157539861002
4,4,0.9985140001020726
0,0,0.9979531620408312
0,0,0.9979531327339389
0,0,0.9979534427334666
4,4,0.9985139924215398
0,0,0.9979534427000291
0,0,0.9979537200057959
4,4,0.9982785681121913
0,0,0.9979583215857679
0,0,0.997920230456401
4,4,0.9986555586171532
4,4,0.9983739816561028
0,0,0.9979534434108028
0,0,0.9979531860006414
4,4,0.9985157579064022
4,4,0.9985081822654652
4,4,0.9985139967894034
0,0,0.9979532243785866
4,4,0.9985243269492338
4,4,0.9985139945894124
4,4,0.9985140794913713
0,0,0.9979534429545704
0,0,0.9979524261782258
4,4,0.9985140834602965
4,4,0.9985160882229095
4,4,0.9985168566924099
0,0,0.9979531505337271
4,4,0.9984959790415763
4,4,0.9985140827113766
0,0,0.9979534873185344
4,4,0.9985402305800811
0,0,0.9979535809625493
0,0,0.9979532986984115
4,4,0.998515441923267
4,4,0.9983907787617653
0,0,0.9979532813115198
4,4,0.9985157772858922
0,0,0.9979534424596097
4,4,0.9985140898561126
0,0,0.9979531606400353
1,1,0.9963735258138973
0,0,0.9979532850953251
4,4,0.9985145180450862
0,0,0.9979531856380257
2,2,0.9984082186411929
4,4,0.9985154329882716
1,1,0.9963728951513304
1,1,0.9958833670738305
4,4,0.9985153525556539
4,4,0.9985164941691238
4,4,0.9985140800627158
0,0,0.997950856391985
0,0,0.9979397281566029
4,4,0.9983221127623563
0,0,0.9979278971530945
4,4,0.9985147300791418
4,4,0.9982927635586565
4,4,0.9985141243611486
4,4,0.9985151824009704
4,4,0.9985140795619388
4,4,0.9929728182213283
0,0,0.9965356465809776
4,4,0.998515441561444
4,4,0.9985140806030603
4,4,0.9985140905301686
4,4,0.9985139335911304
4,4,0.9985157579064022
4,4,0.9938670616955729
4,4,0.9983615082835071
4,4,0.9985141032504856
4,4,0.9985154661583282
4,4,0.9983374106893463
4,4,0.9985157539861002
0,0,0.9979534429545647
4,4,0.9985153708416815
4,4,0.9984727409108829
4,4,0.9985157539861002
4,4,0.9972911496846784
0,0,0.9979549188265664
1,1,0.9962073582572921
4,4,0.9985140799965411
4,4,0.9974183040021641
4,4,0.9985139947343026
0,0,0.9979535521517724
4,4,0.9982238487225238
4,4,0.9971552658745721
0,0,0.997940130652754
0,0,0.9979546430856596
0,0,0.9979560271957364
4,4,0.9985140009263924
0,0,0.9979208589811673
4,4,0.9985090798577687
4,4,0.9984029425245833
0,0,0.9979576577801479
4,4,0.9983505906173512
4,4,0.9985154136937802
0,0,0.9979534434108028
1,1,0.993972068923695
4,4,0.9985153490559205
4,4,0.9985142079843544
4,4,0.9983426780014295
4,4,0.9977411891091765
0,0,0.997939163112373
0,0,0.9978857697157558
0,0,0.997953282722986
0,0,0.9979534356667067
4,4,0.9985189156492918
4,4,0.9983566449426375
0,0,0.9979537255137878
0,0,0.997954789391058
4,4,0.9985139952480676
0,0,0.9979540502744997
4,4,0.9985084221286689
4,4,0.9985153641058899
4,4,0.9985139938261995
4,4,0.9983108115808841
4,4,0.9985137533497731
4,4,0.9985140795627414
4,4,0.9982029904785331
0,0,0.9979534919632058
4,4,0.9985155891368839
0,0,0.997953045917224
1,2,0.6638793539133494
0,0,0.9979534469883552
4,4,0.9985145815106694
0,0,0.9979535387256115
0,0,0.9979534431563968
4,4,0.9985139945172616
4,4,0.9987486141505737
4,4,0.9985140779739811
4,4,0.9985140839807785
4,4,0.9985140786773092
0,0,0.997954790064223
4,4,0.9985199683136657
0,0,0.9979534424252197
4,4,0.9985140270174141
4,4,0.9985153430711703
0,0,0.9979534421705095
4,4,0.9980010990965328
4,4,0.9985140008542128
0,0,0.9979541875627128
0,0,0.9979531629337074
0,0,0.997957169488066
4,4,0.9985154740527094
1,1,0.9962911995356676
1,1,0.9962076225904367
4,4,0.9985009747180185
4,4,0.998514015659677
4,4,0.9983445659726239
4,4,0.9985140065672883
4,4,0.998513544821358
4,4,0.9985139949221047
1,1,0.9963728973045282
0,0,0.9979534427334666
4,4,0.9985154122023114
4,4,0.9983306725183674
4,4,0.9985139802011486
1,1,0.9963262317104136
4,4,0.9985140771218135
0,0,0.9979534430227422
0,0,0.9979534430227365
4,4,0.998514143924046
0,0,0.997954918826577
4,4,0.9985156729782204
0,0,0.9979534434107924
4,4,0.9985068593839163
0,0,0.9979531498722151
0,0,0.9979555968688498
0,0,0.9979534429545598
4,4,0.9984786078279202
4,4,0.9983178639819735
4,4,0.9985149758781154
4,4,0.9985139944861701
4,4,0.9983842610762054
0,0,0.9979534428328077
1,1,0.9963259961624322
4,4,0.9985140794916088
0,0,0.9979534434108028
0,0,0.9973409953411783
0,0,0.9979535840408463
0,0,0.9958920681338927
0,0,0.9979534467001812
4,4,0.9985140800678519
0,0,0.9979531609470342
4,4,0.9985156705983729
4,4,0.9985131325978996
0,0,0.9979549141482195
4,4,0.9985157570416001
4,4,0.9985179206819429
0,0,0.9979565669858824
1,1,0.9961172208253762
4,4,0.9985075478617087
1,1,0.9930256593603811
0,0,0.9979531578099725
0,0,0.9979535806920353
2,2,0.9631840536015316
4,4,0.998431756476671
4,4,0.9982891040453066
0,0,0.9978468902591067
0,0,1.0
1,1,0.9963262170824431
0,0,0.9979548978701379
4,4,0.9985140798444665
4,4,0.9985154222275271
0,0,0.9979535391318859
4,4,0.9984913113074136
4,4,0.99829078829026
4,4,0.9985139100938586
0,0,0.9979542406571207
4,4,0.9985140825057299
0,0,0.9978910323943045
0,0,0.9979278972902521
4,4,0.998514146947982
0,0,0.9979607079300873
4,4,0.9985158489465895
0,0,0.9979534438178878
1,1,0.9963260131918258
0,0,0.9979534430227316
0,0,0.9979531473620488
4,4,0.9985025605232931
0,0,0.9979527647974605
4,4,0.9985145351520345
4,4,0.9983611630418511
4,4,0.9985157555969187
0,0,0.9979531612351055
0,0,0.9979536414951373
4,4,0.9985155768208488
0,0,0.9979121930845753
1,1,0.9963260140348653
4,4,0.9985138626567285
4,4,0.9985157788216183
1,1,0.9963259759270521
4,4,0.998517529484281
0,0,0.9979534427489739
4,4,0.9711156630661594
4,4,0.9981186041890653
0,0,0.9979531606400478
0,0,0.9979516501101574
4,4,0.9985134991127703
0,0,0.9975447971448177
4,4,0.9985135544169169
4,4,0.9985188378550629
4,4,0.9985137473772245
4,4,0.9985157788216183
0,0,0.9979555968688133
0,0,0.9979534430227422
1,1,0.9807804545373509
0,0,0.9979534424592501
0,0,0.9979534913046937
0,0,0.997866852542248
4,4,0.9985157563691316
4,4,0.9985140007345592
4,4,0.9985157539861002
1,1,0.9965927845246587
0,0,0.9979531651620571
1,1,0.9963262325495454
4,4,0.9982262089180708
4,4,0.9985151983468652
4,4,0.9985094716303929
0,0,0.9979534422923627
0,0,0.9979542098962184
4,4,0.9985153486945634
0,0,0.9979534497087698
1,1,0.996325879159669
4,4,0.9985142042101396
4,4,0.9985139934843729
0,0,0.9979535797409791
4,4,0.9985156732970524
4,4,0.9985157772858922
0,0,0.9978928623480796
4,4,0.9975362351673408
4,4,0.9983596656631172
0,0,0.9979555968688345
0,0,0.9979555968688345
0,0,0.9979488080346194
4,4,0.9985139941641115
4,4,0.9985140074950248
0,0,0.9979278972902521
0,0,0.9974831873922755
0,0,0.9979549246905164
1,1,0.841068706706421
0,0,0.9979534429545704
0,0,0.9979534447283454
0,0,0.9979510143906091
1,1,0.9960325534303908
4,4,0.9985140017499652
4,4,0.9985140774949339
0,0,0.997953686405074
1,1,0.9962913609989935
0,0,0.9979390778515007
1,1,0.9963728973045282
4,4,0.9985453165395471
4,4,0.9985139933716779
4,4,0.999374740352249
4,4,0.998513384139194
4,4,0.998515352795046
0,0,0.9979538303473088
1,1,0.9957245718571727
1,1,0.9963262170824431
0,0,0.9979531610344959
0,0,0.9979531606400478
4,4,0.9985139944838267
4,4,0.9984487420640642
1,1,0.9963728933607988
4,4,0.9985141986746399
0,0,0.9979534467562625
0,0,0.9979534429545598
4,4,0.998462167829198
4,4,0.9984825552600328
4,4,0.998500413052136
1,1,0.9963262317104136
4,4,0.9978323874276175
4,4,0.998505692639867
4,4,0.9985202801362583
4,4,0.9984087285340033
4,4,0.998417728202222
4,4,0.9985153881964519
4,4,0.9930561419833186
4,4,0.9984130424733746
4,4,0.9985140072389779
4,4,0.9985154136937802
0,0,0.9979534429545647
1,1,0.9963738824024105
4,4,0.9985140804873379
4,4,0.9985157567225114
0,0,0.9979531860006309
4,4,0.998515848659257
4,4,0.997364370583588
4,4,0.9985140853540502
4,4,0.9984928492291347
1,1,0.9963728901869653
4,4,0.9985140848111915
0,0,0.9979531606286011
4,4,0.9981285157866254
1,1,0.9963260131918258
4,4,0.9985013924184422
4,4,0.9985157563691316
0,0,0.9979549188265664
4,4,0.9985140095575891
3,4,0.7496705227389276
4,4,0.9985172791589317
4,4,0.9985195834386049
0,0,0.9979531603403227
4,4,0.9984882639815248
4,4,0.998515777638917
0,0,0.9979597968651569
0,0,0.9979534429545598
4,4,0.9985142466111997
0,0,0.9979533565808492
4,4,0.9985047504193626
0,0,0.997953282722986
0,0,0.9979530462067998
4,4,0.9985140009557093
4,4,0.998514004559324
4,4,0.9976454182860899
4,4,0.9978192920620156
4,4,0.9985140822492071
0,0,0.9979534109950776
4,4,0.9981584042911003
4,4,0.9981614448506485
4,4,0.998514001081197
0,0,0.997918742521881
4,4,0.9981911107852476
0,0,0.9979521258522691
0,0,0.9979395642227403
4,4,0.9983922892160365
0,0,0.997953206340202
0,0,0.997963043303508
0,0,0.9979549186569461
0,0,0.9979675829405351
0,0,0.9979549141482668
4,4,0.9984015291036598
4,4,0.9985140920017409
0,0,0.997957171368914
4,4,0.9985153760821912
0,0,0.9979534470714431
0,0,0.997953444132122
4,4,0.9985237075473234
4,4,0.9985129991915699
0,0,0.9979565669773647
0,0,0.9979534434107924
4,4,0.9985138514192083
1,1,0.9846666044749065
0,0,0.9979580157684981
4,4,0.9992601438444104
4,4,0.9985155000898475
4,4,0.9986010029864817
4,4,0.9985134984992978
4,4,0.9985160149425685
4,4,0.9984234444740173
4,4,0.9985153639610509
0,0,0.9979535637787723
4,4,0.998515413753222
0,0,0.9979534424252411
0,0,0.99792789802683
4,4,0.9985141052587401
0,0,0.9979547894608877
4,4,0.9977656035645547
0,0,0.9979532452589035
1,1,0.9963260131918258
1,1,0.9963262206019387
4,4,0.998509472343962
4,4,0.9985140976681591
0,0,0.9979530394318323
4,4,0.9985180964688903
0,0,0.997967142664169
0,0,0.9979535836089577
0,0,0.9979279051995649
4,4,0.998506370431557
4,4,0.9985148930695178
0,0,0.9979583204255751
0,0,0.997953443528911
4,4,0.9980862513042519
4,4,0.9985140850329683
4,4,0.9985152526466234
1,1,0.996618364344131
4,4,0.9985156702440203
1,1,0.9963272088704324
4,4,0.9985140847060003
4,4,0.998515777638917
4,4,0.9985181263632931
4,4,0.998515753986109
4,4,0.9984941531068622
0,0,0.9979598190557467
0,0,0.9977649974206548
0,0,0.9979468528457283
0,0,0.9979583204255855
0,0,0.9979535380813009
4,4,0.9986777473664025
4,4,0.9985067019435896
0,0,0.9979516856572819
4,4,0.9985137524994848
4,4,0.9985148930695178
4,4,0.9984959370059264
0,0,0.9979534883874484
0,0,0.9979542630194091
1,1,0.9963749221754293
4,4,0.998514006341734
0,0,0.9979537208369446
4,4,0.9984755487082153
4,4,0.9985157772858922
0,0,0.9979533253437401
4,4,0.9985157539861002
1,1,0.9963256633145645
0,0,0.9979512868944282
2,2,0.9972233537165087
4,4,0.9986607094545936
0,0,0.9979543439433891
0,0,0.997953161333653
0,0,0.9979531603402788
0,0,0.9979534427334666
0,0,0.9979539609023819
4,4,0.998515946499253
0,0,0.9979534877259573
4,4,0.9985140812621357
4,4,0.9985151782924717
4,4,0.9985140975453849
4,4,0.9985140778087759
4,4,0.9984762424518286
4,4,0.9985341589919877
4,4,0.9985140773684364
1,1,0.9962982125365532
0,0,0.997953538718601
4,4,0.9982060902927521
0,0,0.9979532994293315
4,4,0.9985157567225114
4,4,0.9981818124887182
4,4,0.9985139930286424
4,4,0.998288325715422
4,4,0.9984245789682844
0,0,0.9979532745404669
0,0,0.9979531612351024
0,0,0.9979534431563968
1,1,0.9963259983891478
4,4,0.9985154715720729
4,4,0.9985151142885728
0,0,0.9979534444396987
0,0,0.9979534422923627
0,0,0.9979555968688498
4,4,0.9985139937661209
0,0,0.9979534429545704
4,4,0.9982989619372532
4,4,0.9985153534020597
0,0,0.9979535373532706
4,4,0.9985179926414783
4,4,0.9984916644614695
0,0,0.997941953498695
0,0,0.9979534427000186
4,4,0.9985139949881479
4,4,0.9985139939320417
4,4,0.9985141190001257
0,0,0.9979532066279936
4,4,0.9985039324880634
0,0,0.9978974362711566
4,4,0.9985157579064022
4,4,0.9980958851641808
1,1,0.9963260038055674
0,0,0.9979534424252197
4,4,0.998515713870279
4,4,0.9985202875934122
0,0,0.997953162026991
4,4,0.9985165821279892
0,0,0.9979531498722151
4,4,0.9985116196729246
0,0,0.9979554163139372
0,0,0.9979530462067998
0,0,0.9970347912335019
0,0,0.9979532789066623
4,4,0.998515753986109
4,4,0.9984494247324643
4,4,0.9985156726251249
1,1,0.9963260131918258
4,4,0.9984493048046003
0,0,0.9979516523158488
4,4,0.9985140799328335
4,4,0.9985139997764548
4,4,0.9985139933779429
0,0,0.9979459143854409
4,4,0.998514087885048
4,4,0.9981096878822093
4,4,0.9985140816342661
4,4,0.9985139943248305
1,1,0.9962467701991226
4,4,0.9985157543407381
4,4,0.9984937620555748
4,4,0.9985156732970524
0,0,0.9979537205830729
0,0,0.9979534427334666
4,4,0.9984888549691178
4,4,0.9985140917503872
0,0,0.9979534436393797
4,4,0.9985030825450667
0,0,0.9979509258405103
4,4,0.9984024422487869
4,4,0.9984181091905752
4,4,0.9991052324178553
4,4,0.9984181224642154
4,4,0.9941027902389515
4,4,0.9985158523454648
0,0,0.997953146699751
4,4,0.9985037394756666
4,4,0.998314690646332
4,4,0.9982764703789312
4,4,0.9985157570416001
0,0,0.9982560507664064
0,0,0.9977933659182202
0,0,0.9979571756932171
4,4,0.9985153881964552
4,4,0.9985141965107848
0,0,0.9979687268210325
4,4,0.998514077847573
4,4,0.9985139937937338
0,0,0.9979534426649106
0,0,0.9979378274246581
4,4,0.9985140796027191
4,4,0.9985157788216183
4,4,0.9985154661583282
4,4,0.9980791555009992
0,0,0.9979415161036327
4,4,0.9985431836366095
2,2,0.9979751457182665
0,0,0.9979537201765062
4,4,0.998515777638917
0,0,0.9979547427455282
4,4,0.9984821606777652
0,0,0.99795428520052
0,0,0.9979535374040708
4,4,0.9985125393967361
4,4,0.9985152969684437
0,0,0.9979498722161514
0,0,0.9979535807186155
4,4,0.9985139946487042
0,0,0.997941953498695
0,0,0.9979534501822911
1,1,0.9961352647201459
4,4,0.9985140794314702
4,4,0.998514078069191
1,1,0.9963380815793302
0,0,0.9979580305911041
1,1,0.9963260131918258
1,1,0.9932996950264703
0,0,0.9979456283381619
4,4,0.9983340654521194
4,4,0.9985150980512704
0,0,0.9979534434108243
4,4,0.9985140398255998
4,4,0.9981157281095808
4,4,0.9985225964307085
0,0,0.9979535562561521
4,4,0.9985140779349593
0,0,0.9979535800305335
0,0,0.997920230456401
4,4,0.9985155623691582
4,4,0.9985156729782204
1,1,0.996319119375714
0,0,0.9979583204255751
1,1,0.9963728926203685
4,4,0.9985155222359311
4,4,0.9985141279165313
4,4,0.9984916854086615
4,4,0.9982954228931831
0,0,0.997953206627984
4,4,0.998515757394625
0,0,0.9979518958083013
4,4,0.9985140790445016
0,0,0.9979527276863731
1,1,0.9967432019558105
0,0,0.9979189931009221
0,0,0.9979541009618635
0,0,0.9979547740129827
1,1,0.9962663859002082
1,1,0.9928957764782217
0,0,0.9979278971530945
0,0,0.9978668138962441
1,1,0.9963028384215292
0,0,0.9979548978381783
4,4,0.9985139945522679
4,4,0.9984178795286697
1,1,0.9960602510270642
0,0,0.9979531629337074
1,1,0.9963749221754293
4,4,0.9978501891151625
4,4,0.9983058552326418
4,4,0.9985140877667499
4,4,0.9985166656195402
4,4,0.998513972999858
4,4,0.9985266085632466
4,4,0.9985140841515955
0,0,0.9979535386578919
1,1,0.9962912028819946
4,4,0.9984606004819845
4,4,0.9985140814844116
0,0,0.997912456054416
4,4,0.9969564543887696
4,4,0.9985157570416001
4,4,0.9985141461659234
4,4,0.99851410737952
4,4,0.9985068795843984
4,4,0.9985142530675167
0,0,0.9979514063691954
4,4,0.9977626017549305
4,4,0.9985140778424226
0,0,0.9979548970406076
4,4,0.9985142511533428
4,4,0.9985139939576213
0,0,0.9979599923044243
4,4,0.9985157555288439
1,1,0.9957556618754656
0,0,0.9979531495830092
4,4,0.9985139975295204
0,0,0.9999941388488133
4,4,0.9985140799557566
4,4,0.99840959843535
4,4,0.9985140064478373
4,4,0.9985140009263924
4,4,0.9985140856572269
0,0,0.9979534298259988
0,0,0.9979535379303912
0,0,0.9979554811229493
0,0,0.9979531603402788
0,0,0.9979531594108496
0,0,0.997953832360152
0,0,0.9979541000967083
0,0,0.9974769903947167
4,4,0.9976500847111827
0,0,0.9979543446163126
0,0,0.997952764797447
1,1,0.9963627806412338
0,0,0.9978563874560583
0,0,0.9979682356672118
1,1,0.9960375190873643
4,4,0.9985140986987732
0,0,0.9979534426649106
4,4,0.9985139935251048
1,1,0.9963738824024105
0,0,0.9979510647607107
4,4,0.9985226844004449
4,4,0.9985150941160851
4,4,0.9984939691593676
0,0,0.9979513394710304
0,0,0.9979600367837226
4,4,0.9984499934879387
4,4,0.998513993821212
0,0,0.9979533637949044
4,4,0.9985142019377569
4,4,0.9985068120147332
4,4,0.9985140795575951
0,0,0.9979520393429668
0,0,0.997957407758868
0,0,0.9979532989861967
4,4,0.9982755203729996
4,4,0.9981377153617167
4,4,0.9985157772858922
0,0,0.997953538718601
4,4,0.998514081696116
0,0,0.9979583220865671
4,4,0.9984677619151695
4,4,0.9985139998384168
4,4,0.9985157788216183
0,0,0.997953446735101
4,4,0.9985160128690124
0,0,0.9979531498722151
4,4,0.9985140007345592
4,4,0.9985154894323461
0,0,0.9979534427334715
1,1,0.9964220467844739
