timestamp,sample_index,predicted_attack_label
2025-12-24 16:46:21,2,4
2025-12-24 16:46:21,3,1
2025-12-24 16:46:21,4,4
2025-12-24 16:46:21,5,4
2025-12-24 16:46:21,6,4
2025-12-24 16:46:21,7,4
2025-12-24 16:46:21,11,4
2025-12-24 16:46:21,12,4
2025-12-24 16:46:21,13,4
2025-12-24 16:46:21,14,1
2025-12-24 16:46:21,22,4
2025-12-24 16:46:21,25,4
2025-12-24 16:46:21,27,1
2025-12-24 16:46:21,28,4
2025-12-24 16:46:21,29,4
2025-12-24 16:46:21,31,4
2025-12-24 16:46:21,34,4
2025-12-24 16:46:21,35,4
2025-12-24 16:46:21,36,4
2025-12-24 16:46:21,37,4
2025-12-24 16:46:21,38,4
2025-12-24 16:46:21,39,4
2025-12-24 16:46:21,40,4
2025-12-24 16:46:21,42,1
2025-12-24 16:46:21,46,1
2025-12-24 16:46:21,47,4
2025-12-24 16:46:21,48,1
2025-12-24 16:46:21,51,4
2025-12-24 16:46:21,52,1
2025-12-24 16:46:21,53,4
2025-12-24 16:46:21,55,4
2025-12-24 16:46:21,56,1
2025-12-24 16:46:21,58,4
2025-12-24 16:46:21,59,4
2025-12-24 16:46:21,63,4
2025-12-24 16:46:21,66,4
2025-12-24 16:46:21,67,4
2025-12-24 16:46:21,68,4
2025-12-24 16:46:21,69,4
2025-12-24 16:46:21,72,4
2025-12-24 16:46:21,73,4
2025-12-24 16:46:21,75,1
2025-12-24 16:46:21,76,1
2025-12-24 16:46:21,78,4
2025-12-24 16:46:21,83,4
2025-12-24 16:46:21,84,4
2025-12-24 16:46:21,85,4
2025-12-24 16:46:21,86,4
2025-12-24 16:46:21,87,4
2025-12-24 16:46:21,88,1
2025-12-24 16:46:21,90,4
2025-12-24 16:46:21,92,1
2025-12-24 16:46:21,94,1
2025-12-24 16:46:21,97,4
2025-12-24 16:46:21,98,4
2025-12-24 16:46:21,99,4
2025-12-24 16:46:21,100,4
2025-12-24 16:46:21,101,4
2025-12-24 16:46:21,103,4
2025-12-24 16:46:21,104,4
2025-12-24 16:46:21,105,4
2025-12-24 16:46:21,106,4
2025-12-24 16:46:21,108,4
2025-12-24 16:46:21,110,4
2025-12-24 16:46:21,111,1
2025-12-24 16:46:21,112,4
2025-12-24 16:46:21,113,4
2025-12-24 16:46:21,114,4
2025-12-24 16:46:21,115,4
2025-12-24 16:46:21,118,4
2025-12-24 16:46:21,119,4
2025-12-24 16:46:21,122,4
2025-12-24 16:46:21,123,4
2025-12-24 16:46:21,124,4
2025-12-24 16:46:21,128,4
2025-12-24 16:46:21,131,4
2025-12-24 16:46:21,132,4
2025-12-24 16:46:21,133,4
2025-12-24 16:46:21,135,4
2025-12-24 16:46:21,138,4
2025-12-24 16:46:21,139,4
2025-12-24 16:46:21,140,4
2025-12-24 16:46:21,144,4
2025-12-24 16:46:21,145,4
2025-12-24 16:46:21,146,4
2025-12-24 16:46:21,147,4
2025-12-24 16:46:21,154,1
2025-12-24 16:46:21,155,1
2025-12-24 16:46:21,159,4
2025-12-24 16:46:21,161,4
2025-12-24 16:46:21,162,1
2025-12-24 16:46:21,163,4
2025-12-24 16:46:21,164,4
2025-12-24 16:46:21,165,4
2025-12-24 16:46:21,167,4
2025-12-24 16:46:21,168,4
2025-12-24 16:46:21,171,4
2025-12-24 16:46:21,172,1
2025-12-24 16:46:21,173,4
2025-12-24 16:46:21,174,4
2025-12-24 16:46:21,176,4
2025-12-24 16:46:21,178,4
2025-12-24 16:46:21,179,4
2025-12-24 16:46:21,181,4
2025-12-24 16:46:21,182,4
2025-12-24 16:46:21,184,4
2025-12-24 16:46:21,186,4
2025-12-24 16:46:21,188,1
2025-12-24 16:46:21,189,4
2025-12-24 16:46:21,191,1
2025-12-24 16:46:21,193,4
2025-12-24 16:46:21,194,4
2025-12-24 16:46:21,197,4
2025-12-24 16:46:21,198,4
2025-12-24 16:46:21,204,4
2025-12-24 16:46:21,205,4
2025-12-24 16:46:21,206,4
2025-12-24 16:46:21,207,4
2025-12-24 16:46:21,208,4
2025-12-24 16:46:21,209,4
2025-12-24 16:46:21,211,4
2025-12-24 16:46:21,212,4
2025-12-24 16:46:21,213,4
2025-12-24 16:46:21,214,4
2025-12-24 16:46:21,215,1
2025-12-24 16:46:21,217,4
2025-12-24 16:46:21,218,4
2025-12-24 16:46:21,219,4
2025-12-24 16:46:21,220,4
2025-12-24 16:46:21,221,4
2025-12-24 16:46:21,224,4
2025-12-24 16:46:21,227,4
2025-12-24 16:46:21,228,4
2025-12-24 16:46:21,230,1
2025-12-24 16:46:21,232,4
2025-12-24 16:46:21,233,4
2025-12-24 16:46:21,234,4
2025-12-24 16:46:21,235,4
2025-12-24 16:46:21,236,4
2025-12-24 16:46:21,237,4
2025-12-24 16:46:21,238,4
2025-12-24 16:46:21,239,4
2025-12-24 16:46:21,241,4
2025-12-24 16:46:21,242,4
2025-12-24 16:46:21,243,4
2025-12-24 16:46:21,246,4
2025-12-24 16:46:21,247,4
2025-12-24 16:46:21,249,4
2025-12-24 16:46:21,251,4
2025-12-24 16:46:21,252,4
2025-12-24 16:46:21,253,4
2025-12-24 16:46:21,254,4
2025-12-24 16:46:21,255,1
2025-12-24 16:46:21,257,1
2025-12-24 16:46:21,258,4
2025-12-24 16:46:21,259,4
2025-12-24 16:46:21,260,4
2025-12-24 16:46:21,262,4
2025-12-24 16:46:21,267,4
2025-12-24 16:46:21,268,4
2025-12-24 16:46:21,269,4
2025-12-24 16:46:21,271,4
2025-12-24 16:46:21,272,4
2025-12-24 16:46:21,274,4
2025-12-24 16:46:21,276,1
2025-12-24 16:46:21,277,4
2025-12-24 16:46:21,278,4
2025-12-24 16:46:21,282,4
2025-12-24 16:46:21,283,4
2025-12-24 16:46:21,285,4
2025-12-24 16:46:21,286,4
2025-12-24 16:46:21,287,4
2025-12-24 16:46:21,290,1
2025-12-24 16:46:21,291,4
2025-12-24 16:46:21,295,4
2025-12-24 16:46:21,299,4
2025-12-24 16:46:21,301,4
2025-12-24 16:46:21,303,4
2025-12-24 16:46:21,304,4
2025-12-24 16:46:21,306,4
2025-12-24 16:46:21,307,4
2025-12-24 16:46:21,308,4
2025-12-24 16:46:21,309,4
2025-12-24 16:46:21,310,4
2025-12-24 16:46:21,311,4
2025-12-24 16:46:21,314,4
2025-12-24 16:46:21,317,4
2025-12-24 16:46:21,319,4
2025-12-24 16:46:21,320,4
2025-12-24 16:46:21,321,4
2025-12-24 16:46:21,322,4
2025-12-24 16:46:21,323,4
2025-12-24 16:46:21,328,4
2025-12-24 16:46:21,329,4
2025-12-24 16:46:21,331,4
2025-12-24 16:46:21,332,4
2025-12-24 16:46:21,336,4
2025-12-24 16:46:21,339,4
2025-12-24 16:46:21,341,4
2025-12-24 16:46:21,345,4
2025-12-24 16:46:21,346,4
2025-12-24 16:46:21,347,4
2025-12-24 16:46:21,349,4
2025-12-24 16:46:21,352,4
2025-12-24 16:46:21,355,4
2025-12-24 16:46:21,356,4
2025-12-24 16:46:21,358,1
2025-12-24 16:46:21,359,4
2025-12-24 16:46:21,360,4
2025-12-24 16:46:21,361,4
2025-12-24 16:46:21,363,4
2025-12-24 16:46:21,365,4
2025-12-24 16:46:21,370,4
2025-12-24 16:46:21,372,4
2025-12-24 16:46:21,374,4
2025-12-24 16:46:21,375,4
2025-12-24 16:46:21,376,4
2025-12-24 16:46:21,377,4
2025-12-24 16:46:21,378,4
2025-12-24 16:46:21,379,4
2025-12-24 16:46:21,380,4
2025-12-24 16:46:21,381,4
2025-12-24 16:46:21,383,1
2025-12-24 16:46:21,384,1
2025-12-24 16:46:21,386,1
2025-12-24 16:46:21,388,4
2025-12-24 16:46:21,390,4
2025-12-24 16:46:21,391,4
2025-12-24 16:46:21,392,4
2025-12-24 16:46:21,393,4
2025-12-24 16:46:21,394,4
2025-12-24 16:46:21,398,4
2025-12-24 16:46:21,399,4
2025-12-24 16:46:21,400,4
2025-12-24 16:46:21,401,4
2025-12-24 16:46:21,402,4
2025-12-24 16:46:21,404,4
2025-12-24 16:46:21,405,4
2025-12-24 16:46:21,406,4
2025-12-24 16:46:21,407,4
2025-12-24 16:46:21,410,1
2025-12-24 16:46:21,411,4
2025-12-24 16:46:21,412,1
2025-12-24 16:46:21,413,4
2025-12-24 16:46:21,415,4
2025-12-24 16:46:21,416,4
2025-12-24 16:46:21,417,4
2025-12-24 16:46:21,419,4
2025-12-24 16:46:21,420,4
2025-12-24 16:46:21,421,4
2025-12-24 16:46:21,423,4
2025-12-24 16:46:21,424,4
2025-12-24 16:46:21,426,4
2025-12-24 16:46:21,427,4
2025-12-24 16:46:21,428,4
2025-12-24 16:46:21,429,4
2025-12-24 16:46:21,430,4
2025-12-24 16:46:21,435,1
2025-12-24 16:46:21,436,4
2025-12-24 16:46:21,437,4
2025-12-24 16:46:21,438,4
2025-12-24 16:46:21,441,4
2025-12-24 16:46:21,442,4
2025-12-24 16:46:21,443,4
2025-12-24 16:46:21,444,1
2025-12-24 16:46:21,445,4
2025-12-24 16:46:21,447,4
2025-12-24 16:46:21,448,4
2025-12-24 16:46:21,449,4
2025-12-24 16:46:21,450,1
2025-12-24 16:46:21,451,4
2025-12-24 16:46:21,452,4
2025-12-24 16:46:21,455,4
2025-12-24 16:46:21,459,4
2025-12-24 16:46:21,460,1
2025-12-24 16:46:21,462,1
2025-12-24 16:46:21,464,4
2025-12-24 16:46:21,466,4
2025-12-24 16:46:21,467,4
2025-12-24 16:46:21,468,4
2025-12-24 16:46:21,469,4
2025-12-24 16:46:21,470,4
2025-12-24 16:46:21,471,4
2025-12-24 16:46:21,473,4
2025-12-24 16:46:21,475,4
2025-12-24 16:46:21,476,1
2025-12-24 16:46:21,478,4
2025-12-24 16:46:21,479,4
2025-12-24 16:46:21,482,4
2025-12-24 16:46:21,483,4
2025-12-24 16:46:21,486,4
2025-12-24 16:46:21,487,1
2025-12-24 16:46:21,488,4
2025-12-24 16:46:21,489,1
2025-12-24 16:46:21,491,4
2025-12-24 16:46:21,492,4
2025-12-24 16:46:21,496,4
2025-12-24 16:46:21,499,4
2025-12-24 16:46:21,502,4
2025-12-24 16:46:21,503,4
2025-12-24 16:46:21,507,4
2025-12-24 16:46:21,509,4
2025-12-24 16:46:21,510,4
2025-12-24 16:46:21,511,4
2025-12-24 16:46:21,512,4
2025-12-24 16:46:21,514,4
2025-12-24 16:46:21,515,4
2025-12-24 16:46:21,517,4
2025-12-24 16:46:21,519,1
2025-12-24 16:46:21,522,1
2025-12-24 16:46:21,524,1
2025-12-24 16:46:21,525,4
2025-12-24 16:46:21,526,4
2025-12-24 16:46:21,527,4
2025-12-24 16:46:21,529,4
2025-12-24 16:46:21,530,4
2025-12-24 16:46:21,531,4
2025-12-24 16:46:21,533,1
2025-12-24 16:46:21,534,4
2025-12-24 16:46:21,538,4
2025-12-24 16:46:21,539,4
2025-12-24 16:46:21,540,4
2025-12-24 16:46:21,541,1
2025-12-24 16:46:21,542,4
2025-12-24 16:46:21,543,4
2025-12-24 16:46:21,546,4
2025-12-24 16:46:21,548,4
2025-12-24 16:46:21,549,4
2025-12-24 16:46:21,551,4
2025-12-24 16:46:21,552,4
2025-12-24 16:46:21,553,4
2025-12-24 16:46:21,555,4
2025-12-24 16:46:21,556,4
2025-12-24 16:46:21,557,4
2025-12-24 16:46:21,560,1
2025-12-24 16:46:21,561,4
2025-12-24 16:46:21,562,4
2025-12-24 16:46:21,563,4
2025-12-24 16:46:21,564,4
2025-12-24 16:46:21,565,4
2025-12-24 16:46:21,571,4
2025-12-24 16:46:21,572,4
2025-12-24 16:46:21,573,1
2025-12-24 16:46:21,579,4
2025-12-24 16:46:21,581,4
2025-12-24 16:46:21,583,1
2025-12-24 16:46:21,584,4
2025-12-24 16:46:21,587,4
2025-12-24 16:46:21,588,4
2025-12-24 16:46:21,591,1
2025-12-24 16:46:21,592,4
2025-12-24 16:46:21,593,4
2025-12-24 16:46:21,594,4
2025-12-24 16:46:21,595,4
2025-12-24 16:46:21,596,4
2025-12-24 16:46:21,597,4
2025-12-24 16:46:21,598,1
2025-12-24 16:46:21,600,1
2025-12-24 16:46:21,603,4
2025-12-24 16:46:21,604,4
2025-12-24 16:46:21,605,4
2025-12-24 16:46:21,606,2
2025-12-24 16:46:21,607,4
2025-12-24 16:46:21,608,4
2025-12-24 16:46:21,609,4
2025-12-24 16:46:21,610,4
2025-12-24 16:46:21,611,4
2025-12-24 16:46:21,613,4
2025-12-24 16:46:21,616,1
2025-12-24 16:46:21,617,4
2025-12-24 16:46:21,619,4
2025-12-24 16:46:21,620,4
2025-12-24 16:46:21,621,4
2025-12-24 16:46:21,622,4
2025-12-24 16:46:21,623,4
2025-12-24 16:46:21,625,4
2025-12-24 16:46:21,626,4
2025-12-24 16:46:21,627,4
2025-12-24 16:46:21,629,4
2025-12-24 16:46:21,630,4
2025-12-24 16:46:21,632,4
2025-12-24 16:46:21,633,4
2025-12-24 16:46:21,634,4
2025-12-24 16:46:21,637,2
2025-12-24 16:46:21,639,4
2025-12-24 16:46:21,641,4
2025-12-24 16:46:21,642,4
2025-12-24 16:46:21,644,4
2025-12-24 16:46:21,645,1
2025-12-24 16:46:21,646,4
2025-12-24 16:46:21,647,4
2025-12-24 16:46:21,650,1
2025-12-24 16:46:21,651,2
2025-12-24 16:46:21,652,4
2025-12-24 16:46:21,654,4
2025-12-24 16:46:21,655,4
2025-12-24 16:46:21,656,4
2025-12-24 16:46:21,657,4
2025-12-24 16:46:21,659,4
2025-12-24 16:46:21,660,4
2025-12-24 16:46:21,662,4
2025-12-24 16:46:21,663,4
2025-12-24 16:46:21,664,4
2025-12-24 16:46:21,665,4
2025-12-24 16:46:21,666,4
2025-12-24 16:46:21,667,4
2025-12-24 16:46:21,668,4
2025-12-24 16:46:21,669,4
2025-12-24 16:46:21,671,4
2025-12-24 16:46:21,672,4
2025-12-24 16:46:21,674,4
2025-12-24 16:46:21,675,4
2025-12-24 16:46:21,678,4
2025-12-24 16:46:21,680,4
2025-12-24 16:46:21,681,4
2025-12-24 16:46:21,682,4
2025-12-24 16:46:21,683,4
2025-12-24 16:46:21,684,4
2025-12-24 16:46:21,686,4
2025-12-24 16:46:21,687,4
2025-12-24 16:46:21,688,1
2025-12-24 16:46:21,689,4
2025-12-24 16:46:21,696,4
2025-12-24 16:46:21,700,4
2025-12-24 16:46:21,701,1
2025-12-24 16:46:21,704,1
2025-12-24 16:46:21,705,4
2025-12-24 16:46:21,706,4
2025-12-24 16:46:21,707,4
2025-12-24 16:46:21,708,4
2025-12-24 16:46:21,710,4
2025-12-24 16:46:21,714,1
2025-12-24 16:46:21,720,4
2025-12-24 16:46:21,721,4
2025-12-24 16:46:21,722,4
2025-12-24 16:46:21,725,1
2025-12-24 16:46:21,726,4
2025-12-24 16:46:21,727,4
2025-12-24 16:46:21,728,4
2025-12-24 16:46:21,729,4
2025-12-24 16:46:21,730,2
2025-12-24 16:46:21,731,4
2025-12-24 16:46:21,732,4
2025-12-24 16:46:21,733,4
2025-12-24 16:46:21,734,4
2025-12-24 16:46:21,737,4
2025-12-24 16:46:21,738,4
2025-12-24 16:46:21,739,4
2025-12-24 16:46:21,740,4
2025-12-24 16:46:21,742,4
2025-12-24 16:46:21,747,4
2025-12-24 16:46:21,748,4
2025-12-24 16:46:21,749,4
2025-12-24 16:46:21,750,4
2025-12-24 16:46:21,751,4
2025-12-24 16:46:21,753,4
2025-12-24 16:46:21,754,1
2025-12-24 16:46:21,755,4
2025-12-24 16:46:21,756,4
2025-12-24 16:46:21,757,4
2025-12-24 16:46:21,758,4
2025-12-24 16:46:21,759,4
2025-12-24 16:46:21,760,4
2025-12-24 16:46:21,761,4
2025-12-24 16:46:21,763,4
2025-12-24 16:46:21,765,4
2025-12-24 16:46:21,767,4
2025-12-24 16:46:21,768,4
2025-12-24 16:46:21,772,4
2025-12-24 16:46:21,774,4
2025-12-24 16:46:21,775,4
2025-12-24 16:46:21,776,4
2025-12-24 16:46:21,778,1
2025-12-24 16:46:21,779,4
2025-12-24 16:46:21,780,4
2025-12-24 16:46:21,781,4
2025-12-24 16:46:21,784,4
2025-12-24 16:46:21,785,4
2025-12-24 16:46:21,786,4
2025-12-24 16:46:21,787,4
2025-12-24 16:46:21,788,4
2025-12-24 16:46:21,791,4
2025-12-24 16:46:21,793,4
2025-12-24 16:46:21,794,4
2025-12-24 16:46:21,796,1
2025-12-24 16:46:21,797,4
2025-12-24 16:46:21,800,4
2025-12-24 16:46:21,801,4
2025-12-24 16:46:21,804,4
2025-12-24 16:46:21,806,4
2025-12-24 16:46:21,808,4
2025-12-24 16:46:21,809,4
2025-12-24 16:46:21,811,4
2025-12-24 16:46:21,813,1
2025-12-24 16:46:21,814,1
2025-12-24 16:46:21,816,4
2025-12-24 16:46:21,817,4
2025-12-24 16:46:21,818,4
2025-12-24 16:46:21,820,4
2025-12-24 16:46:21,822,1
2025-12-24 16:46:21,824,4
2025-12-24 16:46:21,825,4
2025-12-24 16:46:21,826,4
2025-12-24 16:46:21,829,4
2025-12-24 16:46:21,830,4
2025-12-24 16:46:21,831,4
2025-12-24 16:46:21,834,4
2025-12-24 16:46:21,837,4
2025-12-24 16:46:21,839,4
2025-12-24 16:46:21,842,4
2025-12-24 16:46:21,843,1
2025-12-24 16:46:21,844,2
2025-12-24 16:46:21,845,4
2025-12-24 16:46:21,846,4
2025-12-24 16:46:21,850,4
2025-12-24 16:46:21,851,4
2025-12-24 16:46:21,854,1
2025-12-24 16:46:21,855,1
2025-12-24 16:46:21,856,4
2025-12-24 16:46:21,858,4
2025-12-24 16:46:21,862,4
2025-12-24 16:46:21,865,1
2025-12-24 16:46:21,866,4
2025-12-24 16:46:21,868,4
2025-12-24 16:46:21,869,1
2025-12-24 16:46:21,870,4
2025-12-24 16:46:21,873,1
2025-12-24 16:46:21,874,4
2025-12-24 16:46:21,876,4
2025-12-24 16:46:21,877,4
2025-12-24 16:46:21,879,4
2025-12-24 16:46:21,880,4
2025-12-24 16:46:21,882,4
2025-12-24 16:46:21,884,1
2025-12-24 16:46:21,885,4
2025-12-24 16:46:21,886,4
2025-12-24 16:46:21,888,1
2025-12-24 16:46:21,890,1
2025-12-24 16:46:21,892,4
2025-12-24 16:46:21,894,4
2025-12-24 16:46:21,895,4
2025-12-24 16:46:21,896,4
2025-12-24 16:46:21,898,4
2025-12-24 16:46:21,899,4
2025-12-24 16:46:21,902,1
2025-12-24 16:46:21,903,4
2025-12-24 16:46:21,904,1
2025-12-24 16:46:21,905,4
2025-12-24 16:46:21,907,4
2025-12-24 16:46:21,908,4
2025-12-24 16:46:21,911,4
2025-12-24 16:46:21,912,1
2025-12-24 16:46:21,913,4
2025-12-24 16:46:21,914,4
2025-12-24 16:46:21,915,4
2025-12-24 16:46:21,918,4
2025-12-24 16:46:21,920,4
2025-12-24 16:46:21,922,4
2025-12-24 16:46:21,925,4
2025-12-24 16:46:21,927,1
2025-12-24 16:46:21,929,4
2025-12-24 16:46:21,930,4
2025-12-24 16:46:21,931,4
2025-12-24 16:46:21,932,1
2025-12-24 16:46:21,935,4
2025-12-24 16:46:21,937,4
2025-12-24 16:46:21,938,4
2025-12-24 16:46:21,940,4
2025-12-24 16:46:21,941,4
2025-12-24 16:46:21,943,4
2025-12-24 16:46:21,944,4
2025-12-24 16:46:21,945,4
2025-12-24 16:46:21,946,4
2025-12-24 16:46:21,947,4
2025-12-24 16:46:21,948,4
2025-12-24 16:46:21,951,4
2025-12-24 16:46:21,952,1
2025-12-24 16:46:21,953,4
2025-12-24 16:46:21,955,4
2025-12-24 16:46:21,959,4
2025-12-24 16:46:21,960,4
2025-12-24 16:46:21,961,4
2025-12-24 16:46:21,965,4
2025-12-24 16:46:21,966,1
2025-12-24 16:46:21,967,4
2025-12-24 16:46:21,969,4
2025-12-24 16:46:21,971,1
2025-12-24 16:46:21,972,4
2025-12-24 16:46:21,973,4
2025-12-24 16:46:21,974,4
2025-12-24 16:46:21,975,4
2025-12-24 16:46:21,977,4
2025-12-24 16:46:21,980,4
2025-12-24 16:46:21,982,4
2025-12-24 16:46:21,985,4
2025-12-24 16:46:21,986,1
2025-12-24 16:46:21,987,4
2025-12-24 16:46:21,988,4
2025-12-24 16:46:21,989,4
2025-12-24 16:46:21,990,4
2025-12-24 16:46:21,994,4
2025-12-24 16:46:21,995,1
2025-12-24 16:46:21,996,4
2025-12-24 16:46:21,997,4
2025-12-24 16:46:21,998,4
2025-12-24 16:46:21,999,4
2025-12-24 16:46:21,1000,4
2025-12-24 16:46:21,1004,4
2025-12-24 16:46:21,1005,4
2025-12-24 16:46:21,1006,4
2025-12-24 16:46:21,1009,4
2025-12-24 16:46:21,1010,4
2025-12-24 16:46:21,1014,4
2025-12-24 16:46:21,1018,4
2025-12-24 16:46:21,1019,1
2025-12-24 16:46:21,1020,4
2025-12-24 16:46:21,1021,4
2025-12-24 16:46:21,1023,1
2025-12-24 16:46:21,1025,4
2025-12-24 16:46:21,1028,4
2025-12-24 16:46:21,1029,4
2025-12-24 16:46:21,1031,4
2025-12-24 16:46:21,1032,4
2025-12-24 16:46:21,1034,4
2025-12-24 16:46:21,1035,4
2025-12-24 16:46:21,1036,4
2025-12-24 16:46:21,1037,4
2025-12-24 16:46:21,1038,4
2025-12-24 16:46:21,1039,4
2025-12-24 16:46:21,1040,4
2025-12-24 16:46:21,1042,4
2025-12-24 16:46:21,1044,4
2025-12-24 16:46:21,1045,4
2025-12-24 16:46:21,1048,4
2025-12-24 16:46:21,1050,4
2025-12-24 16:46:21,1051,4
2025-12-24 16:46:21,1052,4
2025-12-24 16:46:21,1054,4
2025-12-24 16:46:21,1055,4
2025-12-24 16:46:21,1056,4
2025-12-24 16:46:21,1058,4
2025-12-24 16:46:21,1060,4
2025-12-24 16:46:21,1061,1
2025-12-24 16:46:21,1062,4
2025-12-24 16:46:21,1064,4
2025-12-24 16:46:21,1065,4
2025-12-24 16:46:21,1066,4
2025-12-24 16:46:21,1067,4
2025-12-24 16:46:21,1069,4
2025-12-24 16:46:21,1071,4
2025-12-24 16:46:21,1072,4
2025-12-24 16:46:21,1074,4
2025-12-24 16:46:21,1075,1
2025-12-24 16:46:21,1076,4
2025-12-24 16:46:21,1077,4
2025-12-24 16:46:21,1079,4
2025-12-24 16:46:21,1080,4
2025-12-24 16:46:21,1082,1
2025-12-24 16:46:21,1084,4
2025-12-24 16:46:21,1085,4
2025-12-24 16:46:21,1086,4
2025-12-24 16:46:21,1087,1
2025-12-24 16:46:21,1088,4
2025-12-24 16:46:21,1089,2
2025-12-24 16:46:21,1090,1
2025-12-24 16:46:21,1091,4
2025-12-24 16:46:21,1093,4
2025-12-24 16:46:21,1094,4
2025-12-24 16:46:21,1095,4
2025-12-24 16:46:21,1096,4
2025-12-24 16:46:21,1098,4
2025-12-24 16:46:21,1103,4
2025-12-24 16:46:21,1104,4
2025-12-24 16:46:21,1106,4
2025-12-24 16:46:21,1107,4
2025-12-24 16:46:21,1112,4
2025-12-24 16:46:21,1113,4
2025-12-24 16:46:21,1117,4
2025-12-24 16:46:21,1118,4
2025-12-24 16:46:21,1119,1
2025-12-24 16:46:21,1123,1
2025-12-24 16:46:21,1124,4
2025-12-24 16:46:21,1125,1
2025-12-24 16:46:21,1127,4
2025-12-24 16:46:21,1129,4
2025-12-24 16:46:21,1130,1
2025-12-24 16:46:21,1132,4
2025-12-24 16:46:21,1133,4
2025-12-24 16:46:21,1135,4
2025-12-24 16:46:21,1136,1
2025-12-24 16:46:21,1137,4
2025-12-24 16:46:21,1138,4
2025-12-24 16:46:21,1141,4
2025-12-24 16:46:21,1144,4
2025-12-24 16:46:21,1145,4
2025-12-24 16:46:21,1146,4
2025-12-24 16:46:21,1148,1
2025-12-24 16:46:21,1151,4
2025-12-24 16:46:21,1152,4
2025-12-24 16:46:21,1153,4
2025-12-24 16:46:21,1154,4
2025-12-24 16:46:21,1156,4
2025-12-24 16:46:21,1157,1
2025-12-24 16:46:21,1158,4
2025-12-24 16:46:21,1159,4
2025-12-24 16:46:21,1161,4
2025-12-24 16:46:21,1162,4
2025-12-24 16:46:21,1164,1
2025-12-24 16:46:21,1166,4
2025-12-24 16:46:21,1167,1
2025-12-24 16:46:21,1168,4
2025-12-24 16:46:21,1169,4
2025-12-24 16:46:21,1170,4
2025-12-24 16:46:21,1171,4
2025-12-24 16:46:21,1172,4
2025-12-24 16:46:21,1173,4
2025-12-24 16:46:21,1175,1
2025-12-24 16:46:21,1177,4
2025-12-24 16:46:21,1179,4
2025-12-24 16:46:21,1181,4
2025-12-24 16:46:21,1184,4
2025-12-24 16:46:21,1185,4
2025-12-24 16:46:21,1186,1
2025-12-24 16:46:21,1188,4
2025-12-24 16:46:21,1189,1
2025-12-24 16:46:21,1190,4
2025-12-24 16:46:21,1191,4
2025-12-24 16:46:21,1192,4
2025-12-24 16:46:21,1193,4
2025-12-24 16:46:21,1194,4
2025-12-24 16:46:21,1196,4
2025-12-24 16:46:21,1197,4
2025-12-24 16:46:21,1198,4
2025-12-24 16:46:21,1199,4
2025-12-24 16:46:21,1203,4
2025-12-24 16:46:21,1206,1
2025-12-24 16:46:21,1207,4
2025-12-24 16:46:21,1211,4
2025-12-24 16:46:21,1212,4
2025-12-24 16:46:21,1213,4
2025-12-24 16:46:21,1214,4
2025-12-24 16:46:21,1215,4
2025-12-24 16:46:21,1216,1
2025-12-24 16:46:21,1217,4
2025-12-24 16:46:21,1218,4
2025-12-24 16:46:21,1220,4
2025-12-24 16:46:21,1221,4
2025-12-24 16:46:21,1222,1
2025-12-24 16:46:21,1224,4
2025-12-24 16:46:21,1225,4
2025-12-24 16:46:21,1226,4
2025-12-24 16:46:21,1228,4
2025-12-24 16:46:21,1232,1
2025-12-24 16:46:21,1235,4
2025-12-24 16:46:21,1236,4
2025-12-24 16:46:21,1239,4
2025-12-24 16:46:21,1240,4
2025-12-24 16:46:21,1243,4
2025-12-24 16:46:21,1244,2
2025-12-24 16:46:21,1245,4
2025-12-24 16:46:21,1246,4
2025-12-24 16:46:21,1248,4
2025-12-24 16:46:21,1249,4
2025-12-24 16:46:21,1250,4
2025-12-24 16:46:21,1251,4
2025-12-24 16:46:21,1252,1
2025-12-24 16:46:21,1253,4
2025-12-24 16:46:21,1254,4
2025-12-24 16:46:21,1256,4
2025-12-24 16:46:21,1258,4
2025-12-24 16:46:21,1260,4
2025-12-24 16:46:21,1261,1
2025-12-24 16:46:21,1262,4
2025-12-24 16:46:21,1265,4
2025-12-24 16:46:21,1266,4
2025-12-24 16:46:21,1267,4
2025-12-24 16:46:21,1269,4
2025-12-24 16:46:21,1272,4
2025-12-24 16:46:21,1273,4
2025-12-24 16:46:21,1274,4
2025-12-24 16:46:21,1275,1
2025-12-24 16:46:21,1277,4
2025-12-24 16:46:21,1278,4
2025-12-24 16:46:21,1280,4
2025-12-24 16:46:21,1281,1
2025-12-24 16:46:21,1283,4
2025-12-24 16:46:21,1284,4
2025-12-24 16:46:21,1285,4
2025-12-24 16:46:21,1286,4
2025-12-24 16:46:21,1287,1
2025-12-24 16:46:21,1288,4
2025-12-24 16:46:21,1289,4
2025-12-24 16:46:21,1290,4
2025-12-24 16:46:21,1293,4
2025-12-24 16:46:21,1294,4
2025-12-24 16:46:21,1295,4
2025-12-24 16:46:21,1296,4
2025-12-24 16:46:21,1297,4
2025-12-24 16:46:21,1298,4
2025-12-24 16:46:21,1299,4
2025-12-24 16:46:21,1300,4
2025-12-24 16:46:21,1301,4
2025-12-24 16:46:21,1302,4
2025-12-24 16:46:21,1303,4
2025-12-24 16:46:21,1304,4
2025-12-24 16:46:21,1305,4
2025-12-24 16:46:21,1307,4
2025-12-24 16:46:21,1310,4
2025-12-24 16:46:21,1314,4
2025-12-24 16:46:21,1316,4
2025-12-24 16:46:21,1321,4
2025-12-24 16:46:21,1322,4
2025-12-24 16:46:21,1325,4
2025-12-24 16:46:21,1326,4
2025-12-24 16:46:21,1328,4
2025-12-24 16:46:21,1329,4
2025-12-24 16:46:21,1330,4
2025-12-24 16:46:21,1331,4
2025-12-24 16:46:21,1333,4
2025-12-24 16:46:21,1334,1
2025-12-24 16:46:21,1335,4
2025-12-24 16:46:21,1336,4
2025-12-24 16:46:21,1341,4
2025-12-24 16:46:21,1342,1
2025-12-24 16:46:21,1343,4
2025-12-24 16:46:21,1344,4
2025-12-24 16:46:21,1345,4
2025-12-24 16:46:21,1347,1
2025-12-24 16:46:21,1348,4
2025-12-24 16:46:21,1349,4
2025-12-24 16:46:21,1350,4
2025-12-24 16:46:21,1353,4
2025-12-24 16:46:21,1355,4
2025-12-24 16:46:21,1357,4
2025-12-24 16:46:21,1358,4
2025-12-24 16:46:21,1361,4
2025-12-24 16:46:21,1362,4
2025-12-24 16:46:21,1363,1
2025-12-24 16:46:21,1364,4
2025-12-24 16:46:21,1366,4
2025-12-24 16:46:21,1368,4
2025-12-24 16:46:21,1369,1
2025-12-24 16:46:21,1370,4
2025-12-24 16:46:21,1371,4
2025-12-24 16:46:21,1374,4
2025-12-24 16:46:21,1375,4
2025-12-24 16:46:21,1376,4
2025-12-24 16:46:21,1380,4
2025-12-24 16:46:21,1381,4
2025-12-24 16:46:21,1382,4
2025-12-24 16:46:21,1384,4
2025-12-24 16:46:21,1385,1
2025-12-24 16:46:21,1386,1
2025-12-24 16:46:21,1387,4
2025-12-24 16:46:21,1389,4
2025-12-24 16:46:21,1393,4
2025-12-24 16:46:21,1395,4
2025-12-24 16:46:21,1398,4
2025-12-24 16:46:21,1400,4
2025-12-24 16:46:21,1401,1
2025-12-24 16:46:21,1403,4
2025-12-24 16:46:21,1404,1
2025-12-24 16:46:21,1406,4
2025-12-24 16:46:21,1407,4
2025-12-24 16:46:21,1408,1
2025-12-24 16:46:21,1409,4
2025-12-24 16:46:21,1412,4
2025-12-24 16:46:21,1413,4
2025-12-24 16:46:21,1415,4
2025-12-24 16:46:21,1416,4
2025-12-24 16:46:21,1418,4
2025-12-24 16:46:21,1419,4
2025-12-24 16:46:21,1421,4
2025-12-24 16:46:21,1423,4
2025-12-24 16:46:21,1425,4
2025-12-24 16:46:21,1429,4
2025-12-24 16:46:21,1430,4
2025-12-24 16:46:21,1432,4
2025-12-24 16:46:21,1433,4
2025-12-24 16:46:21,1436,4
2025-12-24 16:46:21,1437,1
2025-12-24 16:46:21,1439,4
2025-12-24 16:46:21,1440,4
2025-12-24 16:46:21,1441,4
2025-12-24 16:46:21,1442,4
2025-12-24 16:46:21,1443,4
2025-12-24 16:46:21,1444,4
2025-12-24 16:46:21,1446,4
2025-12-24 16:46:21,1448,4
2025-12-24 16:46:21,1450,4
2025-12-24 16:46:21,1451,4
2025-12-24 16:46:21,1452,4
2025-12-24 16:46:21,1454,4
2025-12-24 16:46:21,1455,4
2025-12-24 16:46:21,1456,4
2025-12-24 16:46:21,1458,3
2025-12-24 16:46:21,1460,4
2025-12-24 16:46:21,1462,4
2025-12-24 16:46:21,1463,1
2025-12-24 16:46:21,1465,4
2025-12-24 16:46:21,1466,4
2025-12-24 16:46:21,1467,1
2025-12-24 16:46:21,1468,1
2025-12-24 16:46:21,1469,4
2025-12-24 16:46:21,1470,1
2025-12-24 16:46:21,1471,4
2025-12-24 16:46:21,1473,1
2025-12-24 16:46:21,1475,4
2025-12-24 16:46:21,1477,4
2025-12-24 16:46:21,1478,4
2025-12-24 16:46:21,1479,4
2025-12-24 16:46:21,1480,4
2025-12-24 16:46:21,1481,4
2025-12-24 16:46:21,1482,4
2025-12-24 16:46:21,1485,4
2025-12-24 16:46:21,1486,4
2025-12-24 16:46:21,1487,4
2025-12-24 16:46:21,1488,4
2025-12-24 16:46:21,1489,4
2025-12-24 16:46:21,1490,1
2025-12-24 16:46:21,1491,4
2025-12-24 16:46:21,1493,4
2025-12-24 16:46:21,1495,4
2025-12-24 16:46:21,1497,4
2025-12-24 16:46:21,1498,1
2025-12-24 16:46:21,1500,4
2025-12-24 16:46:21,1501,4
2025-12-24 16:46:21,1502,4
2025-12-24 16:46:21,1504,4
2025-12-24 16:46:21,1505,4
2025-12-24 16:46:21,1506,4
2025-12-24 16:46:21,1507,4
2025-12-24 16:46:21,1508,4
2025-12-24 16:46:21,1509,1
2025-12-24 16:46:21,1510,1
2025-12-24 16:46:21,1512,4
2025-12-24 16:46:21,1513,4
2025-12-24 16:46:21,1514,1
2025-12-24 16:46:21,1518,4
2025-12-24 16:46:21,1522,4
2025-12-24 16:46:21,1523,4
2025-12-24 16:46:21,1525,4
2025-12-24 16:46:21,1526,4
2025-12-24 16:46:21,1527,4
2025-12-24 16:46:21,1528,4
2025-12-24 16:46:21,1530,4
2025-12-24 16:46:21,1531,1
2025-12-24 16:46:21,1533,4
2025-12-24 16:46:21,1537,4
2025-12-24 16:46:21,1538,4
2025-12-24 16:46:21,1540,4
2025-12-24 16:46:21,1544,4
2025-12-24 16:46:21,1545,4
2025-12-24 16:46:21,1546,4
2025-12-24 16:46:21,1550,1
2025-12-24 16:46:21,1551,4
2025-12-24 16:46:21,1553,4
2025-12-24 16:46:21,1556,4
2025-12-24 16:46:21,1557,4
2025-12-24 16:46:21,1559,4
2025-12-24 16:46:21,1561,4
2025-12-24 16:46:21,1562,4
2025-12-24 16:46:21,1566,4
2025-12-24 16:46:21,1567,4
2025-12-24 16:46:21,1570,1
2025-12-24 16:46:21,1571,4
2025-12-24 16:46:21,1572,4
2025-12-24 16:46:21,1575,4
2025-12-24 16:46:21,1576,4
2025-12-24 16:46:21,1578,4
2025-12-24 16:46:21,1580,4
2025-12-24 16:46:21,1581,4
2025-12-24 16:46:21,1583,4
2025-12-24 16:46:21,1584,4
2025-12-24 16:46:21,1585,4
2025-12-24 16:46:21,1588,4
2025-12-24 16:46:21,1590,4
2025-12-24 16:46:21,1592,4
2025-12-24 16:46:21,1593,4
2025-12-24 16:46:21,1594,4
2025-12-24 16:46:21,1596,4
2025-12-24 16:46:21,1597,4
2025-12-24 16:46:21,1598,4
2025-12-24 16:46:21,1599,4
2025-12-24 16:46:21,1601,4
2025-12-24 16:46:21,1602,1
2025-12-24 16:46:21,1603,1
2025-12-24 16:46:21,1606,2
2025-12-24 16:46:21,1607,4
2025-12-24 16:46:21,1608,4
2025-12-24 16:46:21,1613,1
2025-12-24 16:46:21,1615,4
2025-12-24 16:46:21,1616,4
2025-12-24 16:46:21,1617,4
2025-12-24 16:46:21,1619,4
2025-12-24 16:46:21,1620,4
2025-12-24 16:46:21,1622,4
2025-12-24 16:46:21,1626,4
2025-12-24 16:46:21,1628,4
2025-12-24 16:46:21,1629,4
2025-12-24 16:46:21,1631,4
2025-12-24 16:46:21,1632,4
2025-12-24 16:46:21,1633,4
2025-12-24 16:46:21,1635,4
2025-12-24 16:46:21,1636,4
2025-12-24 16:46:21,1638,4
2025-12-24 16:46:21,1640,4
2025-12-24 16:46:21,1642,1
2025-12-24 16:46:21,1643,4
2025-12-24 16:46:21,1645,4
2025-12-24 16:46:21,1646,4
2025-12-24 16:46:21,1648,4
2025-12-24 16:46:21,1649,4
2025-12-24 16:46:21,1651,4
2025-12-24 16:46:21,1652,4
2025-12-24 16:46:21,1653,4
2025-12-24 16:46:21,1654,4
2025-12-24 16:46:21,1655,4
2025-12-24 16:46:21,1658,4
2025-12-24 16:46:21,1660,4
2025-12-24 16:46:21,1663,4
2025-12-24 16:46:21,1664,4
2025-12-24 16:46:21,1665,4
2025-12-24 16:46:21,1666,1
2025-12-24 16:46:21,1667,4
2025-12-24 16:46:21,1668,4
2025-12-24 16:46:21,1671,4
2025-12-24 16:46:21,1672,1
2025-12-24 16:46:21,1673,4
2025-12-24 16:46:21,1674,4
2025-12-24 16:46:21,1675,4
2025-12-24 16:46:21,1676,4
2025-12-24 16:46:21,1677,4
2025-12-24 16:46:21,1679,4
2025-12-24 16:46:21,1680,4
2025-12-24 16:46:21,1681,2
2025-12-24 16:46:21,1682,4
2025-12-24 16:46:21,1684,4
2025-12-24 16:46:21,1685,4
2025-12-24 16:46:21,1686,4
2025-12-24 16:46:21,1687,1
2025-12-24 16:46:21,1689,4
2025-12-24 16:46:21,1690,4
2025-12-24 16:46:21,1693,4
2025-12-24 16:46:21,1694,4
2025-12-24 16:46:21,1695,4
2025-12-24 16:46:21,1699,4
2025-12-24 16:46:21,1700,4
2025-12-24 16:46:21,1701,4
2025-12-24 16:46:21,1702,4
2025-12-24 16:46:21,1704,4
2025-12-24 16:46:21,1705,4
2025-12-24 16:46:21,1706,4
2025-12-24 16:46:21,1709,4
2025-12-24 16:46:21,1711,4
2025-12-24 16:46:21,1715,4
2025-12-24 16:46:21,1716,4
2025-12-24 16:46:21,1718,4
2025-12-24 16:46:21,1719,4
2025-12-24 16:46:21,1720,4
2025-12-24 16:46:21,1723,4
2025-12-24 16:46:21,1724,4
2025-12-24 16:46:21,1728,1
2025-12-24 16:46:21,1729,4
2025-12-24 16:46:21,1731,1
2025-12-24 16:46:21,1732,4
2025-12-24 16:46:21,1733,2
2025-12-24 16:46:21,1735,4
2025-12-24 16:46:21,1736,4
2025-12-24 16:46:21,1737,4
2025-12-24 16:46:21,1739,4
2025-12-24 16:46:21,1740,4
2025-12-24 16:46:21,1742,4
2025-12-24 16:46:21,1744,4
2025-12-24 16:46:21,1745,4
2025-12-24 16:46:21,1748,4
2025-12-24 16:46:21,1749,4
2025-12-24 16:46:21,1750,4
2025-12-24 16:46:21,1752,1
2025-12-24 16:46:21,1753,4
2025-12-24 16:46:21,1755,4
2025-12-24 16:46:21,1756,4
2025-12-24 16:46:21,1758,1
2025-12-24 16:46:21,1759,4
2025-12-24 16:46:21,1760,4
2025-12-24 16:46:21,1762,4
2025-12-24 16:46:21,1763,4
2025-12-24 16:46:21,1766,4
2025-12-24 16:46:21,1768,1
2025-12-24 16:46:21,1771,1
2025-12-24 16:46:21,1773,4
2025-12-24 16:46:21,1775,4
2025-12-24 16:46:21,1776,2
2025-12-24 16:46:21,1778,4
2025-12-24 16:46:21,1781,4
2025-12-24 16:46:21,1782,4
2025-12-24 16:46:21,1784,1
2025-12-24 16:46:21,1785,4
2025-12-24 16:46:21,1788,4
2025-12-24 16:46:21,1790,4
2025-12-24 16:46:21,1793,4
2025-12-24 16:46:21,1794,4
2025-12-24 16:46:21,1797,4
2025-12-24 16:46:21,1798,4
2025-12-24 16:46:21,1800,4
2025-12-24 16:46:21,1803,4
2025-12-24 16:46:21,1804,4
2025-12-24 16:46:21,1806,4
2025-12-24 16:46:21,1807,4
2025-12-24 16:46:21,1808,4
2025-12-24 16:46:21,1810,4
2025-12-24 16:46:21,1811,4
2025-12-24 16:46:21,1813,2
2025-12-24 16:46:21,1814,4
2025-12-24 16:46:21,1815,4
2025-12-24 16:46:21,1816,4
2025-12-24 16:46:21,1817,4
2025-12-24 16:46:21,1819,1
2025-12-24 16:46:21,1820,4
2025-12-24 16:46:21,1821,4
2025-12-24 16:46:21,1826,4
2025-12-24 16:46:21,1827,4
2025-12-24 16:46:21,1829,4
2025-12-24 16:46:21,1830,4
2025-12-24 16:46:21,1832,4
2025-12-24 16:46:21,1833,4
2025-12-24 16:46:21,1834,4
2025-12-24 16:46:21,1835,4
2025-12-24 16:46:21,1836,4
2025-12-24 16:46:21,1838,4
2025-12-24 16:46:21,1840,1
2025-12-24 16:46:21,1841,4
2025-12-24 16:46:21,1843,4
2025-12-24 16:46:21,1844,4
2025-12-24 16:46:21,1845,4
2025-12-24 16:46:21,1846,4
2025-12-24 16:46:21,1847,4
2025-12-24 16:46:21,1849,4
2025-12-24 16:46:21,1850,4
2025-12-24 16:46:21,1852,1
2025-12-24 16:46:21,1853,1
2025-12-24 16:46:21,1854,4
2025-12-24 16:46:21,1855,4
2025-12-24 16:46:21,1856,4
2025-12-24 16:46:21,1858,1
2025-12-24 16:46:21,1862,4
2025-12-24 16:46:21,1863,4
2025-12-24 16:46:21,1864,4
2025-12-24 16:46:21,1865,4
2025-12-24 16:46:21,1866,4
2025-12-24 16:46:21,1867,1
2025-12-24 16:46:21,1868,4
2025-12-24 16:46:21,1869,4
2025-12-24 16:46:21,1870,4
2025-12-24 16:46:21,1872,4
2025-12-24 16:46:21,1873,4
2025-12-24 16:46:21,1876,4
2025-12-24 16:46:21,1877,4
2025-12-24 16:46:21,1879,4
2025-12-24 16:46:21,1881,4
2025-12-24 16:46:21,1882,4
2025-12-24 16:46:21,1885,4
2025-12-24 16:46:21,1887,4
2025-12-24 16:46:21,1889,4
2025-12-24 16:46:21,1890,4
2025-12-24 16:46:21,1892,1
2025-12-24 16:46:21,1894,4
2025-12-24 16:46:21,1896,1
2025-12-24 16:46:21,1897,4
2025-12-24 16:46:21,1899,4
2025-12-24 16:46:21,1900,4
2025-12-24 16:46:21,1901,4
2025-12-24 16:46:21,1902,4
2025-12-24 16:46:21,1903,4
2025-12-24 16:46:21,1904,4
2025-12-24 16:46:21,1905,4
2025-12-24 16:46:21,1907,4
2025-12-24 16:46:21,1908,4
2025-12-24 16:46:21,1909,4
2025-12-24 16:46:21,1912,1
2025-12-24 16:46:21,1914,4
2025-12-24 16:46:21,1916,1
2025-12-24 16:46:21,1917,4
2025-12-24 16:46:21,1918,4
2025-12-24 16:46:21,1922,4
2025-12-24 16:46:21,1923,4
2025-12-24 16:46:21,1924,1
2025-12-24 16:46:21,1927,4
2025-12-24 16:46:21,1928,4
2025-12-24 16:46:21,1929,4
2025-12-24 16:46:21,1931,4
2025-12-24 16:46:21,1932,4
2025-12-24 16:46:21,1938,4
2025-12-24 16:46:21,1939,4
2025-12-24 16:46:21,1942,4
2025-12-24 16:46:21,1946,4
2025-12-24 16:46:21,1947,4
2025-12-24 16:46:21,1948,4
2025-12-24 16:46:21,1952,4
2025-12-24 16:46:21,1953,4
2025-12-24 16:46:21,1954,4
2025-12-24 16:46:21,1956,4
2025-12-24 16:46:21,1957,4
2025-12-24 16:46:21,1959,4
2025-12-24 16:46:21,1961,4
2025-12-24 16:46:21,1962,4
2025-12-24 16:46:21,1964,4
2025-12-24 16:46:21,1965,2
2025-12-24 16:46:21,1966,4
2025-12-24 16:46:21,1967,4
2025-12-24 16:46:21,1969,4
2025-12-24 16:46:21,1970,1
2025-12-24 16:46:21,1973,4
2025-12-24 16:46:21,1974,4
2025-12-24 16:46:21,1975,4
2025-12-24 16:46:21,1976,4
2025-12-24 16:46:21,1977,1
2025-12-24 16:46:21,1978,4
2025-12-24 16:46:21,1979,4
2025-12-24 16:46:21,1980,4
2025-12-24 16:46:21,1981,1
2025-12-24 16:46:21,1982,4
2025-12-24 16:46:21,1983,1
2025-12-24 16:46:21,1984,4
2025-12-24 16:46:21,1985,4
2025-12-24 16:46:21,1986,4
2025-12-24 16:46:21,1988,4
2025-12-24 16:46:21,1989,1
2025-12-24 16:46:21,1990,4
2025-12-24 16:46:21,1993,4
2025-12-24 16:46:21,1994,4
2025-12-24 16:46:21,1995,4
2025-12-24 16:46:21,1996,4
2025-12-24 16:46:21,1998,4
2025-12-24 16:46:21,1999,4
2025-12-24 16:46:21,2001,4
2025-12-24 16:46:21,2004,1
2025-12-24 16:46:21,2010,4
2025-12-24 16:46:21,2011,4
2025-12-24 16:46:21,2013,4
2025-12-24 16:46:21,2015,4
2025-12-24 16:46:21,2016,4
2025-12-24 16:46:21,2017,4
2025-12-24 16:46:21,2018,4
2025-12-24 16:46:21,2020,4
2025-12-24 16:46:21,2021,4
2025-12-24 16:46:21,2022,1
2025-12-24 16:46:21,2023,4
2025-12-24 16:46:21,2025,4
2025-12-24 16:46:21,2027,4
2025-12-24 16:46:21,2028,4
2025-12-24 16:46:21,2030,4
2025-12-24 16:46:21,2031,4
2025-12-24 16:46:21,2032,4
2025-12-24 16:46:21,2034,4
2025-12-24 16:46:21,2035,4
2025-12-24 16:46:21,2036,4
2025-12-24 16:46:21,2037,4
2025-12-24 16:46:21,2041,4
2025-12-24 16:46:21,2042,4
2025-12-24 16:46:21,2043,4
2025-12-24 16:46:21,2044,4
2025-12-24 16:46:21,2047,4
2025-12-24 16:46:21,2049,4
2025-12-24 16:46:21,2053,4
2025-12-24 16:46:21,2054,4
2025-12-24 16:46:21,2055,1
2025-12-24 16:46:21,2056,4
2025-12-24 16:46:21,2058,4
2025-12-24 16:46:21,2060,4
2025-12-24 16:46:21,2061,4
2025-12-24 16:46:21,2062,4
2025-12-24 16:46:21,2063,4
2025-12-24 16:46:21,2065,4
2025-12-24 16:46:21,2066,4
2025-12-24 16:46:21,2067,4
2025-12-24 16:46:21,2069,4
2025-12-24 16:46:21,2071,1
2025-12-24 16:46:21,2072,4
2025-12-24 16:46:21,2073,4
2025-12-24 16:46:21,2074,4
2025-12-24 16:46:21,2075,4
2025-12-24 16:46:21,2076,4
2025-12-24 16:46:21,2079,4
2025-12-24 16:46:21,2081,1
2025-12-24 16:46:21,2082,4
2025-12-24 16:46:21,2083,4
2025-12-24 16:46:21,2084,4
2025-12-24 16:46:21,2085,4
2025-12-24 16:46:21,2088,4
2025-12-24 16:46:21,2089,4
2025-12-24 16:46:21,2090,1
2025-12-24 16:46:21,2091,4
2025-12-24 16:46:21,2092,1
2025-12-24 16:46:21,2093,4
2025-12-24 16:46:21,2099,4
2025-12-24 16:46:21,2100,4
2025-12-24 16:46:21,2101,4
2025-12-24 16:46:21,2102,4
2025-12-24 16:46:21,2103,4
2025-12-24 16:46:21,2105,4
2025-12-24 16:46:21,2106,4
2025-12-24 16:46:21,2107,4
2025-12-24 16:46:21,2110,4
2025-12-24 16:46:21,2111,4
2025-12-24 16:46:21,2113,4
2025-12-24 16:46:21,2115,4
2025-12-24 16:46:21,2116,4
2025-12-24 16:46:21,2118,1
2025-12-24 16:46:21,2121,4
2025-12-24 16:46:21,2123,4
2025-12-24 16:46:21,2124,4
2025-12-24 16:46:21,2125,1
2025-12-24 16:46:21,2128,4
2025-12-24 16:46:21,2131,4
2025-12-24 16:46:21,2132,4
2025-12-24 16:46:21,2134,4
2025-12-24 16:46:21,2135,2
2025-12-24 16:46:21,2136,4
2025-12-24 16:46:21,2139,1
2025-12-24 16:46:21,2140,4
2025-12-24 16:46:21,2141,4
2025-12-24 16:46:21,2143,4
2025-12-24 16:46:21,2145,4
2025-12-24 16:46:21,2146,4
2025-12-24 16:46:21,2147,4
2025-12-24 16:46:21,2150,4
2025-12-24 16:46:21,2151,4
2025-12-24 16:46:21,2153,4
2025-12-24 16:46:21,2154,4
2025-12-24 16:46:21,2157,4
2025-12-24 16:46:21,2158,4
2025-12-24 16:46:21,2160,4
2025-12-24 16:46:21,2161,1
2025-12-24 16:46:21,2162,4
2025-12-24 16:46:21,2163,4
2025-12-24 16:46:21,2164,4
2025-12-24 16:46:21,2166,4
2025-12-24 16:46:21,2169,4
2025-12-24 16:46:21,2170,4
2025-12-24 16:46:21,2171,4
2025-12-24 16:46:21,2173,4
2025-12-24 16:46:21,2174,1
2025-12-24 16:46:21,2175,4
2025-12-24 16:46:21,2176,1
2025-12-24 16:46:21,2177,4
2025-12-24 16:46:21,2178,4
2025-12-24 16:46:21,2179,4
2025-12-24 16:46:21,2181,4
2025-12-24 16:46:21,2182,4
2025-12-24 16:46:21,2183,4
2025-12-24 16:46:21,2184,4
2025-12-24 16:46:21,2185,4
2025-12-24 16:46:21,2187,4
2025-12-24 16:46:21,2188,1
2025-12-24 16:46:21,2190,4
2025-12-24 16:46:21,2191,4
2025-12-24 16:46:21,2192,4
2025-12-24 16:46:21,2194,4
2025-12-24 16:46:21,2195,4
2025-12-24 16:46:21,2197,4
2025-12-24 16:46:21,2198,4
2025-12-24 16:46:21,2200,1
2025-12-24 16:46:21,2201,4
2025-12-24 16:46:21,2202,4
2025-12-24 16:46:21,2203,4
2025-12-24 16:46:21,2204,4
2025-12-24 16:46:21,2206,4
2025-12-24 16:46:21,2207,4
2025-12-24 16:46:21,2208,4
2025-12-24 16:46:21,2210,4
2025-12-24 16:46:21,2211,4
2025-12-24 16:46:21,2212,4
2025-12-24 16:46:21,2213,4
2025-12-24 16:46:21,2214,4
2025-12-24 16:46:21,2215,4
2025-12-24 16:46:21,2216,4
2025-12-24 16:46:21,2217,4
2025-12-24 16:46:21,2219,4
2025-12-24 16:46:21,2221,4
2025-12-24 16:46:21,2223,4
2025-12-24 16:46:21,2226,4
2025-12-24 16:46:21,2228,4
2025-12-24 16:46:21,2229,4
2025-12-24 16:46:21,2233,4
2025-12-24 16:46:21,2234,1
2025-12-24 16:46:21,2236,4
2025-12-24 16:46:21,2238,1
2025-12-24 16:46:21,2240,4
2025-12-24 16:46:21,2241,1
2025-12-24 16:46:21,2242,4
2025-12-24 16:46:21,2244,1
2025-12-24 16:46:21,2245,4
2025-12-24 16:46:21,2247,4
2025-12-24 16:46:21,2250,4
2025-12-24 16:46:21,2252,4
2025-12-24 16:46:21,2253,1
2025-12-24 16:46:21,2254,4
2025-12-24 16:46:21,2255,4
2025-12-24 16:46:21,2257,4
2025-12-24 16:46:21,2259,4
2025-12-24 16:46:21,2261,1
2025-12-24 16:46:21,2262,4
2025-12-24 16:46:21,2264,4
2025-12-24 16:46:21,2265,4
2025-12-24 16:46:21,2268,1
2025-12-24 16:46:21,2276,4
2025-12-24 16:46:21,2277,4
2025-12-24 16:46:21,2278,1
2025-12-24 16:46:21,2280,1
2025-12-24 16:46:21,2281,4
2025-12-24 16:46:21,2284,4
2025-12-24 16:46:21,2286,4
2025-12-24 16:46:21,2288,4
2025-12-24 16:46:21,2289,4
2025-12-24 16:46:21,2290,1
2025-12-24 16:46:21,2292,4
2025-12-24 16:46:21,2293,4
2025-12-24 16:46:21,2296,1
2025-12-24 16:46:21,2297,1
2025-12-24 16:46:21,2299,4
2025-12-24 16:46:21,2303,4
2025-12-24 16:46:21,2308,4
2025-12-24 16:46:21,2309,4
2025-12-24 16:46:21,2312,4
2025-12-24 16:46:21,2313,4
2025-12-24 16:46:21,2314,1
2025-12-24 16:46:21,2318,4
2025-12-24 16:46:21,2319,4
2025-12-24 16:46:21,2321,4
2025-12-24 16:46:21,2323,4
2025-12-24 16:46:21,2324,1
2025-12-24 16:46:21,2327,1
2025-12-24 16:46:21,2328,2
2025-12-24 16:46:21,2329,4
2025-12-24 16:46:21,2330,1
2025-12-24 16:46:21,2331,1
2025-12-24 16:46:21,2333,4
2025-12-24 16:46:21,2334,4
2025-12-24 16:46:21,2335,4
2025-12-24 16:46:21,2337,4
2025-12-24 16:46:21,2339,4
2025-12-24 16:46:21,2340,4
2025-12-24 16:46:21,2342,1
2025-12-24 16:46:21,2345,4
2025-12-24 16:46:21,2346,4
2025-12-24 16:46:21,2347,4
2025-12-24 16:46:21,2349,4
2025-12-24 16:46:21,2350,4
2025-12-24 16:46:21,2351,4
2025-12-24 16:46:21,2352,4
2025-12-24 16:46:21,2353,1
2025-12-24 16:46:21,2356,4
2025-12-24 16:46:21,2360,4
2025-12-24 16:46:21,2362,4
2025-12-24 16:46:21,2364,4
2025-12-24 16:46:21,2365,4
2025-12-24 16:46:21,2367,4
2025-12-24 16:46:21,2368,4
2025-12-24 16:46:21,2370,4
2025-12-24 16:46:21,2371,4
2025-12-24 16:46:21,2372,4
2025-12-24 16:46:21,2373,4
2025-12-24 16:46:21,2374,4
2025-12-24 16:46:21,2375,4
2025-12-24 16:46:21,2377,4
2025-12-24 16:46:21,2378,4
2025-12-24 16:46:21,2379,4
2025-12-24 16:46:21,2380,4
2025-12-24 16:46:21,2383,4
2025-12-24 16:46:21,2385,4
2025-12-24 16:46:21,2386,4
2025-12-24 16:46:21,2388,4
2025-12-24 16:46:21,2390,4
2025-12-24 16:46:21,2391,1
2025-12-24 16:46:21,2392,4
2025-12-24 16:46:21,2393,4
2025-12-24 16:46:21,2395,4
2025-12-24 16:46:21,2398,4
2025-12-24 16:46:21,2402,4
2025-12-24 16:46:21,2403,4
2025-12-24 16:46:21,2404,4
2025-12-24 16:46:21,2405,1
2025-12-24 16:46:21,2406,4
2025-12-24 16:46:21,2407,4
2025-12-24 16:46:21,2408,4
2025-12-24 16:46:21,2409,4
2025-12-24 16:46:21,2410,4
2025-12-24 16:46:21,2412,4
2025-12-24 16:46:21,2413,4
2025-12-24 16:46:21,2414,4
2025-12-24 16:46:21,2415,4
2025-12-24 16:46:21,2418,4
2025-12-24 16:46:21,2419,4
2025-12-24 16:46:21,2420,4
2025-12-24 16:46:21,2425,4
2025-12-24 16:46:21,2427,4
2025-12-24 16:46:21,2428,1
2025-12-24 16:46:21,2430,1
2025-12-24 16:46:21,2431,1
2025-12-24 16:46:21,2433,4
2025-12-24 16:46:21,2434,4
2025-12-24 16:46:21,2436,4
2025-12-24 16:46:21,2438,4
2025-12-24 16:46:21,2439,1
2025-12-24 16:46:21,2440,4
2025-12-24 16:46:21,2442,4
2025-12-24 16:46:21,2444,4
2025-12-24 16:46:21,2447,4
2025-12-24 16:46:21,2448,1
2025-12-24 16:46:21,2450,4
2025-12-24 16:46:21,2453,4
2025-12-24 16:46:21,2454,4
2025-12-24 16:46:21,2455,4
2025-12-24 16:46:21,2457,4
2025-12-24 16:46:21,2458,4
2025-12-24 16:46:21,2460,4
2025-12-24 16:46:21,2461,4
2025-12-24 16:46:21,2462,4
2025-12-24 16:46:21,2463,4
2025-12-24 16:46:21,2464,4
2025-12-24 16:46:21,2467,4
2025-12-24 16:46:21,2468,4
2025-12-24 16:46:21,2469,4
2025-12-24 16:46:21,2471,4
2025-12-24 16:46:21,2474,4
2025-12-24 16:46:21,2475,4
2025-12-24 16:46:21,2476,4
2025-12-24 16:46:21,2477,4
2025-12-24 16:46:21,2479,4
2025-12-24 16:46:21,2480,1
2025-12-24 16:46:21,2481,4
2025-12-24 16:46:21,2482,1
2025-12-24 16:46:21,2483,4
2025-12-24 16:46:21,2484,4
2025-12-24 16:46:21,2486,4
2025-12-24 16:46:21,2487,4
2025-12-24 16:46:21,2488,4
2025-12-24 16:46:21,2491,1
2025-12-24 16:46:21,2493,1
2025-12-24 16:46:21,2494,4
2025-12-24 16:46:21,2495,4
2025-12-24 16:46:21,2497,4
2025-12-24 16:46:21,2498,1
2025-12-24 16:46:21,2500,4
2025-12-24 16:46:21,2505,4
2025-12-24 16:46:21,2506,4
2025-12-24 16:46:21,2509,1
2025-12-24 16:46:21,2510,4
2025-12-24 16:46:21,2511,4
2025-12-24 16:46:21,2514,4
2025-12-24 16:46:21,2515,2
2025-12-24 16:46:21,2516,4
2025-12-24 16:46:21,2517,1
2025-12-24 16:46:21,2519,4
2025-12-24 16:46:21,2520,4
2025-12-24 16:46:21,2522,4
2025-12-24 16:46:21,2524,4
2025-12-24 16:46:21,2527,4
2025-12-24 16:46:21,2528,4
2025-12-24 16:46:21,2530,4
2025-12-24 16:46:21,2533,4
2025-12-24 16:46:21,2534,4
2025-12-24 16:46:21,2535,4
2025-12-24 16:46:21,2538,4
2025-12-24 16:46:21,2540,4
2025-12-24 16:46:21,2542,4
2025-12-24 16:46:21,2545,4
2025-12-24 16:46:21,2546,4
2025-12-24 16:46:21,2548,4
2025-12-24 16:46:21,2549,4
2025-12-24 16:46:21,2550,4
2025-12-24 16:46:21,2551,4
2025-12-24 16:46:21,2553,1
2025-12-24 16:46:21,2554,4
2025-12-24 16:46:21,2555,4
2025-12-24 16:46:21,2556,4
2025-12-24 16:46:21,2557,4
2025-12-24 16:46:21,2558,4
2025-12-24 16:46:21,2560,4
2025-12-24 16:46:21,2564,1
2025-12-24 16:46:21,2565,4
2025-12-24 16:46:21,2567,4
2025-12-24 16:46:21,2570,1
2025-12-24 16:46:21,2571,4
2025-12-24 16:46:21,2572,4
2025-12-24 16:46:21,2574,4
2025-12-24 16:46:21,2575,4
2025-12-24 16:46:21,2576,4
2025-12-24 16:46:21,2577,4
2025-12-24 16:46:21,2580,4
2025-12-24 16:46:21,2583,4
2025-12-24 16:46:21,2584,4
2025-12-24 16:46:21,2585,1
2025-12-24 16:46:21,2587,4
2025-12-24 16:46:21,2589,4
2025-12-24 16:46:21,2591,4
2025-12-24 16:46:21,2592,4
2025-12-24 16:46:21,2594,4
2025-12-24 16:46:21,2595,4
2025-12-24 16:46:21,2597,4
2025-12-24 16:46:21,2598,4
2025-12-24 16:46:21,2599,4
2025-12-24 16:46:21,2601,4
2025-12-24 16:46:21,2604,4
2025-12-24 16:46:21,2605,4
2025-12-24 16:46:21,2606,4
2025-12-24 16:46:21,2607,4
2025-12-24 16:46:21,2609,4
2025-12-24 16:46:21,2611,4
2025-12-24 16:46:21,2615,1
2025-12-24 16:46:21,2616,4
2025-12-24 16:46:21,2617,4
2025-12-24 16:46:21,2618,4
2025-12-24 16:46:21,2623,4
2025-12-24 16:46:21,2625,4
2025-12-24 16:46:21,2626,4
2025-12-24 16:46:21,2628,4
2025-12-24 16:46:21,2630,4
2025-12-24 16:46:21,2632,4
2025-12-24 16:46:21,2634,4
2025-12-24 16:46:21,2636,1
2025-12-24 16:46:21,2637,1
2025-12-24 16:46:21,2638,4
2025-12-24 16:46:21,2640,4
2025-12-24 16:46:21,2641,4
2025-12-24 16:46:21,2644,4
2025-12-24 16:46:21,2645,2
2025-12-24 16:46:21,2646,4
2025-12-24 16:46:21,2647,4
2025-12-24 16:46:21,2648,1
2025-12-24 16:46:21,2649,4
2025-12-24 16:46:21,2650,4
2025-12-24 16:46:21,2651,4
2025-12-24 16:46:21,2652,4
2025-12-24 16:46:21,2653,4
2025-12-24 16:46:21,2654,4
2025-12-24 16:46:21,2656,1
2025-12-24 16:46:21,2657,4
2025-12-24 16:46:21,2659,1
2025-12-24 16:46:21,2660,1
2025-12-24 16:46:21,2668,4
2025-12-24 16:46:21,2670,1
2025-12-24 16:46:21,2671,4
2025-12-24 16:46:21,2672,4
2025-12-24 16:46:21,2673,4
2025-12-24 16:46:21,2674,1
2025-12-24 16:46:21,2675,4
2025-12-24 16:46:21,2676,4
2025-12-24 16:46:21,2680,4
2025-12-24 16:46:21,2681,4
2025-12-24 16:46:21,2682,4
2025-12-24 16:46:21,2683,4
2025-12-24 16:46:21,2686,4
2025-12-24 16:46:21,2687,4
2025-12-24 16:46:21,2688,4
2025-12-24 16:46:21,2689,4
2025-12-24 16:46:21,2690,4
2025-12-24 16:46:21,2691,4
2025-12-24 16:46:21,2692,4
2025-12-24 16:46:21,2695,4
2025-12-24 16:46:21,2696,4
2025-12-24 16:46:21,2697,4
2025-12-24 16:46:21,2698,4
2025-12-24 16:46:21,2700,1
2025-12-24 16:46:21,2701,4
2025-12-24 16:46:21,2703,4
2025-12-24 16:46:21,2704,4
2025-12-24 16:46:21,2706,1
2025-12-24 16:46:21,2707,1
2025-12-24 16:46:21,2708,4
2025-12-24 16:46:21,2710,4
2025-12-24 16:46:21,2714,4
2025-12-24 16:46:21,2716,4
2025-12-24 16:46:21,2718,4
2025-12-24 16:46:21,2720,4
2025-12-24 16:46:21,2723,4
2025-12-24 16:46:21,2726,4
2025-12-24 16:46:21,2727,4
2025-12-24 16:46:21,2728,4
2025-12-24 16:46:21,2730,4
2025-12-24 16:46:21,2731,1
2025-12-24 16:46:21,2733,1
2025-12-24 16:46:21,2735,4
2025-12-24 16:46:21,2736,1
2025-12-24 16:46:21,2737,4
2025-12-24 16:46:21,2738,4
2025-12-24 16:46:21,2739,4
2025-12-24 16:46:21,2741,4
2025-12-24 16:46:21,2743,4
2025-12-24 16:46:21,2744,4
2025-12-24 16:46:21,2746,4
2025-12-24 16:46:21,2747,1
2025-12-24 16:46:21,2748,4
2025-12-24 16:46:21,2749,1
2025-12-24 16:46:21,2752,4
2025-12-24 16:46:21,2753,4
2025-12-24 16:46:21,2755,4
2025-12-24 16:46:21,2756,4
2025-12-24 16:46:21,2757,4
2025-12-24 16:46:21,2758,4
2025-12-24 16:46:21,2759,4
2025-12-24 16:46:21,2760,4
2025-12-24 16:46:21,2761,1
2025-12-24 16:46:21,2763,4
2025-12-24 16:46:21,2764,4
2025-12-24 16:46:21,2765,4
2025-12-24 16:46:21,2766,4
2025-12-24 16:46:21,2767,4
2025-12-24 16:46:21,2770,1
2025-12-24 16:46:21,2772,4
2025-12-24 16:46:21,2773,4
2025-12-24 16:46:21,2774,4
2025-12-24 16:46:21,2775,4
2025-12-24 16:46:21,2776,1
2025-12-24 16:46:21,2777,4
2025-12-24 16:46:21,2778,4
2025-12-24 16:46:21,2779,1
2025-12-24 16:46:21,2780,4
2025-12-24 16:46:21,2781,4
2025-12-24 16:46:21,2782,4
2025-12-24 16:46:21,2784,4
2025-12-24 16:46:21,2786,4
2025-12-24 16:46:21,2788,4
2025-12-24 16:46:21,2789,1
2025-12-24 16:46:21,2792,4
2025-12-24 16:46:21,2793,4
2025-12-24 16:46:21,2796,4
2025-12-24 16:46:21,2797,4
2025-12-24 16:46:21,2798,1
2025-12-24 16:46:21,2799,4
2025-12-24 16:46:21,2801,4
2025-12-24 16:46:21,2802,4
2025-12-24 16:46:21,2803,4
2025-12-24 16:46:21,2804,4
2025-12-24 16:46:21,2806,4
2025-12-24 16:46:21,2807,4
2025-12-24 16:46:21,2808,1
2025-12-24 16:46:21,2809,1
2025-12-24 16:46:21,2811,4
2025-12-24 16:46:21,2814,4
2025-12-24 16:46:21,2815,4
2025-12-24 16:46:21,2816,4
2025-12-24 16:46:21,2818,4
2025-12-24 16:46:21,2819,4
2025-12-24 16:46:21,2820,4
2025-12-24 16:46:21,2821,4
2025-12-24 16:46:21,2823,4
2025-12-24 16:46:21,2824,4
2025-12-24 16:46:21,2826,4
2025-12-24 16:46:21,2827,4
2025-12-24 16:46:21,2828,4
2025-12-24 16:46:21,2830,4
2025-12-24 16:46:21,2834,4
2025-12-24 16:46:21,2835,4
2025-12-24 16:46:21,2837,4
2025-12-24 16:46:21,2838,4
2025-12-24 16:46:21,2840,4
2025-12-24 16:46:21,2841,4
2025-12-24 16:46:21,2843,4
2025-12-24 16:46:21,2844,4
2025-12-24 16:46:21,2846,4
2025-12-24 16:46:21,2847,4
2025-12-24 16:46:21,2849,4
2025-12-24 16:46:21,2853,1
2025-12-24 16:46:21,2854,4
2025-12-24 16:46:21,2857,4
2025-12-24 16:46:21,2859,4
2025-12-24 16:46:21,2861,4
2025-12-24 16:46:21,2862,1
2025-12-24 16:46:21,2863,1
2025-12-24 16:46:21,2864,4
2025-12-24 16:46:21,2866,1
2025-12-24 16:46:21,2868,1
2025-12-24 16:46:21,2869,1
2025-12-24 16:46:21,2870,4
2025-12-24 16:46:21,2878,4
2025-12-24 16:46:21,2880,1
2025-12-24 16:46:21,2881,4
2025-12-24 16:46:21,2884,4
2025-12-24 16:46:21,2885,4
2025-12-24 16:46:21,2886,4
2025-12-24 16:46:21,2889,4
2025-12-24 16:46:21,2890,1
2025-12-24 16:46:21,2892,1
2025-12-24 16:46:21,2893,2
2025-12-24 16:46:21,2898,4
2025-12-24 16:46:21,2900,4
2025-12-24 16:46:21,2901,4
2025-12-24 16:46:21,2902,4
2025-12-24 16:46:21,2903,4
2025-12-24 16:46:21,2905,4
2025-12-24 16:46:21,2906,4
2025-12-24 16:46:21,2907,1
2025-12-24 16:46:21,2910,1
2025-12-24 16:46:21,2911,4
2025-12-24 16:46:21,2915,4
2025-12-24 16:46:21,2916,2
2025-12-24 16:46:21,2917,1
2025-12-24 16:46:21,2920,4
2025-12-24 16:46:21,2921,4
2025-12-24 16:46:21,2923,4
2025-12-24 16:46:21,2924,4
2025-12-24 16:46:21,2925,4
2025-12-24 16:46:21,2926,1
2025-12-24 16:46:21,2927,4
2025-12-24 16:46:21,2928,4
2025-12-24 16:46:21,2929,1
2025-12-24 16:46:21,2930,4
2025-12-24 16:46:21,2931,4
2025-12-24 16:46:21,2934,4
2025-12-24 16:46:21,2935,4
2025-12-24 16:46:21,2936,4
2025-12-24 16:46:21,2937,4
2025-12-24 16:46:21,2938,4
2025-12-24 16:46:21,2939,4
2025-12-24 16:46:21,2940,4
2025-12-24 16:46:21,2942,1
2025-12-24 16:46:21,2943,4
2025-12-24 16:46:21,2945,4
2025-12-24 16:46:21,2947,4
2025-12-24 16:46:21,2950,4
2025-12-24 16:46:21,2951,4
2025-12-24 16:46:21,2952,4
2025-12-24 16:46:21,2953,4
2025-12-24 16:46:21,2954,1
2025-12-24 16:46:21,2955,4
2025-12-24 16:46:21,2956,4
2025-12-24 16:46:21,2958,4
2025-12-24 16:46:21,2960,4
2025-12-24 16:46:21,2961,4
2025-12-24 16:46:21,2962,4
2025-12-24 16:46:21,2963,4
2025-12-24 16:46:21,2967,4
2025-12-24 16:46:21,2968,4
2025-12-24 16:46:21,2969,4
2025-12-24 16:46:21,2972,4
2025-12-24 16:46:21,2973,4
2025-12-24 16:46:21,2974,4
2025-12-24 16:46:21,2975,4
2025-12-24 16:46:21,2976,4
2025-12-24 16:46:21,2979,4
2025-12-24 16:46:21,2981,4
2025-12-24 16:46:21,2982,4
2025-12-24 16:46:21,2983,4
2025-12-24 16:46:21,2984,4
2025-12-24 16:46:21,2985,1
2025-12-24 16:46:21,2987,4
2025-12-24 16:46:21,2988,4
2025-12-24 16:46:21,2989,4
2025-12-24 16:46:21,2990,4
2025-12-24 16:46:21,2992,4
2025-12-24 16:46:21,2993,4
2025-12-24 16:46:21,2994,4
2025-12-24 16:46:21,2995,4
2025-12-24 16:46:21,2996,4
2025-12-24 16:46:21,3001,4
2025-12-24 16:46:21,3002,4
2025-12-24 16:46:21,3004,1
2025-12-24 16:46:21,3005,1
2025-12-24 16:46:21,3008,4
2025-12-24 16:46:21,3009,4
2025-12-24 16:46:21,3012,4
2025-12-24 16:46:21,3014,4
2025-12-24 16:46:21,3015,4
2025-12-24 16:46:21,3018,4
2025-12-24 16:46:21,3022,4
2025-12-24 16:46:21,3024,4
2025-12-24 16:46:21,3025,4
2025-12-24 16:46:21,3028,4
2025-12-24 16:46:21,3029,4
2025-12-24 16:46:21,3030,4
2025-12-24 16:46:21,3031,4
2025-12-24 16:46:21,3032,4
2025-12-24 16:46:21,3034,4
2025-12-24 16:46:21,3036,1
2025-12-24 16:46:21,3037,4
2025-12-24 16:46:21,3038,4
2025-12-24 16:46:21,3039,4
2025-12-24 16:46:21,3040,1
2025-12-24 16:46:21,3041,1
2025-12-24 16:46:21,3042,4
2025-12-24 16:46:21,3044,4
2025-12-24 16:46:21,3046,4
2025-12-24 16:46:21,3048,4
2025-12-24 16:46:21,3050,1
2025-12-24 16:46:21,3051,4
2025-12-24 16:46:21,3052,4
2025-12-24 16:46:21,3053,4
2025-12-24 16:46:21,3054,4
2025-12-24 16:46:21,3055,4
2025-12-24 16:46:21,3056,4
2025-12-24 16:46:21,3057,4
2025-12-24 16:46:21,3058,4
2025-12-24 16:46:21,3060,4
2025-12-24 16:46:21,3062,4
2025-12-24 16:46:21,3063,4
2025-12-24 16:46:21,3064,1
2025-12-24 16:46:21,3067,4
2025-12-24 16:46:21,3068,1
2025-12-24 16:46:21,3069,4
2025-12-24 16:46:21,3070,4
2025-12-24 16:46:21,3071,4
2025-12-24 16:46:21,3072,4
2025-12-24 16:46:21,3073,4
2025-12-24 16:46:21,3074,4
2025-12-24 16:46:21,3076,4
2025-12-24 16:46:21,3078,4
2025-12-24 16:46:21,3079,1
2025-12-24 16:46:21,3080,4
2025-12-24 16:46:21,3081,1
2025-12-24 16:46:21,3084,4
2025-12-24 16:46:21,3085,4
2025-12-24 16:46:21,3087,4
2025-12-24 16:46:21,3088,4
2025-12-24 16:46:21,3089,4
2025-12-24 16:46:21,3090,4
2025-12-24 16:46:21,3091,4
2025-12-24 16:46:21,3093,4
2025-12-24 16:46:21,3094,1
2025-12-24 16:46:21,3096,4
2025-12-24 16:46:21,3099,4
2025-12-24 16:46:21,3103,4
2025-12-24 16:46:21,3107,4
2025-12-24 16:46:21,3109,1
2025-12-24 16:46:21,3110,1
2025-12-24 16:46:21,3112,4
2025-12-24 16:46:21,3113,4
2025-12-24 16:46:21,3114,4
2025-12-24 16:46:21,3116,4
2025-12-24 16:46:21,3120,4
2025-12-24 16:46:21,3123,4
2025-12-24 16:46:21,3127,1
2025-12-24 16:46:21,3128,4
2025-12-24 16:46:21,3130,4
2025-12-24 16:46:21,3133,1
2025-12-24 16:46:21,3134,4
2025-12-24 16:46:21,3136,4
2025-12-24 16:46:21,3141,4
2025-12-24 16:46:21,3144,4
2025-12-24 16:46:21,3145,1
2025-12-24 16:46:21,3147,4
2025-12-24 16:46:21,3148,4
2025-12-24 16:46:21,3149,4
2025-12-24 16:46:21,3151,4
2025-12-24 16:46:21,3152,4
2025-12-24 16:46:21,3153,4
2025-12-24 16:46:21,3156,4
2025-12-24 16:46:21,3157,4
2025-12-24 16:46:21,3159,4
2025-12-24 16:46:21,3160,4
2025-12-24 16:46:21,3161,4
2025-12-24 16:46:21,3163,4
2025-12-24 16:46:21,3164,4
2025-12-24 16:46:21,3165,4
2025-12-24 16:46:21,3166,4
2025-12-24 16:46:21,3168,4
2025-12-24 16:46:21,3169,4
2025-12-24 16:46:21,3171,4
2025-12-24 16:46:21,3172,4
2025-12-24 16:46:21,3174,4
2025-12-24 16:46:21,3175,4
2025-12-24 16:46:21,3177,1
2025-12-24 16:46:21,3181,4
2025-12-24 16:46:21,3182,4
2025-12-24 16:46:21,3183,4
2025-12-24 16:46:21,3184,4
2025-12-24 16:46:21,3186,4
2025-12-24 16:46:21,3187,4
2025-12-24 16:46:21,3188,4
2025-12-24 16:46:21,3189,4
2025-12-24 16:46:21,3190,4
2025-12-24 16:46:21,3191,1
2025-12-24 16:46:21,3192,4
2025-12-24 16:46:21,3193,4
2025-12-24 16:46:21,3194,4
2025-12-24 16:46:21,3195,4
2025-12-24 16:46:21,3197,4
2025-12-24 16:46:21,3198,4
2025-12-24 16:46:21,3200,1
2025-12-24 16:46:21,3202,4
2025-12-24 16:46:21,3203,4
2025-12-24 16:46:21,3204,4
2025-12-24 16:46:21,3205,4
2025-12-24 16:46:21,3207,4
2025-12-24 16:46:21,3208,4
2025-12-24 16:46:21,3210,4
2025-12-24 16:46:21,3212,4
2025-12-24 16:46:21,3213,4
2025-12-24 16:46:21,3215,4
2025-12-24 16:46:21,3216,4
2025-12-24 16:46:21,3217,4
2025-12-24 16:46:21,3218,4
2025-12-24 16:46:21,3219,4
2025-12-24 16:46:21,3220,4
2025-12-24 16:46:21,3223,4
2025-12-24 16:46:21,3225,4
2025-12-24 16:46:21,3227,4
2025-12-24 16:46:21,3231,4
2025-12-24 16:46:21,3232,1
2025-12-24 16:46:21,3233,4
2025-12-24 16:46:21,3235,4
2025-12-24 16:46:21,3236,4
2025-12-24 16:46:21,3237,4
2025-12-24 16:46:21,3242,4
2025-12-24 16:46:21,3243,4
2025-12-24 16:46:21,3245,4
2025-12-24 16:46:21,3246,4
2025-12-24 16:46:21,3249,4
2025-12-24 16:46:21,3250,4
2025-12-24 16:46:21,3251,4
2025-12-24 16:46:21,3254,4
2025-12-24 16:46:21,3256,4
2025-12-24 16:46:21,3258,4
2025-12-24 16:46:21,3259,4
2025-12-24 16:46:21,3260,1
2025-12-24 16:46:21,3261,4
2025-12-24 16:46:21,3263,4
2025-12-24 16:46:21,3264,1
2025-12-24 16:46:21,3265,1
2025-12-24 16:46:21,3269,4
2025-12-24 16:46:21,3270,1
2025-12-24 16:46:21,3271,1
2025-12-24 16:46:21,3275,4
2025-12-24 16:46:21,3280,4
2025-12-24 16:46:21,3282,4
2025-12-24 16:46:21,3283,4
2025-12-24 16:46:21,3284,4
2025-12-24 16:46:21,3285,4
2025-12-24 16:46:21,3287,4
2025-12-24 16:46:21,3288,4
2025-12-24 16:46:21,3291,4
2025-12-24 16:46:21,3292,4
2025-12-24 16:46:21,3293,4
2025-12-24 16:46:21,3294,4
2025-12-24 16:46:21,3298,4
2025-12-24 16:46:21,3300,4
2025-12-24 16:46:21,3301,4
2025-12-24 16:46:21,3302,1
2025-12-24 16:46:21,3303,1
2025-12-24 16:46:21,3304,4
2025-12-24 16:46:21,3305,4
2025-12-24 16:46:21,3308,2
2025-12-24 16:46:21,3309,4
2025-12-24 16:46:21,3310,1
2025-12-24 16:46:21,3312,4
2025-12-24 16:46:21,3315,4
2025-12-24 16:46:21,3316,4
2025-12-24 16:46:21,3317,1
2025-12-24 16:46:21,3318,4
2025-12-24 16:46:21,3319,4
2025-12-24 16:46:21,3321,4
2025-12-24 16:46:21,3322,4
2025-12-24 16:46:21,3323,4
2025-12-24 16:46:21,3324,4
2025-12-24 16:46:21,3326,4
2025-12-24 16:46:21,3329,4
2025-12-24 16:46:21,3336,4
2025-12-24 16:46:21,3338,1
2025-12-24 16:46:21,3339,4
2025-12-24 16:46:21,3340,4
2025-12-24 16:46:21,3341,4
2025-12-24 16:46:21,3342,1
2025-12-24 16:46:21,3345,4
2025-12-24 16:46:21,3347,4
2025-12-24 16:46:21,3349,4
2025-12-24 16:46:21,3350,1
2025-12-24 16:46:21,3353,4
2025-12-24 16:46:21,3354,1
2025-12-24 16:46:21,3355,4
2025-12-24 16:46:21,3357,4
2025-12-24 16:46:21,3361,4
2025-12-24 16:46:21,3362,4
2025-12-24 16:46:21,3364,1
2025-12-24 16:46:21,3366,4
2025-12-24 16:46:21,3367,4
2025-12-24 16:46:21,3371,4
2025-12-24 16:46:21,3374,4
2025-12-24 16:46:21,3375,1
2025-12-24 16:46:21,3377,4
2025-12-24 16:46:21,3378,4
2025-12-24 16:46:21,3379,4
2025-12-24 16:46:21,3381,4
2025-12-24 16:46:21,3383,4
2025-12-24 16:46:21,3384,4
2025-12-24 16:46:21,3385,4
2025-12-24 16:46:21,3386,4
2025-12-24 16:46:21,3387,1
2025-12-24 16:46:21,3388,4
2025-12-24 16:46:21,3389,4
2025-12-24 16:46:21,3390,4
2025-12-24 16:46:21,3391,4
2025-12-24 16:46:21,3393,4
2025-12-24 16:46:21,3394,4
2025-12-24 16:46:21,3396,4
2025-12-24 16:46:21,3397,4
2025-12-24 16:46:21,3399,1
2025-12-24 16:46:21,3400,4
2025-12-24 16:46:21,3402,4
2025-12-24 16:46:21,3403,4
2025-12-24 16:46:21,3404,4
2025-12-24 16:46:21,3406,4
2025-12-24 16:46:21,3407,4
2025-12-24 16:46:21,3412,4
2025-12-24 16:46:21,3413,4
2025-12-24 16:46:21,3414,4
2025-12-24 16:46:21,3417,4
2025-12-24 16:46:21,3418,4
2025-12-24 16:46:21,3422,4
2025-12-24 16:46:21,3423,4
2025-12-24 16:46:21,3424,4
2025-12-24 16:46:21,3425,4
2025-12-24 16:46:21,3427,4
2025-12-24 16:46:21,3430,1
2025-12-24 16:46:21,3431,1
2025-12-24 16:46:21,3432,4
2025-12-24 16:46:21,3433,4
2025-12-24 16:46:21,3434,1
2025-12-24 16:46:21,3438,4
2025-12-24 16:46:21,3439,4
2025-12-24 16:46:21,3440,4
2025-12-24 16:46:21,3441,4
2025-12-24 16:46:21,3442,4
2025-12-24 16:46:21,3445,4
2025-12-24 16:46:21,3446,4
2025-12-24 16:46:21,3448,4
2025-12-24 16:46:21,3449,4
2025-12-24 16:46:21,3450,1
2025-12-24 16:46:21,3451,4
2025-12-24 16:46:21,3452,4
2025-12-24 16:46:21,3453,4
2025-12-24 16:46:21,3454,4
2025-12-24 16:46:21,3455,4
2025-12-24 16:46:21,3457,4
2025-12-24 16:46:21,3458,4
2025-12-24 16:46:21,3459,4
2025-12-24 16:46:21,3460,4
2025-12-24 16:46:21,3462,4
2025-12-24 16:46:21,3463,4
2025-12-24 16:46:21,3466,1
2025-12-24 16:46:21,3468,4
2025-12-24 16:46:21,3474,1
2025-12-24 16:46:21,3475,1
2025-12-24 16:46:21,3476,4
2025-12-24 16:46:21,3477,4
2025-12-24 16:46:21,3478,4
2025-12-24 16:46:21,3480,1
2025-12-24 16:46:21,3481,4
2025-12-24 16:46:21,3482,4
2025-12-24 16:46:21,3485,1
2025-12-24 16:46:21,3486,4
2025-12-24 16:46:21,3487,4
2025-12-24 16:46:21,3489,4
2025-12-24 16:46:21,3492,4
2025-12-24 16:46:21,3493,2
2025-12-24 16:46:21,3494,4
2025-12-24 16:46:21,3497,4
2025-12-24 16:46:21,3498,4
2025-12-24 16:46:21,3499,4
2025-12-24 16:46:21,3500,4
2025-12-24 16:46:21,3502,4
2025-12-24 16:46:21,3504,1
2025-12-24 16:46:21,3505,4
2025-12-24 16:46:21,3506,4
2025-12-24 16:46:21,3508,1
2025-12-24 16:46:21,3509,4
2025-12-24 16:46:21,3510,1
2025-12-24 16:46:21,3511,4
2025-12-24 16:46:21,3514,4
2025-12-24 16:46:21,3517,4
2025-12-24 16:46:21,3518,4
2025-12-24 16:46:21,3521,4
2025-12-24 16:46:21,3522,4
2025-12-24 16:46:21,3523,4
2025-12-24 16:46:21,3524,4
2025-12-24 16:46:21,3526,4
2025-12-24 16:46:21,3527,4
2025-12-24 16:46:21,3530,4
2025-12-24 16:46:21,3531,1
2025-12-24 16:46:21,3532,1
2025-12-24 16:46:21,3533,4
2025-12-24 16:46:21,3534,4
2025-12-24 16:46:21,3537,4
2025-12-24 16:46:21,3538,4
2025-12-24 16:46:21,3540,4
2025-12-24 16:46:21,3541,4
2025-12-24 16:46:21,3542,4
2025-12-24 16:46:21,3544,4
2025-12-24 16:46:21,3546,4
2025-12-24 16:46:21,3547,4
2025-12-24 16:46:21,3549,4
2025-12-24 16:46:21,3550,1
2025-12-24 16:46:21,3553,4
2025-12-24 16:46:21,3554,4
2025-12-24 16:46:21,3555,4
2025-12-24 16:46:21,3556,4
2025-12-24 16:46:21,3557,4
2025-12-24 16:46:21,3559,4
2025-12-24 16:46:21,3561,4
2025-12-24 16:46:21,3562,4
2025-12-24 16:46:21,3563,4
2025-12-24 16:46:21,3564,4
2025-12-24 16:46:21,3568,4
2025-12-24 16:46:21,3569,4
2025-12-24 16:46:21,3570,4
2025-12-24 16:46:21,3571,4
2025-12-24 16:46:21,3574,4
2025-12-24 16:46:21,3576,4
2025-12-24 16:46:21,3577,4
2025-12-24 16:46:21,3578,4
2025-12-24 16:46:21,3579,4
2025-12-24 16:46:21,3580,4
2025-12-24 16:46:21,3581,4
2025-12-24 16:46:21,3583,4
2025-12-24 16:46:21,3584,4
2025-12-24 16:46:21,3585,4
2025-12-24 16:46:21,3589,4
2025-12-24 16:46:21,3591,4
2025-12-24 16:46:21,3592,4
2025-12-24 16:46:21,3593,1
2025-12-24 16:46:21,3594,4
2025-12-24 16:46:21,3596,1
2025-12-24 16:46:21,3599,4
2025-12-24 16:46:21,3601,4
2025-12-24 16:46:21,3602,4
2025-12-24 16:46:21,3603,4
2025-12-24 16:46:21,3605,1
2025-12-24 16:46:21,3606,4
2025-12-24 16:46:21,3609,4
2025-12-24 16:46:21,3612,4
2025-12-24 16:46:21,3613,4
2025-12-24 16:46:21,3617,4
2025-12-24 16:46:21,3618,4
2025-12-24 16:46:21,3620,4
2025-12-24 16:46:21,3622,4
2025-12-24 16:46:21,3625,4
2025-12-24 16:46:21,3627,4
2025-12-24 16:46:21,3628,4
2025-12-24 16:46:21,3631,4
2025-12-24 16:46:21,3632,4
2025-12-24 16:46:21,3633,4
2025-12-24 16:46:21,3637,4
2025-12-24 16:46:21,3639,4
2025-12-24 16:46:21,3641,4
2025-12-24 16:46:21,3642,4
2025-12-24 16:46:21,3644,1
2025-12-24 16:46:21,3645,4
2025-12-24 16:46:21,3646,4
2025-12-24 16:46:21,3650,4
2025-12-24 16:46:21,3651,4
2025-12-24 16:46:21,3653,4
2025-12-24 16:46:21,3656,4
2025-12-24 16:46:21,3657,4
2025-12-24 16:46:21,3658,4
2025-12-24 16:46:21,3660,4
2025-12-24 16:46:21,3661,4
2025-12-24 16:46:21,3663,4
2025-12-24 16:46:21,3664,4
2025-12-24 16:46:21,3666,4
2025-12-24 16:46:21,3667,1
2025-12-24 16:46:21,3669,4
2025-12-24 16:46:21,3672,4
2025-12-24 16:46:21,3678,4
2025-12-24 16:46:21,3680,4
2025-12-24 16:46:21,3681,4
2025-12-24 16:46:21,3684,4
2025-12-24 16:46:21,3688,4
2025-12-24 16:46:21,3689,4
2025-12-24 16:46:21,3690,1
2025-12-24 16:46:21,3692,4
2025-12-24 16:46:21,3693,4
2025-12-24 16:46:21,3695,4
2025-12-24 16:46:21,3696,4
2025-12-24 16:46:21,3697,4
2025-12-24 16:46:21,3698,4
2025-12-24 16:46:21,3699,4
2025-12-24 16:46:21,3700,4
2025-12-24 16:46:21,3701,4
2025-12-24 16:46:21,3703,4
2025-12-24 16:46:21,3704,4
2025-12-24 16:46:21,3705,1
2025-12-24 16:46:21,3706,4
2025-12-24 16:46:21,3707,4
2025-12-24 16:46:21,3709,4
2025-12-24 16:46:21,3710,4
2025-12-24 16:46:21,3712,4
2025-12-24 16:46:21,3713,4
2025-12-24 16:46:21,3714,1
2025-12-24 16:46:21,3715,4
2025-12-24 16:46:21,3717,4
2025-12-24 16:46:21,3718,1
2025-12-24 16:46:21,3719,4
2025-12-24 16:46:21,3720,4
2025-12-24 16:46:21,3722,4
2025-12-24 16:46:21,3723,4
2025-12-24 16:46:21,3729,4
2025-12-24 16:46:21,3730,4
2025-12-24 16:46:21,3731,4
2025-12-24 16:46:21,3732,4
2025-12-24 16:46:21,3734,4
2025-12-24 16:46:21,3735,4
2025-12-24 16:46:21,3736,4
2025-12-24 16:46:21,3737,4
2025-12-24 16:46:21,3738,4
2025-12-24 16:46:21,3739,4
2025-12-24 16:46:21,3742,1
2025-12-24 16:46:21,3743,1
2025-12-24 16:46:21,3744,4
2025-12-24 16:46:21,3745,4
2025-12-24 16:46:21,3747,1
2025-12-24 16:46:21,3748,4
2025-12-24 16:46:21,3749,1
2025-12-24 16:46:21,3751,4
2025-12-24 16:46:21,3752,4
2025-12-24 16:46:21,3753,1
2025-12-24 16:46:21,3756,1
2025-12-24 16:46:21,3759,4
2025-12-24 16:46:21,3760,4
2025-12-24 16:46:21,3761,1
2025-12-24 16:46:21,3763,4
2025-12-24 16:46:21,3764,1
2025-12-24 16:46:21,3765,4
2025-12-24 16:46:21,3766,4
2025-12-24 16:46:21,3767,4
2025-12-24 16:46:21,3768,4
2025-12-24 16:46:21,3769,2
2025-12-24 16:46:21,3770,4
2025-12-24 16:46:21,3772,4
2025-12-24 16:46:21,3773,1
2025-12-24 16:46:21,3775,4
2025-12-24 16:46:21,3776,4
2025-12-24 16:46:21,3779,4
2025-12-24 16:46:21,3780,4
2025-12-24 16:46:21,3781,4
2025-12-24 16:46:21,3782,4
2025-12-24 16:46:21,3783,4
2025-12-24 16:46:21,3784,2
2025-12-24 16:46:21,3786,4
2025-12-24 16:46:21,3787,4
2025-12-24 16:46:21,3788,4
2025-12-24 16:46:21,3789,1
2025-12-24 16:46:21,3790,4
2025-12-24 16:46:21,3792,4
2025-12-24 16:46:21,3793,4
2025-12-24 16:46:21,3795,4
2025-12-24 16:46:21,3796,4
2025-12-24 16:46:21,3797,4
2025-12-24 16:46:21,3800,1
2025-12-24 16:46:21,3801,4
2025-12-24 16:46:21,3803,4
2025-12-24 16:46:21,3804,4
2025-12-24 16:46:21,3805,4
2025-12-24 16:46:21,3806,4
2025-12-24 16:46:21,3807,4
2025-12-24 16:46:21,3809,4
2025-12-24 16:46:21,3810,4
2025-12-24 16:46:21,3811,4
2025-12-24 16:46:21,3812,4
2025-12-24 16:46:21,3814,4
2025-12-24 16:46:21,3816,4
2025-12-24 16:46:21,3823,4
2025-12-24 16:46:21,3825,1
2025-12-24 16:46:21,3826,1
2025-12-24 16:46:21,3827,4
2025-12-24 16:46:21,3830,4
2025-12-24 16:46:21,3831,2
2025-12-24 16:46:21,3833,4
2025-12-24 16:46:21,3834,4
2025-12-24 16:46:21,3835,4
2025-12-24 16:46:21,3836,4
2025-12-24 16:46:21,3843,4
2025-12-24 16:46:21,3844,4
2025-12-24 16:46:21,3845,4
2025-12-24 16:46:21,3846,4
2025-12-24 16:46:21,3847,2
2025-12-24 16:46:21,3848,4
2025-12-24 16:46:21,3851,4
2025-12-24 16:46:21,3852,1
2025-12-24 16:46:21,3853,4
2025-12-24 16:46:21,3854,4
2025-12-24 16:46:21,3857,4
2025-12-24 16:46:21,3859,4
2025-12-24 16:46:21,3860,4
2025-12-24 16:46:21,3862,4
2025-12-24 16:46:21,3863,1
2025-12-24 16:46:21,3864,4
2025-12-24 16:46:21,3865,4
2025-12-24 16:46:21,3866,4
2025-12-24 16:46:21,3867,1
2025-12-24 16:46:21,3868,4
2025-12-24 16:46:21,3869,4
2025-12-24 16:46:21,3871,4
2025-12-24 16:46:21,3872,4
2025-12-24 16:46:21,3873,4
2025-12-24 16:46:21,3875,4
2025-12-24 16:46:21,3876,4
2025-12-24 16:46:21,3877,4
2025-12-24 16:46:21,3878,4
2025-12-24 16:46:21,3882,1
2025-12-24 16:46:21,3883,1
2025-12-24 16:46:21,3884,1
2025-12-24 16:46:21,3888,4
2025-12-24 16:46:21,3889,4
2025-12-24 16:46:21,3890,4
2025-12-24 16:46:21,3892,4
2025-12-24 16:46:21,3893,1
2025-12-24 16:46:21,3894,4
2025-12-24 16:46:21,3895,4
2025-12-24 16:46:21,3897,1
2025-12-24 16:46:21,3900,1
2025-12-24 16:46:21,3901,4
2025-12-24 16:46:21,3902,4
2025-12-24 16:46:21,3903,4
2025-12-24 16:46:21,3905,4
2025-12-24 16:46:21,3906,4
2025-12-24 16:46:21,3908,4
2025-12-24 16:46:21,3911,4
2025-12-24 16:46:21,3912,4
2025-12-24 16:46:21,3913,1
2025-12-24 16:46:21,3914,1
2025-12-24 16:46:21,3915,4
2025-12-24 16:46:21,3917,4
2025-12-24 16:46:21,3919,4
2025-12-24 16:46:21,3920,4
2025-12-24 16:46:21,3921,4
2025-12-24 16:46:21,3922,4
2025-12-24 16:46:21,3923,1
2025-12-24 16:46:21,3924,4
2025-12-24 16:46:21,3926,1
2025-12-24 16:46:21,3927,4
2025-12-24 16:46:21,3931,4
2025-12-24 16:46:21,3933,4
2025-12-24 16:46:21,3935,4
2025-12-24 16:46:21,3936,4
2025-12-24 16:46:21,3937,4
2025-12-24 16:46:21,3938,4
2025-12-24 16:46:21,3941,4
2025-12-24 16:46:21,3942,4
2025-12-24 16:46:21,3944,4
2025-12-24 16:46:21,3945,4
2025-12-24 16:46:21,3948,4
2025-12-24 16:46:21,3949,4
2025-12-24 16:46:21,3950,4
2025-12-24 16:46:21,3951,4
2025-12-24 16:46:21,3952,4
2025-12-24 16:46:21,3954,4
2025-12-24 16:46:21,3957,4
2025-12-24 16:46:21,3959,1
2025-12-24 16:46:21,3960,4
2025-12-24 16:46:21,3962,4
2025-12-24 16:46:21,3963,4
2025-12-24 16:46:21,3964,4
2025-12-24 16:46:21,3965,4
2025-12-24 16:46:21,3966,4
2025-12-24 16:46:21,3967,4
2025-12-24 16:46:21,3968,4
2025-12-24 16:46:21,3970,4
2025-12-24 16:46:21,3971,4
2025-12-24 16:46:21,3972,4
2025-12-24 16:46:21,3973,4
2025-12-24 16:46:21,3974,1
2025-12-24 16:46:21,3975,4
2025-12-24 16:46:21,3979,4
2025-12-24 16:46:21,3980,4
2025-12-24 16:46:21,3981,1
2025-12-24 16:46:21,3982,4
2025-12-24 16:46:21,3983,1
2025-12-24 16:46:21,3986,4
2025-12-24 16:46:21,3987,4
2025-12-24 16:46:21,3988,4
2025-12-24 16:46:21,3989,4
2025-12-24 16:46:21,3990,4
2025-12-24 16:46:21,3991,4
2025-12-24 16:46:21,3993,4
2025-12-24 16:46:21,3996,4
2025-12-24 16:46:21,3998,4
2025-12-24 16:46:21,4002,1
2025-12-24 16:46:21,4003,4
2025-12-24 16:46:21,4004,4
2025-12-24 16:46:21,4005,4
2025-12-24 16:46:21,4007,4
2025-12-24 16:46:21,4008,4
2025-12-24 16:46:21,4012,4
2025-12-24 16:46:21,4013,4
2025-12-24 16:46:21,4014,4
2025-12-24 16:46:21,4016,4
2025-12-24 16:46:21,4017,4
2025-12-24 16:46:21,4019,4
2025-12-24 16:46:21,4020,4
2025-12-24 16:46:21,4021,4
2025-12-24 16:46:21,4022,4
2025-12-24 16:46:21,4023,4
2025-12-24 16:46:21,4024,4
2025-12-24 16:46:21,4025,4
2025-12-24 16:46:21,4028,4
2025-12-24 16:46:21,4029,4
2025-12-24 16:46:21,4030,4
2025-12-24 16:46:21,4032,4
2025-12-24 16:46:21,4033,4
2025-12-24 16:46:21,4034,1
2025-12-24 16:46:21,4035,4
2025-12-24 16:46:21,4036,4
2025-12-24 16:46:21,4038,4
2025-12-24 16:46:21,4039,4
2025-12-24 16:46:21,4040,4
2025-12-24 16:46:21,4042,4
2025-12-24 16:46:21,4044,1
2025-12-24 16:46:21,4046,4
2025-12-24 16:46:21,4047,4
2025-12-24 16:46:21,4048,4
2025-12-24 16:46:21,4049,4
2025-12-24 16:46:21,4050,4
2025-12-24 16:46:21,4051,4
2025-12-24 16:46:21,4052,4
2025-12-24 16:46:21,4055,4
2025-12-24 16:46:21,4056,4
2025-12-24 16:46:21,4058,4
2025-12-24 16:46:21,4060,4
2025-12-24 16:46:21,4061,4
2025-12-24 16:46:21,4062,4
2025-12-24 16:46:21,4064,4
2025-12-24 16:46:21,4068,4
2025-12-24 16:46:21,4069,1
2025-12-24 16:46:21,4070,2
2025-12-24 16:46:21,4072,4
2025-12-24 16:46:21,4076,2
2025-12-24 16:46:21,4077,4
2025-12-24 16:46:21,4080,4
2025-12-24 16:46:21,4082,4
2025-12-24 16:46:21,4083,4
2025-12-24 16:46:21,4086,4
2025-12-24 16:46:21,4087,4
2025-12-24 16:46:21,4088,4
2025-12-24 16:46:21,4089,4
2025-12-24 16:46:21,4090,1
2025-12-24 16:46:21,4091,4
2025-12-24 16:46:21,4092,4
2025-12-24 16:46:21,4093,4
2025-12-24 16:46:21,4094,4
2025-12-24 16:46:21,4095,1
2025-12-24 16:46:21,4096,1
2025-12-24 16:46:21,4097,4
2025-12-24 16:46:21,4099,1
2025-12-24 16:46:21,4100,4
2025-12-24 16:46:21,4101,4
2025-12-24 16:46:21,4102,4
2025-12-24 16:46:21,4103,4
2025-12-24 16:46:21,4104,4
2025-12-24 16:46:21,4105,4
2025-12-24 16:46:21,4106,1
2025-12-24 16:46:21,4107,4
2025-12-24 16:46:21,4108,4
2025-12-24 16:46:21,4109,4
2025-12-24 16:46:21,4110,4
2025-12-24 16:46:21,4111,1
2025-12-24 16:46:21,4113,1
2025-12-24 16:46:21,4114,4
2025-12-24 16:46:21,4115,4
2025-12-24 16:46:21,4116,1
2025-12-24 16:46:21,4121,4
2025-12-24 16:46:21,4122,4
2025-12-24 16:46:21,4123,4
2025-12-24 16:46:21,4124,4
2025-12-24 16:46:21,4125,4
2025-12-24 16:46:21,4126,4
2025-12-24 16:46:21,4127,2
2025-12-24 16:46:21,4128,4
2025-12-24 16:46:21,4129,4
2025-12-24 16:46:21,4131,4
2025-12-24 16:46:21,4133,4
2025-12-24 16:46:21,4134,4
2025-12-24 16:46:21,4135,1
2025-12-24 16:46:21,4137,1
2025-12-24 16:46:21,4138,4
2025-12-24 16:46:21,4139,4
2025-12-24 16:46:21,4141,4
2025-12-24 16:46:21,4143,4
2025-12-24 16:46:21,4144,4
2025-12-24 16:46:21,4145,4
2025-12-24 16:46:21,4146,4
2025-12-24 16:46:21,4147,4
2025-12-24 16:46:21,4148,4
2025-12-24 16:46:21,4150,4
2025-12-24 16:46:21,4151,4
2025-12-24 16:46:21,4152,4
2025-12-24 16:46:21,4155,4
2025-12-24 16:46:21,4159,4
2025-12-24 16:46:21,4160,1
2025-12-24 16:46:21,4161,4
2025-12-24 16:46:21,4163,4
2025-12-24 16:46:21,4164,4
2025-12-24 16:46:21,4166,1
2025-12-24 16:46:21,4168,4
2025-12-24 16:46:21,4169,4
2025-12-24 16:46:21,4171,4
2025-12-24 16:46:21,4172,4
2025-12-24 16:46:21,4173,4
2025-12-24 16:46:21,4174,4
2025-12-24 16:46:21,4177,4
2025-12-24 16:46:21,4178,1
2025-12-24 16:46:21,4179,4
2025-12-24 16:46:21,4180,4
2025-12-24 16:46:21,4181,4
2025-12-24 16:46:21,4184,4
2025-12-24 16:46:21,4186,4
2025-12-24 16:46:21,4187,1
2025-12-24 16:46:21,4188,4
2025-12-24 16:46:21,4189,4
2025-12-24 16:46:21,4191,4
2025-12-24 16:46:21,4192,4
2025-12-24 16:46:21,4193,4
2025-12-24 16:46:21,4194,4
2025-12-24 16:46:21,4195,4
2025-12-24 16:46:21,4196,1
2025-12-24 16:46:21,4199,1
2025-12-24 16:46:21,4201,4
2025-12-24 16:46:21,4202,4
2025-12-24 16:46:21,4203,4
2025-12-24 16:46:21,4204,4
2025-12-24 16:46:21,4206,4
2025-12-24 16:46:21,4208,4
2025-12-24 16:46:21,4211,4
2025-12-24 16:46:21,4212,4
2025-12-24 16:46:21,4215,4
2025-12-24 16:46:21,4216,4
2025-12-24 16:46:21,4218,1
2025-12-24 16:46:21,4219,4
2025-12-24 16:46:21,4221,4
2025-12-24 16:46:21,4222,4
2025-12-24 16:46:21,4223,1
2025-12-24 16:46:21,4224,4
2025-12-24 16:46:21,4227,4
2025-12-24 16:46:21,4228,1
2025-12-24 16:46:21,4233,4
2025-12-24 16:46:21,4238,4
2025-12-24 16:46:21,4239,4
2025-12-24 16:46:21,4240,4
2025-12-24 16:46:21,4241,4
2025-12-24 16:46:21,4242,4
2025-12-24 16:46:21,4243,4
2025-12-24 16:46:21,4246,4
2025-12-24 16:46:21,4247,4
2025-12-24 16:46:21,4248,1
2025-12-24 16:46:21,4249,4
2025-12-24 16:46:21,4250,1
2025-12-24 16:46:21,4251,4
2025-12-24 16:46:21,4252,4
2025-12-24 16:46:21,4253,4
2025-12-24 16:46:21,4254,4
2025-12-24 16:46:21,4255,4
2025-12-24 16:46:21,4257,4
2025-12-24 16:46:21,4258,4
2025-12-24 16:46:21,4259,4
2025-12-24 16:46:21,4260,4
2025-12-24 16:46:21,4263,4
2025-12-24 16:46:21,4264,1
2025-12-24 16:46:21,4265,4
2025-12-24 16:46:21,4266,4
2025-12-24 16:46:21,4269,4
2025-12-24 16:46:21,4270,4
2025-12-24 16:46:21,4272,1
2025-12-24 16:46:21,4273,4
2025-12-24 16:46:21,4274,4
2025-12-24 16:46:21,4275,4
2025-12-24 16:46:21,4278,4
2025-12-24 16:46:21,4280,4
2025-12-24 16:46:21,4282,4
2025-12-24 16:46:21,4283,2
2025-12-24 16:46:21,4284,4
2025-12-24 16:46:21,4285,4
2025-12-24 16:46:21,4286,4
2025-12-24 16:46:21,4289,4
2025-12-24 16:46:21,4290,4
2025-12-24 16:46:21,4291,4
2025-12-24 16:46:21,4294,4
2025-12-24 16:46:21,4295,2
2025-12-24 16:46:21,4296,1
2025-12-24 16:46:21,4297,4
2025-12-24 16:46:21,4298,1
2025-12-24 16:46:21,4300,4
2025-12-24 16:46:21,4301,4
2025-12-24 16:46:21,4303,4
2025-12-24 16:46:21,4304,4
2025-12-24 16:46:21,4305,4
2025-12-24 16:46:21,4306,4
2025-12-24 16:46:21,4307,1
2025-12-24 16:46:21,4308,4
2025-12-24 16:46:21,4310,4
2025-12-24 16:46:21,4311,1
2025-12-24 16:46:21,4312,4
2025-12-24 16:46:21,4313,4
2025-12-24 16:46:21,4314,4
2025-12-24 16:46:21,4315,4
2025-12-24 16:46:21,4316,4
2025-12-24 16:46:21,4317,4
2025-12-24 16:46:21,4320,4
2025-12-24 16:46:21,4324,4
2025-12-24 16:46:21,4326,4
2025-12-24 16:46:21,4327,1
2025-12-24 16:46:21,4329,4
2025-12-24 16:46:21,4331,4
2025-12-24 16:46:21,4334,4
2025-12-24 16:46:21,4335,4
2025-12-24 16:46:21,4337,4
2025-12-24 16:46:21,4339,4
2025-12-24 16:46:21,4340,4
2025-12-24 16:46:21,4341,4
2025-12-24 16:46:21,4342,4
2025-12-24 16:46:21,4343,1
2025-12-24 16:46:21,4344,4
2025-12-24 16:46:21,4345,4
2025-12-24 16:46:21,4347,4
2025-12-24 16:46:21,4348,1
2025-12-24 16:46:21,4350,4
2025-12-24 16:46:21,4351,4
2025-12-24 16:46:21,4352,4
2025-12-24 16:46:21,4353,4
2025-12-24 16:46:21,4355,4
2025-12-24 16:46:21,4358,4
2025-12-24 16:46:21,4359,4
2025-12-24 16:46:21,4361,4
2025-12-24 16:46:21,4362,4
2025-12-24 16:46:21,4363,4
2025-12-24 16:46:21,4364,1
2025-12-24 16:46:21,4365,4
2025-12-24 16:46:21,4366,4
2025-12-24 16:46:21,4367,4
2025-12-24 16:46:21,4368,1
2025-12-24 16:46:21,4369,1
2025-12-24 16:46:21,4372,4
2025-12-24 16:46:21,4373,4
2025-12-24 16:46:21,4374,4
2025-12-24 16:46:21,4375,1
2025-12-24 16:46:21,4376,4
2025-12-24 16:46:21,4377,4
2025-12-24 16:46:21,4378,4
2025-12-24 16:46:21,4380,4
2025-12-24 16:46:21,4382,4
2025-12-24 16:46:21,4383,4
2025-12-24 16:46:21,4384,1
2025-12-24 16:46:21,4386,4
2025-12-24 16:46:21,4387,4
2025-12-24 16:46:21,4388,4
2025-12-24 16:46:21,4389,4
2025-12-24 16:46:21,4392,4
2025-12-24 16:46:21,4395,1
2025-12-24 16:46:21,4396,4
2025-12-24 16:46:21,4397,4
2025-12-24 16:46:21,4399,4
2025-12-24 16:46:21,4400,4
2025-12-24 16:46:21,4402,1
2025-12-24 16:46:21,4404,4
2025-12-24 16:46:21,4406,4
2025-12-24 16:46:21,4409,4
2025-12-24 16:46:21,4410,4
2025-12-24 16:46:21,4411,4
2025-12-24 16:46:21,4412,4
2025-12-24 16:46:21,4414,4
2025-12-24 16:46:21,4415,4
2025-12-24 16:46:21,4417,4
2025-12-24 16:46:21,4418,4
2025-12-24 16:46:21,4419,4
2025-12-24 16:46:21,4420,1
2025-12-24 16:46:21,4421,4
2025-12-24 16:46:21,4422,4
2025-12-24 16:46:21,4423,4
2025-12-24 16:46:21,4425,4
2025-12-24 16:46:21,4426,4
2025-12-24 16:46:21,4429,4
2025-12-24 16:46:21,4431,1
2025-12-24 16:46:21,4432,4
2025-12-24 16:46:21,4433,4
2025-12-24 16:46:21,4435,4
2025-12-24 16:46:21,4437,4
2025-12-24 16:46:21,4438,4
2025-12-24 16:46:21,4440,1
2025-12-24 16:46:21,4441,4
2025-12-24 16:46:21,4442,4
2025-12-24 16:46:21,4443,4
2025-12-24 16:46:21,4444,1
2025-12-24 16:46:21,4445,4
2025-12-24 16:46:21,4447,4
2025-12-24 16:46:21,4448,4
2025-12-24 16:46:21,4449,4
2025-12-24 16:46:21,4450,1
2025-12-24 16:46:21,4451,4
2025-12-24 16:46:21,4452,4
2025-12-24 16:46:21,4453,4
2025-12-24 16:46:21,4456,4
2025-12-24 16:46:21,4457,4
2025-12-24 16:46:21,4459,4
2025-12-24 16:46:21,4462,4
2025-12-24 16:46:21,4463,1
2025-12-24 16:46:21,4464,4
2025-12-24 16:46:21,4465,4
2025-12-24 16:46:21,4467,4
2025-12-24 16:46:21,4468,4
2025-12-24 16:46:21,4469,4
2025-12-24 16:46:21,4470,4
2025-12-24 16:46:21,4471,4
2025-12-24 16:46:21,4472,4
2025-12-24 16:46:21,4473,1
2025-12-24 16:46:21,4477,4
2025-12-24 16:46:21,4478,1
2025-12-24 16:46:21,4479,1
2025-12-24 16:46:21,4480,4
2025-12-24 16:46:21,4482,1
2025-12-24 16:46:21,4483,1
2025-12-24 16:46:21,4484,4
2025-12-24 16:46:21,4485,4
2025-12-24 16:46:21,4486,1
2025-12-24 16:46:21,4487,4
2025-12-24 16:46:21,4490,4
2025-12-24 16:46:21,4491,4
2025-12-24 16:46:21,4492,4
2025-12-24 16:46:21,4493,4
2025-12-24 16:46:21,4495,1
2025-12-24 16:46:21,4496,4
2025-12-24 16:46:21,4497,4
2025-12-24 16:46:21,4498,1
2025-12-24 16:46:21,4500,4
2025-12-24 16:46:21,4504,1
2025-12-24 16:46:21,4508,4
2025-12-24 16:46:21,4509,4
2025-12-24 16:46:21,4510,4
2025-12-24 16:46:21,4511,4
2025-12-24 16:46:21,4512,4
2025-12-24 16:46:21,4513,4
2025-12-24 16:46:21,4514,4
2025-12-24 16:46:21,4515,4
2025-12-24 16:46:21,4516,4
2025-12-24 16:46:21,4519,4
2025-12-24 16:46:21,4520,4
2025-12-24 16:46:21,4521,1
2025-12-24 16:46:21,4522,4
2025-12-24 16:46:21,4525,4
2025-12-24 16:46:21,4529,4
2025-12-24 16:46:21,4531,1
2025-12-24 16:46:21,4532,4
2025-12-24 16:46:21,4534,4
2025-12-24 16:46:21,4535,4
2025-12-24 16:46:21,4536,4
2025-12-24 16:46:21,4540,4
2025-12-24 16:46:21,4544,4
2025-12-24 16:46:21,4547,4
2025-12-24 16:46:21,4548,1
2025-12-24 16:46:21,4549,4
2025-12-24 16:46:21,4550,4
2025-12-24 16:46:21,4552,4
2025-12-24 16:46:21,4554,4
2025-12-24 16:46:21,4555,4
2025-12-24 16:46:21,4557,4
2025-12-24 16:46:21,4559,1
2025-12-24 16:46:21,4560,4
2025-12-24 16:46:21,4561,4
2025-12-24 16:46:21,4562,4
2025-12-24 16:46:21,4563,4
2025-12-24 16:46:21,4564,4
2025-12-24 16:46:21,4565,1
2025-12-24 16:46:21,4566,1
2025-12-24 16:46:21,4568,1
2025-12-24 16:46:21,4569,4
2025-12-24 16:46:21,4571,4
2025-12-24 16:46:21,4574,1
2025-12-24 16:46:21,4576,1
2025-12-24 16:46:21,4577,4
2025-12-24 16:46:21,4578,4
2025-12-24 16:46:21,4579,4
2025-12-24 16:46:21,4581,4
2025-12-24 16:46:21,4583,4
2025-12-24 16:46:21,4584,1
2025-12-24 16:46:21,4585,1
2025-12-24 16:46:21,4586,4
2025-12-24 16:46:21,4589,4
2025-12-24 16:46:21,4590,4
2025-12-24 16:46:21,4591,2
2025-12-24 16:46:21,4592,4
2025-12-24 16:46:21,4593,4
2025-12-24 16:46:21,4594,4
2025-12-24 16:46:21,4595,4
2025-12-24 16:46:21,4596,4
2025-12-24 16:46:21,4597,4
2025-12-24 16:46:21,4599,4
2025-12-24 16:46:21,4600,4
2025-12-24 16:46:21,4603,4
2025-12-24 16:46:21,4605,4
2025-12-24 16:46:21,4607,4
2025-12-24 16:46:21,4608,4
2025-12-24 16:46:21,4610,4
2025-12-24 16:46:21,4612,4
2025-12-24 16:46:21,4614,4
2025-12-24 16:46:21,4615,4
2025-12-24 16:46:21,4619,1
2025-12-24 16:46:21,4620,4
2025-12-24 16:46:21,4621,4
2025-12-24 16:46:21,4622,1
2025-12-24 16:46:21,4624,4
2025-12-24 16:46:21,4626,4
2025-12-24 16:46:21,4630,4
2025-12-24 16:46:21,4631,4
2025-12-24 16:46:21,4632,4
2025-12-24 16:46:21,4633,1
2025-12-24 16:46:21,4635,4
2025-12-24 16:46:21,4636,4
2025-12-24 16:46:21,4637,4
2025-12-24 16:46:21,4638,4
2025-12-24 16:46:21,4639,4
2025-12-24 16:46:21,4641,4
2025-12-24 16:46:21,4642,4
2025-12-24 16:46:21,4643,4
2025-12-24 16:46:21,4644,4
2025-12-24 16:46:21,4645,4
2025-12-24 16:46:21,4646,1
2025-12-24 16:46:21,4649,4
2025-12-24 16:46:21,4651,4
2025-12-24 16:46:21,4655,4
2025-12-24 16:46:21,4659,4
2025-12-24 16:46:21,4660,4
2025-12-24 16:46:21,4663,1
2025-12-24 16:46:21,4664,4
2025-12-24 16:46:21,4667,1
2025-12-24 16:46:21,4668,4
2025-12-24 16:46:21,4671,4
2025-12-24 16:46:21,4673,1
2025-12-24 16:46:21,4678,4
2025-12-24 16:46:21,4679,4
2025-12-24 16:46:21,4681,4
2025-12-24 16:46:21,4682,1
2025-12-24 16:46:21,4683,4
2025-12-24 16:46:21,4686,4
2025-12-24 16:46:21,4687,4
2025-12-24 16:46:21,4689,4
2025-12-24 16:46:21,4690,1
2025-12-24 16:46:21,4691,4
2025-12-24 16:46:21,4693,4
2025-12-24 16:46:21,4694,4
2025-12-24 16:46:21,4696,4
2025-12-24 16:46:21,4700,4
2025-12-24 16:46:21,4701,1
2025-12-24 16:46:21,4702,4
2025-12-24 16:46:21,4703,4
2025-12-24 16:46:21,4704,4
2025-12-24 16:46:21,4705,4
2025-12-24 16:46:21,4706,1
2025-12-24 16:46:21,4708,4
2025-12-24 16:46:21,4710,4
2025-12-24 16:46:21,4711,4
2025-12-24 16:46:21,4714,4
2025-12-24 16:46:21,4715,4
2025-12-24 16:46:21,4716,4
2025-12-24 16:46:21,4717,4
2025-12-24 16:46:21,4719,4
2025-12-24 16:46:21,4721,4
2025-12-24 16:46:21,4722,1
2025-12-24 16:46:21,4723,4
2025-12-24 16:46:21,4724,4
2025-12-24 16:46:21,4725,1
2025-12-24 16:46:21,4726,4
2025-12-24 16:46:21,4727,4
2025-12-24 16:46:21,4728,4
2025-12-24 16:46:21,4730,4
2025-12-24 16:46:21,4733,4
2025-12-24 16:46:21,4735,1
2025-12-24 16:46:21,4736,4
2025-12-24 16:46:21,4737,1
2025-12-24 16:46:21,4738,1
2025-12-24 16:46:21,4739,4
2025-12-24 16:46:21,4741,4
2025-12-24 16:46:21,4742,4
2025-12-24 16:46:21,4744,4
2025-12-24 16:46:21,4745,4
2025-12-24 16:46:21,4746,4
2025-12-24 16:46:21,4749,4
2025-12-24 16:46:21,4750,4
2025-12-24 16:46:21,4752,4
2025-12-24 16:46:21,4753,4
2025-12-24 16:46:21,4754,4
2025-12-24 16:46:21,4757,4
2025-12-24 16:46:21,4758,4
2025-12-24 16:46:21,4760,4
2025-12-24 16:46:21,4762,4
2025-12-24 16:46:21,4763,4
2025-12-24 16:46:21,4765,4
2025-12-24 16:46:21,4767,4
2025-12-24 16:46:21,4768,4
2025-12-24 16:46:21,4773,4
2025-12-24 16:46:21,4774,4
2025-12-24 16:46:21,4775,1
2025-12-24 16:46:21,4776,4
2025-12-24 16:46:21,4777,1
2025-12-24 16:46:21,4779,4
2025-12-24 16:46:21,4780,4
2025-12-24 16:46:21,4781,4
2025-12-24 16:46:21,4783,4
2025-12-24 16:46:21,4784,4
2025-12-24 16:46:21,4785,4
2025-12-24 16:46:21,4786,4
2025-12-24 16:46:21,4787,1
2025-12-24 16:46:21,4788,4
2025-12-24 16:46:21,4790,4
2025-12-24 16:46:21,4791,4
2025-12-24 16:46:21,4792,1
2025-12-24 16:46:21,4796,4
2025-12-24 16:46:21,4798,4
2025-12-24 16:46:21,4799,4
2025-12-24 16:46:21,4800,4
2025-12-24 16:46:21,4801,1
2025-12-24 16:46:21,4802,4
2025-12-24 16:46:21,4805,4
2025-12-24 16:46:21,4806,4
2025-12-24 16:46:21,4807,4
2025-12-24 16:46:21,4808,4
2025-12-24 16:46:21,4810,4
2025-12-24 16:46:21,4813,1
2025-12-24 16:46:21,4815,4
2025-12-24 16:46:21,4816,4
2025-12-24 16:46:21,4818,4
2025-12-24 16:46:21,4819,4
2025-12-24 16:46:21,4820,4
2025-12-24 16:46:21,4821,4
2025-12-24 16:46:21,4822,4
2025-12-24 16:46:21,4823,4
2025-12-24 16:46:21,4824,4
2025-12-24 16:46:21,4826,1
2025-12-24 16:46:21,4827,1
2025-12-24 16:46:21,4828,4
2025-12-24 16:46:21,4833,4
2025-12-24 16:46:21,4836,4
2025-12-24 16:46:21,4838,4
2025-12-24 16:46:21,4839,4
2025-12-24 16:46:21,4840,4
2025-12-24 16:46:21,4842,4
2025-12-24 16:46:21,4843,4
2025-12-24 16:46:21,4844,4
2025-12-24 16:46:21,4845,4
2025-12-24 16:46:21,4848,4
2025-12-24 16:46:21,4849,4
2025-12-24 16:46:21,4850,4
2025-12-24 16:46:21,4853,1
2025-12-24 16:46:21,4854,1
2025-12-24 16:46:21,4857,4
2025-12-24 16:46:21,4858,4
2025-12-24 16:46:21,4861,4
2025-12-24 16:46:21,4862,4
2025-12-24 16:46:21,4865,4
2025-12-24 16:46:21,4866,4
2025-12-24 16:46:21,4867,4
2025-12-24 16:46:21,4868,4
2025-12-24 16:46:21,4869,4
2025-12-24 16:46:21,4870,1
2025-12-24 16:46:21,4873,4
2025-12-24 16:46:21,4875,4
2025-12-24 16:46:21,4876,1
2025-12-24 16:46:21,4878,4
2025-12-24 16:46:21,4882,4
2025-12-24 16:46:21,4883,4
2025-12-24 16:46:21,4885,4
2025-12-24 16:46:21,4886,4
2025-12-24 16:46:21,4887,4
2025-12-24 16:46:21,4889,4
2025-12-24 16:46:21,4890,4
2025-12-24 16:46:21,4892,4
2025-12-24 16:46:21,4893,1
2025-12-24 16:46:21,4894,4
2025-12-24 16:46:21,4895,4
2025-12-24 16:46:21,4896,4
2025-12-24 16:46:21,4897,4
2025-12-24 16:46:21,4898,4
2025-12-24 16:46:21,4900,4
2025-12-24 16:46:21,4902,4
2025-12-24 16:46:21,4904,4
2025-12-24 16:46:21,4905,4
2025-12-24 16:46:21,4906,4
2025-12-24 16:46:21,4907,4
2025-12-24 16:46:21,4909,1
2025-12-24 16:46:21,4910,4
2025-12-24 16:46:21,4911,4
2025-12-24 16:46:21,4912,1
2025-12-24 16:46:21,4913,4
2025-12-24 16:46:21,4914,4
2025-12-24 16:46:21,4916,4
2025-12-24 16:46:21,4917,4
2025-12-24 16:46:21,4919,4
2025-12-24 16:46:21,4920,4
2025-12-24 16:46:21,4921,4
2025-12-24 16:46:21,4922,4
2025-12-24 16:46:21,4924,4
2025-12-24 16:46:21,4925,4
2025-12-24 16:46:21,4926,4
2025-12-24 16:46:21,4927,4
2025-12-24 16:46:21,4929,4
2025-12-24 16:46:21,4934,4
2025-12-24 16:46:21,4937,4
2025-12-24 16:46:21,4939,4
2025-12-24 16:46:21,4940,4
2025-12-24 16:46:21,4942,4
2025-12-24 16:46:21,4943,2
2025-12-24 16:46:21,4944,4
2025-12-24 16:46:21,4948,4
2025-12-24 16:46:21,4949,4
2025-12-24 16:46:21,4950,4
2025-12-24 16:46:21,4951,4
2025-12-24 16:46:21,4953,4
2025-12-24 16:46:21,4954,4
2025-12-24 16:46:21,4955,4
2025-12-24 16:46:21,4956,4
2025-12-24 16:46:21,4959,4
2025-12-24 16:46:21,4960,1
2025-12-24 16:46:21,4961,4
2025-12-24 16:46:21,4962,1
2025-12-24 16:46:21,4963,4
2025-12-24 16:46:21,4964,1
2025-12-24 16:46:21,4965,4
2025-12-24 16:46:21,4966,4
2025-12-24 16:46:21,4968,4
2025-12-24 16:46:21,4971,1
2025-12-24 16:46:21,4972,4
2025-12-24 16:46:21,4973,4
2025-12-24 16:46:21,4975,4
2025-12-24 16:46:21,4977,4
2025-12-24 16:46:21,4981,4
2025-12-24 16:46:21,4983,4
2025-12-24 16:46:21,4984,4
2025-12-24 16:46:21,4985,4
2025-12-24 16:46:21,4988,4
2025-12-24 16:46:21,4989,4
2025-12-24 16:46:21,4990,4
2025-12-24 16:46:21,4991,4
2025-12-24 16:46:21,4992,4
2025-12-24 16:46:21,4994,4
2025-12-24 16:46:21,4996,1
2025-12-24 16:46:21,4998,4
2025-12-24 16:46:21,5000,4
2025-12-24 16:46:21,5003,4
2025-12-24 16:46:21,5004,4
2025-12-24 16:46:21,5008,4
2025-12-24 16:46:21,5010,4
2025-12-24 16:46:21,5011,1
2025-12-24 16:46:21,5012,4
2025-12-24 16:46:21,5013,4
2025-12-24 16:46:21,5014,4
2025-12-24 16:46:21,5015,1
2025-12-24 16:46:21,5016,4
2025-12-24 16:46:21,5017,4
2025-12-24 16:46:21,5018,4
2025-12-24 16:46:21,5021,4
2025-12-24 16:46:21,5022,4
2025-12-24 16:46:21,5023,4
2025-12-24 16:46:21,5024,4
2025-12-24 16:46:21,5025,4
2025-12-24 16:46:21,5028,1
2025-12-24 16:46:21,5029,4
2025-12-24 16:46:21,5030,4
2025-12-24 16:46:21,5032,4
2025-12-24 16:46:21,5034,4
2025-12-24 16:46:21,5040,4
2025-12-24 16:46:21,5041,4
2025-12-24 16:46:21,5042,4
2025-12-24 16:46:21,5043,4
2025-12-24 16:46:21,5045,4
2025-12-24 16:46:21,5046,1
2025-12-24 16:46:21,5047,4
2025-12-24 16:46:21,5048,4
2025-12-24 16:46:21,5052,4
2025-12-24 16:46:21,5054,4
2025-12-24 16:46:21,5056,4
2025-12-24 16:46:21,5061,4
2025-12-24 16:46:21,5062,4
2025-12-24 16:46:21,5063,4
2025-12-24 16:46:21,5065,4
2025-12-24 16:46:21,5066,1
2025-12-24 16:46:21,5067,4
2025-12-24 16:46:21,5069,4
2025-12-24 16:46:21,5072,4
2025-12-24 16:46:21,5073,4
2025-12-24 16:46:21,5074,4
2025-12-24 16:46:21,5076,2
2025-12-24 16:46:21,5077,4
2025-12-24 16:46:21,5079,4
2025-12-24 16:46:21,5080,4
2025-12-24 16:46:21,5081,4
2025-12-24 16:46:21,5083,4
2025-12-24 16:46:21,5085,4
2025-12-24 16:46:21,5086,4
2025-12-24 16:46:21,5087,4
2025-12-24 16:46:21,5088,1
2025-12-24 16:46:21,5090,1
2025-12-24 16:46:21,5094,1
2025-12-24 16:46:21,5098,1
2025-12-24 16:46:21,5099,4
2025-12-24 16:46:21,5101,1
2025-12-24 16:46:21,5104,4
2025-12-24 16:46:21,5105,4
2025-12-24 16:46:21,5106,1
2025-12-24 16:46:21,5107,4
2025-12-24 16:46:21,5108,4
2025-12-24 16:46:21,5111,4
2025-12-24 16:46:21,5112,4
2025-12-24 16:46:21,5119,4
2025-12-24 16:46:21,5120,4
2025-12-24 16:46:21,5122,4
2025-12-24 16:46:21,5124,4
2025-12-24 16:46:21,5125,4
2025-12-24 16:46:21,5126,4
2025-12-24 16:46:21,5127,4
2025-12-24 16:46:21,5128,4
2025-12-24 16:46:21,5130,4
2025-12-24 16:46:21,5131,4
2025-12-24 16:46:21,5133,4
2025-12-24 16:46:21,5134,4
2025-12-24 16:46:21,5135,1
2025-12-24 16:46:21,5138,4
2025-12-24 16:46:21,5139,1
2025-12-24 16:46:21,5140,4
2025-12-24 16:46:21,5141,4
2025-12-24 16:46:21,5143,4
2025-12-24 16:46:21,5145,4
2025-12-24 16:46:21,5147,1
2025-12-24 16:46:21,5148,4
2025-12-24 16:46:21,5150,4
2025-12-24 16:46:21,5151,4
2025-12-24 16:46:21,5152,4
2025-12-24 16:46:21,5153,4
2025-12-24 16:46:21,5154,4
2025-12-24 16:46:21,5155,4
2025-12-24 16:46:21,5157,1
2025-12-24 16:46:21,5158,4
2025-12-24 16:46:21,5159,4
2025-12-24 16:46:21,5160,1
2025-12-24 16:46:21,5162,4
2025-12-24 16:46:21,5164,4
2025-12-24 16:46:21,5165,1
2025-12-24 16:46:21,5166,4
2025-12-24 16:46:21,5169,4
2025-12-24 16:46:21,5170,4
2025-12-24 16:46:21,5173,4
2025-12-24 16:46:21,5174,4
2025-12-24 16:46:21,5175,4
2025-12-24 16:46:21,5177,1
2025-12-24 16:46:21,5178,4
2025-12-24 16:46:21,5180,1
2025-12-24 16:46:21,5181,4
2025-12-24 16:46:21,5183,4
2025-12-24 16:46:21,5185,4
2025-12-24 16:46:21,5187,1
2025-12-24 16:46:21,5188,4
2025-12-24 16:46:21,5191,4
2025-12-24 16:46:21,5193,2
2025-12-24 16:46:21,5195,4
2025-12-24 16:46:21,5196,4
2025-12-24 16:46:21,5197,1
2025-12-24 16:46:21,5199,4
2025-12-24 16:46:21,5201,4
2025-12-24 16:46:21,5202,4
2025-12-24 16:46:21,5205,4
2025-12-24 16:46:21,5206,4
2025-12-24 16:46:21,5209,4
2025-12-24 16:46:21,5212,4
2025-12-24 16:46:21,5213,4
2025-12-24 16:46:21,5214,1
2025-12-24 16:46:21,5217,4
2025-12-24 16:46:21,5219,4
2025-12-24 16:46:21,5220,4
2025-12-24 16:46:21,5221,4
2025-12-24 16:46:21,5224,4
2025-12-24 16:46:21,5225,4
2025-12-24 16:46:21,5226,4
2025-12-24 16:46:21,5227,4
2025-12-24 16:46:21,5229,4
2025-12-24 16:46:21,5232,4
2025-12-24 16:46:21,5233,4
2025-12-24 16:46:21,5234,4
2025-12-24 16:46:21,5236,4
2025-12-24 16:46:21,5237,4
2025-12-24 16:46:21,5238,1
2025-12-24 16:46:21,5239,4
2025-12-24 16:46:21,5240,4
2025-12-24 16:46:21,5241,4
2025-12-24 16:46:21,5243,4
2025-12-24 16:46:21,5244,4
2025-12-24 16:46:21,5246,4
2025-12-24 16:46:21,5248,4
2025-12-24 16:46:21,5250,4
2025-12-24 16:46:21,5251,4
2025-12-24 16:46:21,5254,4
2025-12-24 16:46:21,5255,4
2025-12-24 16:46:21,5258,4
2025-12-24 16:46:21,5259,2
2025-12-24 16:46:21,5261,4
2025-12-24 16:46:21,5264,4
2025-12-24 16:46:21,5265,4
2025-12-24 16:46:21,5266,4
2025-12-24 16:46:21,5269,4
2025-12-24 16:46:21,5270,4
2025-12-24 16:46:21,5272,4
2025-12-24 16:46:21,5273,4
2025-12-24 16:46:21,5274,1
2025-12-24 16:46:21,5279,4
2025-12-24 16:46:21,5280,4
2025-12-24 16:46:21,5282,4
2025-12-24 16:46:21,5283,4
2025-12-24 16:46:21,5284,1
2025-12-24 16:46:21,5285,4
2025-12-24 16:46:21,5286,1
2025-12-24 16:46:21,5288,4
2025-12-24 16:46:21,5289,4
2025-12-24 16:46:21,5290,4
2025-12-24 16:46:21,5291,4
2025-12-24 16:46:21,5292,4
2025-12-24 16:46:21,5294,4
2025-12-24 16:46:21,5298,4
2025-12-24 16:46:21,5299,4
2025-12-24 16:46:21,5300,1
2025-12-24 16:46:21,5301,4
2025-12-24 16:46:21,5303,4
2025-12-24 16:46:21,5304,4
2025-12-24 16:46:21,5305,4
2025-12-24 16:46:21,5306,4
2025-12-24 16:46:21,5307,4
2025-12-24 16:46:21,5309,4
2025-12-24 16:46:21,5311,4
2025-12-24 16:46:21,5312,4
2025-12-24 16:46:21,5313,1
2025-12-24 16:46:21,5314,4
2025-12-24 16:46:21,5317,4
2025-12-24 16:46:21,5318,4
2025-12-24 16:46:21,5319,1
2025-12-24 16:46:21,5320,1
2025-12-24 16:46:21,5322,4
2025-12-24 16:46:21,5323,4
2025-12-24 16:46:21,5324,4
2025-12-24 16:46:21,5325,4
2025-12-24 16:46:21,5326,4
2025-12-24 16:46:21,5328,4
2025-12-24 16:46:21,5329,4
2025-12-24 16:46:21,5330,4
2025-12-24 16:46:21,5332,4
2025-12-24 16:46:21,5335,4
2025-12-24 16:46:21,5336,4
2025-12-24 16:46:21,5337,4
2025-12-24 16:46:21,5338,4
2025-12-24 16:46:21,5339,4
2025-12-24 16:46:21,5340,4
2025-12-24 16:46:21,5343,4
2025-12-24 16:46:21,5344,4
2025-12-24 16:46:21,5346,4
2025-12-24 16:46:21,5347,4
2025-12-24 16:46:21,5348,2
2025-12-24 16:46:21,5350,4
2025-12-24 16:46:21,5351,4
2025-12-24 16:46:21,5352,4
2025-12-24 16:46:21,5353,1
2025-12-24 16:46:21,5354,4
2025-12-24 16:46:21,5355,4
2025-12-24 16:46:21,5359,4
2025-12-24 16:46:21,5360,4
2025-12-24 16:46:21,5361,4
2025-12-24 16:46:21,5363,4
2025-12-24 16:46:21,5364,4
2025-12-24 16:46:21,5365,1
2025-12-24 16:46:21,5367,4
2025-12-24 16:46:21,5368,4
2025-12-24 16:46:21,5369,1
2025-12-24 16:46:21,5370,4
2025-12-24 16:46:21,5372,4
2025-12-24 16:46:21,5374,4
2025-12-24 16:46:21,5375,1
2025-12-24 16:46:21,5376,4
2025-12-24 16:46:21,5377,4
2025-12-24 16:46:21,5378,4
2025-12-24 16:46:21,5379,1
2025-12-24 16:46:21,5381,4
2025-12-24 16:46:21,5384,4
2025-12-24 16:46:21,5385,1
2025-12-24 16:46:21,5386,4
2025-12-24 16:46:21,5387,1
2025-12-24 16:46:21,5388,4
2025-12-24 16:46:21,5389,4
2025-12-24 16:46:21,5390,4
2025-12-24 16:46:21,5391,4
2025-12-24 16:46:21,5392,4
2025-12-24 16:46:21,5393,4
2025-12-24 16:46:21,5394,4
2025-12-24 16:46:21,5396,1
2025-12-24 16:46:21,5397,2
2025-12-24 16:46:21,5398,4
2025-12-24 16:46:21,5399,4
2025-12-24 16:46:21,5400,1
2025-12-24 16:46:21,5403,4
2025-12-24 16:46:21,5404,4
2025-12-24 16:46:21,5405,1
2025-12-24 16:46:21,5407,4
2025-12-24 16:46:21,5408,4
2025-12-24 16:46:21,5409,4
2025-12-24 16:46:21,5410,4
2025-12-24 16:46:21,5411,4
2025-12-24 16:46:21,5412,4
2025-12-24 16:46:21,5413,4
2025-12-24 16:46:21,5414,4
2025-12-24 16:46:21,5415,4
2025-12-24 16:46:21,5416,4
2025-12-24 16:46:21,5418,1
2025-12-24 16:46:21,5419,4
2025-12-24 16:46:21,5421,1
2025-12-24 16:46:21,5422,4
2025-12-24 16:46:21,5423,4
2025-12-24 16:46:21,5425,4
2025-12-24 16:46:21,5426,4
2025-12-24 16:46:21,5429,4
2025-12-24 16:46:21,5430,4
2025-12-24 16:46:21,5431,4
2025-12-24 16:46:21,5432,4
2025-12-24 16:46:21,5435,4
2025-12-24 16:46:21,5436,4
2025-12-24 16:46:21,5438,4
2025-12-24 16:46:21,5439,4
2025-12-24 16:46:21,5441,4
2025-12-24 16:46:21,5442,4
2025-12-24 16:46:21,5444,4
2025-12-24 16:46:21,5445,4
2025-12-24 16:46:21,5446,4
2025-12-24 16:46:21,5447,4
2025-12-24 16:46:21,5448,4
2025-12-24 16:46:21,5449,4
2025-12-24 16:46:21,5451,4
2025-12-24 16:46:21,5453,4
2025-12-24 16:46:21,5454,4
2025-12-24 16:46:21,5455,4
2025-12-24 16:46:21,5457,4
2025-12-24 16:46:21,5458,4
2025-12-24 16:46:21,5460,4
2025-12-24 16:46:21,5461,4
2025-12-24 16:46:21,5462,4
2025-12-24 16:46:21,5463,4
2025-12-24 16:46:21,5466,4
2025-12-24 16:46:21,5467,4
2025-12-24 16:46:21,5468,1
2025-12-24 16:46:21,5470,1
2025-12-24 16:46:21,5471,4
2025-12-24 16:46:21,5472,4
2025-12-24 16:46:21,5473,4
2025-12-24 16:46:21,5475,4
2025-12-24 16:46:21,5479,1
2025-12-24 16:46:21,5481,4
2025-12-24 16:46:21,5482,1
2025-12-24 16:46:21,5483,4
2025-12-24 16:46:21,5484,2
2025-12-24 16:46:21,5486,4
2025-12-24 16:46:21,5488,4
2025-12-24 16:46:21,5490,4
2025-12-24 16:46:21,5493,4
2025-12-24 16:46:21,5494,4
2025-12-24 16:46:21,5495,1
2025-12-24 16:46:21,5496,4
2025-12-24 16:46:21,5497,4
2025-12-24 16:46:21,5498,4
2025-12-24 16:46:21,5499,4
2025-12-24 16:46:21,5500,4
2025-12-24 16:46:21,5501,4
2025-12-24 16:46:21,5502,4
2025-12-24 16:46:21,5503,4
2025-12-24 16:46:21,5504,4
2025-12-24 16:46:21,5505,4
2025-12-24 16:46:21,5506,4
2025-12-24 16:46:21,5508,4
2025-12-24 16:46:21,5512,4
2025-12-24 16:46:21,5513,4
2025-12-24 16:46:21,5514,4
2025-12-24 16:46:21,5515,4
2025-12-24 16:46:21,5519,4
2025-12-24 16:46:21,5520,4
2025-12-24 16:46:21,5522,4
2025-12-24 16:46:21,5523,4
2025-12-24 16:46:21,5524,4
2025-12-24 16:46:21,5525,1
2025-12-24 16:46:21,5526,4
2025-12-24 16:46:21,5527,4
2025-12-24 16:46:21,5529,4
2025-12-24 16:46:21,5531,4
2025-12-24 16:46:21,5533,4
2025-12-24 16:46:21,5534,4
2025-12-24 16:46:21,5535,4
2025-12-24 16:46:21,5536,4
2025-12-24 16:46:21,5537,4
2025-12-24 16:46:21,5539,4
2025-12-24 16:46:21,5540,1
2025-12-24 16:46:21,5542,4
2025-12-24 16:46:21,5543,4
2025-12-24 16:46:21,5547,4
2025-12-24 16:46:21,5549,4
2025-12-24 16:46:21,5551,4
2025-12-24 16:46:21,5552,4
2025-12-24 16:46:21,5554,4
2025-12-24 16:46:21,5556,4
2025-12-24 16:46:21,5557,4
2025-12-24 16:46:21,5558,4
2025-12-24 16:46:21,5560,1
2025-12-24 16:46:21,5562,4
2025-12-24 16:46:21,5563,4
2025-12-24 16:46:21,5564,4
2025-12-24 16:46:21,5565,4
2025-12-24 16:46:21,5567,4
2025-12-24 16:46:21,5568,4
2025-12-24 16:46:21,5569,1
2025-12-24 16:46:21,5570,4
2025-12-24 16:46:21,5571,4
2025-12-24 16:46:21,5573,4
2025-12-24 16:46:21,5576,4
2025-12-24 16:46:21,5577,4
2025-12-24 16:46:21,5578,4
2025-12-24 16:46:21,5580,4
2025-12-24 16:46:21,5582,1
2025-12-24 16:46:21,5583,4
2025-12-24 16:46:21,5584,4
2025-12-24 16:46:21,5585,4
2025-12-24 16:46:21,5587,4
2025-12-24 16:46:21,5588,4
2025-12-24 16:46:21,5591,4
2025-12-24 16:46:21,5592,4
2025-12-24 16:46:21,5593,1
2025-12-24 16:46:21,5594,4
2025-12-24 16:46:21,5595,4
2025-12-24 16:46:21,5597,1
2025-12-24 16:46:21,5598,4
2025-12-24 16:46:21,5599,4
2025-12-24 16:46:21,5600,4
2025-12-24 16:46:21,5601,4
2025-12-24 16:46:21,5602,4
2025-12-24 16:46:21,5603,4
2025-12-24 16:46:21,5604,4
2025-12-24 16:46:21,5608,4
2025-12-24 16:46:21,5610,1
2025-12-24 16:46:21,5612,4
2025-12-24 16:46:21,5613,4
2025-12-24 16:46:21,5614,1
2025-12-24 16:46:21,5615,4
2025-12-24 16:46:21,5616,4
2025-12-24 16:46:21,5618,4
2025-12-24 16:46:21,5620,4
2025-12-24 16:46:21,5623,4
2025-12-24 16:46:21,5624,4
2025-12-24 16:46:21,5625,4
2025-12-24 16:46:21,5627,4
2025-12-24 16:46:21,5628,4
2025-12-24 16:46:21,5629,4
2025-12-24 16:46:21,5630,4
2025-12-24 16:46:21,5631,4
2025-12-24 16:46:21,5632,4
2025-12-24 16:46:21,5633,4
2025-12-24 16:46:21,5634,4
2025-12-24 16:46:21,5636,4
2025-12-24 16:46:21,5637,4
2025-12-24 16:46:21,5638,4
2025-12-24 16:46:21,5639,4
2025-12-24 16:46:21,5640,4
2025-12-24 16:46:21,5642,4
2025-12-24 16:46:21,5643,4
2025-12-24 16:46:21,5645,4
2025-12-24 16:46:21,5646,4
2025-12-24 16:46:21,5647,4
2025-12-24 16:46:21,5648,4
2025-12-24 16:46:21,5650,4
2025-12-24 16:46:21,5651,1
2025-12-24 16:46:21,5652,4
2025-12-24 16:46:21,5653,4
2025-12-24 16:46:21,5654,4
2025-12-24 16:46:21,5655,4
2025-12-24 16:46:21,5656,1
2025-12-24 16:46:21,5658,4
2025-12-24 16:46:21,5659,4
2025-12-24 16:46:21,5660,4
2025-12-24 16:46:21,5661,4
2025-12-24 16:46:21,5663,4
2025-12-24 16:46:21,5665,4
2025-12-24 16:46:21,5667,4
2025-12-24 16:46:21,5668,4
2025-12-24 16:46:21,5669,4
2025-12-24 16:46:21,5673,4
2025-12-24 16:46:21,5675,4
2025-12-24 16:46:21,5676,4
2025-12-24 16:46:21,5677,4
2025-12-24 16:46:21,5679,4
2025-12-24 16:46:21,5681,4
2025-12-24 16:46:21,5686,4
2025-12-24 16:46:21,5687,4
2025-12-24 16:46:21,5689,4
2025-12-24 16:46:21,5690,4
2025-12-24 16:46:21,5692,4
2025-12-24 16:46:21,5693,4
2025-12-24 16:46:21,5695,4
2025-12-24 16:46:21,5697,4
2025-12-24 16:46:21,5698,1
2025-12-24 16:46:21,5699,4
2025-12-24 16:46:21,5702,4
2025-12-24 16:46:21,5703,4
2025-12-24 16:46:21,5705,4
2025-12-24 16:46:21,5706,4
2025-12-24 16:46:21,5711,4
2025-12-24 16:46:21,5713,4
2025-12-24 16:46:21,5714,4
2025-12-24 16:46:21,5716,4
2025-12-24 16:46:21,5718,4
2025-12-24 16:46:21,5719,1
2025-12-24 16:46:21,5720,4
2025-12-24 16:46:21,5721,4
2025-12-24 16:46:21,5722,1
2025-12-24 16:46:21,5723,4
2025-12-24 16:46:21,5724,2
2025-12-24 16:46:21,5725,4
2025-12-24 16:46:21,5728,4
2025-12-24 16:46:21,5729,4
2025-12-24 16:46:21,5731,1
2025-12-24 16:46:21,5732,1
2025-12-24 16:46:21,5734,4
2025-12-24 16:46:21,5735,4
2025-12-24 16:46:21,5736,4
2025-12-24 16:46:21,5739,4
2025-12-24 16:46:21,5740,4
2025-12-24 16:46:21,5742,4
2025-12-24 16:46:21,5744,4
2025-12-24 16:46:21,5745,4
2025-12-24 16:46:21,5748,2
2025-12-24 16:46:21,5749,4
2025-12-24 16:46:21,5750,4
2025-12-24 16:46:21,5751,4
2025-12-24 16:46:21,5754,4
2025-12-24 16:46:21,5755,4
2025-12-24 16:46:21,5758,4
2025-12-24 16:46:21,5759,4
2025-12-24 16:46:21,5760,4
2025-12-24 16:46:21,5766,4
2025-12-24 16:46:21,5767,4
2025-12-24 16:46:21,5768,4
2025-12-24 16:46:21,5771,4
2025-12-24 16:46:21,5774,4
2025-12-24 16:46:21,5776,4
2025-12-24 16:46:21,5777,4
2025-12-24 16:46:21,5779,1
2025-12-24 16:46:21,5780,4
2025-12-24 16:46:21,5782,4
2025-12-24 16:46:21,5783,4
2025-12-24 16:46:21,5784,4
2025-12-24 16:46:21,5786,4
2025-12-24 16:46:21,5789,4
2025-12-24 16:46:21,5791,4
2025-12-24 16:46:21,5792,4
2025-12-24 16:46:21,5794,4
2025-12-24 16:46:21,5795,4
2025-12-24 16:46:21,5796,1
2025-12-24 16:46:21,5798,4
2025-12-24 16:46:21,5799,4
2025-12-24 16:46:21,5801,4
2025-12-24 16:46:21,5802,4
2025-12-24 16:46:21,5803,4
2025-12-24 16:46:21,5804,4
2025-12-24 16:46:21,5805,1
2025-12-24 16:46:21,5810,4
2025-12-24 16:46:21,5812,4
2025-12-24 16:46:21,5813,4
2025-12-24 16:46:21,5814,1
2025-12-24 16:46:21,5817,4
2025-12-24 16:46:21,5818,4
2025-12-24 16:46:21,5819,4
2025-12-24 16:46:21,5821,4
2025-12-24 16:46:21,5823,4
2025-12-24 16:46:21,5825,2
2025-12-24 16:46:21,5826,4
2025-12-24 16:46:21,5827,4
2025-12-24 16:46:21,5828,4
2025-12-24 16:46:21,5831,1
2025-12-24 16:46:21,5833,4
2025-12-24 16:46:21,5834,4
2025-12-24 16:46:21,5836,4
2025-12-24 16:46:21,5837,4
2025-12-24 16:46:21,5838,4
2025-12-24 16:46:21,5839,4
2025-12-24 16:46:21,5840,4
2025-12-24 16:46:21,5841,4
2025-12-24 16:46:21,5842,4
2025-12-24 16:46:21,5843,4
2025-12-24 16:46:21,5844,4
2025-12-24 16:46:21,5846,4
2025-12-24 16:46:21,5849,4
2025-12-24 16:46:21,5852,4
2025-12-24 16:46:21,5853,4
2025-12-24 16:46:21,5855,4
2025-12-24 16:46:21,5858,4
2025-12-24 16:46:21,5859,4
2025-12-24 16:46:21,5860,4
2025-12-24 16:46:21,5862,4
2025-12-24 16:46:21,5863,4
2025-12-24 16:46:21,5864,4
2025-12-24 16:46:21,5865,1
2025-12-24 16:46:21,5866,4
2025-12-24 16:46:21,5867,4
2025-12-24 16:46:21,5868,4
2025-12-24 16:46:21,5869,4
2025-12-24 16:46:21,5872,4
2025-12-24 16:46:21,5873,4
2025-12-24 16:46:21,5874,4
2025-12-24 16:46:21,5875,4
2025-12-24 16:46:21,5876,4
2025-12-24 16:46:21,5880,4
2025-12-24 16:46:21,5881,1
2025-12-24 16:46:21,5882,1
2025-12-24 16:46:21,5884,4
2025-12-24 16:46:21,5886,4
2025-12-24 16:46:21,5887,4
2025-12-24 16:46:21,5889,4
2025-12-24 16:46:21,5890,4
2025-12-24 16:46:21,5891,4
2025-12-24 16:46:21,5892,4
2025-12-24 16:46:21,5893,4
2025-12-24 16:46:21,5894,4
2025-12-24 16:46:21,5895,4
2025-12-24 16:46:21,5896,1
2025-12-24 16:46:21,5897,4
2025-12-24 16:46:21,5899,4
2025-12-24 16:46:21,5900,4
2025-12-24 16:46:21,5901,4
2025-12-24 16:46:21,5902,4
2025-12-24 16:46:21,5903,4
2025-12-24 16:46:21,5905,4
2025-12-24 16:46:21,5906,4
2025-12-24 16:46:21,5908,4
2025-12-24 16:46:21,5910,1
2025-12-24 16:46:21,5916,4
2025-12-24 16:46:21,5919,4
2025-12-24 16:46:21,5920,4
2025-12-24 16:46:21,5922,4
2025-12-24 16:46:21,5924,2
2025-12-24 16:46:21,5925,4
2025-12-24 16:46:21,5927,4
2025-12-24 16:46:21,5933,1
2025-12-24 16:46:21,5934,4
2025-12-24 16:46:21,5935,4
2025-12-24 16:46:21,5940,4
2025-12-24 16:46:21,5941,1
2025-12-24 16:46:21,5943,1
2025-12-24 16:46:21,5944,4
2025-12-24 16:46:21,5945,4
2025-12-24 16:46:21,5947,4
2025-12-24 16:46:21,5948,1
2025-12-24 16:46:21,5949,4
2025-12-24 16:46:21,5950,4
2025-12-24 16:46:21,5951,1
2025-12-24 16:46:21,5953,4
2025-12-24 16:46:21,5954,4
2025-12-24 16:46:21,5955,4
2025-12-24 16:46:21,5956,4
2025-12-24 16:46:21,5957,4
2025-12-24 16:46:21,5958,4
2025-12-24 16:46:21,5960,4
2025-12-24 16:46:21,5961,4
2025-12-24 16:46:21,5962,4
2025-12-24 16:46:21,5963,4
2025-12-24 16:46:21,5965,4
2025-12-24 16:46:21,5966,4
2025-12-24 16:46:21,5967,4
2025-12-24 16:46:21,5968,4
2025-12-24 16:46:21,5969,4
2025-12-24 16:46:21,5970,1
2025-12-24 16:46:21,5973,4
2025-12-24 16:46:21,5974,4
2025-12-24 16:46:21,5976,1
2025-12-24 16:46:21,5979,4
2025-12-24 16:46:21,5980,4
2025-12-24 16:46:21,5981,4
2025-12-24 16:46:21,5983,1
2025-12-24 16:46:21,5985,4
2025-12-24 16:46:21,5986,4
2025-12-24 16:46:21,5988,4
2025-12-24 16:46:21,5992,4
2025-12-24 16:46:21,5993,4
2025-12-24 16:46:21,5994,1
2025-12-24 16:46:21,5995,4
2025-12-24 16:46:21,5997,4
2025-12-24 16:46:21,5999,4
2025-12-24 16:46:21,6000,4
2025-12-24 16:46:21,6001,4
2025-12-24 16:46:21,6002,4
2025-12-24 16:46:21,6006,4
2025-12-24 16:46:21,6009,4
2025-12-24 16:46:21,6011,4
2025-12-24 16:46:21,6013,4
2025-12-24 16:46:21,6014,2
2025-12-24 16:46:21,6016,4
2025-12-24 16:46:21,6017,4
2025-12-24 16:46:21,6018,1
2025-12-24 16:46:21,6019,4
2025-12-24 16:46:21,6021,2
2025-12-24 16:46:21,6022,4
2025-12-24 16:46:21,6024,4
2025-12-24 16:46:21,6025,4
2025-12-24 16:46:21,6026,4
2025-12-24 16:46:21,6027,4
2025-12-24 16:46:21,6028,4
2025-12-24 16:46:21,6029,4
2025-12-24 16:46:21,6030,1
2025-12-24 16:46:21,6031,4
2025-12-24 16:46:21,6032,4
2025-12-24 16:46:21,6033,4
2025-12-24 16:46:21,6034,4
2025-12-24 16:46:21,6036,4
2025-12-24 16:46:21,6039,4
2025-12-24 16:46:21,6041,4
2025-12-24 16:46:21,6045,1
2025-12-24 16:46:21,6047,4
2025-12-24 16:46:21,6048,4
2025-12-24 16:46:21,6049,4
2025-12-24 16:46:21,6054,4
2025-12-24 16:46:21,6055,4
2025-12-24 16:46:21,6056,4
2025-12-24 16:46:21,6060,4
2025-12-24 16:46:21,6061,4
2025-12-24 16:46:21,6064,4
2025-12-24 16:46:21,6069,4
2025-12-24 16:46:21,6070,1
2025-12-24 16:46:21,6072,4
2025-12-24 16:46:21,6073,4
2025-12-24 16:46:21,6074,4
2025-12-24 16:46:21,6077,4
2025-12-24 16:46:21,6079,4
2025-12-24 16:46:21,6080,4
2025-12-24 16:46:21,6081,4
2025-12-24 16:46:21,6082,4
2025-12-24 16:46:21,6083,4
2025-12-24 16:46:21,6084,4
2025-12-24 16:46:21,6086,4
2025-12-24 16:46:21,6088,4
2025-12-24 16:46:21,6089,4
2025-12-24 16:46:21,6094,4
2025-12-24 16:46:21,6097,4
2025-12-24 16:46:21,6099,4
2025-12-24 16:46:21,6100,4
2025-12-24 16:46:21,6101,4
2025-12-24 16:46:21,6102,1
2025-12-24 16:46:21,6106,4
2025-12-24 16:46:21,6107,4
2025-12-24 16:46:21,6108,1
2025-12-24 16:46:21,6110,4
2025-12-24 16:46:21,6111,4
2025-12-24 16:46:21,6112,4
2025-12-24 16:46:21,6114,4
2025-12-24 16:46:21,6119,4
2025-12-24 16:46:21,6121,4
2025-12-24 16:46:21,6122,1
2025-12-24 16:46:21,6123,4
2025-12-24 16:46:21,6124,4
2025-12-24 16:46:21,6125,1
2025-12-24 16:46:21,6130,4
2025-12-24 16:46:21,6131,4
2025-12-24 16:46:21,6132,4
2025-12-24 16:46:21,6133,4
2025-12-24 16:46:21,6134,4
2025-12-24 16:46:21,6137,4
2025-12-24 16:46:21,6138,4
2025-12-24 16:46:21,6139,4
2025-12-24 16:46:21,6141,4
2025-12-24 16:46:21,6142,4
2025-12-24 16:46:21,6144,4
2025-12-24 16:46:21,6145,1
2025-12-24 16:46:21,6147,4
2025-12-24 16:46:21,6148,1
2025-12-24 16:46:21,6149,1
2025-12-24 16:46:21,6150,4
2025-12-24 16:46:21,6151,4
2025-12-24 16:46:21,6152,4
2025-12-24 16:46:21,6153,4
2025-12-24 16:46:21,6156,4
2025-12-24 16:46:21,6158,4
2025-12-24 16:46:21,6160,4
2025-12-24 16:46:21,6162,1
2025-12-24 16:46:21,6163,4
2025-12-24 16:46:21,6164,4
2025-12-24 16:46:21,6165,1
2025-12-24 16:46:21,6166,4
2025-12-24 16:46:21,6168,4
2025-12-24 16:46:21,6169,4
2025-12-24 16:46:21,6171,4
2025-12-24 16:46:21,6174,2
2025-12-24 16:46:21,6178,4
2025-12-24 16:46:21,6179,1
2025-12-24 16:46:21,6180,4
2025-12-24 16:46:21,6181,4
2025-12-24 16:46:21,6183,2
2025-12-24 16:46:21,6185,4
2025-12-24 16:46:21,6186,4
2025-12-24 16:46:21,6187,4
2025-12-24 16:46:21,6191,1
2025-12-24 16:46:21,6192,1
2025-12-24 16:46:21,6193,4
2025-12-24 16:46:21,6196,4
2025-12-24 16:46:21,6197,4
2025-12-24 16:46:21,6199,4
2025-12-24 16:46:21,6202,4
2025-12-24 16:46:21,6203,4
2025-12-24 16:46:21,6204,4
2025-12-24 16:46:21,6205,4
2025-12-24 16:46:21,6207,4
2025-12-24 16:46:21,6208,1
2025-12-24 16:46:21,6209,4
2025-12-24 16:46:21,6211,2
2025-12-24 16:46:21,6212,4
2025-12-24 16:46:21,6214,4
2025-12-24 16:46:21,6215,4
2025-12-24 16:46:21,6216,4
2025-12-24 16:46:21,6217,4
2025-12-24 16:46:21,6221,4
2025-12-24 16:46:21,6222,4
2025-12-24 16:46:21,6223,4
2025-12-24 16:46:21,6226,4
2025-12-24 16:46:21,6227,1
2025-12-24 16:46:21,6233,4
2025-12-24 16:46:21,6234,4
2025-12-24 16:46:21,6235,4
2025-12-24 16:46:21,6237,1
2025-12-24 16:46:21,6238,4
2025-12-24 16:46:21,6240,4
2025-12-24 16:46:21,6242,4
2025-12-24 16:46:21,6243,4
2025-12-24 16:46:21,6246,1
2025-12-24 16:46:21,6248,4
2025-12-24 16:46:21,6250,4
2025-12-24 16:46:21,6251,4
2025-12-24 16:46:21,6252,4
2025-12-24 16:46:21,6253,4
2025-12-24 16:46:21,6254,4
2025-12-24 16:46:21,6255,4
2025-12-24 16:46:21,6257,1
2025-12-24 16:46:21,6260,4
2025-12-24 16:46:21,6261,4
2025-12-24 16:46:21,6263,4
2025-12-24 16:46:21,6267,2
2025-12-24 16:46:21,6269,4
2025-12-24 16:46:21,6270,4
2025-12-24 16:46:21,6271,4
2025-12-24 16:46:21,6272,4
2025-12-24 16:46:21,6275,4
2025-12-24 16:46:21,6276,4
2025-12-24 16:46:21,6277,1
2025-12-24 16:46:21,6278,4
2025-12-24 16:46:21,6279,4
2025-12-24 16:46:21,6282,4
2025-12-24 16:46:21,6283,4
2025-12-24 16:46:21,6284,1
2025-12-24 16:46:21,6287,4
2025-12-24 16:46:21,6290,4
2025-12-24 16:46:21,6292,4
2025-12-24 16:46:21,6293,1
2025-12-24 16:46:21,6295,4
2025-12-24 16:46:21,6296,4
2025-12-24 16:46:21,6298,1
2025-12-24 16:46:21,6299,4
2025-12-24 16:46:21,6300,4
2025-12-24 16:46:21,6301,4
2025-12-24 16:46:21,6304,4
2025-12-24 16:46:21,6305,4
2025-12-24 16:46:21,6306,4
2025-12-24 16:46:21,6307,4
2025-12-24 16:46:21,6308,4
2025-12-24 16:46:21,6311,4
2025-12-24 16:46:21,6312,4
2025-12-24 16:46:21,6313,1
2025-12-24 16:46:21,6314,4
2025-12-24 16:46:21,6315,4
2025-12-24 16:46:21,6316,1
2025-12-24 16:46:21,6317,4
2025-12-24 16:46:21,6318,4
2025-12-24 16:46:21,6319,4
2025-12-24 16:46:21,6320,4
2025-12-24 16:46:21,6321,4
2025-12-24 16:46:21,6323,4
2025-12-24 16:46:21,6324,4
2025-12-24 16:46:21,6325,1
2025-12-24 16:46:21,6326,4
2025-12-24 16:46:21,6327,4
2025-12-24 16:46:21,6328,1
2025-12-24 16:46:21,6329,4
2025-12-24 16:46:21,6330,4
2025-12-24 16:46:21,6331,4
2025-12-24 16:46:21,6332,1
2025-12-24 16:46:21,6334,4
2025-12-24 16:46:21,6336,4
2025-12-24 16:46:21,6338,4
2025-12-24 16:46:21,6340,4
2025-12-24 16:46:21,6341,4
2025-12-24 16:46:21,6342,4
2025-12-24 16:46:21,6343,4
2025-12-24 16:46:21,6345,4
2025-12-24 16:46:21,6346,4
2025-12-24 16:46:21,6348,4
2025-12-24 16:46:21,6349,4
2025-12-24 16:46:21,6351,4
2025-12-24 16:46:21,6352,4
2025-12-24 16:46:21,6353,4
2025-12-24 16:46:21,6355,4
2025-12-24 16:46:21,6357,4
2025-12-24 16:46:21,6358,4
2025-12-24 16:46:21,6360,1
2025-12-24 16:46:21,6361,4
2025-12-24 16:46:21,6362,4
2025-12-24 16:46:21,6363,4
2025-12-24 16:46:21,6365,4
2025-12-24 16:46:21,6369,4
2025-12-24 16:46:21,6370,4
2025-12-24 16:46:21,6374,4
2025-12-24 16:46:21,6376,4
2025-12-24 16:46:21,6377,4
2025-12-24 16:46:21,6378,4
2025-12-24 16:46:21,6380,4
2025-12-24 16:46:21,6381,4
2025-12-24 16:46:21,6383,4
2025-12-24 16:46:21,6384,4
2025-12-24 16:46:21,6386,4
2025-12-24 16:46:21,6387,1
2025-12-24 16:46:21,6391,4
2025-12-24 16:46:21,6393,4
2025-12-24 16:46:21,6394,4
2025-12-24 16:46:21,6396,1
2025-12-24 16:46:21,6398,4
2025-12-24 16:46:21,6399,4
2025-12-24 16:46:21,6400,4
2025-12-24 16:46:21,6401,4
2025-12-24 16:46:21,6402,2
2025-12-24 16:46:21,6403,4
2025-12-24 16:46:21,6404,4
2025-12-24 16:46:21,6405,4
2025-12-24 16:46:21,6407,4
2025-12-24 16:46:21,6409,4
2025-12-24 16:46:21,6410,4
2025-12-24 16:46:21,6412,1
2025-12-24 16:46:21,6414,4
2025-12-24 16:46:21,6416,4
2025-12-24 16:46:21,6417,4
2025-12-24 16:46:21,6420,4
2025-12-24 16:46:21,6421,1
2025-12-24 16:46:21,6422,4
2025-12-24 16:46:21,6423,1
2025-12-24 16:46:21,6425,4
2025-12-24 16:46:21,6426,4
2025-12-24 16:46:21,6429,4
2025-12-24 16:46:21,6430,4
2025-12-24 16:46:21,6431,4
2025-12-24 16:46:21,6433,4
2025-12-24 16:46:21,6435,4
2025-12-24 16:46:21,6442,4
2025-12-24 16:46:21,6444,4
2025-12-24 16:46:21,6446,4
2025-12-24 16:46:21,6447,4
2025-12-24 16:46:21,6449,1
2025-12-24 16:46:21,6450,4
2025-12-24 16:46:21,6451,4
2025-12-24 16:46:21,6452,4
2025-12-24 16:46:21,6453,4
2025-12-24 16:46:21,6454,4
2025-12-24 16:46:21,6458,4
2025-12-24 16:46:21,6462,2
2025-12-24 16:46:21,6464,4
2025-12-24 16:46:21,6466,4
2025-12-24 16:46:21,6468,4
2025-12-24 16:46:21,6470,4
2025-12-24 16:46:21,6471,4
2025-12-24 16:46:21,6473,4
2025-12-24 16:46:21,6474,1
2025-12-24 16:46:21,6475,4
2025-12-24 16:46:21,6476,4
2025-12-24 16:46:21,6479,4
2025-12-24 16:46:21,6480,4
2025-12-24 16:46:21,6481,4
2025-12-24 16:46:21,6483,1
2025-12-24 16:46:21,6485,4
2025-12-24 16:46:21,6488,1
2025-12-24 16:46:21,6490,4
2025-12-24 16:46:21,6491,4
2025-12-24 16:46:21,6493,2
2025-12-24 16:46:21,6494,4
2025-12-24 16:46:21,6495,4
2025-12-24 16:46:21,6496,4
2025-12-24 16:46:21,6497,4
2025-12-24 16:46:21,6499,4
2025-12-24 16:46:21,6501,4
2025-12-24 16:46:21,6502,4
2025-12-24 16:46:21,6503,4
2025-12-24 16:46:21,6504,4
2025-12-24 16:46:21,6506,4
2025-12-24 16:46:21,6507,4
2025-12-24 16:46:21,6508,1
2025-12-24 16:46:21,6509,4
2025-12-24 16:46:21,6510,4
2025-12-24 16:46:21,6512,4
2025-12-24 16:46:21,6513,4
2025-12-24 16:46:21,6514,4
2025-12-24 16:46:21,6515,4
2025-12-24 16:46:21,6521,4
2025-12-24 16:46:21,6522,4
2025-12-24 16:46:21,6523,4
2025-12-24 16:46:21,6524,4
2025-12-24 16:46:21,6525,4
2025-12-24 16:46:21,6528,1
2025-12-24 16:46:21,6530,1
2025-12-24 16:46:21,6531,4
2025-12-24 16:46:21,6532,4
2025-12-24 16:46:21,6533,4
2025-12-24 16:46:21,6534,4
2025-12-24 16:46:21,6535,4
2025-12-24 16:46:21,6536,4
2025-12-24 16:46:21,6538,4
2025-12-24 16:46:21,6539,4
2025-12-24 16:46:21,6540,4
2025-12-24 16:46:21,6541,4
2025-12-24 16:46:21,6544,4
2025-12-24 16:46:21,6545,4
2025-12-24 16:46:21,6546,4
2025-12-24 16:46:21,6549,4
2025-12-24 16:46:21,6550,4
2025-12-24 16:46:21,6551,4
2025-12-24 16:46:21,6553,4
2025-12-24 16:46:21,6554,4
2025-12-24 16:46:21,6555,4
2025-12-24 16:46:21,6556,1
2025-12-24 16:46:21,6557,4
2025-12-24 16:46:21,6560,4
2025-12-24 16:46:21,6561,1
2025-12-24 16:46:21,6562,4
2025-12-24 16:46:21,6564,4
2025-12-24 16:46:21,6565,4
2025-12-24 16:46:21,6568,4
2025-12-24 16:46:21,6569,4
2025-12-24 16:46:21,6570,4
2025-12-24 16:46:21,6571,4
2025-12-24 16:46:21,6572,2
2025-12-24 16:46:21,6574,4
2025-12-24 16:46:21,6575,4
2025-12-24 16:46:21,6576,4
2025-12-24 16:46:21,6577,4
2025-12-24 16:46:21,6578,4
2025-12-24 16:46:21,6580,4
2025-12-24 16:46:21,6581,4
2025-12-24 16:46:21,6582,4
2025-12-24 16:46:21,6584,1
2025-12-24 16:46:21,6586,4
2025-12-24 16:46:21,6587,4
2025-12-24 16:46:21,6588,4
2025-12-24 16:46:21,6589,4
2025-12-24 16:46:21,6590,4
2025-12-24 16:46:21,6591,4
2025-12-24 16:46:21,6594,4
2025-12-24 16:46:21,6595,1
2025-12-24 16:46:21,6596,4
2025-12-24 16:46:21,6597,4
2025-12-24 16:46:21,6598,1
2025-12-24 16:46:21,6599,4
2025-12-24 16:46:21,6600,4
2025-12-24 16:46:21,6601,4
2025-12-24 16:46:21,6602,4
2025-12-24 16:46:21,6603,4
2025-12-24 16:46:21,6604,4
2025-12-24 16:46:21,6606,4
2025-12-24 16:46:21,6607,4
2025-12-24 16:46:21,6608,4
2025-12-24 16:46:21,6609,4
2025-12-24 16:46:21,6615,4
2025-12-24 16:46:21,6617,4
2025-12-24 16:46:21,6619,4
2025-12-24 16:46:21,6620,4
2025-12-24 16:46:21,6621,4
2025-12-24 16:46:21,6622,4
2025-12-24 16:46:21,6623,4
2025-12-24 16:46:21,6624,4
2025-12-24 16:46:21,6625,4
2025-12-24 16:46:21,6627,4
2025-12-24 16:46:21,6628,1
2025-12-24 16:46:21,6630,4
2025-12-24 16:46:21,6631,1
2025-12-24 16:46:21,6632,4
2025-12-24 16:46:21,6634,4
2025-12-24 16:46:21,6635,1
2025-12-24 16:46:21,6636,4
2025-12-24 16:46:21,6637,4
2025-12-24 16:46:21,6638,4
2025-12-24 16:46:21,6639,4
2025-12-24 16:46:21,6640,4
2025-12-24 16:46:21,6641,4
2025-12-24 16:46:21,6643,1
2025-12-24 16:46:21,6644,4
2025-12-24 16:46:21,6646,1
2025-12-24 16:46:21,6648,4
2025-12-24 16:46:21,6649,4
2025-12-24 16:46:21,6651,4
2025-12-24 16:46:21,6655,4
2025-12-24 16:46:21,6656,4
2025-12-24 16:46:21,6657,1
2025-12-24 16:46:21,6662,4
2025-12-24 16:46:21,6663,4
2025-12-24 16:46:21,6664,4
2025-12-24 16:46:21,6667,4
2025-12-24 16:46:21,6668,4
2025-12-24 16:46:21,6674,4
2025-12-24 16:46:21,6676,4
2025-12-24 16:46:21,6677,4
2025-12-24 16:46:21,6678,4
2025-12-24 16:46:21,6679,4
2025-12-24 16:46:21,6681,4
2025-12-24 16:46:21,6682,4
2025-12-24 16:46:21,6683,4
2025-12-24 16:46:21,6684,4
2025-12-24 16:46:21,6685,4
2025-12-24 16:46:21,6686,4
2025-12-24 16:46:21,6687,4
2025-12-24 16:46:21,6688,4
2025-12-24 16:46:21,6691,4
2025-12-24 16:46:21,6695,4
2025-12-24 16:46:21,6696,4
2025-12-24 16:46:21,6697,4
2025-12-24 16:46:21,6701,4
2025-12-24 16:46:21,6702,4
2025-12-24 16:46:21,6704,4
2025-12-24 16:46:21,6705,4
2025-12-24 16:46:21,6706,4
2025-12-24 16:46:21,6707,4
2025-12-24 16:46:21,6708,4
2025-12-24 16:46:21,6709,4
2025-12-24 16:46:21,6711,4
2025-12-24 16:46:21,6712,4
2025-12-24 16:46:21,6714,4
2025-12-24 16:46:21,6715,4
2025-12-24 16:46:21,6716,4
2025-12-24 16:46:21,6717,4
2025-12-24 16:46:21,6718,4
2025-12-24 16:46:21,6719,4
2025-12-24 16:46:21,6720,4
2025-12-24 16:46:21,6722,4
2025-12-24 16:46:21,6723,4
2025-12-24 16:46:21,6725,4
2025-12-24 16:46:21,6727,4
2025-12-24 16:46:21,6733,4
2025-12-24 16:46:21,6734,4
2025-12-24 16:46:21,6736,4
2025-12-24 16:46:21,6738,4
2025-12-24 16:46:21,6739,4
2025-12-24 16:46:21,6741,4
2025-12-24 16:46:21,6743,4
2025-12-24 16:46:21,6745,4
2025-12-24 16:46:21,6746,1
2025-12-24 16:46:21,6747,4
2025-12-24 16:46:21,6749,4
2025-12-24 16:46:21,6752,4
2025-12-24 16:46:21,6753,4
2025-12-24 16:46:21,6754,4
2025-12-24 16:46:21,6755,1
2025-12-24 16:46:21,6756,4
2025-12-24 16:46:21,6757,4
2025-12-24 16:46:21,6758,1
2025-12-24 16:46:21,6761,4
2025-12-24 16:46:21,6762,4
2025-12-24 16:46:21,6763,4
2025-12-24 16:46:21,6764,4
2025-12-24 16:46:21,6766,4
2025-12-24 16:46:21,6767,4
2025-12-24 16:46:21,6769,4
2025-12-24 16:46:21,6770,1
2025-12-24 16:46:21,6772,4
2025-12-24 16:46:21,6774,4
2025-12-24 16:46:21,6775,4
2025-12-24 16:46:21,6776,2
2025-12-24 16:46:21,6777,1
2025-12-24 16:46:21,6778,1
2025-12-24 16:46:21,6781,4
2025-12-24 16:46:21,6782,4
2025-12-24 16:46:21,6783,4
2025-12-24 16:46:21,6784,4
2025-12-24 16:46:21,6786,4
2025-12-24 16:46:21,6789,4
2025-12-24 16:46:21,6790,4
2025-12-24 16:46:21,6791,4
2025-12-24 16:46:21,6793,4
2025-12-24 16:46:21,6795,1
2025-12-24 16:46:21,6796,4
2025-12-24 16:46:21,6797,4
2025-12-24 16:46:21,6798,4
2025-12-24 16:46:21,6799,4
2025-12-24 16:46:21,6800,4
2025-12-24 16:46:21,6801,4
2025-12-24 16:46:21,6804,4
2025-12-24 16:46:21,6807,1
2025-12-24 16:46:21,6808,4
2025-12-24 16:46:21,6809,4
2025-12-24 16:46:21,6811,4
2025-12-24 16:46:21,6812,4
2025-12-24 16:46:21,6814,4
2025-12-24 16:46:21,6815,4
2025-12-24 16:46:21,6816,1
2025-12-24 16:46:21,6817,4
2025-12-24 16:46:21,6818,1
2025-12-24 16:46:21,6819,4
2025-12-24 16:46:21,6820,4
2025-12-24 16:46:21,6821,4
2025-12-24 16:46:21,6823,4
2025-12-24 16:46:21,6824,1
2025-12-24 16:46:21,6825,4
2025-12-24 16:46:21,6828,4
2025-12-24 16:46:21,6829,4
2025-12-24 16:46:21,6830,4
2025-12-24 16:46:21,6831,1
2025-12-24 16:46:21,6832,2
2025-12-24 16:46:21,6835,4
2025-12-24 16:46:21,6836,4
2025-12-24 16:46:21,6837,4
2025-12-24 16:46:21,6839,2
2025-12-24 16:46:21,6841,4
2025-12-24 16:46:21,6842,4
2025-12-24 16:46:21,6843,1
2025-12-24 16:46:21,6844,4
2025-12-24 16:46:21,6845,4
2025-12-24 16:46:21,6846,4
2025-12-24 16:46:21,6847,4
2025-12-24 16:46:21,6848,1
2025-12-24 16:46:21,6849,4
2025-12-24 16:46:21,6851,4
2025-12-24 16:46:21,6852,4
2025-12-24 16:46:21,6853,4
2025-12-24 16:46:21,6854,4
2025-12-24 16:46:21,6855,4
2025-12-24 16:46:21,6858,4
2025-12-24 16:46:21,6861,4
2025-12-24 16:46:21,6862,4
2025-12-24 16:46:21,6863,4
2025-12-24 16:46:21,6865,4
2025-12-24 16:46:21,6866,4
2025-12-24 16:46:21,6867,4
2025-12-24 16:46:21,6868,4
2025-12-24 16:46:21,6869,4
2025-12-24 16:46:21,6871,1
2025-12-24 16:46:21,6873,4
2025-12-24 16:46:21,6874,4
2025-12-24 16:46:21,6877,4
2025-12-24 16:46:21,6878,4
2025-12-24 16:46:21,6880,4
2025-12-24 16:46:21,6882,1
2025-12-24 16:46:21,6883,4
2025-12-24 16:46:21,6884,4
2025-12-24 16:46:21,6885,1
2025-12-24 16:46:21,6886,4
2025-12-24 16:46:21,6887,4
2025-12-24 16:46:21,6889,4
2025-12-24 16:46:21,6891,1
2025-12-24 16:46:21,6892,4
2025-12-24 16:46:21,6893,4
2025-12-24 16:46:21,6894,1
2025-12-24 16:46:21,6897,4
2025-12-24 16:46:21,6900,4
2025-12-24 16:46:21,6903,4
2025-12-24 16:46:21,6904,4
2025-12-24 16:46:21,6905,4
2025-12-24 16:46:21,6906,4
2025-12-24 16:46:21,6909,4
2025-12-24 16:46:21,6910,1
2025-12-24 16:46:21,6911,4
2025-12-24 16:46:21,6912,4
2025-12-24 16:46:21,6913,1
2025-12-24 16:46:21,6914,4
2025-12-24 16:46:21,6915,4
2025-12-24 16:46:21,6916,4
2025-12-24 16:46:21,6918,4
2025-12-24 16:46:21,6919,4
2025-12-24 16:46:21,6920,1
2025-12-24 16:46:21,6921,1
2025-12-24 16:46:21,6922,1
2025-12-24 16:46:21,6924,4
2025-12-24 16:46:21,6925,4
2025-12-24 16:46:21,6926,4
2025-12-24 16:46:21,6928,4
2025-12-24 16:46:21,6931,4
2025-12-24 16:46:21,6933,4
2025-12-24 16:46:21,6936,4
2025-12-24 16:46:21,6939,4
2025-12-24 16:46:21,6940,4
2025-12-24 16:46:21,6941,1
2025-12-24 16:46:21,6942,1
2025-12-24 16:46:21,6944,4
2025-12-24 16:46:21,6945,4
2025-12-24 16:46:21,6946,4
2025-12-24 16:46:21,6947,4
2025-12-24 16:46:21,6948,4
2025-12-24 16:46:21,6950,4
2025-12-24 16:46:21,6954,2
2025-12-24 16:46:21,6955,4
2025-12-24 16:46:21,6956,1
2025-12-24 16:46:21,6957,4
2025-12-24 16:46:21,6958,1
2025-12-24 16:46:21,6961,4
2025-12-24 16:46:21,6962,4
2025-12-24 16:46:21,6969,1
2025-12-24 16:46:21,6970,4
2025-12-24 16:46:21,6971,4
2025-12-24 16:46:21,6972,1
2025-12-24 16:46:21,6974,4
2025-12-24 16:46:21,6975,4
2025-12-24 16:46:21,6976,4
2025-12-24 16:46:21,6977,4
2025-12-24 16:46:21,6978,4
2025-12-24 16:46:21,6980,4
2025-12-24 16:46:21,6981,4
2025-12-24 16:46:21,6983,4
2025-12-24 16:46:21,6985,4
2025-12-24 16:46:21,6987,4
2025-12-24 16:46:21,6988,4
2025-12-24 16:46:21,6989,4
2025-12-24 16:46:21,6992,4
2025-12-24 16:46:21,6994,4
2025-12-24 16:46:21,6995,4
2025-12-24 16:46:21,6996,4
2025-12-24 16:46:21,7000,4
2025-12-24 16:46:21,7002,4
2025-12-24 16:46:21,7004,1
2025-12-24 16:46:21,7006,4
2025-12-24 16:46:21,7007,4
2025-12-24 16:46:21,7011,4
2025-12-24 16:46:21,7013,4
2025-12-24 16:46:21,7014,4
2025-12-24 16:46:21,7016,4
2025-12-24 16:46:21,7019,1
2025-12-24 16:46:21,7020,4
2025-12-24 16:46:21,7021,4
2025-12-24 16:46:21,7022,4
2025-12-24 16:46:21,7026,4
2025-12-24 16:46:21,7027,4
2025-12-24 16:46:21,7032,4
2025-12-24 16:46:21,7033,1
2025-12-24 16:46:21,7034,4
2025-12-24 16:46:21,7035,4
2025-12-24 16:46:21,7037,4
2025-12-24 16:46:21,7038,4
2025-12-24 16:46:21,7039,4
2025-12-24 16:46:21,7047,2
2025-12-24 16:46:21,7048,4
2025-12-24 16:46:21,7050,4
2025-12-24 16:46:21,7054,4
2025-12-24 16:46:21,7056,4
2025-12-24 16:46:21,7057,4
2025-12-24 16:46:21,7058,4
2025-12-24 16:46:21,7059,4
2025-12-24 16:46:21,7060,1
2025-12-24 16:46:21,7061,4
2025-12-24 16:46:21,7062,4
2025-12-24 16:46:21,7063,4
2025-12-24 16:46:21,7065,4
2025-12-24 16:46:21,7066,4
2025-12-24 16:46:21,7067,4
2025-12-24 16:46:21,7068,4
2025-12-24 16:46:21,7069,4
2025-12-24 16:46:21,7070,4
2025-12-24 16:46:21,7071,4
2025-12-24 16:46:21,7072,4
2025-12-24 16:46:21,7073,4
2025-12-24 16:46:21,7074,4
2025-12-24 16:46:21,7075,4
2025-12-24 16:46:21,7076,1
2025-12-24 16:46:21,7077,4
2025-12-24 16:46:21,7078,1
2025-12-24 16:46:21,7080,4
2025-12-24 16:46:21,7081,4
2025-12-24 16:46:21,7082,4
2025-12-24 16:46:21,7083,4
2025-12-24 16:46:21,7084,4
2025-12-24 16:46:21,7086,4
2025-12-24 16:46:21,7087,4
2025-12-24 16:46:21,7089,4
2025-12-24 16:46:21,7091,4
2025-12-24 16:46:21,7092,1
2025-12-24 16:46:21,7093,4
2025-12-24 16:46:21,7094,4
2025-12-24 16:46:21,7095,4
2025-12-24 16:46:21,7096,1
2025-12-24 16:46:21,7097,4
2025-12-24 16:46:21,7098,4
2025-12-24 16:46:21,7099,4
2025-12-24 16:46:21,7100,1
2025-12-24 16:46:21,7101,4
2025-12-24 16:46:21,7102,4
2025-12-24 16:46:21,7104,4
2025-12-24 16:46:21,7105,4
2025-12-24 16:46:21,7107,1
2025-12-24 16:46:21,7108,4
2025-12-24 16:46:21,7109,1
2025-12-24 16:46:21,7110,1
2025-12-24 16:46:21,7112,4
2025-12-24 16:46:21,7113,4
2025-12-24 16:46:21,7114,4
2025-12-24 16:46:21,7116,4
2025-12-24 16:46:21,7119,4
2025-12-24 16:46:21,7121,4
2025-12-24 16:46:21,7122,1
2025-12-24 16:46:21,7124,4
2025-12-24 16:46:21,7127,4
2025-12-24 16:46:21,7129,4
2025-12-24 16:46:21,7130,4
2025-12-24 16:46:21,7131,4
2025-12-24 16:46:21,7132,1
2025-12-24 16:46:21,7133,4
2025-12-24 16:46:21,7135,4
2025-12-24 16:46:21,7138,4
2025-12-24 16:46:21,7139,4
2025-12-24 16:46:21,7141,4
2025-12-24 16:46:21,7142,4
2025-12-24 16:46:21,7143,4
2025-12-24 16:46:21,7144,4
2025-12-24 16:46:21,7146,4
2025-12-24 16:46:21,7148,1
2025-12-24 16:46:21,7151,4
2025-12-24 16:46:21,7152,4
2025-12-24 16:46:21,7155,4
2025-12-24 16:46:21,7156,4
2025-12-24 16:46:21,7160,4
2025-12-24 16:46:21,7161,4
2025-12-24 16:46:21,7162,4
2025-12-24 16:46:21,7163,4
2025-12-24 16:46:21,7167,4
2025-12-24 16:46:21,7168,4
2025-12-24 16:46:21,7169,4
2025-12-24 16:46:21,7170,4
2025-12-24 16:46:21,7171,4
2025-12-24 16:46:21,7174,1
2025-12-24 16:46:21,7178,4
2025-12-24 16:46:21,7179,4
2025-12-24 16:46:21,7180,4
2025-12-24 16:46:21,7182,4
2025-12-24 16:46:21,7183,4
2025-12-24 16:46:21,7184,4
2025-12-24 16:46:21,7186,4
2025-12-24 16:46:21,7187,4
2025-12-24 16:46:21,7188,4
2025-12-24 16:46:21,7189,4
2025-12-24 16:46:21,7190,4
2025-12-24 16:46:21,7192,4
2025-12-24 16:46:21,7193,4
2025-12-24 16:46:21,7194,4
2025-12-24 16:46:21,7196,4
2025-12-24 16:46:21,7198,4
2025-12-24 16:46:21,7200,4
2025-12-24 16:46:21,7201,1
2025-12-24 16:46:21,7202,4
2025-12-24 16:46:21,7203,4
2025-12-24 16:46:21,7204,4
2025-12-24 16:46:21,7205,4
2025-12-24 16:46:21,7206,4
2025-12-24 16:46:21,7207,4
2025-12-24 16:46:21,7208,4
2025-12-24 16:46:21,7209,4
2025-12-24 16:46:21,7210,4
2025-12-24 16:46:21,7212,4
2025-12-24 16:46:21,7213,4
2025-12-24 16:46:21,7214,4
2025-12-24 16:46:21,7216,4
2025-12-24 16:46:21,7217,1
2025-12-24 16:46:21,7218,4
2025-12-24 16:46:21,7220,1
2025-12-24 16:46:21,7221,4
2025-12-24 16:46:21,7222,4
2025-12-24 16:46:21,7223,1
2025-12-24 16:46:21,7224,4
2025-12-24 16:46:21,7226,4
2025-12-24 16:46:21,7228,4
2025-12-24 16:46:21,7229,4
2025-12-24 16:46:21,7230,4
2025-12-24 16:46:21,7231,4
2025-12-24 16:46:21,7232,4
2025-12-24 16:46:21,7234,4
2025-12-24 16:46:21,7235,4
2025-12-24 16:46:21,7238,4
2025-12-24 16:46:21,7239,4
2025-12-24 16:46:21,7240,4
2025-12-24 16:46:21,7242,4
2025-12-24 16:46:21,7246,4
2025-12-24 16:46:21,7248,4
2025-12-24 16:46:21,7250,4
2025-12-24 16:46:21,7251,4
2025-12-24 16:46:21,7252,4
2025-12-24 16:46:21,7253,4
2025-12-24 16:46:21,7256,4
2025-12-24 16:46:21,7257,4
2025-12-24 16:46:21,7258,4
2025-12-24 16:46:21,7260,1
2025-12-24 16:46:21,7262,4
2025-12-24 16:46:21,7264,4
2025-12-24 16:46:21,7265,4
2025-12-24 16:46:21,7266,4
2025-12-24 16:46:21,7268,4
2025-12-24 16:46:21,7270,4
2025-12-24 16:46:21,7271,4
2025-12-24 16:46:21,7272,4
2025-12-24 16:46:21,7273,4
2025-12-24 16:46:21,7274,4
2025-12-24 16:46:21,7275,4
2025-12-24 16:46:21,7276,4
2025-12-24 16:46:21,7277,1
2025-12-24 16:46:21,7278,4
2025-12-24 16:46:21,7279,1
2025-12-24 16:46:21,7280,4
2025-12-24 16:46:21,7283,4
2025-12-24 16:46:21,7284,4
2025-12-24 16:46:21,7286,4
2025-12-24 16:46:21,7287,4
2025-12-24 16:46:21,7289,1
2025-12-24 16:46:21,7291,1
2025-12-24 16:46:21,7293,4
2025-12-24 16:46:21,7294,4
2025-12-24 16:46:21,7295,4
2025-12-24 16:46:21,7296,4
2025-12-24 16:46:21,7297,1
2025-12-24 16:46:21,7298,1
2025-12-24 16:46:21,7300,4
2025-12-24 16:46:21,7303,4
2025-12-24 16:46:21,7304,4
2025-12-24 16:46:21,7306,4
2025-12-24 16:46:21,7307,4
2025-12-24 16:46:21,7309,4
2025-12-24 16:46:21,7310,4
2025-12-24 16:46:21,7313,4
2025-12-24 16:46:21,7314,4
2025-12-24 16:46:21,7315,4
2025-12-24 16:46:21,7316,4
2025-12-24 16:46:21,7320,4
2025-12-24 16:46:21,7322,4
2025-12-24 16:46:21,7324,4
2025-12-24 16:46:21,7325,4
2025-12-24 16:46:21,7327,4
2025-12-24 16:46:21,7328,4
2025-12-24 16:46:21,7329,4
2025-12-24 16:46:21,7330,4
2025-12-24 16:46:21,7331,4
2025-12-24 16:46:21,7334,1
2025-12-24 16:46:21,7335,4
2025-12-24 16:46:21,7337,4
2025-12-24 16:46:21,7340,4
2025-12-24 16:46:21,7341,4
2025-12-24 16:46:21,7342,4
2025-12-24 16:46:21,7343,4
2025-12-24 16:46:21,7345,1
2025-12-24 16:46:21,7346,4
2025-12-24 16:46:21,7347,4
2025-12-24 16:46:21,7348,4
2025-12-24 16:46:21,7349,4
2025-12-24 16:46:21,7350,4
2025-12-24 16:46:21,7352,2
2025-12-24 16:46:21,7353,4
2025-12-24 16:46:21,7354,4
2025-12-24 16:46:21,7357,4
2025-12-24 16:46:21,7359,4
2025-12-24 16:46:21,7360,4
2025-12-24 16:46:21,7361,1
2025-12-24 16:46:21,7363,4
2025-12-24 16:46:21,7364,4
2025-12-24 16:46:21,7365,4
2025-12-24 16:46:21,7366,4
2025-12-24 16:46:21,7367,4
2025-12-24 16:46:21,7371,4
2025-12-24 16:46:21,7374,1
2025-12-24 16:46:21,7375,4
2025-12-24 16:46:21,7378,4
2025-12-24 16:46:21,7380,4
2025-12-24 16:46:21,7381,4
2025-12-24 16:46:21,7383,1
2025-12-24 16:46:21,7384,4
2025-12-24 16:46:21,7385,4
2025-12-24 16:46:21,7386,4
2025-12-24 16:46:21,7387,4
2025-12-24 16:46:21,7392,4
2025-12-24 16:46:21,7394,1
2025-12-24 16:46:21,7395,4
2025-12-24 16:46:21,7396,4
2025-12-24 16:46:21,7397,4
2025-12-24 16:46:21,7398,1
2025-12-24 16:46:21,7399,4
2025-12-24 16:46:21,7400,4
2025-12-24 16:46:21,7401,4
2025-12-24 16:46:21,7403,1
2025-12-24 16:46:21,7404,1
2025-12-24 16:46:21,7406,4
2025-12-24 16:46:21,7407,1
2025-12-24 16:46:21,7408,4
2025-12-24 16:46:21,7409,1
2025-12-24 16:46:21,7410,4
2025-12-24 16:46:21,7412,1
2025-12-24 16:46:21,7413,4
2025-12-24 16:46:21,7415,1
2025-12-24 16:46:21,7416,4
2025-12-24 16:46:21,7418,4
2025-12-24 16:46:21,7419,4
2025-12-24 16:46:21,7422,1
2025-12-24 16:46:21,7426,4
2025-12-24 16:46:21,7427,4
2025-12-24 16:46:21,7430,4
2025-12-24 16:46:21,7433,4
2025-12-24 16:46:21,7434,4
2025-12-24 16:46:21,7435,4
2025-12-24 16:46:21,7440,4
2025-12-24 16:46:21,7441,4
2025-12-24 16:46:21,7443,4
2025-12-24 16:46:21,7447,4
2025-12-24 16:46:21,7448,4
2025-12-24 16:46:21,7449,4
2025-12-24 16:46:21,7453,4
2025-12-24 16:46:21,7455,4
2025-12-24 16:46:21,7456,2
2025-12-24 16:46:21,7457,4
2025-12-24 16:46:21,7458,4
2025-12-24 16:46:21,7459,1
2025-12-24 16:46:21,7460,4
2025-12-24 16:46:21,7461,4
2025-12-24 16:46:21,7462,4
2025-12-24 16:46:21,7463,1
2025-12-24 16:46:21,7464,4
2025-12-24 16:46:21,7466,4
2025-12-24 16:46:21,7467,4
2025-12-24 16:46:21,7468,4
2025-12-24 16:46:21,7469,4
2025-12-24 16:46:21,7473,4
2025-12-24 16:46:21,7474,4
2025-12-24 16:46:21,7476,4
2025-12-24 16:46:21,7477,4
2025-12-24 16:46:21,7478,4
2025-12-24 16:46:21,7480,4
2025-12-24 16:46:21,7482,4
2025-12-24 16:46:21,7484,1
2025-12-24 16:46:21,7486,4
2025-12-24 16:46:21,7487,4
2025-12-24 16:46:21,7489,1
2025-12-24 16:46:21,7491,4
2025-12-24 16:46:21,7492,4
2025-12-24 16:46:21,7493,4
2025-12-24 16:46:21,7495,4
2025-12-24 16:46:21,7496,4
2025-12-24 16:46:21,7498,4
2025-12-24 16:46:21,7499,4
2025-12-24 16:46:21,7501,4
2025-12-24 16:46:21,7503,4
2025-12-24 16:46:21,7504,4
2025-12-24 16:46:21,7506,4
2025-12-24 16:46:21,7509,1
2025-12-24 16:46:21,7511,1
2025-12-24 16:46:21,7512,4
2025-12-24 16:46:21,7513,4
2025-12-24 16:46:21,7516,4
2025-12-24 16:46:21,7519,4
2025-12-24 16:46:21,7521,4
2025-12-24 16:46:21,7522,4
2025-12-24 16:46:21,7523,4
2025-12-24 16:46:21,7525,1
2025-12-24 16:46:21,7527,4
2025-12-24 16:46:21,7528,4
2025-12-24 16:46:21,7530,1
2025-12-24 16:46:21,7531,1
2025-12-24 16:46:21,7533,4
2025-12-24 16:46:21,7534,4
2025-12-24 16:46:21,7535,1
2025-12-24 16:46:21,7537,1
2025-12-24 16:46:21,7539,4
2025-12-24 16:46:21,7540,4
2025-12-24 16:46:21,7543,1
2025-12-24 16:46:21,7544,4
2025-12-24 16:46:21,7546,1
2025-12-24 16:46:21,7547,4
2025-12-24 16:46:21,7548,4
2025-12-24 16:46:21,7549,4
2025-12-24 16:46:21,7553,4
2025-12-24 16:46:21,7554,4
2025-12-24 16:46:21,7555,4
2025-12-24 16:46:21,7556,4
2025-12-24 16:46:21,7557,4
2025-12-24 16:46:21,7558,1
2025-12-24 16:46:21,7559,4
2025-12-24 16:46:21,7562,4
2025-12-24 16:46:21,7563,4
2025-12-24 16:46:21,7564,4
2025-12-24 16:46:21,7566,4
2025-12-24 16:46:21,7567,4
2025-12-24 16:46:21,7568,4
2025-12-24 16:46:21,7569,1
2025-12-24 16:46:21,7570,4
2025-12-24 16:46:21,7571,4
2025-12-24 16:46:21,7573,4
2025-12-24 16:46:21,7575,4
2025-12-24 16:46:21,7576,4
2025-12-24 16:46:21,7578,4
2025-12-24 16:46:21,7579,1
2025-12-24 16:46:21,7580,4
2025-12-24 16:46:21,7581,1
2025-12-24 16:46:21,7582,4
2025-12-24 16:46:21,7583,4
2025-12-24 16:46:21,7584,4
2025-12-24 16:46:21,7586,4
2025-12-24 16:46:21,7587,4
2025-12-24 16:46:21,7588,4
2025-12-24 16:46:21,7590,4
2025-12-24 16:46:21,7591,4
2025-12-24 16:46:21,7592,4
2025-12-24 16:46:21,7593,4
2025-12-24 16:46:21,7594,4
2025-12-24 16:46:21,7596,4
2025-12-24 16:46:21,7597,4
2025-12-24 16:46:21,7600,4
2025-12-24 16:46:21,7602,4
2025-12-24 16:46:21,7603,4
2025-12-24 16:46:21,7604,4
2025-12-24 16:46:21,7605,4
2025-12-24 16:46:21,7606,4
2025-12-24 16:46:21,7607,4
2025-12-24 16:46:21,7609,4
2025-12-24 16:46:21,7610,4
2025-12-24 16:46:21,7611,1
2025-12-24 16:46:21,7612,1
2025-12-24 16:46:21,7613,4
2025-12-24 16:46:21,7616,4
2025-12-24 16:46:21,7617,4
2025-12-24 16:46:21,7621,1
2025-12-24 16:46:21,7622,1
2025-12-24 16:46:21,7623,4
2025-12-24 16:46:21,7624,4
2025-12-24 16:46:21,7625,4
2025-12-24 16:46:21,7626,4
2025-12-24 16:46:21,7627,4
2025-12-24 16:46:21,7630,4
2025-12-24 16:46:21,7631,4
2025-12-24 16:46:21,7633,4
2025-12-24 16:46:21,7634,4
2025-12-24 16:46:21,7635,4
2025-12-24 16:46:21,7636,4
2025-12-24 16:46:21,7639,4
2025-12-24 16:46:21,7640,4
2025-12-24 16:46:21,7641,4
2025-12-24 16:46:21,7642,4
2025-12-24 16:46:21,7643,4
2025-12-24 16:46:21,7644,4
2025-12-24 16:46:21,7645,4
2025-12-24 16:46:21,7646,4
2025-12-24 16:46:21,7647,4
2025-12-24 16:46:21,7648,4
2025-12-24 16:46:21,7649,4
2025-12-24 16:46:21,7650,4
2025-12-24 16:46:21,7652,4
2025-12-24 16:46:21,7653,4
2025-12-24 16:46:21,7654,4
2025-12-24 16:46:21,7655,4
2025-12-24 16:46:21,7656,4
2025-12-24 16:46:21,7658,4
2025-12-24 16:46:21,7659,4
2025-12-24 16:46:21,7660,4
2025-12-24 16:46:21,7662,4
2025-12-24 16:46:21,7663,1
2025-12-24 16:46:21,7665,4
2025-12-24 16:46:21,7667,4
2025-12-24 16:46:21,7670,4
2025-12-24 16:46:21,7672,4
2025-12-24 16:46:21,7675,1
2025-12-24 16:46:21,7676,4
2025-12-24 16:46:21,7677,1
2025-12-24 16:46:21,7678,4
2025-12-24 16:46:21,7680,4
2025-12-24 16:46:21,7683,4
2025-12-24 16:46:21,7684,4
2025-12-24 16:46:21,7685,4
2025-12-24 16:46:21,7686,4
2025-12-24 16:46:21,7689,4
2025-12-24 16:46:21,7690,4
2025-12-24 16:46:21,7691,4
2025-12-24 16:46:21,7695,4
2025-12-24 16:46:21,7696,1
2025-12-24 16:46:21,7697,4
2025-12-24 16:46:21,7698,4
2025-12-24 16:46:21,7701,4
2025-12-24 16:46:21,7703,4
2025-12-24 16:46:21,7704,4
2025-12-24 16:46:21,7705,4
2025-12-24 16:46:21,7706,4
2025-12-24 16:46:21,7707,4
2025-12-24 16:46:21,7708,4
2025-12-24 16:46:21,7709,4
2025-12-24 16:46:21,7710,4
2025-12-24 16:46:21,7712,4
2025-12-24 16:46:21,7713,1
2025-12-24 16:46:21,7714,1
2025-12-24 16:46:21,7716,1
2025-12-24 16:46:21,7717,4
2025-12-24 16:46:21,7718,4
2025-12-24 16:46:21,7722,4
2025-12-24 16:46:21,7725,4
2025-12-24 16:46:21,7728,4
2025-12-24 16:46:21,7733,4
2025-12-24 16:46:21,7737,4
2025-12-24 16:46:21,7738,1
2025-12-24 16:46:21,7739,4
2025-12-24 16:46:21,7742,4
2025-12-24 16:46:21,7745,4
2025-12-24 16:46:21,7747,4
2025-12-24 16:46:21,7748,1
2025-12-24 16:46:21,7749,4
2025-12-24 16:46:21,7750,1
2025-12-24 16:46:21,7751,4
2025-12-24 16:46:21,7752,4
2025-12-24 16:46:21,7753,4
2025-12-24 16:46:21,7756,4
2025-12-24 16:46:21,7757,4
2025-12-24 16:46:21,7760,4
2025-12-24 16:46:21,7761,1
2025-12-24 16:46:21,7762,4
2025-12-24 16:46:21,7763,4
2025-12-24 16:46:21,7764,4
2025-12-24 16:46:21,7766,1
2025-12-24 16:46:21,7767,1
2025-12-24 16:46:21,7769,4
2025-12-24 16:46:21,7770,1
2025-12-24 16:46:21,7771,4
2025-12-24 16:46:21,7772,4
2025-12-24 16:46:21,7773,1
2025-12-24 16:46:21,7774,4
2025-12-24 16:46:21,7776,4
2025-12-24 16:46:21,7778,1
2025-12-24 16:46:21,7779,4
2025-12-24 16:46:21,7780,1
2025-12-24 16:46:21,7783,4
2025-12-24 16:46:21,7784,4
2025-12-24 16:46:21,7785,4
2025-12-24 16:46:21,7786,4
2025-12-24 16:46:21,7787,4
2025-12-24 16:46:21,7788,4
2025-12-24 16:46:21,7789,4
2025-12-24 16:46:21,7790,4
2025-12-24 16:46:21,7792,4
2025-12-24 16:46:21,7794,1
2025-12-24 16:46:21,7797,4
2025-12-24 16:46:21,7798,4
2025-12-24 16:46:21,7799,4
2025-12-24 16:46:21,7800,4
2025-12-24 16:46:21,7801,2
2025-12-24 16:46:21,7803,4
2025-12-24 16:46:21,7804,4
2025-12-24 16:46:21,7806,4
2025-12-24 16:46:21,7808,4
2025-12-24 16:46:21,7809,4
2025-12-24 16:46:21,7814,4
2025-12-24 16:46:21,7816,1
2025-12-24 16:46:21,7817,1
2025-12-24 16:46:21,7819,4
2025-12-24 16:46:21,7820,4
2025-12-24 16:46:21,7823,2
2025-12-24 16:46:21,7824,4
2025-12-24 16:46:21,7825,4
2025-12-24 16:46:21,7826,1
2025-12-24 16:46:21,7827,1
2025-12-24 16:46:21,7830,4
2025-12-24 16:46:21,7831,4
2025-12-24 16:46:21,7832,1
2025-12-24 16:46:21,7833,4
2025-12-24 16:46:21,7834,1
2025-12-24 16:46:21,7835,4
2025-12-24 16:46:21,7837,4
2025-12-24 16:46:21,7839,4
2025-12-24 16:46:21,7843,4
2025-12-24 16:46:21,7845,4
2025-12-24 16:46:21,7848,4
2025-12-24 16:46:21,7849,4
2025-12-24 16:46:21,7851,4
2025-12-24 16:46:21,7854,4
2025-12-24 16:46:21,7856,4
2025-12-24 16:46:21,7857,4
2025-12-24 16:46:21,7858,4
2025-12-24 16:46:21,7859,4
2025-12-24 16:46:21,7862,4
2025-12-24 16:46:21,7864,4
2025-12-24 16:46:21,7865,1
2025-12-24 16:46:21,7866,4
2025-12-24 16:46:21,7868,4
2025-12-24 16:46:21,7869,4
2025-12-24 16:46:21,7870,4
2025-12-24 16:46:21,7871,4
2025-12-24 16:46:21,7874,4
2025-12-24 16:46:21,7875,4
2025-12-24 16:46:21,7878,4
2025-12-24 16:46:21,7879,1
2025-12-24 16:46:21,7881,4
2025-12-24 16:46:21,7883,1
2025-12-24 16:46:21,7884,4
2025-12-24 16:46:21,7885,4
2025-12-24 16:46:21,7886,1
2025-12-24 16:46:21,7888,4
2025-12-24 16:46:21,7889,2
2025-12-24 16:46:21,7890,4
2025-12-24 16:46:21,7892,4
2025-12-24 16:46:21,7893,4
2025-12-24 16:46:21,7894,4
2025-12-24 16:46:21,7896,4
2025-12-24 16:46:21,7897,4
2025-12-24 16:46:21,7898,1
2025-12-24 16:46:21,7899,4
2025-12-24 16:46:21,7901,4
2025-12-24 16:46:21,7902,4
2025-12-24 16:46:21,7904,4
2025-12-24 16:46:21,7906,4
2025-12-24 16:46:21,7911,4
2025-12-24 16:46:21,7913,4
2025-12-24 16:46:21,7915,4
2025-12-24 16:46:21,7916,4
2025-12-24 16:46:21,7917,4
2025-12-24 16:46:21,7919,4
2025-12-24 16:46:21,7920,4
2025-12-24 16:46:21,7921,4
2025-12-24 16:46:21,7922,4
2025-12-24 16:46:21,7923,4
2025-12-24 16:46:21,7927,4
2025-12-24 16:46:21,7928,1
2025-12-24 16:46:21,7930,4
2025-12-24 16:46:21,7932,4
2025-12-24 16:46:21,7933,4
2025-12-24 16:46:21,7934,4
2025-12-24 16:46:21,7936,4
2025-12-24 16:46:21,7938,1
2025-12-24 16:46:21,7939,1
2025-12-24 16:46:21,7941,4
2025-12-24 16:46:21,7943,4
2025-12-24 16:46:21,7945,1
2025-12-24 16:46:21,7946,4
2025-12-24 16:46:21,7947,4
2025-12-24 16:46:21,7948,4
2025-12-24 16:46:21,7949,1
2025-12-24 16:46:21,7951,4
2025-12-24 16:46:21,7952,4
2025-12-24 16:46:21,7953,1
2025-12-24 16:46:21,7954,4
2025-12-24 16:46:21,7955,4
2025-12-24 16:46:21,7956,4
2025-12-24 16:46:21,7957,4
2025-12-24 16:46:21,7958,4
2025-12-24 16:46:21,7966,4
2025-12-24 16:46:21,7968,4
2025-12-24 16:46:21,7969,4
2025-12-24 16:46:21,7971,4
2025-12-24 16:46:21,7972,4
2025-12-24 16:46:21,7974,4
2025-12-24 16:46:21,7975,4
2025-12-24 16:46:21,7977,4
2025-12-24 16:46:21,7978,1
2025-12-24 16:46:21,7981,4
2025-12-24 16:46:21,7983,4
2025-12-24 16:46:21,7984,4
2025-12-24 16:46:21,7986,4
2025-12-24 16:46:21,7989,4
2025-12-24 16:46:21,7990,1
2025-12-24 16:46:21,7995,4
2025-12-24 16:46:21,7996,4
2025-12-24 16:46:21,7997,4
2025-12-24 16:46:21,8001,4
2025-12-24 16:46:21,8003,4
2025-12-24 16:46:21,8004,4
2025-12-24 16:46:21,8006,4
2025-12-24 16:46:21,8011,4
2025-12-24 16:46:21,8012,4
2025-12-24 16:46:21,8014,4
2025-12-24 16:46:21,8015,4
2025-12-24 16:46:21,8017,4
2025-12-24 16:46:21,8018,4
2025-12-24 16:46:21,8019,1
2025-12-24 16:46:21,8020,4
2025-12-24 16:46:21,8022,1
2025-12-24 16:46:21,8023,4
2025-12-24 16:46:21,8024,4
2025-12-24 16:46:21,8026,4
2025-12-24 16:46:21,8027,4
2025-12-24 16:46:21,8028,4
2025-12-24 16:46:21,8030,4
2025-12-24 16:46:21,8031,4
2025-12-24 16:46:21,8033,4
2025-12-24 16:46:21,8036,4
2025-12-24 16:46:21,8037,4
2025-12-24 16:46:21,8039,4
2025-12-24 16:46:21,8045,4
2025-12-24 16:46:21,8046,4
2025-12-24 16:46:21,8048,4
2025-12-24 16:46:21,8049,4
2025-12-24 16:46:21,8050,4
2025-12-24 16:46:21,8053,1
2025-12-24 16:46:21,8054,4
2025-12-24 16:46:21,8055,4
2025-12-24 16:46:21,8056,4
2025-12-24 16:46:21,8057,1
2025-12-24 16:46:21,8058,4
2025-12-24 16:46:21,8059,4
2025-12-24 16:46:21,8061,1
2025-12-24 16:46:21,8062,4
2025-12-24 16:46:21,8063,4
2025-12-24 16:46:21,8064,4
2025-12-24 16:46:21,8065,4
2025-12-24 16:46:21,8068,4
2025-12-24 16:46:21,8073,4
2025-12-24 16:46:21,8075,4
2025-12-24 16:46:21,8076,4
2025-12-24 16:46:21,8078,4
2025-12-24 16:46:21,8079,4
2025-12-24 16:46:21,8080,1
2025-12-24 16:46:21,8081,4
2025-12-24 16:46:21,8082,1
2025-12-24 16:46:21,8083,4
2025-12-24 16:46:21,8085,4
2025-12-24 16:46:21,8086,4
2025-12-24 16:46:21,8087,1
2025-12-24 16:46:21,8088,4
2025-12-24 16:46:21,8089,4
2025-12-24 16:46:21,8090,4
2025-12-24 16:46:21,8092,4
2025-12-24 16:46:21,8094,4
2025-12-24 16:46:21,8095,4
2025-12-24 16:46:21,8096,4
2025-12-24 16:46:21,8097,4
2025-12-24 16:46:21,8100,1
2025-12-24 16:46:21,8101,4
2025-12-24 16:46:21,8102,4
2025-12-24 16:46:21,8103,4
2025-12-24 16:46:21,8105,4
2025-12-24 16:46:21,8108,4
2025-12-24 16:46:21,8109,4
2025-12-24 16:46:21,8110,4
2025-12-24 16:46:21,8112,4
2025-12-24 16:46:21,8115,1
2025-12-24 16:46:21,8116,2
2025-12-24 16:46:21,8117,4
2025-12-24 16:46:21,8118,4
2025-12-24 16:46:21,8119,4
2025-12-24 16:46:21,8121,4
2025-12-24 16:46:21,8124,4
2025-12-24 16:46:21,8127,4
2025-12-24 16:46:21,8128,4
2025-12-24 16:46:21,8129,4
2025-12-24 16:46:21,8130,1
2025-12-24 16:46:21,8133,4
2025-12-24 16:46:21,8136,4
2025-12-24 16:46:21,8137,4
2025-12-24 16:46:21,8138,1
2025-12-24 16:46:21,8139,4
2025-12-24 16:46:21,8140,1
2025-12-24 16:46:21,8142,4
2025-12-24 16:46:21,8143,4
2025-12-24 16:46:21,8144,4
2025-12-24 16:46:21,8146,4
2025-12-24 16:46:21,8147,4
2025-12-24 16:46:21,8148,4
2025-12-24 16:46:21,8150,1
2025-12-24 16:46:21,8156,4
2025-12-24 16:46:21,8157,4
2025-12-24 16:46:21,8158,4
2025-12-24 16:46:21,8162,4
2025-12-24 16:46:21,8163,1
2025-12-24 16:46:21,8164,4
2025-12-24 16:46:21,8167,4
2025-12-24 16:46:21,8168,1
2025-12-24 16:46:21,8169,4
2025-12-24 16:46:21,8170,4
2025-12-24 16:46:21,8172,4
2025-12-24 16:46:21,8174,1
2025-12-24 16:46:21,8175,1
2025-12-24 16:46:21,8176,4
2025-12-24 16:46:21,8178,4
2025-12-24 16:46:21,8179,4
2025-12-24 16:46:21,8180,4
2025-12-24 16:46:21,8181,4
2025-12-24 16:46:21,8182,4
2025-12-24 16:46:21,8186,4
2025-12-24 16:46:21,8187,4
2025-12-24 16:46:21,8189,1
2025-12-24 16:46:21,8190,1
2025-12-24 16:46:21,8193,4
2025-12-24 16:46:21,8196,4
2025-12-24 16:46:21,8200,1
2025-12-24 16:46:21,8201,4
2025-12-24 16:46:21,8202,4
2025-12-24 16:46:21,8203,4
2025-12-24 16:46:21,8204,4
2025-12-24 16:46:21,8205,4
2025-12-24 16:46:21,8207,4
2025-12-24 16:46:21,8208,4
2025-12-24 16:46:21,8209,4
2025-12-24 16:46:21,8210,1
2025-12-24 16:46:21,8211,1
2025-12-24 16:46:21,8212,4
2025-12-24 16:46:21,8213,4
2025-12-24 16:46:21,8217,4
2025-12-24 16:46:21,8218,4
2025-12-24 16:46:21,8219,4
2025-12-24 16:46:21,8222,4
2025-12-24 16:46:21,8223,4
2025-12-24 16:46:21,8224,4
2025-12-24 16:46:21,8228,4
2025-12-24 16:46:21,8230,4
2025-12-24 16:46:21,8232,4
2025-12-24 16:46:21,8233,4
2025-12-24 16:46:21,8236,1
2025-12-24 16:46:21,8237,4
2025-12-24 16:46:21,8239,4
2025-12-24 16:46:21,8240,4
2025-12-24 16:46:21,8241,4
2025-12-24 16:46:21,8243,4
2025-12-24 16:46:21,8244,4
2025-12-24 16:46:21,8246,4
2025-12-24 16:46:21,8247,1
2025-12-24 16:46:21,8249,1
2025-12-24 16:46:21,8252,4
2025-12-24 16:46:21,8253,1
2025-12-24 16:46:21,8255,1
2025-12-24 16:46:21,8256,1
2025-12-24 16:46:21,8258,4
2025-12-24 16:46:21,8263,4
2025-12-24 16:46:21,8265,4
2025-12-24 16:46:21,8266,4
2025-12-24 16:46:21,8267,1
2025-12-24 16:46:21,8268,4
2025-12-24 16:46:21,8270,4
2025-12-24 16:46:21,8271,4
2025-12-24 16:46:21,8275,4
2025-12-24 16:46:21,8277,4
2025-12-24 16:46:21,8278,4
2025-12-24 16:46:21,8280,4
2025-12-24 16:46:21,8282,4
2025-12-24 16:46:21,8283,4
2025-12-24 16:46:21,8288,4
2025-12-24 16:46:21,8289,4
2025-12-24 16:46:21,8290,4
2025-12-24 16:46:21,8291,4
2025-12-24 16:46:21,8293,4
2025-12-24 16:46:21,8295,4
2025-12-24 16:46:21,8296,4
2025-12-24 16:46:21,8297,4
2025-12-24 16:46:21,8299,4
2025-12-24 16:46:21,8301,4
2025-12-24 16:46:21,8303,4
2025-12-24 16:46:21,8304,4
2025-12-24 16:46:21,8306,4
2025-12-24 16:46:21,8311,4
2025-12-24 16:46:21,8312,4
2025-12-24 16:46:21,8313,4
2025-12-24 16:46:21,8314,4
2025-12-24 16:46:21,8315,4
2025-12-24 16:46:21,8316,4
2025-12-24 16:46:21,8317,2
2025-12-24 16:46:21,8320,4
2025-12-24 16:46:21,8323,1
2025-12-24 16:46:21,8324,4
2025-12-24 16:46:21,8325,4
2025-12-24 16:46:21,8326,4
2025-12-24 16:46:21,8328,4
2025-12-24 16:46:21,8331,4
2025-12-24 16:46:21,8332,4
2025-12-24 16:46:21,8333,4
2025-12-24 16:46:21,8335,1
2025-12-24 16:46:21,8336,4
2025-12-24 16:46:21,8337,4
2025-12-24 16:46:21,8339,4
2025-12-24 16:46:21,8342,4
2025-12-24 16:46:21,8343,4
2025-12-24 16:46:21,8345,4
2025-12-24 16:46:21,8347,4
2025-12-24 16:46:21,8348,4
2025-12-24 16:46:21,8349,4
2025-12-24 16:46:21,8351,1
2025-12-24 16:46:21,8354,4
2025-12-24 16:46:21,8356,4
2025-12-24 16:46:21,8357,4
2025-12-24 16:46:21,8359,4
2025-12-24 16:46:21,8361,4
2025-12-24 16:46:21,8362,1
2025-12-24 16:46:21,8364,4
2025-12-24 16:46:21,8366,1
2025-12-24 16:46:21,8370,4
2025-12-24 16:46:21,8371,4
2025-12-24 16:46:21,8373,1
2025-12-24 16:46:21,8375,4
2025-12-24 16:46:21,8376,4
2025-12-24 16:46:21,8377,4
2025-12-24 16:46:21,8378,4
2025-12-24 16:46:21,8381,4
2025-12-24 16:46:21,8382,4
2025-12-24 16:46:21,8383,4
2025-12-24 16:46:21,8386,4
2025-12-24 16:46:21,8389,4
2025-12-24 16:46:21,8391,4
2025-12-24 16:46:21,8392,4
2025-12-24 16:46:21,8394,1
2025-12-24 16:46:21,8397,4
2025-12-24 16:46:21,8399,4
2025-12-24 16:46:21,8401,1
2025-12-24 16:46:21,8402,4
2025-12-24 16:46:21,8404,4
2025-12-24 16:46:21,8408,4
2025-12-24 16:46:21,8409,4
2025-12-24 16:46:21,8410,4
2025-12-24 16:46:21,8411,4
2025-12-24 16:46:21,8412,4
2025-12-24 16:46:21,8413,4
2025-12-24 16:46:21,8418,4
2025-12-24 16:46:21,8419,1
2025-12-24 16:46:21,8423,4
2025-12-24 16:46:21,8425,4
2025-12-24 16:46:21,8427,4
2025-12-24 16:46:21,8428,4
2025-12-24 16:46:21,8431,4
2025-12-24 16:46:21,8433,4
2025-12-24 16:46:21,8434,4
2025-12-24 16:46:21,8435,1
2025-12-24 16:46:21,8436,4
2025-12-24 16:46:21,8437,4
2025-12-24 16:46:21,8438,4
2025-12-24 16:46:21,8439,1
2025-12-24 16:46:21,8441,4
2025-12-24 16:46:21,8443,4
2025-12-24 16:46:21,8444,4
2025-12-24 16:46:21,8446,1
2025-12-24 16:46:21,8449,4
2025-12-24 16:46:21,8450,4
2025-12-24 16:46:21,8451,1
2025-12-24 16:46:21,8453,4
2025-12-24 16:46:21,8455,4
2025-12-24 16:46:21,8460,1
2025-12-24 16:46:21,8462,1
2025-12-24 16:46:21,8463,4
2025-12-24 16:46:21,8465,4
2025-12-24 16:46:21,8466,4
2025-12-24 16:46:21,8467,4
2025-12-24 16:46:21,8469,4
2025-12-24 16:46:21,8470,1
2025-12-24 16:46:21,8471,4
2025-12-24 16:46:21,8472,1
2025-12-24 16:46:21,8473,4
2025-12-24 16:46:21,8474,4
2025-12-24 16:46:21,8475,4
2025-12-24 16:46:21,8476,4
2025-12-24 16:46:21,8478,4
2025-12-24 16:46:21,8480,4
2025-12-24 16:46:21,8483,4
2025-12-24 16:46:21,8485,4
2025-12-24 16:46:21,8487,4
2025-12-24 16:46:21,8488,4
2025-12-24 16:46:21,8489,4
2025-12-24 16:46:21,8493,4
2025-12-24 16:46:21,8494,1
2025-12-24 16:46:21,8496,1
2025-12-24 16:46:21,8497,4
2025-12-24 16:46:21,8499,4
2025-12-24 16:46:21,8500,4
2025-12-24 16:46:21,8501,4
2025-12-24 16:46:21,8502,4
2025-12-24 16:46:21,8504,4
2025-12-24 16:46:21,8505,4
2025-12-24 16:46:21,8506,4
2025-12-24 16:46:21,8507,4
2025-12-24 16:46:21,8512,4
2025-12-24 16:46:21,8513,4
2025-12-24 16:46:21,8514,4
2025-12-24 16:46:21,8515,4
2025-12-24 16:46:21,8517,4
2025-12-24 16:46:21,8518,4
2025-12-24 16:46:21,8519,4
2025-12-24 16:46:21,8520,4
2025-12-24 16:46:21,8521,4
2025-12-24 16:46:21,8522,2
2025-12-24 16:46:21,8523,4
2025-12-24 16:46:21,8524,4
2025-12-24 16:46:21,8525,4
2025-12-24 16:46:21,8526,4
2025-12-24 16:46:21,8527,1
2025-12-24 16:46:21,8530,4
2025-12-24 16:46:21,8531,4
2025-12-24 16:46:21,8533,4
2025-12-24 16:46:21,8534,4
2025-12-24 16:46:21,8535,4
2025-12-24 16:46:21,8537,4
2025-12-24 16:46:21,8539,4
2025-12-24 16:46:21,8541,4
2025-12-24 16:46:21,8542,4
2025-12-24 16:46:21,8543,4
2025-12-24 16:46:21,8544,4
2025-12-24 16:46:21,8547,4
2025-12-24 16:46:21,8548,4
2025-12-24 16:46:21,8549,4
2025-12-24 16:46:21,8552,4
2025-12-24 16:46:21,8553,4
2025-12-24 16:46:21,8554,1
2025-12-24 16:46:21,8555,1
2025-12-24 16:46:21,8556,4
2025-12-24 16:46:21,8558,4
2025-12-24 16:46:21,8561,4
2025-12-24 16:46:21,8562,4
2025-12-24 16:46:21,8563,4
2025-12-24 16:46:21,8564,4
2025-12-24 16:46:21,8565,1
2025-12-24 16:46:21,8566,4
2025-12-24 16:46:21,8567,4
2025-12-24 16:46:21,8568,4
2025-12-24 16:46:21,8573,1
2025-12-24 16:46:21,8576,1
2025-12-24 16:46:21,8577,1
2025-12-24 16:46:21,8578,1
2025-12-24 16:46:21,8580,4
2025-12-24 16:46:21,8581,4
2025-12-24 16:46:21,8582,4
2025-12-24 16:46:21,8586,1
2025-12-24 16:46:21,8588,4
2025-12-24 16:46:21,8589,4
2025-12-24 16:46:21,8590,4
2025-12-24 16:46:21,8592,1
2025-12-24 16:46:21,8593,4
2025-12-24 16:46:21,8594,4
2025-12-24 16:46:21,8595,4
2025-12-24 16:46:21,8596,4
2025-12-24 16:46:21,8597,4
2025-12-24 16:46:21,8598,4
2025-12-24 16:46:21,8599,1
2025-12-24 16:46:21,8600,4
2025-12-24 16:46:21,8601,4
2025-12-24 16:46:21,8602,1
2025-12-24 16:46:21,8603,1
2025-12-24 16:46:21,8605,4
2025-12-24 16:46:21,8606,1
2025-12-24 16:46:21,8607,4
2025-12-24 16:46:21,8608,4
2025-12-24 16:46:21,8610,4
2025-12-24 16:46:21,8611,1
2025-12-24 16:46:21,8612,4
2025-12-24 16:46:21,8613,4
2025-12-24 16:46:21,8614,4
2025-12-24 16:46:21,8615,4
2025-12-24 16:46:21,8617,4
2025-12-24 16:46:21,8618,4
2025-12-24 16:46:21,8619,4
2025-12-24 16:46:21,8620,4
2025-12-24 16:46:21,8624,4
2025-12-24 16:46:21,8625,4
2025-12-24 16:46:21,8626,4
2025-12-24 16:46:21,8628,2
2025-12-24 16:46:21,8630,4
2025-12-24 16:46:21,8632,4
2025-12-24 16:46:21,8634,4
2025-12-24 16:46:21,8635,4
2025-12-24 16:46:21,8636,4
2025-12-24 16:46:21,8638,4
2025-12-24 16:46:21,8639,4
2025-12-24 16:46:21,8640,4
2025-12-24 16:46:21,8642,1
2025-12-24 16:46:21,8643,1
2025-12-24 16:46:21,8644,1
2025-12-24 16:46:21,8647,4
2025-12-24 16:46:21,8649,4
2025-12-24 16:46:21,8655,4
2025-12-24 16:46:21,8656,4
2025-12-24 16:46:21,8658,4
2025-12-24 16:46:21,8659,4
2025-12-24 16:46:21,8660,4
2025-12-24 16:46:21,8661,4
2025-12-24 16:46:21,8664,4
2025-12-24 16:46:21,8665,4
2025-12-24 16:46:21,8666,4
2025-12-24 16:46:21,8667,4
2025-12-24 16:46:21,8669,4
2025-12-24 16:46:21,8670,4
2025-12-24 16:46:21,8672,4
2025-12-24 16:46:21,8673,4
2025-12-24 16:46:21,8674,4
2025-12-24 16:46:21,8675,4
2025-12-24 16:46:21,8676,4
2025-12-24 16:46:21,8679,4
2025-12-24 16:46:21,8681,4
2025-12-24 16:46:21,8682,4
2025-12-24 16:46:21,8684,4
2025-12-24 16:46:21,8686,4
2025-12-24 16:46:21,8688,4
2025-12-24 16:46:21,8689,4
2025-12-24 16:46:21,8690,4
2025-12-24 16:46:21,8691,4
2025-12-24 16:46:21,8692,4
2025-12-24 16:46:21,8693,4
2025-12-24 16:46:21,8695,4
2025-12-24 16:46:21,8697,4
2025-12-24 16:46:21,8698,4
2025-12-24 16:46:21,8699,4
2025-12-24 16:46:21,8700,4
2025-12-24 16:46:21,8701,4
2025-12-24 16:46:21,8702,4
2025-12-24 16:46:21,8703,4
2025-12-24 16:46:21,8704,1
2025-12-24 16:46:21,8706,4
2025-12-24 16:46:21,8708,4
2025-12-24 16:46:21,8709,4
2025-12-24 16:46:21,8711,4
2025-12-24 16:46:21,8712,4
2025-12-24 16:46:21,8713,4
2025-12-24 16:46:21,8714,4
2025-12-24 16:46:21,8715,4
2025-12-24 16:46:21,8716,4
2025-12-24 16:46:21,8717,4
2025-12-24 16:46:21,8718,4
2025-12-24 16:46:21,8720,4
2025-12-24 16:46:21,8721,4
2025-12-24 16:46:21,8722,4
2025-12-24 16:46:21,8723,4
2025-12-24 16:46:21,8725,4
2025-12-24 16:46:21,8728,4
2025-12-24 16:46:21,8729,1
2025-12-24 16:46:21,8730,4
2025-12-24 16:46:21,8731,4
2025-12-24 16:46:21,8733,4
2025-12-24 16:46:21,8734,4
2025-12-24 16:46:21,8736,1
2025-12-24 16:46:21,8738,1
2025-12-24 16:46:21,8740,4
2025-12-24 16:46:21,8743,4
2025-12-24 16:46:21,8744,4
2025-12-24 16:46:21,8745,1
2025-12-24 16:46:21,8747,4
2025-12-24 16:46:21,8749,4
2025-12-24 16:46:21,8750,4
2025-12-24 16:46:21,8751,4
2025-12-24 16:46:21,8752,4
2025-12-24 16:46:21,8753,4
2025-12-24 16:46:21,8757,1
2025-12-24 16:46:21,8760,4
2025-12-24 16:46:21,8761,1
2025-12-24 16:46:21,8762,4
2025-12-24 16:46:21,8765,4
2025-12-24 16:46:21,8768,4
2025-12-24 16:46:21,8769,4
2025-12-24 16:46:21,8770,4
2025-12-24 16:46:21,8771,4
2025-12-24 16:46:21,8772,4
2025-12-24 16:46:21,8775,4
2025-12-24 16:46:21,8776,4
2025-12-24 16:46:21,8777,4
2025-12-24 16:46:21,8778,1
2025-12-24 16:46:21,8779,4
2025-12-24 16:46:21,8780,4
2025-12-24 16:46:21,8781,4
2025-12-24 16:46:21,8782,4
2025-12-24 16:46:21,8784,4
2025-12-24 16:46:21,8785,1
2025-12-24 16:46:21,8787,4
2025-12-24 16:46:21,8789,4
2025-12-24 16:46:21,8791,4
2025-12-24 16:46:21,8792,4
2025-12-24 16:46:21,8793,4
2025-12-24 16:46:21,8795,4
2025-12-24 16:46:21,8797,4
2025-12-24 16:46:21,8798,4
2025-12-24 16:46:21,8800,4
2025-12-24 16:46:21,8801,4
2025-12-24 16:46:21,8802,1
2025-12-24 16:46:21,8803,4
2025-12-24 16:46:21,8804,4
2025-12-24 16:46:21,8806,4
2025-12-24 16:46:21,8808,4
2025-12-24 16:46:21,8809,1
2025-12-24 16:46:21,8812,4
2025-12-24 16:46:21,8814,4
2025-12-24 16:46:21,8817,4
2025-12-24 16:46:21,8818,4
2025-12-24 16:46:21,8819,1
2025-12-24 16:46:21,8820,4
2025-12-24 16:46:21,8822,4
2025-12-24 16:46:21,8823,2
2025-12-24 16:46:21,8824,4
2025-12-24 16:46:21,8828,4
2025-12-24 16:46:21,8829,4
2025-12-24 16:46:21,8830,4
2025-12-24 16:46:21,8833,4
2025-12-24 16:46:21,8838,4
2025-12-24 16:46:21,8840,1
2025-12-24 16:46:21,8841,4
2025-12-24 16:46:21,8843,4
2025-12-24 16:46:21,8844,4
2025-12-24 16:46:21,8845,1
2025-12-24 16:46:21,8847,4
2025-12-24 16:46:21,8850,4
2025-12-24 16:46:21,8852,4
2025-12-24 16:46:21,8853,4
2025-12-24 16:46:21,8854,4
2025-12-24 16:46:21,8856,2
2025-12-24 16:46:21,8858,1
2025-12-24 16:46:21,8859,4
2025-12-24 16:46:21,8861,4
2025-12-24 16:46:21,8863,4
2025-12-24 16:46:21,8864,4
2025-12-24 16:46:21,8865,4
2025-12-24 16:46:21,8866,4
2025-12-24 16:46:21,8867,4
2025-12-24 16:46:21,8869,4
2025-12-24 16:46:21,8870,4
2025-12-24 16:46:21,8871,1
2025-12-24 16:46:21,8872,4
2025-12-24 16:46:21,8873,4
2025-12-24 16:46:21,8874,1
2025-12-24 16:46:21,8875,4
2025-12-24 16:46:21,8876,4
2025-12-24 16:46:21,8877,4
2025-12-24 16:46:21,8879,4
2025-12-24 16:46:21,8880,1
2025-12-24 16:46:21,8881,4
2025-12-24 16:46:21,8882,4
2025-12-24 16:46:21,8883,4
2025-12-24 16:46:21,8884,1
2025-12-24 16:46:21,8885,4
2025-12-24 16:46:21,8888,4
2025-12-24 16:46:21,8891,4
2025-12-24 16:46:21,8894,4
2025-12-24 16:46:21,8895,4
2025-12-24 16:46:21,8897,4
2025-12-24 16:46:21,8898,4
2025-12-24 16:46:21,8899,4
2025-12-24 16:46:21,8900,4
2025-12-24 16:46:21,8901,1
2025-12-24 16:46:21,8902,4
2025-12-24 16:46:21,8904,4
2025-12-24 16:46:21,8906,4
2025-12-24 16:46:21,8907,4
2025-12-24 16:46:21,8908,4
2025-12-24 16:46:21,8909,4
2025-12-24 16:46:21,8911,4
2025-12-24 16:46:21,8913,4
2025-12-24 16:46:21,8914,4
2025-12-24 16:46:21,8915,4
2025-12-24 16:46:21,8916,4
2025-12-24 16:46:21,8917,4
2025-12-24 16:46:21,8920,4
2025-12-24 16:46:21,8921,1
2025-12-24 16:46:21,8923,4
2025-12-24 16:46:21,8924,4
2025-12-24 16:46:21,8927,4
2025-12-24 16:46:21,8928,4
2025-12-24 16:46:21,8929,4
2025-12-24 16:46:21,8930,4
2025-12-24 16:46:21,8931,4
2025-12-24 16:46:21,8932,4
2025-12-24 16:46:21,8935,4
2025-12-24 16:46:21,8936,4
2025-12-24 16:46:21,8938,4
2025-12-24 16:46:21,8940,4
2025-12-24 16:46:21,8944,4
2025-12-24 16:46:21,8945,4
2025-12-24 16:46:21,8946,4
2025-12-24 16:46:21,8949,4
2025-12-24 16:46:21,8950,4
2025-12-24 16:46:21,8951,4
2025-12-24 16:46:21,8952,4
2025-12-24 16:46:21,8955,4
2025-12-24 16:46:21,8957,4
2025-12-24 16:46:21,8958,4
2025-12-24 16:46:21,8961,4
2025-12-24 16:46:21,8964,2
2025-12-24 16:46:21,8965,4
2025-12-24 16:46:21,8967,1
2025-12-24 16:46:21,8968,4
2025-12-24 16:46:21,8969,4
2025-12-24 16:46:21,8971,4
2025-12-24 16:46:21,8972,4
2025-12-24 16:46:21,8976,4
2025-12-24 16:46:21,8978,4
2025-12-24 16:46:21,8979,4
2025-12-24 16:46:21,8980,4
2025-12-24 16:46:21,8981,1
2025-12-24 16:46:21,8982,4
2025-12-24 16:46:21,8983,4
2025-12-24 16:46:21,8984,4
2025-12-24 16:46:21,8985,4
2025-12-24 16:46:21,8986,4
2025-12-24 16:46:21,8987,4
2025-12-24 16:46:21,8988,4
2025-12-24 16:46:21,8989,4
2025-12-24 16:46:21,8990,4
2025-12-24 16:46:21,8991,4
2025-12-24 16:46:21,8992,4
2025-12-24 16:46:21,8994,4
2025-12-24 16:46:21,8995,4
2025-12-24 16:46:21,8996,4
2025-12-24 16:46:21,8997,4
2025-12-24 16:46:21,8998,1
2025-12-24 16:46:21,9002,4
2025-12-24 16:46:21,9004,4
2025-12-24 16:46:21,9006,2
2025-12-24 16:46:21,9007,1
2025-12-24 16:46:21,9008,4
2025-12-24 16:46:21,9010,4
2025-12-24 16:46:21,9011,4
2025-12-24 16:46:21,9013,4
2025-12-24 16:46:21,9014,4
2025-12-24 16:46:21,9015,4
2025-12-24 16:46:21,9016,4
2025-12-24 16:46:21,9017,4
2025-12-24 16:46:21,9018,4
2025-12-24 16:46:21,9019,4
2025-12-24 16:46:21,9020,4
2025-12-24 16:46:21,9021,4
2025-12-24 16:46:21,9023,1
2025-12-24 16:46:21,9024,4
2025-12-24 16:46:21,9026,4
2025-12-24 16:46:21,9027,4
2025-12-24 16:46:21,9028,4
2025-12-24 16:46:21,9032,4
2025-12-24 16:46:21,9035,4
2025-12-24 16:46:21,9036,4
2025-12-24 16:46:21,9038,4
2025-12-24 16:46:21,9039,4
2025-12-24 16:46:21,9040,1
2025-12-24 16:46:21,9041,4
2025-12-24 16:46:21,9042,1
2025-12-24 16:46:21,9043,4
2025-12-24 16:46:21,9044,4
2025-12-24 16:46:21,9047,1
2025-12-24 16:46:21,9048,1
2025-12-24 16:46:21,9051,4
2025-12-24 16:46:21,9053,4
2025-12-24 16:46:21,9054,4
2025-12-24 16:46:21,9055,4
2025-12-24 16:46:21,9058,1
2025-12-24 16:46:21,9059,4
2025-12-24 16:46:21,9060,4
2025-12-24 16:46:21,9061,4
2025-12-24 16:46:21,9062,4
2025-12-24 16:46:21,9063,4
2025-12-24 16:46:21,9064,4
2025-12-24 16:46:21,9066,4
2025-12-24 16:46:21,9070,4
2025-12-24 16:46:21,9071,1
2025-12-24 16:46:21,9073,4
2025-12-24 16:46:21,9074,4
2025-12-24 16:46:21,9076,1
2025-12-24 16:46:21,9079,4
2025-12-24 16:46:21,9080,4
2025-12-24 16:46:21,9082,4
2025-12-24 16:46:21,9087,4
2025-12-24 16:46:21,9088,4
2025-12-24 16:46:21,9089,4
2025-12-24 16:46:21,9090,4
2025-12-24 16:46:21,9091,4
2025-12-24 16:46:21,9092,4
2025-12-24 16:46:21,9093,1
2025-12-24 16:46:21,9094,4
2025-12-24 16:46:21,9095,4
2025-12-24 16:46:21,9096,4
2025-12-24 16:46:21,9097,4
2025-12-24 16:46:21,9099,4
2025-12-24 16:46:21,9100,4
2025-12-24 16:46:21,9101,4
2025-12-24 16:46:21,9102,1
2025-12-24 16:46:21,9103,4
2025-12-24 16:46:21,9104,4
2025-12-24 16:46:21,9105,4
2025-12-24 16:46:21,9107,4
2025-12-24 16:46:21,9108,4
2025-12-24 16:46:21,9109,4
2025-12-24 16:46:21,9112,4
2025-12-24 16:46:21,9115,4
2025-12-24 16:46:21,9116,4
2025-12-24 16:46:21,9117,4
2025-12-24 16:46:21,9118,4
2025-12-24 16:46:21,9121,4
2025-12-24 16:46:21,9124,4
2025-12-24 16:46:21,9126,4
2025-12-24 16:46:21,9127,4
2025-12-24 16:46:21,9128,4
2025-12-24 16:46:21,9129,4
2025-12-24 16:46:21,9130,4
2025-12-24 16:46:21,9131,4
2025-12-24 16:46:21,9133,4
2025-12-24 16:46:21,9135,4
2025-12-24 16:46:21,9137,1
2025-12-24 16:46:21,9140,4
2025-12-24 16:46:21,9141,4
2025-12-24 16:46:21,9143,4
2025-12-24 16:46:21,9144,4
2025-12-24 16:46:21,9146,1
2025-12-24 16:46:21,9148,2
2025-12-24 16:46:21,9149,4
2025-12-24 16:46:21,9151,4
2025-12-24 16:46:21,9152,4
2025-12-24 16:46:21,9153,4
2025-12-24 16:46:21,9154,4
2025-12-24 16:46:21,9155,1
2025-12-24 16:46:21,9156,4
2025-12-24 16:46:21,9158,4
2025-12-24 16:46:21,9159,4
2025-12-24 16:46:21,9161,4
2025-12-24 16:46:21,9163,4
2025-12-24 16:46:21,9164,4
2025-12-24 16:46:21,9165,4
2025-12-24 16:46:21,9166,4
2025-12-24 16:46:21,9167,4
2025-12-24 16:46:21,9168,4
2025-12-24 16:46:21,9169,1
2025-12-24 16:46:21,9170,4
2025-12-24 16:46:21,9172,4
2025-12-24 16:46:21,9175,4
2025-12-24 16:46:21,9176,1
2025-12-24 16:46:21,9181,4
2025-12-24 16:46:21,9183,4
2025-12-24 16:46:21,9185,4
2025-12-24 16:46:21,9186,4
2025-12-24 16:46:21,9187,1
2025-12-24 16:46:21,9188,4
2025-12-24 16:46:21,9189,4
2025-12-24 16:46:21,9191,4
2025-12-24 16:46:21,9193,4
2025-12-24 16:46:21,9194,4
2025-12-24 16:46:21,9195,4
2025-12-24 16:46:21,9197,1
2025-12-24 16:46:21,9199,4
2025-12-24 16:46:21,9206,4
2025-12-24 16:46:21,9207,1
2025-12-24 16:46:21,9208,4
2025-12-24 16:46:21,9210,4
2025-12-24 16:46:21,9211,4
2025-12-24 16:46:21,9213,1
2025-12-24 16:46:21,9214,4
2025-12-24 16:46:21,9217,4
2025-12-24 16:46:21,9219,4
2025-12-24 16:46:21,9220,4
2025-12-24 16:46:21,9221,4
2025-12-24 16:46:21,9223,4
2025-12-24 16:46:21,9224,4
2025-12-24 16:46:21,9225,4
2025-12-24 16:46:21,9226,4
2025-12-24 16:46:21,9227,4
2025-12-24 16:46:21,9228,4
2025-12-24 16:46:21,9230,4
2025-12-24 16:46:21,9232,4
2025-12-24 16:46:21,9235,1
2025-12-24 16:46:21,9237,4
2025-12-24 16:46:21,9238,4
2025-12-24 16:46:21,9241,1
2025-12-24 16:46:21,9246,4
2025-12-24 16:46:21,9247,4
2025-12-24 16:46:21,9248,4
2025-12-24 16:46:21,9249,1
2025-12-24 16:46:21,9251,1
2025-12-24 16:46:21,9253,4
2025-12-24 16:46:21,9256,1
2025-12-24 16:46:21,9257,4
2025-12-24 16:46:21,9259,1
2025-12-24 16:46:21,9260,4
2025-12-24 16:46:21,9261,1
2025-12-24 16:46:21,9262,4
2025-12-24 16:46:21,9263,1
2025-12-24 16:46:21,9265,4
2025-12-24 16:46:21,9266,4
2025-12-24 16:46:21,9267,4
2025-12-24 16:46:21,9268,4
2025-12-24 16:46:21,9269,1
2025-12-24 16:46:21,9272,4
2025-12-24 16:46:21,9273,4
2025-12-24 16:46:21,9274,4
2025-12-24 16:46:21,9276,4
2025-12-24 16:46:21,9279,4
2025-12-24 16:46:21,9280,4
2025-12-24 16:46:21,9281,4
2025-12-24 16:46:21,9282,4
2025-12-24 16:46:21,9283,1
2025-12-24 16:46:21,9284,4
2025-12-24 16:46:21,9285,4
2025-12-24 16:46:21,9286,4
2025-12-24 16:46:21,9287,4
2025-12-24 16:46:21,9288,4
2025-12-24 16:46:21,9289,4
2025-12-24 16:46:21,9290,4
2025-12-24 16:46:21,9291,4
2025-12-24 16:46:21,9295,4
2025-12-24 16:46:21,9296,4
2025-12-24 16:46:21,9297,1
2025-12-24 16:46:21,9301,4
2025-12-24 16:46:21,9303,4
2025-12-24 16:46:21,9304,4
2025-12-24 16:46:21,9307,4
2025-12-24 16:46:21,9309,4
2025-12-24 16:46:21,9310,4
2025-12-24 16:46:21,9311,4
2025-12-24 16:46:21,9314,1
2025-12-24 16:46:21,9315,4
2025-12-24 16:46:21,9317,4
2025-12-24 16:46:21,9319,4
2025-12-24 16:46:21,9321,4
2025-12-24 16:46:21,9322,4
2025-12-24 16:46:21,9323,2
2025-12-24 16:46:21,9324,4
2025-12-24 16:46:21,9325,4
2025-12-24 16:46:21,9326,1
2025-12-24 16:46:21,9328,4
2025-12-24 16:46:21,9330,4
2025-12-24 16:46:21,9331,1
2025-12-24 16:46:21,9332,4
2025-12-24 16:46:21,9334,4
2025-12-24 16:46:21,9335,1
2025-12-24 16:46:21,9336,4
2025-12-24 16:46:21,9339,4
2025-12-24 16:46:21,9340,1
2025-12-24 16:46:21,9342,1
2025-12-24 16:46:21,9343,4
2025-12-24 16:46:21,9346,4
2025-12-24 16:46:21,9347,4
2025-12-24 16:46:21,9348,4
2025-12-24 16:46:21,9349,4
2025-12-24 16:46:21,9351,4
2025-12-24 16:46:21,9354,4
2025-12-24 16:46:21,9355,4
2025-12-24 16:46:21,9357,4
2025-12-24 16:46:21,9358,4
2025-12-24 16:46:21,9359,1
2025-12-24 16:46:21,9360,4
2025-12-24 16:46:21,9361,4
2025-12-24 16:46:21,9362,4
2025-12-24 16:46:21,9365,4
2025-12-24 16:46:21,9366,4
2025-12-24 16:46:21,9367,4
2025-12-24 16:46:21,9369,4
2025-12-24 16:46:21,9370,4
2025-12-24 16:46:21,9371,4
2025-12-24 16:46:21,9373,1
2025-12-24 16:46:21,9375,4
2025-12-24 16:46:21,9377,4
2025-12-24 16:46:21,9379,4
2025-12-24 16:46:21,9380,1
2025-12-24 16:46:21,9381,4
2025-12-24 16:46:21,9382,1
2025-12-24 16:46:21,9383,1
2025-12-24 16:46:21,9384,4
2025-12-24 16:46:21,9385,4
2025-12-24 16:46:21,9386,1
2025-12-24 16:46:21,9387,4
2025-12-24 16:46:21,9388,4
2025-12-24 16:46:21,9390,4
2025-12-24 16:46:21,9391,1
2025-12-24 16:46:21,9392,1
2025-12-24 16:46:21,9394,4
2025-12-24 16:46:21,9396,4
2025-12-24 16:46:21,9398,1
2025-12-24 16:46:21,9399,4
2025-12-24 16:46:21,9400,4
2025-12-24 16:46:21,9401,1
2025-12-24 16:46:21,9403,4
2025-12-24 16:46:21,9404,4
2025-12-24 16:46:21,9407,4
2025-12-24 16:46:21,9408,4
2025-12-24 16:46:21,9409,4
2025-12-24 16:46:21,9410,4
2025-12-24 16:46:21,9411,4
2025-12-24 16:46:21,9413,4
2025-12-24 16:46:21,9414,4
2025-12-24 16:46:21,9415,4
2025-12-24 16:46:21,9418,4
2025-12-24 16:46:21,9421,4
2025-12-24 16:46:21,9422,4
2025-12-24 16:46:21,9423,4
2025-12-24 16:46:21,9424,1
2025-12-24 16:46:21,9425,4
2025-12-24 16:46:21,9428,4
2025-12-24 16:46:21,9429,4
2025-12-24 16:46:21,9430,1
2025-12-24 16:46:21,9431,1
2025-12-24 16:46:21,9432,4
2025-12-24 16:46:21,9434,4
2025-12-24 16:46:21,9436,4
2025-12-24 16:46:21,9437,4
2025-12-24 16:46:21,9439,4
2025-12-24 16:46:21,9440,4
2025-12-24 16:46:21,9441,4
2025-12-24 16:46:21,9443,4
2025-12-24 16:46:21,9445,4
2025-12-24 16:46:21,9446,1
2025-12-24 16:46:21,9447,4
2025-12-24 16:46:21,9448,1
2025-12-24 16:46:21,9450,4
2025-12-24 16:46:21,9451,1
2025-12-24 16:46:21,9452,4
2025-12-24 16:46:21,9453,4
2025-12-24 16:46:21,9454,4
2025-12-24 16:46:21,9456,4
2025-12-24 16:46:21,9457,4
2025-12-24 16:46:21,9459,4
2025-12-24 16:46:21,9460,4
2025-12-24 16:46:21,9461,4
2025-12-24 16:46:21,9464,4
2025-12-24 16:46:21,9465,4
2025-12-24 16:46:21,9466,4
2025-12-24 16:46:21,9467,4
2025-12-24 16:46:21,9468,4
2025-12-24 16:46:21,9469,4
2025-12-24 16:46:21,9470,4
2025-12-24 16:46:21,9471,4
2025-12-24 16:46:21,9472,4
2025-12-24 16:46:21,9475,4
2025-12-24 16:46:21,9476,4
2025-12-24 16:46:21,9478,4
2025-12-24 16:46:21,9479,1
2025-12-24 16:46:21,9482,4
2025-12-24 16:46:21,9483,4
2025-12-24 16:46:21,9484,4
2025-12-24 16:46:21,9485,4
2025-12-24 16:46:21,9487,4
2025-12-24 16:46:21,9488,4
2025-12-24 16:46:21,9489,4
2025-12-24 16:46:21,9491,4
2025-12-24 16:46:21,9492,4
2025-12-24 16:46:21,9493,1
2025-12-24 16:46:21,9494,4
2025-12-24 16:46:21,9496,4
2025-12-24 16:46:21,9498,4
2025-12-24 16:46:21,9501,2
2025-12-24 16:46:21,9504,4
2025-12-24 16:46:21,9505,4
2025-12-24 16:46:21,9506,4
2025-12-24 16:46:21,9508,4
2025-12-24 16:46:21,9512,4
2025-12-24 16:46:21,9513,4
2025-12-24 16:46:21,9514,1
2025-12-24 16:46:21,9515,1
2025-12-24 16:46:21,9518,4
2025-12-24 16:46:21,9519,4
2025-12-24 16:46:21,9520,4
2025-12-24 16:46:21,9521,4
2025-12-24 16:46:21,9524,1
2025-12-24 16:46:21,9525,4
2025-12-24 16:46:21,9526,4
2025-12-24 16:46:21,9529,4
2025-12-24 16:46:21,9530,4
2025-12-24 16:46:21,9531,1
2025-12-24 16:46:21,9532,1
2025-12-24 16:46:21,9534,4
2025-12-24 16:46:21,9536,4
2025-12-24 16:46:21,9538,4
2025-12-24 16:46:21,9542,4
2025-12-24 16:46:21,9543,4
2025-12-24 16:46:21,9544,4
2025-12-24 16:46:21,9547,4
2025-12-24 16:46:21,9548,4
2025-12-24 16:46:21,9549,4
2025-12-24 16:46:21,9550,4
2025-12-24 16:46:21,9551,4
2025-12-24 16:46:21,9553,4
2025-12-24 16:46:21,9554,4
2025-12-24 16:46:21,9556,4
2025-12-24 16:46:21,9557,4
2025-12-24 16:46:21,9558,4
2025-12-24 16:46:21,9562,1
2025-12-24 16:46:21,9566,1
2025-12-24 16:46:21,9567,4
2025-12-24 16:46:21,9568,4
2025-12-24 16:46:21,9569,4
2025-12-24 16:46:21,9571,1
2025-12-24 16:46:21,9573,4
2025-12-24 16:46:21,9577,1
2025-12-24 16:46:21,9580,4
2025-12-24 16:46:21,9581,4
2025-12-24 16:46:21,9583,4
2025-12-24 16:46:21,9585,4
2025-12-24 16:46:21,9588,4
2025-12-24 16:46:21,9589,4
2025-12-24 16:46:21,9591,4
2025-12-24 16:46:21,9592,4
2025-12-24 16:46:21,9594,4
2025-12-24 16:46:21,9595,4
2025-12-24 16:46:21,9596,4
2025-12-24 16:46:21,9597,4
2025-12-24 16:46:21,9598,4
2025-12-24 16:46:21,9599,4
2025-12-24 16:46:21,9600,4
2025-12-24 16:46:21,9601,1
2025-12-24 16:46:21,9603,4
2025-12-24 16:46:21,9604,4
2025-12-24 16:46:21,9605,4
2025-12-24 16:46:21,9607,4
2025-12-24 16:46:21,9610,4
2025-12-24 16:46:21,9611,4
2025-12-24 16:46:21,9612,4
2025-12-24 16:46:21,9613,4
2025-12-24 16:46:21,9614,4
2025-12-24 16:46:21,9616,4
2025-12-24 16:46:21,9618,4
2025-12-24 16:46:21,9619,4
2025-12-24 16:46:21,9620,4
2025-12-24 16:46:21,9621,4
2025-12-24 16:46:21,9622,4
2025-12-24 16:46:21,9623,4
2025-12-24 16:46:21,9625,1
2025-12-24 16:46:21,9627,4
2025-12-24 16:46:21,9628,4
2025-12-24 16:46:21,9629,4
2025-12-24 16:46:21,9631,4
2025-12-24 16:46:21,9633,4
2025-12-24 16:46:21,9634,4
2025-12-24 16:46:21,9638,4
2025-12-24 16:46:21,9640,1
2025-12-24 16:46:21,9641,4
2025-12-24 16:46:21,9642,4
2025-12-24 16:46:21,9644,2
2025-12-24 16:46:21,9646,1
2025-12-24 16:46:21,9647,4
2025-12-24 16:46:21,9648,4
2025-12-24 16:46:21,9649,2
2025-12-24 16:46:21,9651,4
2025-12-24 16:46:21,9652,4
2025-12-24 16:46:21,9653,4
2025-12-24 16:46:21,9655,4
2025-12-24 16:46:21,9656,4
2025-12-24 16:46:21,9657,1
2025-12-24 16:46:21,9658,4
2025-12-24 16:46:21,9661,4
2025-12-24 16:46:21,9664,4
2025-12-24 16:46:21,9666,1
2025-12-24 16:46:21,9667,4
2025-12-24 16:46:21,9668,4
2025-12-24 16:46:21,9669,1
2025-12-24 16:46:21,9670,4
2025-12-24 16:46:21,9671,4
2025-12-24 16:46:21,9672,4
2025-12-24 16:46:21,9674,4
2025-12-24 16:46:21,9675,4
2025-12-24 16:46:21,9676,1
2025-12-24 16:46:21,9677,1
2025-12-24 16:46:21,9678,4
2025-12-24 16:46:21,9679,4
2025-12-24 16:46:21,9681,4
2025-12-24 16:46:21,9683,4
2025-12-24 16:46:21,9684,4
2025-12-24 16:46:21,9685,4
2025-12-24 16:46:21,9686,4
2025-12-24 16:46:21,9687,1
2025-12-24 16:46:21,9688,4
2025-12-24 16:46:21,9691,4
2025-12-24 16:46:21,9692,4
2025-12-24 16:46:21,9693,4
2025-12-24 16:46:21,9695,4
2025-12-24 16:46:21,9697,4
2025-12-24 16:46:21,9701,4
2025-12-24 16:46:21,9702,4
2025-12-24 16:46:21,9703,4
2025-12-24 16:46:21,9705,4
2025-12-24 16:46:21,9706,1
2025-12-24 16:46:21,9708,4
2025-12-24 16:46:21,9709,4
2025-12-24 16:46:21,9714,4
2025-12-24 16:46:21,9716,4
2025-12-24 16:46:21,9717,4
2025-12-24 16:46:21,9718,1
2025-12-24 16:46:21,9719,4
2025-12-24 16:46:21,9721,1
2025-12-24 16:46:21,9722,4
2025-12-24 16:46:21,9723,4
2025-12-24 16:46:21,9725,4
2025-12-24 16:46:21,9726,4
2025-12-24 16:46:21,9727,1
2025-12-24 16:46:21,9728,4
2025-12-24 16:46:21,9731,4
2025-12-24 16:46:21,9732,4
2025-12-24 16:46:21,9733,4
2025-12-24 16:46:21,9735,4
2025-12-24 16:46:21,9737,4
2025-12-24 16:46:21,9739,4
2025-12-24 16:46:21,9741,4
2025-12-24 16:46:21,9742,4
2025-12-24 16:46:21,9746,4
2025-12-24 16:46:21,9747,4
2025-12-24 16:46:21,9749,4
2025-12-24 16:46:21,9750,4
2025-12-24 16:46:21,9754,4
2025-12-24 16:46:21,9755,4
2025-12-24 16:46:21,9756,4
2025-12-24 16:46:21,9757,4
2025-12-24 16:46:21,9759,2
2025-12-24 16:46:21,9760,4
2025-12-24 16:46:21,9761,4
2025-12-24 16:46:21,9762,4
2025-12-24 16:46:21,9763,4
2025-12-24 16:46:21,9766,4
2025-12-24 16:46:21,9768,4
2025-12-24 16:46:21,9769,4
2025-12-24 16:46:21,9775,4
2025-12-24 16:46:21,9778,4
2025-12-24 16:46:21,9780,4
2025-12-24 16:46:21,9781,4
2025-12-24 16:46:21,9785,1
2025-12-24 16:46:21,9786,4
2025-12-24 16:46:21,9789,4
2025-12-24 16:46:21,9790,4
2025-12-24 16:46:21,9792,4
2025-12-24 16:46:21,9793,1
2025-12-24 16:46:21,9794,4
2025-12-24 16:46:21,9797,4
2025-12-24 16:46:21,9798,4
2025-12-24 16:46:21,9800,4
2025-12-24 16:46:21,9801,4
2025-12-24 16:46:21,9802,1
2025-12-24 16:46:21,9803,4
2025-12-24 16:46:21,9804,4
2025-12-24 16:46:21,9806,4
2025-12-24 16:46:21,9807,1
2025-12-24 16:46:21,9808,1
2025-12-24 16:46:21,9809,1
2025-12-24 16:46:21,9810,4
2025-12-24 16:46:21,9812,1
2025-12-24 16:46:21,9813,4
2025-12-24 16:46:21,9814,4
2025-12-24 16:46:21,9817,4
2025-12-24 16:46:21,9818,4
2025-12-24 16:46:21,9820,4
2025-12-24 16:46:21,9821,4
2025-12-24 16:46:21,9822,4
2025-12-24 16:46:21,9827,4
2025-12-24 16:46:21,9829,4
2025-12-24 16:46:21,9830,4
2025-12-24 16:46:21,9831,4
2025-12-24 16:46:21,9833,4
2025-12-24 16:46:21,9834,4
2025-12-24 16:46:21,9835,4
2025-12-24 16:46:21,9836,4
2025-12-24 16:46:21,9837,4
2025-12-24 16:46:21,9838,4
2025-12-24 16:46:21,9839,1
2025-12-24 16:46:21,9841,4
2025-12-24 16:46:21,9844,1
2025-12-24 16:46:21,9845,4
2025-12-24 16:46:21,9846,1
2025-12-24 16:46:21,9847,1
2025-12-24 16:46:21,9849,4
2025-12-24 16:46:21,9850,4
2025-12-24 16:46:21,9851,1
2025-12-24 16:46:21,9852,4
2025-12-24 16:46:21,9853,4
2025-12-24 16:46:21,9854,4
2025-12-24 16:46:21,9855,1
2025-12-24 16:46:21,9858,4
2025-12-24 16:46:21,9860,4
2025-12-24 16:46:21,9861,4
2025-12-24 16:46:21,9862,4
2025-12-24 16:46:21,9864,4
2025-12-24 16:46:21,9865,4
2025-12-24 16:46:21,9866,4
2025-12-24 16:46:21,9869,4
2025-12-24 16:46:21,9870,4
2025-12-24 16:46:21,9871,4
2025-12-24 16:46:21,9873,4
2025-12-24 16:46:21,9876,4
2025-12-24 16:46:21,9878,4
2025-12-24 16:46:21,9882,4
2025-12-24 16:46:21,9883,4
2025-12-24 16:46:21,9884,4
2025-12-24 16:46:21,9885,4
2025-12-24 16:46:21,9886,4
2025-12-24 16:46:21,9887,4
2025-12-24 16:46:21,9889,4
2025-12-24 16:46:21,9890,1
2025-12-24 16:46:21,9891,4
2025-12-24 16:46:21,9893,4
2025-12-24 16:46:21,9894,4
2025-12-24 16:46:21,9895,4
2025-12-24 16:46:21,9898,1
2025-12-24 16:46:21,9899,4
2025-12-24 16:46:21,9901,4
2025-12-24 16:46:21,9904,4
2025-12-24 16:46:21,9905,4
2025-12-24 16:46:21,9907,1
2025-12-24 16:46:21,9908,1
2025-12-24 16:46:21,9909,4
2025-12-24 16:46:21,9910,1
2025-12-24 16:46:21,9914,4
2025-12-24 16:46:21,9916,4
2025-12-24 16:46:21,9917,4
2025-12-24 16:46:21,9918,1
2025-12-24 16:46:21,9919,4
2025-12-24 16:46:21,9920,4
2025-12-24 16:46:21,9921,4
2025-12-24 16:46:21,9922,4
2025-12-24 16:46:21,9923,4
2025-12-24 16:46:21,9924,4
2025-12-24 16:46:21,9926,4
2025-12-24 16:46:21,9928,4
2025-12-24 16:46:21,9929,4
2025-12-24 16:46:21,9931,4
2025-12-24 16:46:21,9932,4
2025-12-24 16:46:21,9933,4
2025-12-24 16:46:21,9934,4
2025-12-24 16:46:21,9935,4
2025-12-24 16:46:21,9938,4
2025-12-24 16:46:21,9939,1
2025-12-24 16:46:21,9940,4
2025-12-24 16:46:21,9941,4
2025-12-24 16:46:21,9943,4
2025-12-24 16:46:21,9944,4
2025-12-24 16:46:21,9945,4
2025-12-24 16:46:21,9947,4
2025-12-24 16:46:21,9948,1
2025-12-24 16:46:21,9949,4
2025-12-24 16:46:21,9950,4
2025-12-24 16:46:21,9951,4
2025-12-24 16:46:21,9952,4
2025-12-24 16:46:21,9954,1
2025-12-24 16:46:21,9958,4
2025-12-24 16:46:21,9962,4
2025-12-24 16:46:21,9963,1
2025-12-24 16:46:21,9965,1
2025-12-24 16:46:21,9968,1
2025-12-24 16:46:21,9969,1
2025-12-24 16:46:21,9970,4
2025-12-24 16:46:21,9972,4
2025-12-24 16:46:21,9973,1
2025-12-24 16:46:21,9975,4
2025-12-24 16:46:21,9978,4
2025-12-24 16:46:21,9980,4
2025-12-24 16:46:21,9982,4
2025-12-24 16:46:21,9983,4
2025-12-24 16:46:21,9984,4
2025-12-24 16:46:21,9986,4
2025-12-24 16:46:21,9987,4
2025-12-24 16:46:21,9989,4
2025-12-24 16:46:21,9990,4
2025-12-24 16:46:21,9991,4
2025-12-24 16:46:21,9992,4
2025-12-24 16:46:21,9993,4
2025-12-24 16:46:21,9994,1
2025-12-24 16:46:21,9995,1
2025-12-24 16:46:21,9998,4
2025-12-24 16:46:21,9999,1
2025-12-24 16:46:21,10000,4
2025-12-24 16:46:21,10002,4
2025-12-24 16:46:21,10003,4
2025-12-24 16:46:21,10005,4
2025-12-24 16:46:21,10006,4
2025-12-24 16:46:21,10007,4
2025-12-24 16:46:21,10009,4
2025-12-24 16:46:21,10010,4
2025-12-24 16:46:21,10012,4
2025-12-24 16:46:21,10013,1
2025-12-24 16:46:21,10014,1
2025-12-24 16:46:21,10016,4
2025-12-24 16:46:21,10017,4
2025-12-24 16:46:21,10019,4
2025-12-24 16:46:21,10021,4
2025-12-24 16:46:21,10023,4
2025-12-24 16:46:21,10024,4
2025-12-24 16:46:21,10025,4
2025-12-24 16:46:21,10026,4
2025-12-24 16:46:21,10027,4
2025-12-24 16:46:21,10029,4
2025-12-24 16:46:21,10030,1
2025-12-24 16:46:21,10033,4
2025-12-24 16:46:21,10034,4
2025-12-24 16:46:21,10036,1
2025-12-24 16:46:21,10037,4
2025-12-24 16:46:21,10038,1
2025-12-24 16:46:21,10040,4
2025-12-24 16:46:21,10041,4
2025-12-24 16:46:21,10044,4
2025-12-24 16:46:21,10045,4
2025-12-24 16:46:21,10046,4
2025-12-24 16:46:21,10048,4
2025-12-24 16:46:21,10049,4
2025-12-24 16:46:21,10050,1
2025-12-24 16:46:21,10051,4
2025-12-24 16:46:21,10053,4
2025-12-24 16:46:21,10055,1
2025-12-24 16:46:21,10057,4
2025-12-24 16:46:21,10058,4
2025-12-24 16:46:21,10059,4
2025-12-24 16:46:21,10061,4
2025-12-24 16:46:21,10062,4
2025-12-24 16:46:21,10063,1
2025-12-24 16:46:21,10066,4
2025-12-24 16:46:21,10067,4
2025-12-24 16:46:21,10068,4
2025-12-24 16:46:21,10069,4
2025-12-24 16:46:21,10074,4
2025-12-24 16:46:21,10077,4
2025-12-24 16:46:21,10078,4
2025-12-24 16:46:21,10080,4
2025-12-24 16:46:21,10082,4
2025-12-24 16:46:21,10085,4
2025-12-24 16:46:21,10086,2
2025-12-24 16:46:21,10087,4
2025-12-24 16:46:21,10088,4
2025-12-24 16:46:21,10089,4
2025-12-24 16:46:21,10090,1
2025-12-24 16:46:21,10092,4
2025-12-24 16:46:21,10095,4
2025-12-24 16:46:21,10096,4
2025-12-24 16:46:21,10097,4
2025-12-24 16:46:21,10098,4
2025-12-24 16:46:21,10099,4
2025-12-24 16:46:21,10101,1
2025-12-24 16:46:21,10103,4
2025-12-24 16:46:21,10104,4
2025-12-24 16:46:21,10106,4
2025-12-24 16:46:21,10109,4
2025-12-24 16:46:21,10114,4
2025-12-24 16:46:21,10115,4
2025-12-24 16:46:21,10117,4
2025-12-24 16:46:21,10119,1
2025-12-24 16:46:21,10122,4
2025-12-24 16:46:21,10124,4
2025-12-24 16:46:21,10127,4
2025-12-24 16:46:21,10128,4
2025-12-24 16:46:21,10129,4
2025-12-24 16:46:21,10130,4
2025-12-24 16:46:21,10131,4
2025-12-24 16:46:21,10132,4
2025-12-24 16:46:21,10133,4
2025-12-24 16:46:21,10134,1
2025-12-24 16:46:21,10136,1
2025-12-24 16:46:21,10138,4
2025-12-24 16:46:21,10139,4
2025-12-24 16:46:21,10140,4
2025-12-24 16:46:21,10141,4
2025-12-24 16:46:21,10144,4
2025-12-24 16:46:21,10145,4
2025-12-24 16:46:21,10146,4
2025-12-24 16:46:21,10149,4
2025-12-24 16:46:21,10150,4
2025-12-24 16:46:21,10155,4
2025-12-24 16:46:21,10157,4
2025-12-24 16:46:21,10159,4
2025-12-24 16:46:21,10160,4
2025-12-24 16:46:21,10165,4
2025-12-24 16:46:21,10166,4
2025-12-24 16:46:21,10168,4
2025-12-24 16:46:21,10169,4
2025-12-24 16:46:21,10171,4
2025-12-24 16:46:21,10174,4
2025-12-24 16:46:21,10177,4
2025-12-24 16:46:21,10178,4
2025-12-24 16:46:21,10179,4
2025-12-24 16:46:21,10183,4
2025-12-24 16:46:21,10186,4
2025-12-24 16:46:21,10188,4
2025-12-24 16:46:21,10192,4
2025-12-24 16:46:21,10193,4
2025-12-24 16:46:21,10194,4
2025-12-24 16:46:21,10195,4
2025-12-24 16:46:21,10196,1
2025-12-24 16:46:21,10200,4
2025-12-24 16:46:21,10203,4
2025-12-24 16:46:21,10204,2
2025-12-24 16:46:21,10206,4
2025-12-24 16:46:21,10208,4
2025-12-24 16:46:21,10209,4
2025-12-24 16:46:21,10210,4
2025-12-24 16:46:21,10211,4
2025-12-24 16:46:21,10213,1
2025-12-24 16:46:21,10218,4
2025-12-24 16:46:21,10219,4
2025-12-24 16:46:21,10222,4
2025-12-24 16:46:21,10223,4
2025-12-24 16:46:21,10228,4
2025-12-24 16:46:21,10230,1
2025-12-24 16:46:21,10232,4
2025-12-24 16:46:21,10233,4
2025-12-24 16:46:21,10235,4
2025-12-24 16:46:21,10236,1
2025-12-24 16:46:21,10237,4
2025-12-24 16:46:21,10238,1
2025-12-24 16:46:21,10239,4
2025-12-24 16:46:21,10240,4
2025-12-24 16:46:21,10244,4
2025-12-24 16:46:21,10245,1
2025-12-24 16:46:21,10246,1
2025-12-24 16:46:21,10248,4
2025-12-24 16:46:21,10250,4
2025-12-24 16:46:21,10251,1
2025-12-24 16:46:21,10254,4
2025-12-24 16:46:21,10255,4
2025-12-24 16:46:21,10256,2
2025-12-24 16:46:21,10257,1
2025-12-24 16:46:21,10258,1
2025-12-24 16:46:21,10259,4
2025-12-24 16:46:21,10261,4
2025-12-24 16:46:21,10262,4
2025-12-24 16:46:21,10263,4
2025-12-24 16:46:21,10264,1
2025-12-24 16:46:21,10265,4
2025-12-24 16:46:21,10266,4
2025-12-24 16:46:21,10267,4
2025-12-24 16:46:21,10269,4
2025-12-24 16:46:21,10270,4
2025-12-24 16:46:21,10271,1
2025-12-24 16:46:21,10272,4
2025-12-24 16:46:21,10273,4
2025-12-24 16:46:21,10274,4
2025-12-24 16:46:21,10276,4
2025-12-24 16:46:21,10277,4
2025-12-24 16:46:21,10279,4
2025-12-24 16:46:21,10280,4
2025-12-24 16:46:21,10281,4
2025-12-24 16:46:21,10282,4
2025-12-24 16:46:21,10283,4
2025-12-24 16:46:21,10284,4
2025-12-24 16:46:21,10285,4
2025-12-24 16:46:21,10286,4
2025-12-24 16:46:21,10288,4
2025-12-24 16:46:21,10289,1
2025-12-24 16:46:21,10291,1
2025-12-24 16:46:21,10292,4
2025-12-24 16:46:21,10293,1
2025-12-24 16:46:21,10295,4
2025-12-24 16:46:21,10296,4
2025-12-24 16:46:21,10297,1
2025-12-24 16:46:21,10299,4
2025-12-24 16:46:21,10301,4
2025-12-24 16:46:21,10302,4
2025-12-24 16:46:21,10303,4
2025-12-24 16:46:21,10305,1
2025-12-24 16:46:21,10310,4
2025-12-24 16:46:21,10311,2
2025-12-24 16:46:21,10312,4
2025-12-24 16:46:21,10314,4
2025-12-24 16:46:21,10316,1
2025-12-24 16:46:21,10317,4
2025-12-24 16:46:21,10318,4
2025-12-24 16:46:21,10320,4
2025-12-24 16:46:21,10323,4
2025-12-24 16:46:21,10326,4
2025-12-24 16:46:21,10327,4
2025-12-24 16:46:21,10328,4
2025-12-24 16:46:21,10329,4
2025-12-24 16:46:21,10330,4
2025-12-24 16:46:21,10331,4
2025-12-24 16:46:21,10332,1
2025-12-24 16:46:21,10333,4
2025-12-24 16:46:21,10335,4
2025-12-24 16:46:21,10336,4
2025-12-24 16:46:21,10338,4
2025-12-24 16:46:21,10340,1
2025-12-24 16:46:21,10342,1
2025-12-24 16:46:21,10343,4
2025-12-24 16:46:21,10344,1
2025-12-24 16:46:21,10345,4
2025-12-24 16:46:21,10346,4
2025-12-24 16:46:21,10347,1
2025-12-24 16:46:21,10350,4
2025-12-24 16:46:21,10353,4
2025-12-24 16:46:21,10354,4
2025-12-24 16:46:21,10355,1
2025-12-24 16:46:21,10356,4
2025-12-24 16:46:21,10357,4
2025-12-24 16:46:21,10359,1
2025-12-24 16:46:21,10361,4
2025-12-24 16:46:21,10362,1
2025-12-24 16:46:21,10366,4
2025-12-24 16:46:21,10367,4
2025-12-24 16:46:21,10368,4
2025-12-24 16:46:21,10369,1
2025-12-24 16:46:21,10370,4
2025-12-24 16:46:21,10372,4
2025-12-24 16:46:21,10373,1
2025-12-24 16:46:21,10374,1
2025-12-24 16:46:21,10376,4
2025-12-24 16:46:21,10377,4
2025-12-24 16:46:21,10378,4
2025-12-24 16:46:21,10379,4
2025-12-24 16:46:21,10381,1
2025-12-24 16:46:21,10384,1
2025-12-24 16:46:21,10385,4
2025-12-24 16:46:21,10387,4
2025-12-24 16:46:21,10388,4
2025-12-24 16:46:21,10389,4
2025-12-24 16:46:21,10390,4
2025-12-24 16:46:21,10391,4
2025-12-24 16:46:21,10392,4
2025-12-24 16:46:21,10393,4
2025-12-24 16:46:21,10394,4
2025-12-24 16:46:21,10395,4
2025-12-24 16:46:21,10396,4
2025-12-24 16:46:21,10404,4
2025-12-24 16:46:21,10406,4
2025-12-24 16:46:21,10407,4
2025-12-24 16:46:21,10408,4
2025-12-24 16:46:21,10409,4
2025-12-24 16:46:21,10413,4
2025-12-24 16:46:21,10417,1
2025-12-24 16:46:21,10418,4
2025-12-24 16:46:21,10419,4
2025-12-24 16:46:21,10420,4
2025-12-24 16:46:21,10421,4
2025-12-24 16:46:21,10422,4
2025-12-24 16:46:21,10423,4
2025-12-24 16:46:21,10424,1
2025-12-24 16:46:21,10425,1
2025-12-24 16:46:21,10427,4
2025-12-24 16:46:21,10428,4
2025-12-24 16:46:21,10429,4
2025-12-24 16:46:21,10430,4
2025-12-24 16:46:21,10431,1
2025-12-24 16:46:21,10433,4
2025-12-24 16:46:21,10434,4
2025-12-24 16:46:21,10437,4
2025-12-24 16:46:21,10438,4
2025-12-24 16:46:21,10439,4
2025-12-24 16:46:21,10441,4
2025-12-24 16:46:21,10442,4
2025-12-24 16:46:21,10443,4
2025-12-24 16:46:21,10444,4
2025-12-24 16:46:21,10445,4
2025-12-24 16:46:21,10447,4
2025-12-24 16:46:21,10449,4
2025-12-24 16:46:21,10450,4
2025-12-24 16:46:21,10453,1
2025-12-24 16:46:21,10454,4
2025-12-24 16:46:21,10456,1
2025-12-24 16:46:21,10457,4
2025-12-24 16:46:21,10458,4
2025-12-24 16:46:21,10459,4
2025-12-24 16:46:21,10460,4
2025-12-24 16:46:21,10461,1
2025-12-24 16:46:21,10464,4
2025-12-24 16:46:21,10466,4
2025-12-24 16:46:21,10467,4
2025-12-24 16:46:21,10468,4
2025-12-24 16:46:21,10471,1
2025-12-24 16:46:21,10472,4
2025-12-24 16:46:21,10473,4
2025-12-24 16:46:21,10474,4
2025-12-24 16:46:21,10476,4
2025-12-24 16:46:21,10478,1
2025-12-24 16:46:21,10480,4
2025-12-24 16:46:21,10481,4
2025-12-24 16:46:21,10482,4
2025-12-24 16:46:21,10483,4
2025-12-24 16:46:21,10484,4
2025-12-24 16:46:21,10485,4
2025-12-24 16:46:21,10486,4
2025-12-24 16:46:21,10487,1
2025-12-24 16:46:21,10488,4
2025-12-24 16:46:21,10489,4
2025-12-24 16:46:21,10490,4
2025-12-24 16:46:21,10491,4
2025-12-24 16:46:21,10494,4
2025-12-24 16:46:21,10498,4
2025-12-24 16:46:21,10499,4
2025-12-24 16:46:21,10501,4
2025-12-24 16:46:21,10503,4
2025-12-24 16:46:21,10504,1
2025-12-24 16:46:21,10506,4
2025-12-24 16:46:21,10510,1
2025-12-24 16:46:21,10511,4
2025-12-24 16:46:21,10513,4
2025-12-24 16:46:21,10515,4
2025-12-24 16:46:21,10516,1
2025-12-24 16:46:21,10517,4
2025-12-24 16:46:21,10522,4
2025-12-24 16:46:21,10523,4
2025-12-24 16:46:21,10526,4
2025-12-24 16:46:21,10527,4
2025-12-24 16:46:21,10530,4
2025-12-24 16:46:21,10531,4
2025-12-24 16:46:21,10534,4
2025-12-24 16:46:21,10535,4
2025-12-24 16:46:21,10536,4
2025-12-24 16:46:21,10537,4
2025-12-24 16:46:21,10538,4
2025-12-24 16:46:21,10539,4
2025-12-24 16:46:21,10541,4
2025-12-24 16:46:21,10543,4
2025-12-24 16:46:21,10546,4
2025-12-24 16:46:21,10547,4
2025-12-24 16:46:21,10549,4
2025-12-24 16:46:21,10551,4
2025-12-24 16:46:21,10553,4
2025-12-24 16:46:21,10555,4
2025-12-24 16:46:21,10556,4
2025-12-24 16:46:21,10557,4
2025-12-24 16:46:21,10558,4
2025-12-24 16:46:21,10559,4
2025-12-24 16:46:21,10560,4
2025-12-24 16:46:21,10561,4
2025-12-24 16:46:21,10563,4
2025-12-24 16:46:21,10564,4
2025-12-24 16:46:21,10566,1
2025-12-24 16:46:21,10567,1
2025-12-24 16:46:21,10568,4
2025-12-24 16:46:21,10569,4
2025-12-24 16:46:21,10570,4
2025-12-24 16:46:21,10571,4
2025-12-24 16:46:21,10572,1
2025-12-24 16:46:21,10573,4
2025-12-24 16:46:21,10575,4
2025-12-24 16:46:21,10577,4
2025-12-24 16:46:21,10578,4
2025-12-24 16:46:21,10582,4
2025-12-24 16:46:21,10583,4
2025-12-24 16:46:21,10584,4
2025-12-24 16:46:21,10586,4
2025-12-24 16:46:21,10587,4
2025-12-24 16:46:21,10590,1
2025-12-24 16:46:21,10591,4
2025-12-24 16:46:21,10593,4
2025-12-24 16:46:21,10595,4
2025-12-24 16:46:21,10596,4
2025-12-24 16:46:21,10597,4
2025-12-24 16:46:21,10601,4
2025-12-24 16:46:21,10602,1
2025-12-24 16:46:21,10603,4
2025-12-24 16:46:21,10604,4
2025-12-24 16:46:21,10606,2
2025-12-24 16:46:21,10607,4
2025-12-24 16:46:21,10608,4
2025-12-24 16:46:21,10609,4
2025-12-24 16:46:21,10610,4
2025-12-24 16:46:21,10611,4
2025-12-24 16:46:21,10612,4
2025-12-24 16:46:21,10613,4
2025-12-24 16:46:21,10614,4
2025-12-24 16:46:21,10615,4
2025-12-24 16:46:21,10616,4
2025-12-24 16:46:21,10617,1
2025-12-24 16:46:21,10618,4
2025-12-24 16:46:21,10621,4
2025-12-24 16:46:21,10622,4
2025-12-24 16:46:21,10623,4
2025-12-24 16:46:21,10624,4
2025-12-24 16:46:21,10626,4
2025-12-24 16:46:21,10627,4
2025-12-24 16:46:21,10628,4
2025-12-24 16:46:21,10629,1
2025-12-24 16:46:21,10630,4
2025-12-24 16:46:21,10632,4
2025-12-24 16:46:21,10635,4
2025-12-24 16:46:21,10636,4
2025-12-24 16:46:21,10637,1
2025-12-24 16:46:21,10639,4
2025-12-24 16:46:21,10640,4
2025-12-24 16:46:21,10641,4
2025-12-24 16:46:21,10642,4
2025-12-24 16:46:21,10643,4
2025-12-24 16:46:21,10644,4
2025-12-24 16:46:21,10645,4
2025-12-24 16:46:21,10648,4
2025-12-24 16:46:21,10649,4
2025-12-24 16:46:21,10652,4
2025-12-24 16:46:21,10654,4
2025-12-24 16:46:21,10655,4
2025-12-24 16:46:21,10656,4
2025-12-24 16:46:21,10657,4
2025-12-24 16:46:21,10658,4
2025-12-24 16:46:21,10663,4
2025-12-24 16:46:21,10665,1
2025-12-24 16:46:21,10666,4
2025-12-24 16:46:21,10667,4
2025-12-24 16:46:21,10668,4
2025-12-24 16:46:21,10669,2
2025-12-24 16:46:21,10671,1
2025-12-24 16:46:21,10672,4
2025-12-24 16:46:21,10674,4
2025-12-24 16:46:21,10675,4
2025-12-24 16:46:21,10676,4
2025-12-24 16:46:21,10677,4
2025-12-24 16:46:21,10678,1
2025-12-24 16:46:21,10680,4
2025-12-24 16:46:21,10682,4
2025-12-24 16:46:21,10683,1
2025-12-24 16:46:21,10684,4
2025-12-24 16:46:21,10685,4
2025-12-24 16:46:21,10687,4
2025-12-24 16:46:21,10689,4
2025-12-24 16:46:21,10690,4
2025-12-24 16:46:21,10692,4
2025-12-24 16:46:21,10693,1
2025-12-24 16:46:21,10694,1
2025-12-24 16:46:21,10696,4
2025-12-24 16:46:21,10697,4
2025-12-24 16:46:21,10698,4
2025-12-24 16:46:21,10699,4
2025-12-24 16:46:21,10700,4
2025-12-24 16:46:21,10701,4
2025-12-24 16:46:21,10702,4
2025-12-24 16:46:21,10703,4
2025-12-24 16:46:21,10704,4
2025-12-24 16:46:21,10705,4
2025-12-24 16:46:21,10707,4
2025-12-24 16:46:21,10708,1
2025-12-24 16:46:21,10710,4
2025-12-24 16:46:21,10711,4
2025-12-24 16:46:21,10712,4
2025-12-24 16:46:21,10713,4
2025-12-24 16:46:21,10715,4
2025-12-24 16:46:21,10717,4
2025-12-24 16:46:21,10718,4
2025-12-24 16:46:21,10719,4
2025-12-24 16:46:21,10720,4
2025-12-24 16:46:21,10721,4
2025-12-24 16:46:21,10722,4
2025-12-24 16:46:21,10723,4
2025-12-24 16:46:21,10724,4
2025-12-24 16:46:21,10726,4
2025-12-24 16:46:21,10727,1
2025-12-24 16:46:21,10728,4
2025-12-24 16:46:21,10729,4
2025-12-24 16:46:21,10730,4
2025-12-24 16:46:21,10732,4
2025-12-24 16:46:21,10733,1
2025-12-24 16:46:21,10734,4
2025-12-24 16:46:21,10735,4
2025-12-24 16:46:21,10736,4
2025-12-24 16:46:21,10737,4
2025-12-24 16:46:21,10738,4
2025-12-24 16:46:21,10740,4
2025-12-24 16:46:21,10741,1
2025-12-24 16:46:21,10743,1
2025-12-24 16:46:21,10744,4
2025-12-24 16:46:21,10747,4
2025-12-24 16:46:21,10749,4
2025-12-24 16:46:21,10752,4
2025-12-24 16:46:21,10753,4
2025-12-24 16:46:21,10754,1
2025-12-24 16:46:21,10756,4
2025-12-24 16:46:21,10757,4
2025-12-24 16:46:21,10760,1
2025-12-24 16:46:21,10761,4
2025-12-24 16:46:21,10762,4
2025-12-24 16:46:21,10765,1
2025-12-24 16:46:21,10766,1
2025-12-24 16:46:21,10767,1
2025-12-24 16:46:21,10769,4
2025-12-24 16:46:21,10771,1
2025-12-24 16:46:21,10772,4
2025-12-24 16:46:21,10774,4
2025-12-24 16:46:21,10775,4
2025-12-24 16:46:21,10777,4
2025-12-24 16:46:21,10778,4
2025-12-24 16:46:21,10781,4
2025-12-24 16:46:21,10783,4
2025-12-24 16:46:21,10784,4
2025-12-24 16:46:21,10786,4
2025-12-24 16:46:21,10787,4
2025-12-24 16:46:21,10788,4
2025-12-24 16:46:21,10794,2
2025-12-24 16:46:21,10796,4
2025-12-24 16:46:21,10798,4
2025-12-24 16:46:21,10799,4
2025-12-24 16:46:21,10800,4
2025-12-24 16:46:21,10802,4
2025-12-24 16:46:21,10803,4
2025-12-24 16:46:21,10804,4
2025-12-24 16:46:21,10806,4
2025-12-24 16:46:21,10807,4
2025-12-24 16:46:21,10808,1
2025-12-24 16:46:21,10809,4
2025-12-24 16:46:21,10810,4
2025-12-24 16:46:21,10811,4
2025-12-24 16:46:21,10815,4
2025-12-24 16:46:21,10817,4
2025-12-24 16:46:21,10818,4
2025-12-24 16:46:21,10819,4
2025-12-24 16:46:21,10820,4
2025-12-24 16:46:21,10822,4
2025-12-24 16:46:21,10823,4
2025-12-24 16:46:21,10824,4
2025-12-24 16:46:21,10825,1
2025-12-24 16:46:21,10826,4
2025-12-24 16:46:21,10828,4
2025-12-24 16:46:21,10830,4
2025-12-24 16:46:21,10831,4
2025-12-24 16:46:21,10832,2
2025-12-24 16:46:21,10833,4
2025-12-24 16:46:21,10834,4
2025-12-24 16:46:21,10835,1
2025-12-24 16:46:21,10836,4
2025-12-24 16:46:21,10837,4
2025-12-24 16:46:21,10838,4
2025-12-24 16:46:21,10839,4
2025-12-24 16:46:21,10840,4
2025-12-24 16:46:21,10841,4
2025-12-24 16:46:21,10842,4
2025-12-24 16:46:21,10843,4
2025-12-24 16:46:21,10845,4
2025-12-24 16:46:21,10847,4
2025-12-24 16:46:21,10848,4
2025-12-24 16:46:21,10851,4
2025-12-24 16:46:21,10853,4
2025-12-24 16:46:21,10854,4
2025-12-24 16:46:21,10856,4
2025-12-24 16:46:21,10857,4
2025-12-24 16:46:21,10861,4
2025-12-24 16:46:21,10862,4
2025-12-24 16:46:21,10864,4
2025-12-24 16:46:21,10865,4
2025-12-24 16:46:21,10866,1
2025-12-24 16:46:21,10871,4
2025-12-24 16:46:21,10872,4
2025-12-24 16:46:21,10873,4
2025-12-24 16:46:21,10874,4
2025-12-24 16:46:21,10875,4
2025-12-24 16:46:21,10880,1
2025-12-24 16:46:21,10881,4
2025-12-24 16:46:21,10882,4
2025-12-24 16:46:21,10883,4
2025-12-24 16:46:21,10885,4
2025-12-24 16:46:21,10886,4
2025-12-24 16:46:21,10887,4
2025-12-24 16:46:21,10888,4
2025-12-24 16:46:21,10892,1
2025-12-24 16:46:21,10894,4
2025-12-24 16:46:21,10897,4
2025-12-24 16:46:21,10898,4
2025-12-24 16:46:21,10899,4
2025-12-24 16:46:21,10901,4
2025-12-24 16:46:21,10902,4
2025-12-24 16:46:21,10904,4
2025-12-24 16:46:21,10908,4
2025-12-24 16:46:21,10909,4
2025-12-24 16:46:21,10910,4
2025-12-24 16:46:21,10911,4
2025-12-24 16:46:21,10912,1
2025-12-24 16:46:21,10913,4
2025-12-24 16:46:21,10915,4
2025-12-24 16:46:21,10916,4
2025-12-24 16:46:21,10917,4
2025-12-24 16:46:21,10919,4
2025-12-24 16:46:21,10920,4
2025-12-24 16:46:21,10921,4
2025-12-24 16:46:21,10923,4
2025-12-24 16:46:21,10924,4
2025-12-24 16:46:21,10925,4
2025-12-24 16:46:21,10926,4
2025-12-24 16:46:21,10927,4
2025-12-24 16:46:21,10928,4
2025-12-24 16:46:21,10929,1
2025-12-24 16:46:21,10930,4
2025-12-24 16:46:21,10931,4
2025-12-24 16:46:21,10932,4
2025-12-24 16:46:21,10933,4
2025-12-24 16:46:21,10934,4
2025-12-24 16:46:21,10936,4
2025-12-24 16:46:21,10937,4
2025-12-24 16:46:21,10938,4
2025-12-24 16:46:21,10940,4
2025-12-24 16:46:21,10941,4
2025-12-24 16:46:21,10942,4
2025-12-24 16:46:21,10943,4
2025-12-24 16:46:21,10945,1
2025-12-24 16:46:21,10946,4
2025-12-24 16:46:21,10949,4
2025-12-24 16:46:21,10950,1
2025-12-24 16:46:21,10953,4
2025-12-24 16:46:21,10954,4
2025-12-24 16:46:21,10955,4
2025-12-24 16:46:21,10958,4
2025-12-24 16:46:21,10959,1
2025-12-24 16:46:21,10961,4
2025-12-24 16:46:21,10962,4
2025-12-24 16:46:21,10964,4
2025-12-24 16:46:21,10965,4
2025-12-24 16:46:21,10966,4
2025-12-24 16:46:21,10967,4
2025-12-24 16:46:21,10970,4
2025-12-24 16:46:21,10972,4
2025-12-24 16:46:21,10974,4
2025-12-24 16:46:21,10976,1
2025-12-24 16:46:21,10979,4
2025-12-24 16:46:21,10980,4
2025-12-24 16:46:21,10981,4
2025-12-24 16:46:21,10982,4
2025-12-24 16:46:21,10983,4
2025-12-24 16:46:21,10984,4
2025-12-24 16:46:21,10988,4
2025-12-24 16:46:21,10989,4
2025-12-24 16:46:21,10991,1
2025-12-24 16:46:21,10992,4
2025-12-24 16:46:21,10993,4
2025-12-24 16:46:21,10994,4
2025-12-24 16:46:21,10996,1
2025-12-24 16:46:21,10999,1
2025-12-24 16:46:21,11000,4
2025-12-24 16:46:21,11001,4
2025-12-24 16:46:21,11003,4
2025-12-24 16:46:21,11004,4
2025-12-24 16:46:21,11006,4
2025-12-24 16:46:21,11007,4
2025-12-24 16:46:21,11008,4
2025-12-24 16:46:21,11009,4
2025-12-24 16:46:21,11010,4
2025-12-24 16:46:21,11012,4
2025-12-24 16:46:21,11013,4
2025-12-24 16:46:21,11014,1
2025-12-24 16:46:21,11015,4
2025-12-24 16:46:21,11016,4
2025-12-24 16:46:21,11018,4
2025-12-24 16:46:21,11019,4
2025-12-24 16:46:21,11020,4
2025-12-24 16:46:21,11021,1
2025-12-24 16:46:21,11022,4
2025-12-24 16:46:21,11023,4
2025-12-24 16:46:21,11026,1
2025-12-24 16:46:21,11028,4
2025-12-24 16:46:21,11029,1
2025-12-24 16:46:21,11030,4
2025-12-24 16:46:21,11031,4
2025-12-24 16:46:21,11034,4
2025-12-24 16:46:21,11039,4
2025-12-24 16:46:21,11041,4
2025-12-24 16:46:21,11043,4
2025-12-24 16:46:21,11047,4
2025-12-24 16:46:21,11048,4
2025-12-24 16:46:21,11049,4
2025-12-24 16:46:21,11050,4
2025-12-24 16:46:21,11051,4
2025-12-24 16:46:21,11052,4
2025-12-24 16:46:21,11053,4
2025-12-24 16:46:21,11054,4
2025-12-24 16:46:21,11055,4
2025-12-24 16:46:21,11058,4
2025-12-24 16:46:21,11061,4
2025-12-24 16:46:21,11062,4
2025-12-24 16:46:21,11065,4
2025-12-24 16:46:21,11068,4
2025-12-24 16:46:21,11069,4
2025-12-24 16:46:21,11071,4
2025-12-24 16:46:21,11072,4
2025-12-24 16:46:21,11073,4
2025-12-24 16:46:21,11078,4
2025-12-24 16:46:21,11080,4
2025-12-24 16:46:21,11082,4
2025-12-24 16:46:21,11083,4
2025-12-24 16:46:21,11085,1
2025-12-24 16:46:21,11086,4
2025-12-24 16:46:21,11087,4
2025-12-24 16:46:21,11089,4
2025-12-24 16:46:21,11090,1
2025-12-24 16:46:21,11092,4
2025-12-24 16:46:21,11093,4
2025-12-24 16:46:21,11094,4
2025-12-24 16:46:21,11096,1
2025-12-24 16:46:21,11097,4
2025-12-24 16:46:21,11098,1
2025-12-24 16:46:21,11100,1
2025-12-24 16:46:21,11103,4
2025-12-24 16:46:21,11104,4
2025-12-24 16:46:21,11105,4
2025-12-24 16:46:21,11106,4
2025-12-24 16:46:21,11108,4
2025-12-24 16:46:21,11110,1
2025-12-24 16:46:21,11112,4
2025-12-24 16:46:21,11119,4
2025-12-24 16:46:21,11121,4
2025-12-24 16:46:21,11122,1
2025-12-24 16:46:21,11123,4
2025-12-24 16:46:21,11125,4
2025-12-24 16:46:21,11127,4
2025-12-24 16:46:21,11128,4
2025-12-24 16:46:21,11131,4
2025-12-24 16:46:21,11132,1
2025-12-24 16:46:21,11133,4
2025-12-24 16:46:21,11134,4
2025-12-24 16:46:21,11135,4
2025-12-24 16:46:21,11136,4
2025-12-24 16:46:21,11138,4
2025-12-24 16:46:21,11139,4
2025-12-24 16:46:21,11140,4
2025-12-24 16:46:21,11142,4
2025-12-24 16:46:21,11143,4
2025-12-24 16:46:21,11144,4
2025-12-24 16:46:21,11145,4
2025-12-24 16:46:21,11146,2
2025-12-24 16:46:21,11148,4
2025-12-24 16:46:21,11152,4
2025-12-24 16:46:21,11153,4
2025-12-24 16:46:21,11155,4
2025-12-24 16:46:21,11156,4
2025-12-24 16:46:21,11157,1
2025-12-24 16:46:21,11158,4
2025-12-24 16:46:21,11159,4
2025-12-24 16:46:21,11163,4
2025-12-24 16:46:21,11164,4
2025-12-24 16:46:21,11165,2
2025-12-24 16:46:21,11166,4
2025-12-24 16:46:21,11168,4
2025-12-24 16:46:21,11171,4
2025-12-24 16:46:21,11172,4
2025-12-24 16:46:21,11174,4
2025-12-24 16:46:21,11177,4
2025-12-24 16:46:21,11178,1
2025-12-24 16:46:21,11179,4
2025-12-24 16:46:21,11183,4
2025-12-24 16:46:21,11185,4
2025-12-24 16:46:21,11186,1
2025-12-24 16:46:21,11188,4
2025-12-24 16:46:21,11189,4
2025-12-24 16:46:21,11191,4
2025-12-24 16:46:21,11192,4
2025-12-24 16:46:21,11193,4
2025-12-24 16:46:21,11194,4
2025-12-24 16:46:21,11196,4
2025-12-24 16:46:21,11197,4
2025-12-24 16:46:21,11199,4
2025-12-24 16:46:21,11200,1
2025-12-24 16:46:21,11203,4
2025-12-24 16:46:21,11204,4
2025-12-24 16:46:21,11205,4
2025-12-24 16:46:21,11206,4
2025-12-24 16:46:21,11207,4
2025-12-24 16:46:21,11208,1
2025-12-24 16:46:21,11209,4
2025-12-24 16:46:21,11211,4
2025-12-24 16:46:21,11213,1
2025-12-24 16:46:21,11216,4
2025-12-24 16:46:21,11217,4
2025-12-24 16:46:21,11219,1
2025-12-24 16:46:21,11220,4
2025-12-24 16:46:21,11225,4
2025-12-24 16:46:21,11226,4
2025-12-24 16:46:21,11227,4
2025-12-24 16:46:21,11231,1
2025-12-24 16:46:21,11233,4
2025-12-24 16:46:21,11234,4
2025-12-24 16:46:21,11236,4
2025-12-24 16:46:21,11237,4
2025-12-24 16:46:21,11241,4
2025-12-24 16:46:21,11244,4
2025-12-24 16:46:21,11247,4
2025-12-24 16:46:21,11252,4
2025-12-24 16:46:21,11253,4
2025-12-24 16:46:21,11255,4
2025-12-24 16:46:21,11257,4
2025-12-24 16:46:21,11258,4
2025-12-24 16:46:21,11259,4
2025-12-24 16:46:21,11260,4
2025-12-24 16:46:21,11261,4
2025-12-24 16:46:21,11264,4
2025-12-24 16:46:21,11265,4
2025-12-24 16:46:21,11268,4
2025-12-24 16:46:21,11269,4
2025-12-24 16:46:21,11270,4
2025-12-24 16:46:21,11271,1
2025-12-24 16:46:21,11272,4
2025-12-24 16:46:21,11273,4
2025-12-24 16:46:21,11274,1
2025-12-24 16:46:21,11275,4
2025-12-24 16:46:21,11276,4
2025-12-24 16:46:21,11277,4
2025-12-24 16:46:21,11278,4
2025-12-24 16:46:21,11279,4
2025-12-24 16:46:21,11280,4
2025-12-24 16:46:21,11281,4
2025-12-24 16:46:21,11282,4
2025-12-24 16:46:21,11283,4
2025-12-24 16:46:21,11284,4
2025-12-24 16:46:21,11286,1
2025-12-24 16:46:21,11287,4
2025-12-24 16:46:21,11288,4
2025-12-24 16:46:21,11289,4
2025-12-24 16:46:21,11292,4
2025-12-24 16:46:21,11293,4
2025-12-24 16:46:21,11294,4
2025-12-24 16:46:21,11295,1
2025-12-24 16:46:21,11296,4
2025-12-24 16:46:21,11299,4
2025-12-24 16:46:21,11300,4
2025-12-24 16:46:21,11301,1
2025-12-24 16:46:21,11302,1
2025-12-24 16:46:21,11304,4
2025-12-24 16:46:21,11305,4
2025-12-24 16:46:21,11306,4
2025-12-24 16:46:21,11307,4
2025-12-24 16:46:21,11309,4
2025-12-24 16:46:21,11310,1
2025-12-24 16:46:21,11312,4
2025-12-24 16:46:21,11313,4
2025-12-24 16:46:21,11314,4
2025-12-24 16:46:21,11316,4
2025-12-24 16:46:21,11317,4
2025-12-24 16:46:21,11320,4
2025-12-24 16:46:21,11321,4
2025-12-24 16:46:21,11324,4
2025-12-24 16:46:21,11325,4
2025-12-24 16:46:21,11326,1
2025-12-24 16:46:21,11328,1
2025-12-24 16:46:21,11329,2
2025-12-24 16:46:21,11333,4
2025-12-24 16:46:21,11334,1
2025-12-24 16:46:21,11336,4
2025-12-24 16:46:21,11338,4
2025-12-24 16:46:21,11339,4
2025-12-24 16:46:21,11340,4
2025-12-24 16:46:21,11341,4
2025-12-24 16:46:21,11342,1
2025-12-24 16:46:21,11344,4
2025-12-24 16:46:21,11345,4
2025-12-24 16:46:21,11348,4
2025-12-24 16:46:21,11349,4
2025-12-24 16:46:21,11354,1
2025-12-24 16:46:21,11355,4
2025-12-24 16:46:21,11356,1
2025-12-24 16:46:21,11357,1
2025-12-24 16:46:21,11358,4
2025-12-24 16:46:21,11359,4
2025-12-24 16:46:21,11361,1
2025-12-24 16:46:21,11363,4
2025-12-24 16:46:21,11366,4
2025-12-24 16:46:21,11367,4
2025-12-24 16:46:21,11370,4
2025-12-24 16:46:21,11376,1
2025-12-24 16:46:21,11379,4
2025-12-24 16:46:21,11380,4
2025-12-24 16:46:21,11381,1
2025-12-24 16:46:21,11384,4
2025-12-24 16:46:21,11386,1
2025-12-24 16:46:21,11387,4
2025-12-24 16:46:21,11390,4
2025-12-24 16:46:21,11391,4
2025-12-24 16:46:21,11392,4
2025-12-24 16:46:21,11394,4
2025-12-24 16:46:21,11395,4
2025-12-24 16:46:21,11396,4
2025-12-24 16:46:21,11398,4
2025-12-24 16:46:21,11399,4
2025-12-24 16:46:21,11401,4
2025-12-24 16:46:21,11402,4
2025-12-24 16:46:21,11404,1
2025-12-24 16:46:21,11408,4
2025-12-24 16:46:21,11409,4
2025-12-24 16:46:21,11411,4
2025-12-24 16:46:21,11416,4
2025-12-24 16:46:21,11417,4
2025-12-24 16:46:21,11419,4
2025-12-24 16:46:21,11422,4
2025-12-24 16:46:21,11423,4
2025-12-24 16:46:21,11425,4
2025-12-24 16:46:21,11426,4
2025-12-24 16:46:21,11427,1
2025-12-24 16:46:21,11428,4
2025-12-24 16:46:21,11430,4
2025-12-24 16:46:21,11431,4
2025-12-24 16:46:21,11433,4
2025-12-24 16:46:21,11435,4
2025-12-24 16:46:21,11437,4
2025-12-24 16:46:21,11438,4
2025-12-24 16:46:21,11439,4
2025-12-24 16:46:21,11441,4
2025-12-24 16:46:21,11443,4
2025-12-24 16:46:21,11444,4
2025-12-24 16:46:21,11448,4
2025-12-24 16:46:21,11450,1
2025-12-24 16:46:21,11451,4
2025-12-24 16:46:21,11452,4
2025-12-24 16:46:21,11453,4
2025-12-24 16:46:21,11454,4
2025-12-24 16:46:21,11456,4
2025-12-24 16:46:21,11457,4
2025-12-24 16:46:21,11458,1
2025-12-24 16:46:21,11460,4
2025-12-24 16:46:21,11461,4
2025-12-24 16:46:21,11463,4
2025-12-24 16:46:21,11464,4
2025-12-24 16:46:21,11466,1
2025-12-24 16:46:21,11467,4
2025-12-24 16:46:21,11468,1
2025-12-24 16:46:21,11470,4
2025-12-24 16:46:21,11472,4
2025-12-24 16:46:21,11473,4
2025-12-24 16:46:21,11474,4
2025-12-24 16:46:21,11476,4
2025-12-24 16:46:21,11477,4
2025-12-24 16:46:21,11481,4
2025-12-24 16:46:21,11484,4
2025-12-24 16:46:21,11485,4
2025-12-24 16:46:21,11486,4
2025-12-24 16:46:21,11488,4
2025-12-24 16:46:21,11489,4
2025-12-24 16:46:21,11490,4
2025-12-24 16:46:21,11491,4
2025-12-24 16:46:21,11492,1
2025-12-24 16:46:21,11493,4
2025-12-24 16:46:21,11494,1
2025-12-24 16:46:21,11495,4
2025-12-24 16:46:21,11496,4
2025-12-24 16:46:21,11498,4
2025-12-24 16:46:21,11499,1
2025-12-24 16:46:21,11500,4
2025-12-24 16:46:21,11502,1
2025-12-24 16:46:21,11503,4
2025-12-24 16:46:21,11504,4
2025-12-24 16:46:21,11505,4
2025-12-24 16:46:21,11506,4
2025-12-24 16:46:21,11507,4
2025-12-24 16:46:21,11508,4
2025-12-24 16:46:21,11509,4
2025-12-24 16:46:21,11510,4
2025-12-24 16:46:21,11511,4
2025-12-24 16:46:21,11513,4
2025-12-24 16:46:21,11514,4
2025-12-24 16:46:21,11515,4
2025-12-24 16:46:21,11516,4
2025-12-24 16:46:21,11517,4
2025-12-24 16:46:21,11518,4
2025-12-24 16:46:21,11521,4
2025-12-24 16:46:21,11524,4
2025-12-24 16:46:21,11525,4
2025-12-24 16:46:21,11526,4
2025-12-24 16:46:21,11528,4
2025-12-24 16:46:21,11529,4
2025-12-24 16:46:21,11532,4
2025-12-24 16:46:21,11533,4
2025-12-24 16:46:21,11535,4
2025-12-24 16:46:21,11537,4
2025-12-24 16:46:21,11538,4
2025-12-24 16:46:21,11539,4
2025-12-24 16:46:21,11540,4
2025-12-24 16:46:21,11541,4
2025-12-24 16:46:21,11542,4
2025-12-24 16:46:21,11543,4
2025-12-24 16:46:21,11544,4
2025-12-24 16:46:21,11547,4
2025-12-24 16:46:21,11548,4
2025-12-24 16:46:21,11549,4
2025-12-24 16:46:21,11550,4
2025-12-24 16:46:21,11551,4
2025-12-24 16:46:21,11552,4
2025-12-24 16:46:21,11553,4
2025-12-24 16:46:21,11555,4
2025-12-24 16:46:21,11556,4
2025-12-24 16:46:21,11557,4
2025-12-24 16:46:21,11559,1
2025-12-24 16:46:21,11560,4
2025-12-24 16:46:21,11561,4
2025-12-24 16:46:21,11563,1
2025-12-24 16:46:21,11565,4
2025-12-24 16:46:21,11566,1
2025-12-24 16:46:21,11567,4
2025-12-24 16:46:21,11568,4
2025-12-24 16:46:21,11569,4
2025-12-24 16:46:21,11570,4
2025-12-24 16:46:21,11571,4
2025-12-24 16:46:21,11573,4
2025-12-24 16:46:21,11575,4
2025-12-24 16:46:21,11576,4
2025-12-24 16:46:21,11577,4
2025-12-24 16:46:21,11579,4
2025-12-24 16:46:21,11580,1
2025-12-24 16:46:21,11581,4
2025-12-24 16:46:21,11583,4
2025-12-24 16:46:21,11585,4
2025-12-24 16:46:21,11586,4
2025-12-24 16:46:21,11587,4
2025-12-24 16:46:21,11589,1
2025-12-24 16:46:21,11590,4
2025-12-24 16:46:21,11591,4
2025-12-24 16:46:21,11592,4
2025-12-24 16:46:21,11593,4
2025-12-24 16:46:21,11594,4
2025-12-24 16:46:21,11598,4
2025-12-24 16:46:21,11599,4
2025-12-24 16:46:21,11601,4
2025-12-24 16:46:21,11602,4
2025-12-24 16:46:21,11603,4
2025-12-24 16:46:21,11605,4
2025-12-24 16:46:21,11606,4
2025-12-24 16:46:21,11608,4
2025-12-24 16:46:21,11610,4
2025-12-24 16:46:21,11612,1
2025-12-24 16:46:21,11614,4
2025-12-24 16:46:21,11615,4
2025-12-24 16:46:21,11616,4
2025-12-24 16:46:21,11618,4
2025-12-24 16:46:21,11619,1
2025-12-24 16:46:21,11620,1
2025-12-24 16:46:21,11621,4
2025-12-24 16:46:21,11622,4
2025-12-24 16:46:21,11623,1
2025-12-24 16:46:21,11624,4
2025-12-24 16:46:21,11626,1
2025-12-24 16:46:21,11630,4
2025-12-24 16:46:21,11631,4
2025-12-24 16:46:21,11633,4
2025-12-24 16:46:21,11634,4
2025-12-24 16:46:21,11636,4
2025-12-24 16:46:21,11637,4
2025-12-24 16:46:21,11638,4
2025-12-24 16:46:21,11641,4
2025-12-24 16:46:21,11642,1
2025-12-24 16:46:21,11643,4
2025-12-24 16:46:21,11645,4
2025-12-24 16:46:21,11646,4
2025-12-24 16:46:21,11647,4
2025-12-24 16:46:21,11650,4
2025-12-24 16:46:21,11653,4
2025-12-24 16:46:21,11655,1
2025-12-24 16:46:21,11656,4
2025-12-24 16:46:21,11657,1
2025-12-24 16:46:21,11658,4
2025-12-24 16:46:21,11659,4
2025-12-24 16:46:21,11662,1
2025-12-24 16:46:21,11665,4
2025-12-24 16:46:21,11668,4
2025-12-24 16:46:21,11670,1
2025-12-24 16:46:21,11671,4
2025-12-24 16:46:21,11672,4
2025-12-24 16:46:21,11673,4
2025-12-24 16:46:21,11674,1
2025-12-24 16:46:21,11677,4
2025-12-24 16:46:21,11678,4
2025-12-24 16:46:21,11679,4
2025-12-24 16:46:21,11680,1
2025-12-24 16:46:21,11681,4
2025-12-24 16:46:21,11682,4
2025-12-24 16:46:21,11684,4
2025-12-24 16:46:21,11686,4
2025-12-24 16:46:21,11687,4
2025-12-24 16:46:21,11689,4
2025-12-24 16:46:21,11691,4
2025-12-24 16:46:21,11692,4
2025-12-24 16:46:21,11693,4
2025-12-24 16:46:21,11694,1
2025-12-24 16:46:21,11696,4
2025-12-24 16:46:21,11697,4
2025-12-24 16:46:21,11700,4
2025-12-24 16:46:21,11701,4
2025-12-24 16:46:21,11702,4
2025-12-24 16:46:21,11705,1
2025-12-24 16:46:21,11706,4
2025-12-24 16:46:21,11707,4
2025-12-24 16:46:21,11708,4
2025-12-24 16:46:21,11709,4
2025-12-24 16:46:21,11710,4
2025-12-24 16:46:21,11711,4
2025-12-24 16:46:21,11712,4
2025-12-24 16:46:21,11713,4
2025-12-24 16:46:21,11716,4
2025-12-24 16:46:21,11717,1
2025-12-24 16:46:21,11718,4
2025-12-24 16:46:21,11719,4
2025-12-24 16:46:21,11720,4
2025-12-24 16:46:21,11721,4
2025-12-24 16:46:21,11723,4
2025-12-24 16:46:21,11725,4
2025-12-24 16:46:21,11727,4
2025-12-24 16:46:21,11728,4
2025-12-24 16:46:21,11729,1
2025-12-24 16:46:21,11730,4
2025-12-24 16:46:21,11731,4
2025-12-24 16:46:21,11732,4
2025-12-24 16:46:21,11733,4
2025-12-24 16:46:21,11734,4
2025-12-24 16:46:21,11735,4
2025-12-24 16:46:21,11737,4
2025-12-24 16:46:21,11738,4
2025-12-24 16:46:21,11739,4
2025-12-24 16:46:21,11740,4
2025-12-24 16:46:21,11741,4
2025-12-24 16:46:21,11743,4
2025-12-24 16:46:21,11746,4
2025-12-24 16:46:21,11747,4
2025-12-24 16:46:21,11748,4
2025-12-24 16:46:21,11749,4
2025-12-24 16:46:21,11753,1
2025-12-24 16:46:21,11757,4
2025-12-24 16:46:21,11758,4
2025-12-24 16:46:21,11759,4
2025-12-24 16:46:21,11760,4
2025-12-24 16:46:21,11761,4
2025-12-24 16:46:21,11762,1
2025-12-24 16:46:21,11764,1
2025-12-24 16:46:21,11765,1
2025-12-24 16:46:21,11766,4
2025-12-24 16:46:21,11767,4
2025-12-24 16:46:21,11769,4
2025-12-24 16:46:21,11772,4
2025-12-24 16:46:21,11773,4
2025-12-24 16:46:21,11774,4
2025-12-24 16:46:21,11775,4
2025-12-24 16:46:21,11776,4
2025-12-24 16:46:21,11777,4
2025-12-24 16:46:21,11778,4
2025-12-24 16:46:21,11779,4
2025-12-24 16:46:21,11781,4
2025-12-24 16:46:21,11782,4
2025-12-24 16:46:21,11783,4
2025-12-24 16:46:21,11784,4
2025-12-24 16:46:21,11785,4
2025-12-24 16:46:21,11786,4
2025-12-24 16:46:21,11788,4
2025-12-24 16:46:21,11789,4
2025-12-24 16:46:21,11791,1
2025-12-24 16:46:21,11793,4
2025-12-24 16:46:21,11794,4
2025-12-24 16:46:21,11795,4
2025-12-24 16:46:21,11796,4
2025-12-24 16:46:21,11797,4
2025-12-24 16:46:21,11798,4
2025-12-24 16:46:21,11799,4
2025-12-24 16:46:21,11804,1
2025-12-24 16:46:21,11805,4
2025-12-24 16:46:21,11807,1
2025-12-24 16:46:21,11808,4
2025-12-24 16:46:21,11809,4
2025-12-24 16:46:21,11810,4
2025-12-24 16:46:21,11811,1
2025-12-24 16:46:21,11812,4
2025-12-24 16:46:21,11813,4
2025-12-24 16:46:21,11814,4
2025-12-24 16:46:21,11817,1
2025-12-24 16:46:21,11820,1
2025-12-24 16:46:21,11823,4
2025-12-24 16:46:21,11824,4
2025-12-24 16:46:21,11825,4
2025-12-24 16:46:21,11826,4
2025-12-24 16:46:21,11828,4
2025-12-24 16:46:21,11830,4
2025-12-24 16:46:21,11832,4
2025-12-24 16:46:21,11833,1
2025-12-24 16:46:21,11834,4
2025-12-24 16:46:21,11837,4
2025-12-24 16:46:21,11840,4
2025-12-24 16:46:21,11841,4
2025-12-24 16:46:21,11842,4
2025-12-24 16:46:21,11844,4
2025-12-24 16:46:21,11846,4
2025-12-24 16:46:21,11847,4
2025-12-24 16:46:21,11849,4
2025-12-24 16:46:21,11850,4
2025-12-24 16:46:21,11855,1
2025-12-24 16:46:21,11856,4
2025-12-24 16:46:21,11857,4
2025-12-24 16:46:21,11860,4
2025-12-24 16:46:21,11861,4
2025-12-24 16:46:21,11862,4
2025-12-24 16:46:21,11863,4
2025-12-24 16:46:21,11864,4
2025-12-24 16:46:21,11865,4
2025-12-24 16:46:21,11867,4
2025-12-24 16:46:21,11868,4
2025-12-24 16:46:21,11869,4
2025-12-24 16:46:21,11870,4
2025-12-24 16:46:21,11872,4
2025-12-24 16:46:21,11874,1
2025-12-24 16:46:21,11875,4
2025-12-24 16:46:21,11876,1
2025-12-24 16:46:21,11877,1
2025-12-24 16:46:21,11878,4
2025-12-24 16:46:21,11883,4
2025-12-24 16:46:21,11884,4
2025-12-24 16:46:21,11885,4
2025-12-24 16:46:21,11888,4
2025-12-24 16:46:21,11890,4
2025-12-24 16:46:21,11891,4
2025-12-24 16:46:21,11892,4
2025-12-24 16:46:21,11893,4
2025-12-24 16:46:21,11894,2
2025-12-24 16:46:21,11897,4
2025-12-24 16:46:21,11900,4
2025-12-24 16:46:21,11901,2
2025-12-24 16:46:21,11903,4
2025-12-24 16:46:21,11904,4
2025-12-24 16:46:21,11905,4
2025-12-24 16:46:21,11906,4
2025-12-24 16:46:21,11907,4
2025-12-24 16:46:21,11908,1
2025-12-24 16:46:21,11909,4
2025-12-24 16:46:21,11912,4
2025-12-24 16:46:21,11914,4
2025-12-24 16:46:21,11915,4
2025-12-24 16:46:21,11917,4
2025-12-24 16:46:21,11919,4
2025-12-24 16:46:21,11921,4
2025-12-24 16:46:21,11922,4
2025-12-24 16:46:21,11923,4
2025-12-24 16:46:21,11924,1
2025-12-24 16:46:21,11926,4
2025-12-24 16:46:21,11927,1
2025-12-24 16:46:21,11929,4
2025-12-24 16:46:21,11931,4
2025-12-24 16:46:21,11933,1
2025-12-24 16:46:21,11934,4
2025-12-24 16:46:21,11935,4
2025-12-24 16:46:21,11936,4
2025-12-24 16:46:21,11937,1
2025-12-24 16:46:21,11941,1
2025-12-24 16:46:21,11942,4
2025-12-24 16:46:21,11943,4
2025-12-24 16:46:21,11944,4
2025-12-24 16:46:21,11948,2
2025-12-24 16:46:21,11950,4
2025-12-24 16:46:21,11951,4
2025-12-24 16:46:21,11952,4
2025-12-24 16:46:21,11955,4
2025-12-24 16:46:21,11956,4
2025-12-24 16:46:21,11957,4
2025-12-24 16:46:21,11958,4
2025-12-24 16:46:21,11959,1
2025-12-24 16:46:21,11961,4
2025-12-24 16:46:21,11963,1
2025-12-24 16:46:21,11964,4
2025-12-24 16:46:21,11965,4
2025-12-24 16:46:21,11966,4
2025-12-24 16:46:21,11967,4
2025-12-24 16:46:21,11968,4
2025-12-24 16:46:21,11969,4
2025-12-24 16:46:21,11970,4
2025-12-24 16:46:21,11971,4
2025-12-24 16:46:21,11972,4
2025-12-24 16:46:21,11974,4
2025-12-24 16:46:21,11978,1
2025-12-24 16:46:21,11979,4
2025-12-24 16:46:21,11980,4
2025-12-24 16:46:21,11981,4
2025-12-24 16:46:21,11982,4
2025-12-24 16:46:21,11983,4
2025-12-24 16:46:21,11984,4
2025-12-24 16:46:21,11986,4
2025-12-24 16:46:21,11987,4
2025-12-24 16:46:21,11988,4
2025-12-24 16:46:21,11989,4
2025-12-24 16:46:21,11992,4
2025-12-24 16:46:21,11993,4
2025-12-24 16:46:21,11995,4
2025-12-24 16:46:21,11996,1
2025-12-24 16:46:21,11997,4
2025-12-24 16:46:21,11998,1
2025-12-24 16:46:21,12000,4
2025-12-24 16:46:21,12003,4
2025-12-24 16:46:21,12004,1
2025-12-24 16:46:21,12005,1
2025-12-24 16:46:21,12006,4
2025-12-24 16:46:21,12008,4
2025-12-24 16:46:21,12009,1
2025-12-24 16:46:21,12010,4
2025-12-24 16:46:21,12011,4
2025-12-24 16:46:21,12013,1
2025-12-24 16:46:21,12014,4
2025-12-24 16:46:21,12015,4
2025-12-24 16:46:21,12016,4
2025-12-24 16:46:21,12017,4
2025-12-24 16:46:21,12020,4
2025-12-24 16:46:21,12021,4
2025-12-24 16:46:21,12022,4
2025-12-24 16:46:21,12026,4
2025-12-24 16:46:21,12027,4
2025-12-24 16:46:21,12029,4
2025-12-24 16:46:21,12031,4
2025-12-24 16:46:21,12032,4
2025-12-24 16:46:21,12033,1
2025-12-24 16:46:21,12034,4
2025-12-24 16:46:21,12035,4
2025-12-24 16:46:21,12038,4
2025-12-24 16:46:21,12039,4
2025-12-24 16:46:21,12042,4
2025-12-24 16:46:21,12044,4
2025-12-24 16:46:21,12045,4
2025-12-24 16:46:21,12047,4
2025-12-24 16:46:21,12048,1
2025-12-24 16:46:21,12049,4
2025-12-24 16:46:21,12050,4
2025-12-24 16:46:21,12051,4
2025-12-24 16:46:21,12053,4
2025-12-24 16:46:21,12055,4
2025-12-24 16:46:21,12056,4
2025-12-24 16:46:21,12057,4
2025-12-24 16:46:21,12058,4
2025-12-24 16:46:21,12059,4
2025-12-24 16:46:21,12060,4
2025-12-24 16:46:21,12061,4
2025-12-24 16:46:21,12062,4
2025-12-24 16:46:21,12064,4
2025-12-24 16:46:21,12065,4
2025-12-24 16:46:21,12069,4
2025-12-24 16:46:21,12070,4
2025-12-24 16:46:21,12071,1
2025-12-24 16:46:21,12073,1
2025-12-24 16:46:21,12075,4
2025-12-24 16:46:21,12076,4
2025-12-24 16:46:21,12082,4
2025-12-24 16:46:21,12083,4
2025-12-24 16:46:21,12087,4
2025-12-24 16:46:21,12093,4
2025-12-24 16:46:21,12094,4
2025-12-24 16:46:21,12097,4
2025-12-24 16:46:21,12098,4
2025-12-24 16:46:21,12099,1
2025-12-24 16:46:21,12100,4
2025-12-24 16:46:21,12102,4
2025-12-24 16:46:21,12103,4
2025-12-24 16:46:21,12104,4
2025-12-24 16:46:21,12105,4
2025-12-24 16:46:21,12108,4
2025-12-24 16:46:21,12109,4
2025-12-24 16:46:21,12110,4
2025-12-24 16:46:21,12111,4
2025-12-24 16:46:21,12113,4
2025-12-24 16:46:21,12116,1
2025-12-24 16:46:21,12117,4
2025-12-24 16:46:21,12119,4
2025-12-24 16:46:21,12120,4
2025-12-24 16:46:21,12121,4
2025-12-24 16:46:21,12122,4
2025-12-24 16:46:21,12123,4
2025-12-24 16:46:21,12124,1
2025-12-24 16:46:21,12125,4
2025-12-24 16:46:21,12126,1
2025-12-24 16:46:21,12128,1
2025-12-24 16:46:21,12129,1
2025-12-24 16:46:21,12130,4
2025-12-24 16:46:21,12131,4
2025-12-24 16:46:21,12133,4
2025-12-24 16:46:21,12138,4
2025-12-24 16:46:21,12139,1
2025-12-24 16:46:21,12140,1
2025-12-24 16:46:21,12141,4
2025-12-24 16:46:21,12143,4
2025-12-24 16:46:21,12144,4
2025-12-24 16:46:21,12146,1
2025-12-24 16:46:21,12147,4
2025-12-24 16:46:21,12148,4
2025-12-24 16:46:21,12149,4
2025-12-24 16:46:21,12152,1
2025-12-24 16:46:21,12153,4
2025-12-24 16:46:21,12154,4
2025-12-24 16:46:21,12155,4
2025-12-24 16:46:21,12156,4
2025-12-24 16:46:21,12157,4
2025-12-24 16:46:21,12158,1
2025-12-24 16:46:21,12160,4
2025-12-24 16:46:21,12161,4
2025-12-24 16:46:21,12164,1
2025-12-24 16:46:21,12167,4
2025-12-24 16:46:21,12168,1
2025-12-24 16:46:21,12169,4
2025-12-24 16:46:21,12171,4
2025-12-24 16:46:21,12172,4
2025-12-24 16:46:21,12173,4
2025-12-24 16:46:21,12174,1
2025-12-24 16:46:21,12175,1
2025-12-24 16:46:21,12177,4
2025-12-24 16:46:21,12178,4
2025-12-24 16:46:21,12180,4
2025-12-24 16:46:21,12183,1
2025-12-24 16:46:21,12184,4
2025-12-24 16:46:21,12185,4
2025-12-24 16:46:21,12187,4
2025-12-24 16:46:21,12188,4
2025-12-24 16:46:21,12189,4
2025-12-24 16:46:21,12190,4
2025-12-24 16:46:21,12192,1
2025-12-24 16:46:21,12193,1
2025-12-24 16:46:21,12195,4
2025-12-24 16:46:21,12196,4
2025-12-24 16:46:21,12197,4
2025-12-24 16:46:21,12199,4
2025-12-24 16:46:21,12200,4
2025-12-24 16:46:21,12201,4
2025-12-24 16:46:21,12203,4
2025-12-24 16:46:21,12205,4
2025-12-24 16:46:21,12206,4
2025-12-24 16:46:21,12207,4
2025-12-24 16:46:21,12208,1
2025-12-24 16:46:21,12210,4
2025-12-24 16:46:21,12212,4
2025-12-24 16:46:21,12213,4
2025-12-24 16:46:21,12214,4
2025-12-24 16:46:21,12215,4
2025-12-24 16:46:21,12216,1
2025-12-24 16:46:21,12217,1
2025-12-24 16:46:21,12219,4
2025-12-24 16:46:21,12221,4
2025-12-24 16:46:21,12224,4
2025-12-24 16:46:21,12227,4
2025-12-24 16:46:21,12228,4
2025-12-24 16:46:21,12229,4
2025-12-24 16:46:21,12230,4
2025-12-24 16:46:21,12231,1
2025-12-24 16:46:21,12232,4
2025-12-24 16:46:21,12234,4
2025-12-24 16:46:21,12235,4
2025-12-24 16:46:21,12236,4
2025-12-24 16:46:21,12238,4
2025-12-24 16:46:21,12239,4
2025-12-24 16:46:21,12240,4
2025-12-24 16:46:21,12241,4
2025-12-24 16:46:21,12242,4
2025-12-24 16:46:21,12243,4
2025-12-24 16:46:21,12244,4
2025-12-24 16:46:21,12245,4
2025-12-24 16:46:21,12246,4
2025-12-24 16:46:21,12248,1
2025-12-24 16:46:21,12249,4
2025-12-24 16:46:21,12252,4
2025-12-24 16:46:21,12253,4
2025-12-24 16:46:21,12254,4
2025-12-24 16:46:21,12255,4
2025-12-24 16:46:21,12256,4
2025-12-24 16:46:21,12260,4
2025-12-24 16:46:21,12261,4
2025-12-24 16:46:21,12263,4
2025-12-24 16:46:21,12264,4
2025-12-24 16:46:21,12266,4
2025-12-24 16:46:21,12267,4
2025-12-24 16:46:21,12268,4
2025-12-24 16:46:21,12269,1
2025-12-24 16:46:21,12272,4
2025-12-24 16:46:21,12273,4
2025-12-24 16:46:21,12274,4
2025-12-24 16:46:21,12275,4
2025-12-24 16:46:21,12277,4
2025-12-24 16:46:21,12279,4
2025-12-24 16:46:21,12280,4
2025-12-24 16:46:21,12282,4
2025-12-24 16:46:21,12283,4
2025-12-24 16:46:21,12287,4
2025-12-24 16:46:21,12289,4
2025-12-24 16:46:21,12290,1
2025-12-24 16:46:21,12293,4
2025-12-24 16:46:21,12295,4
2025-12-24 16:46:21,12298,4
2025-12-24 16:46:21,12299,4
2025-12-24 16:46:21,12301,4
2025-12-24 16:46:21,12302,4
2025-12-24 16:46:21,12304,2
2025-12-24 16:46:21,12305,4
2025-12-24 16:46:21,12306,4
2025-12-24 16:46:21,12307,4
2025-12-24 16:46:21,12309,4
2025-12-24 16:46:21,12310,4
2025-12-24 16:46:21,12311,4
2025-12-24 16:46:21,12312,4
2025-12-24 16:46:21,12313,4
2025-12-24 16:46:21,12315,4
2025-12-24 16:46:21,12316,4
2025-12-24 16:46:21,12318,4
2025-12-24 16:46:21,12319,4
2025-12-24 16:46:21,12320,4
2025-12-24 16:46:21,12322,4
2025-12-24 16:46:21,12323,1
2025-12-24 16:46:21,12325,4
2025-12-24 16:46:21,12326,4
2025-12-24 16:46:21,12327,4
2025-12-24 16:46:21,12328,4
2025-12-24 16:46:21,12329,4
2025-12-24 16:46:21,12331,4
2025-12-24 16:46:21,12332,4
2025-12-24 16:46:21,12333,4
2025-12-24 16:46:21,12334,4
2025-12-24 16:46:21,12335,4
2025-12-24 16:46:21,12336,4
2025-12-24 16:46:21,12339,4
2025-12-24 16:46:21,12340,4
2025-12-24 16:46:21,12342,1
2025-12-24 16:46:21,12343,4
2025-12-24 16:46:21,12344,1
2025-12-24 16:46:21,12345,4
2025-12-24 16:46:21,12346,4
2025-12-24 16:46:21,12347,4
2025-12-24 16:46:21,12349,1
2025-12-24 16:46:21,12350,4
2025-12-24 16:46:21,12352,4
2025-12-24 16:46:21,12354,4
2025-12-24 16:46:21,12356,4
2025-12-24 16:46:21,12358,4
2025-12-24 16:46:21,12359,4
2025-12-24 16:46:21,12360,1
2025-12-24 16:46:21,12362,4
2025-12-24 16:46:21,12363,1
2025-12-24 16:46:21,12364,4
2025-12-24 16:46:21,12366,4
2025-12-24 16:46:21,12367,2
2025-12-24 16:46:21,12368,4
2025-12-24 16:46:21,12369,4
2025-12-24 16:46:21,12373,4
2025-12-24 16:46:21,12374,4
2025-12-24 16:46:21,12375,4
2025-12-24 16:46:21,12376,1
2025-12-24 16:46:21,12377,4
2025-12-24 16:46:21,12380,1
2025-12-24 16:46:21,12385,4
2025-12-24 16:46:21,12387,4
2025-12-24 16:46:21,12388,4
2025-12-24 16:46:21,12389,4
2025-12-24 16:46:21,12390,4
2025-12-24 16:46:21,12391,4
2025-12-24 16:46:21,12393,1
2025-12-24 16:46:21,12395,4
2025-12-24 16:46:21,12396,4
2025-12-24 16:46:21,12397,4
2025-12-24 16:46:21,12398,4
2025-12-24 16:46:21,12400,1
2025-12-24 16:46:21,12405,1
2025-12-24 16:46:21,12406,4
2025-12-24 16:46:21,12407,4
2025-12-24 16:46:21,12408,4
2025-12-24 16:46:21,12409,1
2025-12-24 16:46:21,12410,4
2025-12-24 16:46:21,12411,4
2025-12-24 16:46:21,12412,4
2025-12-24 16:46:21,12413,4
2025-12-24 16:46:21,12415,4
2025-12-24 16:46:21,12416,4
2025-12-24 16:46:21,12417,1
2025-12-24 16:46:21,12418,4
2025-12-24 16:46:21,12421,4
2025-12-24 16:46:21,12424,4
2025-12-24 16:46:21,12425,4
2025-12-24 16:46:21,12426,4
2025-12-24 16:46:21,12431,4
2025-12-24 16:46:21,12432,4
2025-12-24 16:46:21,12433,4
2025-12-24 16:46:21,12434,4
2025-12-24 16:46:21,12437,4
2025-12-24 16:46:21,12442,4
2025-12-24 16:46:21,12445,4
2025-12-24 16:46:21,12450,4
2025-12-24 16:46:21,12451,4
2025-12-24 16:46:21,12453,4
2025-12-24 16:46:21,12454,4
2025-12-24 16:46:21,12455,4
2025-12-24 16:46:21,12458,4
2025-12-24 16:46:21,12459,4
2025-12-24 16:46:21,12461,4
2025-12-24 16:46:21,12465,4
2025-12-24 16:46:21,12466,4
2025-12-24 16:46:21,12468,4
2025-12-24 16:46:21,12469,4
2025-12-24 16:46:21,12470,4
2025-12-24 16:46:21,12471,4
2025-12-24 16:46:21,12472,4
2025-12-24 16:46:21,12473,4
2025-12-24 16:46:21,12476,4
2025-12-24 16:46:21,12479,4
2025-12-24 16:46:21,12480,4
2025-12-24 16:46:21,12481,1
2025-12-24 16:46:21,12482,1
2025-12-24 16:46:21,12484,4
2025-12-24 16:46:21,12485,4
2025-12-24 16:46:21,12486,4
2025-12-24 16:46:21,12487,4
2025-12-24 16:46:21,12488,4
2025-12-24 16:46:21,12489,4
2025-12-24 16:46:21,12490,4
2025-12-24 16:46:21,12492,4
2025-12-24 16:46:21,12495,4
2025-12-24 16:46:21,12498,4
2025-12-24 16:46:21,12502,4
2025-12-24 16:46:21,12504,4
2025-12-24 16:46:21,12506,4
2025-12-24 16:46:21,12507,4
2025-12-24 16:46:21,12508,4
2025-12-24 16:46:21,12510,4
2025-12-24 16:46:21,12511,4
2025-12-24 16:46:21,12512,4
2025-12-24 16:46:21,12513,4
2025-12-24 16:46:21,12515,4
2025-12-24 16:46:21,12517,4
2025-12-24 16:46:21,12519,4
2025-12-24 16:46:21,12521,4
2025-12-24 16:46:21,12522,4
2025-12-24 16:46:21,12524,4
2025-12-24 16:46:21,12525,4
2025-12-24 16:46:21,12526,4
2025-12-24 16:46:21,12527,4
2025-12-24 16:46:21,12531,4
2025-12-24 16:46:21,12532,4
2025-12-24 16:46:21,12534,4
2025-12-24 16:46:21,12538,4
2025-12-24 16:46:21,12540,4
2025-12-24 16:46:21,12541,1
2025-12-24 16:46:21,12543,1
2025-12-24 16:46:21,12545,4
2025-12-24 16:46:21,12547,4
2025-12-24 16:46:21,12548,4
2025-12-24 16:46:21,12549,1
2025-12-24 16:46:21,12552,4
2025-12-24 16:46:21,12554,4
2025-12-24 16:46:21,12555,4
2025-12-24 16:46:21,12556,4
2025-12-24 16:46:21,12557,4
2025-12-24 16:46:21,12558,1
2025-12-24 16:46:21,12559,4
2025-12-24 16:46:21,12560,4
2025-12-24 16:46:21,12562,1
2025-12-24 16:46:21,12563,4
2025-12-24 16:46:21,12566,4
2025-12-24 16:46:21,12567,4
2025-12-24 16:46:21,12568,4
2025-12-24 16:46:21,12570,4
2025-12-24 16:46:21,12571,4
2025-12-24 16:46:21,12572,4
2025-12-24 16:46:21,12573,4
2025-12-24 16:46:21,12576,4
2025-12-24 16:46:21,12577,4
2025-12-24 16:46:21,12578,4
2025-12-24 16:46:21,12579,4
2025-12-24 16:46:21,12581,4
2025-12-24 16:46:21,12582,1
2025-12-24 16:46:21,12583,4
2025-12-24 16:46:21,12585,4
2025-12-24 16:46:21,12586,4
2025-12-24 16:46:21,12587,4
2025-12-24 16:46:21,12588,4
2025-12-24 16:46:21,12590,4
2025-12-24 16:46:21,12596,4
2025-12-24 16:46:21,12597,4
2025-12-24 16:46:21,12599,4
2025-12-24 16:46:21,12600,4
2025-12-24 16:46:21,12603,4
2025-12-24 16:46:21,12604,1
2025-12-24 16:46:21,12605,1
2025-12-24 16:46:21,12606,4
2025-12-24 16:46:21,12607,1
2025-12-24 16:46:21,12608,4
2025-12-24 16:46:21,12609,1
2025-12-24 16:46:21,12610,4
2025-12-24 16:46:21,12611,4
2025-12-24 16:46:21,12612,4
2025-12-24 16:46:21,12617,4
2025-12-24 16:46:21,12618,4
2025-12-24 16:46:21,12619,4
2025-12-24 16:46:21,12622,4
2025-12-24 16:46:21,12623,4
2025-12-24 16:46:21,12624,4
2025-12-24 16:46:21,12625,4
2025-12-24 16:46:21,12626,4
2025-12-24 16:46:21,12630,4
2025-12-24 16:46:21,12631,1
2025-12-24 16:46:21,12632,4
2025-12-24 16:46:21,12633,4
2025-12-24 16:46:21,12634,4
2025-12-24 16:46:21,12635,4
2025-12-24 16:46:21,12636,4
2025-12-24 16:46:21,12637,4
2025-12-24 16:46:21,12638,4
2025-12-24 16:46:21,12639,4
2025-12-24 16:46:21,12640,2
2025-12-24 16:46:21,12641,4
2025-12-24 16:46:21,12645,4
2025-12-24 16:46:21,12646,4
2025-12-24 16:46:21,12647,4
2025-12-24 16:46:21,12648,4
2025-12-24 16:46:21,12650,1
2025-12-24 16:46:21,12652,4
2025-12-24 16:46:21,12658,4
2025-12-24 16:46:21,12660,1
2025-12-24 16:46:21,12661,4
2025-12-24 16:46:21,12662,4
2025-12-24 16:46:21,12663,4
2025-12-24 16:46:21,12665,4
2025-12-24 16:46:21,12667,4
2025-12-24 16:46:21,12668,4
2025-12-24 16:46:21,12672,4
2025-12-24 16:46:21,12673,2
2025-12-24 16:46:21,12674,4
2025-12-24 16:46:21,12675,1
2025-12-24 16:46:21,12677,4
2025-12-24 16:46:21,12679,4
2025-12-24 16:46:21,12680,1
2025-12-24 16:46:21,12681,4
2025-12-24 16:46:21,12683,4
2025-12-24 16:46:21,12684,4
2025-12-24 16:46:21,12686,4
2025-12-24 16:46:21,12688,4
2025-12-24 16:46:21,12689,4
2025-12-24 16:46:21,12690,4
2025-12-24 16:46:21,12694,4
2025-12-24 16:46:21,12695,4
2025-12-24 16:46:21,12696,4
2025-12-24 16:46:21,12698,4
2025-12-24 16:46:21,12699,4
2025-12-24 16:46:21,12701,4
2025-12-24 16:46:21,12702,4
2025-12-24 16:46:21,12703,4
2025-12-24 16:46:21,12705,1
2025-12-24 16:46:21,12707,4
2025-12-24 16:46:21,12708,4
2025-12-24 16:46:21,12709,4
2025-12-24 16:46:21,12710,4
2025-12-24 16:46:21,12713,4
2025-12-24 16:46:21,12714,4
2025-12-24 16:46:21,12717,4
2025-12-24 16:46:21,12719,4
2025-12-24 16:46:21,12720,4
2025-12-24 16:46:21,12721,4
2025-12-24 16:46:21,12722,4
2025-12-24 16:46:21,12725,4
2025-12-24 16:46:21,12726,4
2025-12-24 16:46:21,12729,1
2025-12-24 16:46:21,12730,4
2025-12-24 16:46:21,12734,4
2025-12-24 16:46:21,12735,4
2025-12-24 16:46:21,12736,4
2025-12-24 16:46:21,12737,4
2025-12-24 16:46:21,12738,4
2025-12-24 16:46:21,12739,4
2025-12-24 16:46:21,12742,4
2025-12-24 16:46:21,12743,4
2025-12-24 16:46:21,12744,4
2025-12-24 16:46:21,12745,4
2025-12-24 16:46:21,12748,4
2025-12-24 16:46:21,12749,4
2025-12-24 16:46:21,12752,4
2025-12-24 16:46:21,12753,1
2025-12-24 16:46:21,12754,4
2025-12-24 16:46:21,12755,4
2025-12-24 16:46:21,12756,4
2025-12-24 16:46:21,12757,4
2025-12-24 16:46:21,12758,4
2025-12-24 16:46:21,12765,4
2025-12-24 16:46:21,12766,4
2025-12-24 16:46:21,12768,1
2025-12-24 16:46:21,12770,4
2025-12-24 16:46:21,12773,4
2025-12-24 16:46:21,12777,4
2025-12-24 16:46:21,12778,1
2025-12-24 16:46:21,12780,4
2025-12-24 16:46:21,12781,4
2025-12-24 16:46:21,12782,4
2025-12-24 16:46:21,12783,4
2025-12-24 16:46:21,12784,4
2025-12-24 16:46:21,12785,4
2025-12-24 16:46:21,12786,4
2025-12-24 16:46:21,12789,4
2025-12-24 16:46:21,12791,4
2025-12-24 16:46:21,12792,4
2025-12-24 16:46:21,12793,4
2025-12-24 16:46:21,12794,4
2025-12-24 16:46:21,12795,4
2025-12-24 16:46:21,12796,4
2025-12-24 16:46:21,12797,4
2025-12-24 16:46:21,12799,4
2025-12-24 16:46:21,12800,4
2025-12-24 16:46:21,12802,4
2025-12-24 16:46:21,12803,1
2025-12-24 16:46:21,12804,4
2025-12-24 16:46:21,12807,4
2025-12-24 16:46:21,12809,4
2025-12-24 16:46:21,12810,4
2025-12-24 16:46:21,12811,4
2025-12-24 16:46:21,12812,4
2025-12-24 16:46:21,12813,4
2025-12-24 16:46:21,12814,4
2025-12-24 16:46:21,12815,4
2025-12-24 16:46:21,12816,4
2025-12-24 16:46:21,12817,4
2025-12-24 16:46:21,12820,4
2025-12-24 16:46:21,12824,4
2025-12-24 16:46:21,12825,4
2025-12-24 16:46:21,12834,2
2025-12-24 16:46:21,12837,4
2025-12-24 16:46:21,12838,4
2025-12-24 16:46:21,12839,4
2025-12-24 16:46:21,12842,4
2025-12-24 16:46:21,12846,4
2025-12-24 16:46:21,12847,4
2025-12-24 16:46:21,12850,4
2025-12-24 16:46:21,12851,4
2025-12-24 16:46:21,12852,1
2025-12-24 16:46:21,12853,4
2025-12-24 16:46:21,12855,4
2025-12-24 16:46:21,12857,4
2025-12-24 16:46:21,12859,4
2025-12-24 16:46:21,12860,4
2025-12-24 16:46:21,12866,4
2025-12-24 16:46:21,12867,1
2025-12-24 16:46:21,12868,1
2025-12-24 16:46:21,12870,4
2025-12-24 16:46:21,12874,4
2025-12-24 16:46:21,12875,4
2025-12-24 16:46:21,12876,4
2025-12-24 16:46:21,12877,4
2025-12-24 16:46:21,12879,1
2025-12-24 16:46:21,12880,4
2025-12-24 16:46:21,12881,4
2025-12-24 16:46:21,12882,1
2025-12-24 16:46:21,12883,4
2025-12-24 16:46:21,12884,4
2025-12-24 16:46:21,12885,4
2025-12-24 16:46:21,12886,4
2025-12-24 16:46:21,12888,4
2025-12-24 16:46:21,12893,4
2025-12-24 16:46:21,12895,4
2025-12-24 16:46:21,12896,4
2025-12-24 16:46:21,12897,4
2025-12-24 16:46:21,12898,4
2025-12-24 16:46:21,12899,4
2025-12-24 16:46:21,12901,4
2025-12-24 16:46:21,12903,4
2025-12-24 16:46:21,12905,1
2025-12-24 16:46:21,12906,4
2025-12-24 16:46:21,12907,4
2025-12-24 16:46:21,12909,4
2025-12-24 16:46:21,12910,4
2025-12-24 16:46:21,12913,1
2025-12-24 16:46:21,12914,4
2025-12-24 16:46:21,12916,4
2025-12-24 16:46:21,12917,4
2025-12-24 16:46:21,12918,4
2025-12-24 16:46:21,12919,4
2025-12-24 16:46:21,12921,4
2025-12-24 16:46:21,12922,4
2025-12-24 16:46:21,12924,4
2025-12-24 16:46:21,12925,4
2025-12-24 16:46:21,12926,4
2025-12-24 16:46:21,12929,4
2025-12-24 16:46:21,12931,4
2025-12-24 16:46:21,12932,4
2025-12-24 16:46:21,12933,4
2025-12-24 16:46:21,12934,4
2025-12-24 16:46:21,12937,2
2025-12-24 16:46:21,12938,4
2025-12-24 16:46:21,12939,1
2025-12-24 16:46:21,12942,4
2025-12-24 16:46:21,12944,4
2025-12-24 16:46:21,12946,4
2025-12-24 16:46:21,12947,4
2025-12-24 16:46:21,12948,4
2025-12-24 16:46:21,12950,4
2025-12-24 16:46:21,12954,4
2025-12-24 16:46:21,12955,1
2025-12-24 16:46:21,12956,4
2025-12-24 16:46:21,12958,4
2025-12-24 16:46:21,12961,4
2025-12-24 16:46:21,12962,4
2025-12-24 16:46:21,12964,4
2025-12-24 16:46:21,12966,4
2025-12-24 16:46:21,12967,4
2025-12-24 16:46:21,12969,4
2025-12-24 16:46:21,12971,4
2025-12-24 16:46:21,12972,4
2025-12-24 16:46:21,12974,4
2025-12-24 16:46:21,12975,4
2025-12-24 16:46:21,12977,4
2025-12-24 16:46:21,12978,4
2025-12-24 16:46:21,12979,4
2025-12-24 16:46:21,12980,1
2025-12-24 16:46:21,12985,4
2025-12-24 16:46:21,12986,1
2025-12-24 16:46:21,12988,4
2025-12-24 16:46:21,12989,4
2025-12-24 16:46:21,12990,4
2025-12-24 16:46:21,12992,4
2025-12-24 16:46:21,12994,4
2025-12-24 16:46:21,12999,1
2025-12-24 16:46:21,13000,4
2025-12-24 16:46:21,13002,4
2025-12-24 16:46:21,13003,4
2025-12-24 16:46:21,13004,4
2025-12-24 16:46:21,13005,4
2025-12-24 16:46:21,13006,4
2025-12-24 16:46:21,13007,4
2025-12-24 16:46:21,13010,4
2025-12-24 16:46:21,13011,4
2025-12-24 16:46:21,13013,1
2025-12-24 16:46:21,13014,4
2025-12-24 16:46:21,13015,4
2025-12-24 16:46:21,13016,4
2025-12-24 16:46:21,13017,4
2025-12-24 16:46:21,13019,1
2025-12-24 16:46:21,13020,4
2025-12-24 16:46:21,13021,4
2025-12-24 16:46:21,13022,4
2025-12-24 16:46:21,13023,4
2025-12-24 16:46:21,13024,4
2025-12-24 16:46:21,13025,4
2025-12-24 16:46:21,13026,4
2025-12-24 16:46:21,13027,4
2025-12-24 16:46:21,13028,4
2025-12-24 16:46:21,13029,4
2025-12-24 16:46:21,13032,4
2025-12-24 16:46:21,13033,4
2025-12-24 16:46:21,13035,4
2025-12-24 16:46:21,13037,4
2025-12-24 16:46:21,13042,1
2025-12-24 16:46:21,13045,4
2025-12-24 16:46:21,13046,4
2025-12-24 16:46:21,13047,4
2025-12-24 16:46:21,13048,4
2025-12-24 16:46:21,13051,4
2025-12-24 16:46:21,13052,4
2025-12-24 16:46:21,13055,4
2025-12-24 16:46:21,13057,4
2025-12-24 16:46:21,13058,4
2025-12-24 16:46:21,13060,4
2025-12-24 16:46:21,13061,4
2025-12-24 16:46:21,13065,1
2025-12-24 16:46:21,13066,4
2025-12-24 16:46:21,13068,4
2025-12-24 16:46:21,13071,4
2025-12-24 16:46:21,13073,4
2025-12-24 16:46:21,13074,1
2025-12-24 16:46:21,13075,4
2025-12-24 16:46:21,13076,4
2025-12-24 16:46:21,13077,1
2025-12-24 16:46:21,13081,4
2025-12-24 16:46:21,13082,4
2025-12-24 16:46:21,13084,4
2025-12-24 16:46:21,13085,4
2025-12-24 16:46:21,13086,1
2025-12-24 16:46:21,13087,4
2025-12-24 16:46:21,13089,1
2025-12-24 16:46:21,13090,4
2025-12-24 16:46:21,13091,4
2025-12-24 16:46:21,13092,1
2025-12-24 16:46:21,13093,4
2025-12-24 16:46:21,13094,4
2025-12-24 16:46:21,13095,4
2025-12-24 16:46:21,13096,4
2025-12-24 16:46:21,13098,4
2025-12-24 16:46:21,13100,1
2025-12-24 16:46:21,13103,4
2025-12-24 16:46:21,13104,1
2025-12-24 16:46:21,13105,4
2025-12-24 16:46:21,13106,4
2025-12-24 16:46:21,13107,4
2025-12-24 16:46:21,13108,4
2025-12-24 16:46:21,13110,4
2025-12-24 16:46:21,13112,4
2025-12-24 16:46:21,13113,4
2025-12-24 16:46:21,13114,4
2025-12-24 16:46:21,13116,4
2025-12-24 16:46:21,13117,4
2025-12-24 16:46:21,13121,4
2025-12-24 16:46:21,13122,1
2025-12-24 16:46:21,13130,4
2025-12-24 16:46:21,13131,4
2025-12-24 16:46:21,13132,1
2025-12-24 16:46:21,13134,4
2025-12-24 16:46:21,13135,4
2025-12-24 16:46:21,13137,4
2025-12-24 16:46:21,13138,4
2025-12-24 16:46:21,13140,4
2025-12-24 16:46:21,13141,4
2025-12-24 16:46:21,13143,4
2025-12-24 16:46:21,13145,4
2025-12-24 16:46:21,13146,4
2025-12-24 16:46:21,13147,4
2025-12-24 16:46:21,13148,4
2025-12-24 16:46:21,13149,4
2025-12-24 16:46:21,13151,4
2025-12-24 16:46:21,13152,4
2025-12-24 16:46:21,13153,4
2025-12-24 16:46:21,13155,4
2025-12-24 16:46:21,13156,4
2025-12-24 16:46:21,13157,4
2025-12-24 16:46:21,13160,4
2025-12-24 16:46:21,13162,1
2025-12-24 16:46:21,13163,4
2025-12-24 16:46:21,13164,4
2025-12-24 16:46:21,13165,1
2025-12-24 16:46:21,13166,4
2025-12-24 16:46:21,13167,4
2025-12-24 16:46:21,13168,1
2025-12-24 16:46:21,13171,4
2025-12-24 16:46:21,13172,1
2025-12-24 16:46:21,13173,1
2025-12-24 16:46:21,13174,4
2025-12-24 16:46:21,13175,4
2025-12-24 16:46:21,13176,1
2025-12-24 16:46:21,13177,4
2025-12-24 16:46:21,13179,4
2025-12-24 16:46:21,13180,4
2025-12-24 16:46:21,13183,4
2025-12-24 16:46:21,13184,4
2025-12-24 16:46:21,13186,4
2025-12-24 16:46:21,13187,4
2025-12-24 16:46:21,13188,1
2025-12-24 16:46:21,13189,4
2025-12-24 16:46:21,13193,4
2025-12-24 16:46:21,13194,4
2025-12-24 16:46:21,13195,4
2025-12-24 16:46:21,13196,4
2025-12-24 16:46:21,13197,4
2025-12-24 16:46:21,13198,4
2025-12-24 16:46:21,13201,4
2025-12-24 16:46:21,13202,1
2025-12-24 16:46:21,13203,4
2025-12-24 16:46:21,13206,4
2025-12-24 16:46:21,13207,4
2025-12-24 16:46:21,13208,4
2025-12-24 16:46:21,13210,1
2025-12-24 16:46:21,13211,4
2025-12-24 16:46:21,13212,4
2025-12-24 16:46:21,13214,4
2025-12-24 16:46:21,13216,4
2025-12-24 16:46:21,13217,4
2025-12-24 16:46:21,13218,4
2025-12-24 16:46:21,13219,4
2025-12-24 16:46:21,13220,2
2025-12-24 16:46:21,13221,1
2025-12-24 16:46:21,13223,1
2025-12-24 16:46:21,13224,4
2025-12-24 16:46:21,13225,4
2025-12-24 16:46:21,13227,4
2025-12-24 16:46:21,13229,1
2025-12-24 16:46:21,13233,1
2025-12-24 16:46:21,13234,4
2025-12-24 16:46:21,13235,4
2025-12-24 16:46:21,13236,4
2025-12-24 16:46:21,13238,1
2025-12-24 16:46:21,13239,4
2025-12-24 16:46:21,13240,4
2025-12-24 16:46:21,13243,4
2025-12-24 16:46:21,13244,4
2025-12-24 16:46:21,13245,4
2025-12-24 16:46:21,13247,4
2025-12-24 16:46:21,13248,4
2025-12-24 16:46:21,13249,4
2025-12-24 16:46:21,13250,4
2025-12-24 16:46:21,13253,4
2025-12-24 16:46:21,13254,4
2025-12-24 16:46:21,13256,4
2025-12-24 16:46:21,13258,4
2025-12-24 16:46:21,13259,4
2025-12-24 16:46:21,13262,4
2025-12-24 16:46:21,13263,4
2025-12-24 16:46:21,13264,4
2025-12-24 16:46:21,13265,4
2025-12-24 16:46:21,13268,4
2025-12-24 16:46:21,13269,4
2025-12-24 16:46:21,13271,4
2025-12-24 16:46:21,13272,4
2025-12-24 16:46:21,13273,1
2025-12-24 16:46:21,13274,4
2025-12-24 16:46:21,13280,4
2025-12-24 16:46:21,13283,4
2025-12-24 16:46:21,13284,4
2025-12-24 16:46:21,13285,1
2025-12-24 16:46:21,13286,4
2025-12-24 16:46:21,13289,4
2025-12-24 16:46:21,13290,1
2025-12-24 16:46:21,13291,4
2025-12-24 16:46:21,13294,1
2025-12-24 16:46:21,13295,4
2025-12-24 16:46:21,13297,4
2025-12-24 16:46:21,13298,4
2025-12-24 16:46:21,13299,4
2025-12-24 16:46:21,13300,4
2025-12-24 16:46:21,13301,4
2025-12-24 16:46:21,13304,4
2025-12-24 16:46:21,13306,4
2025-12-24 16:46:21,13307,4
2025-12-24 16:46:21,13308,4
2025-12-24 16:46:21,13310,4
2025-12-24 16:46:21,13311,1
2025-12-24 16:46:21,13312,4
2025-12-24 16:46:21,13314,4
2025-12-24 16:46:21,13316,4
2025-12-24 16:46:21,13318,1
2025-12-24 16:46:21,13319,4
2025-12-24 16:46:21,13320,4
2025-12-24 16:46:21,13321,4
2025-12-24 16:46:21,13322,4
2025-12-24 16:46:21,13324,4
2025-12-24 16:46:21,13325,4
2025-12-24 16:46:21,13327,4
2025-12-24 16:46:21,13328,4
2025-12-24 16:46:21,13329,4
2025-12-24 16:46:21,13330,1
2025-12-24 16:46:21,13332,4
2025-12-24 16:46:21,13333,4
2025-12-24 16:46:21,13334,1
2025-12-24 16:46:21,13336,4
2025-12-24 16:46:21,13341,4
2025-12-24 16:46:21,13342,4
2025-12-24 16:46:21,13343,4
2025-12-24 16:46:21,13344,4
2025-12-24 16:46:21,13345,4
2025-12-24 16:46:21,13347,4
2025-12-24 16:46:21,13349,4
2025-12-24 16:46:21,13350,4
2025-12-24 16:46:21,13351,4
2025-12-24 16:46:21,13352,4
2025-12-24 16:46:21,13353,4
2025-12-24 16:46:21,13354,1
2025-12-24 16:46:21,13355,4
2025-12-24 16:46:21,13356,4
2025-12-24 16:46:21,13357,4
2025-12-24 16:46:21,13358,4
2025-12-24 16:46:21,13359,4
2025-12-24 16:46:21,13360,1
2025-12-24 16:46:21,13361,4
2025-12-24 16:46:21,13364,4
2025-12-24 16:46:21,13365,4
2025-12-24 16:46:21,13366,4
2025-12-24 16:46:21,13367,1
2025-12-24 16:46:21,13371,4
2025-12-24 16:46:21,13373,4
2025-12-24 16:46:21,13375,4
2025-12-24 16:46:21,13376,1
2025-12-24 16:46:21,13377,4
2025-12-24 16:46:21,13381,4
2025-12-24 16:46:21,13382,4
2025-12-24 16:46:21,13383,4
2025-12-24 16:46:21,13386,4
2025-12-24 16:46:21,13387,4
2025-12-24 16:46:21,13388,4
2025-12-24 16:46:21,13390,4
2025-12-24 16:46:21,13394,1
2025-12-24 16:46:21,13395,4
2025-12-24 16:46:21,13397,4
2025-12-24 16:46:21,13399,4
2025-12-24 16:46:21,13400,4
2025-12-24 16:46:21,13401,4
2025-12-24 16:46:21,13403,4
2025-12-24 16:46:21,13405,4
2025-12-24 16:46:21,13406,4
2025-12-24 16:46:21,13407,4
2025-12-24 16:46:21,13408,4
2025-12-24 16:46:21,13410,1
2025-12-24 16:46:21,13411,1
2025-12-24 16:46:21,13416,4
2025-12-24 16:46:21,13419,4
2025-12-24 16:46:21,13421,4
2025-12-24 16:46:21,13422,4
2025-12-24 16:46:21,13423,4
2025-12-24 16:46:21,13424,4
2025-12-24 16:46:21,13425,1
2025-12-24 16:46:21,13426,4
2025-12-24 16:46:21,13428,4
2025-12-24 16:46:21,13429,4
2025-12-24 16:46:21,13430,4
2025-12-24 16:46:21,13431,4
2025-12-24 16:46:21,13437,1
2025-12-24 16:46:21,13441,4
2025-12-24 16:46:21,13443,4
2025-12-24 16:46:21,13444,4
2025-12-24 16:46:21,13445,4
2025-12-24 16:46:21,13447,4
2025-12-24 16:46:21,13449,4
2025-12-24 16:46:21,13450,4
2025-12-24 16:46:21,13451,4
2025-12-24 16:46:21,13452,1
2025-12-24 16:46:21,13453,4
2025-12-24 16:46:21,13455,4
2025-12-24 16:46:21,13456,4
2025-12-24 16:46:21,13458,4
2025-12-24 16:46:21,13459,1
2025-12-24 16:46:21,13461,4
2025-12-24 16:46:21,13463,4
2025-12-24 16:46:21,13464,4
2025-12-24 16:46:21,13465,4
2025-12-24 16:46:21,13468,1
2025-12-24 16:46:21,13470,4
2025-12-24 16:46:21,13471,4
2025-12-24 16:46:21,13473,4
2025-12-24 16:46:21,13477,4
2025-12-24 16:46:21,13480,4
2025-12-24 16:46:21,13481,4
2025-12-24 16:46:21,13482,4
2025-12-24 16:46:21,13483,4
2025-12-24 16:46:21,13484,4
2025-12-24 16:46:21,13485,4
2025-12-24 16:46:21,13486,4
2025-12-24 16:46:21,13487,4
2025-12-24 16:46:21,13488,4
2025-12-24 16:46:21,13489,4
2025-12-24 16:46:21,13491,4
2025-12-24 16:46:21,13492,4
2025-12-24 16:46:21,13493,4
2025-12-24 16:46:21,13497,4
2025-12-24 16:46:21,13498,4
2025-12-24 16:46:21,13499,4
2025-12-24 16:46:21,13500,4
2025-12-24 16:46:21,13502,4
2025-12-24 16:46:21,13503,1
2025-12-24 16:46:21,13505,4
2025-12-24 16:46:21,13506,1
2025-12-24 16:46:21,13508,4
2025-12-24 16:46:21,13509,4
2025-12-24 16:46:21,13510,4
2025-12-24 16:46:21,13511,4
2025-12-24 16:46:21,13512,4
2025-12-24 16:46:21,13513,4
2025-12-24 16:46:21,13515,4
2025-12-24 16:46:21,13516,4
2025-12-24 16:46:21,13517,4
2025-12-24 16:46:21,13518,4
2025-12-24 16:46:21,13519,4
2025-12-24 16:46:21,13520,4
2025-12-24 16:46:21,13521,4
2025-12-24 16:46:21,13522,1
2025-12-24 16:46:21,13524,1
2025-12-24 16:46:21,13529,4
2025-12-24 16:46:21,13530,1
2025-12-24 16:46:21,13532,4
2025-12-24 16:46:21,13533,4
2025-12-24 16:46:21,13534,4
2025-12-24 16:46:21,13535,1
2025-12-24 16:46:21,13537,4
2025-12-24 16:46:21,13539,4
2025-12-24 16:46:21,13541,4
2025-12-24 16:46:21,13542,1
2025-12-24 16:46:21,13543,4
2025-12-24 16:46:21,13546,4
2025-12-24 16:46:21,13548,4
2025-12-24 16:46:21,13549,1
2025-12-24 16:46:21,13550,4
2025-12-24 16:46:21,13551,1
2025-12-24 16:46:21,13552,4
2025-12-24 16:46:21,13553,4
2025-12-24 16:46:21,13556,1
2025-12-24 16:46:21,13557,4
2025-12-24 16:46:21,13558,4
2025-12-24 16:46:21,13560,1
2025-12-24 16:46:21,13564,4
2025-12-24 16:46:21,13569,4
2025-12-24 16:46:21,13570,4
2025-12-24 16:46:21,13571,4
2025-12-24 16:46:21,13572,4
2025-12-24 16:46:21,13573,4
2025-12-24 16:46:21,13575,4
2025-12-24 16:46:21,13576,4
2025-12-24 16:46:21,13577,4
2025-12-24 16:46:21,13578,4
2025-12-24 16:46:21,13579,4
2025-12-24 16:46:21,13580,4
2025-12-24 16:46:21,13581,4
2025-12-24 16:46:21,13583,4
2025-12-24 16:46:21,13584,4
2025-12-24 16:46:21,13585,4
2025-12-24 16:46:21,13587,4
2025-12-24 16:46:21,13588,4
2025-12-24 16:46:21,13590,4
2025-12-24 16:46:21,13592,4
2025-12-24 16:46:21,13594,4
2025-12-24 16:46:21,13596,4
2025-12-24 16:46:21,13597,4
2025-12-24 16:46:21,13599,4
2025-12-24 16:46:21,13600,4
2025-12-24 16:46:21,13602,1
2025-12-24 16:46:21,13603,4
2025-12-24 16:46:21,13604,4
2025-12-24 16:46:21,13605,4
2025-12-24 16:46:21,13609,4
2025-12-24 16:46:21,13610,1
2025-12-24 16:46:21,13611,4
2025-12-24 16:46:21,13613,4
2025-12-24 16:46:21,13614,4
2025-12-24 16:46:21,13615,1
2025-12-24 16:46:21,13618,1
2025-12-24 16:46:21,13619,4
2025-12-24 16:46:21,13620,1
2025-12-24 16:46:21,13621,4
2025-12-24 16:46:21,13622,4
2025-12-24 16:46:21,13625,4
2025-12-24 16:46:21,13626,4
2025-12-24 16:46:21,13628,4
2025-12-24 16:46:21,13629,4
2025-12-24 16:46:21,13631,4
2025-12-24 16:46:21,13632,4
2025-12-24 16:46:21,13633,4
2025-12-24 16:46:21,13634,4
2025-12-24 16:46:21,13635,4
2025-12-24 16:46:21,13636,4
2025-12-24 16:46:21,13638,4
2025-12-24 16:46:21,13639,4
2025-12-24 16:46:21,13643,4
2025-12-24 16:46:21,13644,4
2025-12-24 16:46:21,13645,4
2025-12-24 16:46:21,13646,1
2025-12-24 16:46:21,13647,4
2025-12-24 16:46:21,13649,4
2025-12-24 16:46:21,13651,4
2025-12-24 16:46:21,13652,4
2025-12-24 16:46:21,13655,4
2025-12-24 16:46:21,13656,1
2025-12-24 16:46:21,13659,4
2025-12-24 16:46:21,13660,4
2025-12-24 16:46:21,13661,4
2025-12-24 16:46:21,13662,4
2025-12-24 16:46:21,13663,1
2025-12-24 16:46:21,13665,4
2025-12-24 16:46:21,13667,4
2025-12-24 16:46:21,13669,4
2025-12-24 16:46:21,13670,4
2025-12-24 16:46:21,13671,1
2025-12-24 16:46:21,13673,4
2025-12-24 16:46:21,13675,1
2025-12-24 16:46:21,13676,4
2025-12-24 16:46:21,13677,4
2025-12-24 16:46:21,13678,4
2025-12-24 16:46:21,13680,4
2025-12-24 16:46:21,13681,4
2025-12-24 16:46:21,13682,4
2025-12-24 16:46:21,13683,4
2025-12-24 16:46:21,13686,1
2025-12-24 16:46:21,13687,4
2025-12-24 16:46:21,13688,4
2025-12-24 16:46:21,13689,4
2025-12-24 16:46:21,13690,4
2025-12-24 16:46:21,13694,1
2025-12-24 16:46:21,13695,4
2025-12-24 16:46:21,13696,4
2025-12-24 16:46:21,13701,4
2025-12-24 16:46:21,13702,4
2025-12-24 16:46:21,13704,4
2025-12-24 16:46:21,13705,4
2025-12-24 16:46:21,13708,4
2025-12-24 16:46:21,13709,4
2025-12-24 16:46:21,13710,4
2025-12-24 16:46:21,13711,4
2025-12-24 16:46:21,13712,4
2025-12-24 16:46:21,13714,4
2025-12-24 16:46:21,13716,4
2025-12-24 16:46:21,13717,4
2025-12-24 16:46:21,13718,4
2025-12-24 16:46:21,13725,4
2025-12-24 16:46:21,13728,4
2025-12-24 16:46:21,13729,4
2025-12-24 16:46:21,13730,1
2025-12-24 16:46:21,13731,4
2025-12-24 16:46:21,13732,4
2025-12-24 16:46:21,13733,4
2025-12-24 16:46:21,13734,4
2025-12-24 16:46:21,13735,4
2025-12-24 16:46:21,13737,4
2025-12-24 16:46:21,13738,4
2025-12-24 16:46:21,13739,4
2025-12-24 16:46:21,13740,4
2025-12-24 16:46:21,13741,1
2025-12-24 16:46:21,13745,4
2025-12-24 16:46:21,13746,1
2025-12-24 16:46:21,13747,4
2025-12-24 16:46:21,13748,1
2025-12-24 16:46:21,13750,4
2025-12-24 16:46:21,13751,4
2025-12-24 16:46:21,13752,4
2025-12-24 16:46:21,13753,4
2025-12-24 16:46:21,13754,1
2025-12-24 16:46:21,13755,4
2025-12-24 16:46:21,13756,1
2025-12-24 16:46:21,13757,1
2025-12-24 16:46:21,13758,4
2025-12-24 16:46:21,13759,4
2025-12-24 16:46:21,13762,4
2025-12-24 16:46:21,13763,1
2025-12-24 16:46:21,13764,4
2025-12-24 16:46:21,13765,4
2025-12-24 16:46:21,13768,4
2025-12-24 16:46:21,13769,4
2025-12-24 16:46:21,13770,4
2025-12-24 16:46:21,13771,4
2025-12-24 16:46:21,13772,4
2025-12-24 16:46:21,13773,4
2025-12-24 16:46:21,13774,4
2025-12-24 16:46:21,13775,4
2025-12-24 16:46:21,13777,1
2025-12-24 16:46:21,13778,4
2025-12-24 16:46:21,13779,1
2025-12-24 16:46:21,13780,1
2025-12-24 16:46:21,13781,4
2025-12-24 16:46:21,13785,1
2025-12-24 16:46:21,13787,4
2025-12-24 16:46:21,13789,4
2025-12-24 16:46:21,13790,4
2025-12-24 16:46:21,13791,4
2025-12-24 16:46:21,13795,1
2025-12-24 16:46:21,13796,4
2025-12-24 16:46:21,13798,4
2025-12-24 16:46:21,13799,4
2025-12-24 16:46:21,13800,4
2025-12-24 16:46:21,13801,4
2025-12-24 16:46:21,13802,4
2025-12-24 16:46:21,13803,4
2025-12-24 16:46:21,13804,4
2025-12-24 16:46:21,13807,4
2025-12-24 16:46:21,13808,4
2025-12-24 16:46:21,13809,4
2025-12-24 16:46:21,13812,4
2025-12-24 16:46:21,13814,4
2025-12-24 16:46:21,13815,1
2025-12-24 16:46:21,13816,4
2025-12-24 16:46:21,13818,1
2025-12-24 16:46:21,13819,4
2025-12-24 16:46:21,13822,2
2025-12-24 16:46:21,13823,4
2025-12-24 16:46:21,13825,4
2025-12-24 16:46:21,13826,4
2025-12-24 16:46:21,13827,4
2025-12-24 16:46:21,13828,1
2025-12-24 16:46:21,13829,4
2025-12-24 16:46:21,13830,4
2025-12-24 16:46:21,13831,4
2025-12-24 16:46:21,13835,4
2025-12-24 16:46:21,13836,4
2025-12-24 16:46:21,13837,4
2025-12-24 16:46:21,13838,4
2025-12-24 16:46:21,13839,4
2025-12-24 16:46:21,13841,4
2025-12-24 16:46:21,13843,4
2025-12-24 16:46:21,13844,4
2025-12-24 16:46:21,13846,4
2025-12-24 16:46:21,13848,4
2025-12-24 16:46:21,13850,1
2025-12-24 16:46:21,13852,4
2025-12-24 16:46:21,13853,1
2025-12-24 16:46:21,13855,4
2025-12-24 16:46:21,13859,1
2025-12-24 16:46:21,13860,4
2025-12-24 16:46:21,13861,1
2025-12-24 16:46:21,13862,4
2025-12-24 16:46:21,13863,4
2025-12-24 16:46:21,13865,4
2025-12-24 16:46:21,13867,4
2025-12-24 16:46:21,13868,4
2025-12-24 16:46:21,13872,4
2025-12-24 16:46:21,13874,4
2025-12-24 16:46:21,13877,4
2025-12-24 16:46:21,13880,4
2025-12-24 16:46:21,13881,4
2025-12-24 16:46:21,13882,4
2025-12-24 16:46:21,13884,4
2025-12-24 16:46:21,13886,1
2025-12-24 16:46:21,13887,4
2025-12-24 16:46:21,13888,4
2025-12-24 16:46:21,13891,1
2025-12-24 16:46:21,13892,4
2025-12-24 16:46:21,13893,4
2025-12-24 16:46:21,13894,4
2025-12-24 16:46:21,13895,4
2025-12-24 16:46:21,13898,4
2025-12-24 16:46:21,13899,4
2025-12-24 16:46:21,13901,4
2025-12-24 16:46:21,13902,4
2025-12-24 16:46:21,13904,2
2025-12-24 16:46:21,13905,4
2025-12-24 16:46:21,13906,4
2025-12-24 16:46:21,13907,4
2025-12-24 16:46:21,13908,4
2025-12-24 16:46:21,13909,4
2025-12-24 16:46:21,13910,1
2025-12-24 16:46:21,13911,4
2025-12-24 16:46:21,13912,4
2025-12-24 16:46:21,13913,4
2025-12-24 16:46:21,13914,4
2025-12-24 16:46:21,13915,4
2025-12-24 16:46:21,13916,1
2025-12-24 16:46:21,13919,4
2025-12-24 16:46:21,13920,4
2025-12-24 16:46:21,13922,4
2025-12-24 16:46:21,13924,4
2025-12-24 16:46:21,13925,4
2025-12-24 16:46:21,13927,4
2025-12-24 16:46:21,13928,4
2025-12-24 16:46:21,13929,4
2025-12-24 16:46:21,13933,4
2025-12-24 16:46:21,13934,4
2025-12-24 16:46:21,13937,4
2025-12-24 16:46:21,13939,4
2025-12-24 16:46:21,13941,4
2025-12-24 16:46:21,13945,4
2025-12-24 16:46:21,13947,4
2025-12-24 16:46:21,13951,4
2025-12-24 16:46:21,13953,4
2025-12-24 16:46:21,13955,4
2025-12-24 16:46:21,13956,1
2025-12-24 16:46:21,13958,4
2025-12-24 16:46:21,13959,4
2025-12-24 16:46:21,13962,4
2025-12-24 16:46:21,13964,4
2025-12-24 16:46:21,13973,1
2025-12-24 16:46:21,13974,4
2025-12-24 16:46:21,13975,2
2025-12-24 16:46:21,13978,4
2025-12-24 16:46:21,13979,4
2025-12-24 16:46:21,13981,4
2025-12-24 16:46:21,13982,4
2025-12-24 16:46:21,13983,4
2025-12-24 16:46:21,13985,4
2025-12-24 16:46:21,13986,4
2025-12-24 16:46:21,13987,4
2025-12-24 16:46:21,13988,4
2025-12-24 16:46:21,13989,1
2025-12-24 16:46:21,13990,4
2025-12-24 16:46:21,13992,1
2025-12-24 16:46:21,13993,4
2025-12-24 16:46:21,13995,4
2025-12-24 16:46:21,13997,4
2025-12-24 16:46:21,13998,4
2025-12-24 16:46:21,13999,4
2025-12-24 16:46:21,14000,4
2025-12-24 16:46:21,14003,4
2025-12-24 16:46:21,14005,4
2025-12-24 16:46:21,14007,4
2025-12-24 16:46:21,14008,1
2025-12-24 16:46:21,14009,4
2025-12-24 16:46:21,14010,4
2025-12-24 16:46:21,14011,4
2025-12-24 16:46:21,14012,4
2025-12-24 16:46:21,14013,4
2025-12-24 16:46:21,14016,4
2025-12-24 16:46:21,14017,4
2025-12-24 16:46:21,14018,4
2025-12-24 16:46:21,14021,4
2025-12-24 16:46:21,14022,1
2025-12-24 16:46:21,14024,4
2025-12-24 16:46:21,14026,4
2025-12-24 16:46:21,14027,4
2025-12-24 16:46:21,14029,4
2025-12-24 16:46:21,14030,4
2025-12-24 16:46:21,14031,1
2025-12-24 16:46:21,14032,4
2025-12-24 16:46:21,14033,4
2025-12-24 16:46:21,14034,4
2025-12-24 16:46:21,14036,1
2025-12-24 16:46:21,14038,4
2025-12-24 16:46:21,14039,4
2025-12-24 16:46:21,14041,4
2025-12-24 16:46:21,14042,4
2025-12-24 16:46:21,14044,1
2025-12-24 16:46:21,14045,4
2025-12-24 16:46:21,14049,4
2025-12-24 16:46:21,14050,4
2025-12-24 16:46:21,14052,4
2025-12-24 16:46:21,14053,1
2025-12-24 16:46:21,14054,4
2025-12-24 16:46:21,14057,4
2025-12-24 16:46:21,14058,4
2025-12-24 16:46:21,14059,4
2025-12-24 16:46:21,14060,4
2025-12-24 16:46:21,14062,4
2025-12-24 16:46:21,14063,4
2025-12-24 16:46:21,14065,4
2025-12-24 16:46:21,14067,4
2025-12-24 16:46:21,14068,4
2025-12-24 16:46:21,14069,4
2025-12-24 16:46:21,14075,4
2025-12-24 16:46:21,14076,4
2025-12-24 16:46:21,14078,1
2025-12-24 16:46:21,14079,4
2025-12-24 16:46:21,14080,4
2025-12-24 16:46:21,14082,4
2025-12-24 16:46:21,14083,4
2025-12-24 16:46:21,14085,4
2025-12-24 16:46:21,14086,4
2025-12-24 16:46:21,14088,4
2025-12-24 16:46:21,14089,1
2025-12-24 16:46:21,14090,4
2025-12-24 16:46:21,14091,4
2025-12-24 16:46:21,14092,4
2025-12-24 16:46:21,14093,4
2025-12-24 16:46:21,14096,4
2025-12-24 16:46:21,14098,4
2025-12-24 16:46:21,14101,1
2025-12-24 16:46:21,14102,4
2025-12-24 16:46:21,14103,4
2025-12-24 16:46:21,14104,4
2025-12-24 16:46:21,14106,4
2025-12-24 16:46:21,14107,4
2025-12-24 16:46:21,14108,1
2025-12-24 16:46:21,14109,4
2025-12-24 16:46:21,14110,4
2025-12-24 16:46:21,14113,4
2025-12-24 16:46:21,14114,4
2025-12-24 16:46:21,14115,4
2025-12-24 16:46:21,14116,4
2025-12-24 16:46:21,14118,4
2025-12-24 16:46:21,14119,4
2025-12-24 16:46:21,14123,4
2025-12-24 16:46:21,14126,4
2025-12-24 16:46:21,14127,2
2025-12-24 16:46:21,14128,4
2025-12-24 16:46:21,14129,1
2025-12-24 16:46:21,14130,4
2025-12-24 16:46:21,14131,1
2025-12-24 16:46:21,14133,4
2025-12-24 16:46:21,14134,4
2025-12-24 16:46:21,14136,4
2025-12-24 16:46:21,14140,2
2025-12-24 16:46:21,14143,4
2025-12-24 16:46:21,14146,4
2025-12-24 16:46:21,14147,4
2025-12-24 16:46:21,14148,4
2025-12-24 16:46:21,14150,1
2025-12-24 16:46:21,14151,4
2025-12-24 16:46:21,14152,4
2025-12-24 16:46:21,14153,1
2025-12-24 16:46:21,14154,4
2025-12-24 16:46:21,14155,4
2025-12-24 16:46:21,14156,4
2025-12-24 16:46:21,14157,4
2025-12-24 16:46:21,14160,4
2025-12-24 16:46:21,14161,4
2025-12-24 16:46:21,14162,4
2025-12-24 16:46:21,14163,1
2025-12-24 16:46:21,14164,4
2025-12-24 16:46:21,14165,4
2025-12-24 16:46:21,14166,4
2025-12-24 16:46:21,14168,4
2025-12-24 16:46:21,14170,4
2025-12-24 16:46:21,14171,4
2025-12-24 16:46:21,14172,1
2025-12-24 16:46:21,14173,4
2025-12-24 16:46:21,14174,4
2025-12-24 16:46:21,14176,4
2025-12-24 16:46:21,14178,4
2025-12-24 16:46:21,14180,4
2025-12-24 16:46:21,14181,4
2025-12-24 16:46:21,14184,4
2025-12-24 16:46:21,14186,4
2025-12-24 16:46:21,14187,4
2025-12-24 16:46:21,14188,4
2025-12-24 16:46:21,14189,4
2025-12-24 16:46:21,14190,4
2025-12-24 16:46:21,14191,4
2025-12-24 16:46:21,14192,1
2025-12-24 16:46:21,14193,4
2025-12-24 16:46:21,14194,4
2025-12-24 16:46:21,14196,4
2025-12-24 16:46:21,14197,4
2025-12-24 16:46:21,14198,4
2025-12-24 16:46:21,14200,4
2025-12-24 16:46:21,14201,1
2025-12-24 16:46:21,14202,1
2025-12-24 16:46:21,14203,4
2025-12-24 16:46:21,14205,1
2025-12-24 16:46:21,14206,1
2025-12-24 16:46:21,14207,1
2025-12-24 16:46:21,14208,1
2025-12-24 16:46:21,14210,1
2025-12-24 16:46:21,14212,4
2025-12-24 16:46:21,14213,4
2025-12-24 16:46:21,14214,4
2025-12-24 16:46:21,14217,4
2025-12-24 16:46:21,14218,4
2025-12-24 16:46:21,14219,4
2025-12-24 16:46:21,14220,4
2025-12-24 16:46:21,14222,4
2025-12-24 16:46:21,14223,4
2025-12-24 16:46:21,14224,4
2025-12-24 16:46:21,14225,4
2025-12-24 16:46:21,14227,4
2025-12-24 16:46:21,14229,1
2025-12-24 16:46:21,14230,4
2025-12-24 16:46:21,14232,4
2025-12-24 16:46:21,14233,1
2025-12-24 16:46:21,14234,4
2025-12-24 16:46:21,14236,4
2025-12-24 16:46:21,14240,4
2025-12-24 16:46:21,14242,4
2025-12-24 16:46:21,14244,4
2025-12-24 16:46:21,14245,4
2025-12-24 16:46:21,14246,1
2025-12-24 16:46:21,14247,4
2025-12-24 16:46:21,14248,4
2025-12-24 16:46:21,14249,4
2025-12-24 16:46:21,14250,4
2025-12-24 16:46:21,14253,1
2025-12-24 16:46:21,14255,4
2025-12-24 16:46:21,14256,4
2025-12-24 16:46:21,14258,4
2025-12-24 16:46:21,14259,4
2025-12-24 16:46:21,14260,4
2025-12-24 16:46:21,14261,4
2025-12-24 16:46:21,14262,4
2025-12-24 16:46:21,14263,4
2025-12-24 16:46:21,14264,4
2025-12-24 16:46:21,14265,4
2025-12-24 16:46:21,14268,4
2025-12-24 16:46:21,14269,1
2025-12-24 16:46:21,14270,4
2025-12-24 16:46:21,14272,4
2025-12-24 16:46:21,14273,4
2025-12-24 16:46:21,14274,1
2025-12-24 16:46:21,14275,4
2025-12-24 16:46:21,14276,4
2025-12-24 16:46:21,14277,4
2025-12-24 16:46:21,14281,4
2025-12-24 16:46:21,14282,1
2025-12-24 16:46:21,14284,4
2025-12-24 16:46:21,14285,1
2025-12-24 16:46:21,14291,4
2025-12-24 16:46:21,14292,4
2025-12-24 16:46:21,14299,4
2025-12-24 16:46:21,14300,4
2025-12-24 16:46:21,14301,4
2025-12-24 16:46:21,14303,1
2025-12-24 16:46:21,14308,1
2025-12-24 16:46:21,14310,4
2025-12-24 16:46:21,14311,4
2025-12-24 16:46:21,14312,1
2025-12-24 16:46:21,14314,4
2025-12-24 16:46:21,14315,1
2025-12-24 16:46:21,14316,4
2025-12-24 16:46:21,14317,4
2025-12-24 16:46:21,14318,4
2025-12-24 16:46:21,14319,4
2025-12-24 16:46:21,14320,4
2025-12-24 16:46:21,14322,1
2025-12-24 16:46:21,14327,4
2025-12-24 16:46:21,14328,4
2025-12-24 16:46:21,14329,4
2025-12-24 16:46:21,14334,4
2025-12-24 16:46:21,14335,4
2025-12-24 16:46:21,14336,4
2025-12-24 16:46:21,14337,4
2025-12-24 16:46:21,14338,2
2025-12-24 16:46:21,14340,4
2025-12-24 16:46:21,14342,4
2025-12-24 16:46:21,14344,2
2025-12-24 16:46:21,14345,4
2025-12-24 16:46:21,14346,4
2025-12-24 16:46:21,14349,4
2025-12-24 16:46:21,14350,1
2025-12-24 16:46:21,14351,4
2025-12-24 16:46:21,14352,4
2025-12-24 16:46:21,14353,4
2025-12-24 16:46:21,14355,4
2025-12-24 16:46:21,14357,4
2025-12-24 16:46:21,14358,4
2025-12-24 16:46:21,14359,4
2025-12-24 16:46:21,14360,4
2025-12-24 16:46:21,14361,4
2025-12-24 16:46:21,14364,4
2025-12-24 16:46:21,14369,4
2025-12-24 16:46:21,14370,4
2025-12-24 16:46:21,14371,1
2025-12-24 16:46:21,14372,4
2025-12-24 16:46:21,14373,1
2025-12-24 16:46:21,14374,4
2025-12-24 16:46:21,14377,4
2025-12-24 16:46:21,14379,4
2025-12-24 16:46:21,14380,4
2025-12-24 16:46:21,14381,4
2025-12-24 16:46:21,14382,4
2025-12-24 16:46:21,14383,4
2025-12-24 16:46:21,14384,4
2025-12-24 16:46:21,14390,1
2025-12-24 16:46:21,14392,1
2025-12-24 16:46:21,14393,4
2025-12-24 16:46:21,14394,4
2025-12-24 16:46:21,14395,4
2025-12-24 16:46:21,14396,1
2025-12-24 16:46:21,14397,4
2025-12-24 16:46:21,14398,4
2025-12-24 16:46:21,14399,1
2025-12-24 16:46:21,14400,4
2025-12-24 16:46:21,14402,4
2025-12-24 16:46:21,14403,4
2025-12-24 16:46:21,14404,4
2025-12-24 16:46:21,14406,1
2025-12-24 16:46:21,14407,4
2025-12-24 16:46:21,14408,4
2025-12-24 16:46:21,14409,4
2025-12-24 16:46:21,14410,4
2025-12-24 16:46:21,14415,4
2025-12-24 16:46:21,14418,4
2025-12-24 16:46:21,14419,4
2025-12-24 16:46:21,14422,4
2025-12-24 16:46:21,14423,4
2025-12-24 16:46:21,14424,4
2025-12-24 16:46:21,14425,4
2025-12-24 16:46:21,14428,1
2025-12-24 16:46:21,14430,1
2025-12-24 16:46:21,14431,1
2025-12-24 16:46:21,14432,4
2025-12-24 16:46:21,14433,4
2025-12-24 16:46:21,14434,4
2025-12-24 16:46:21,14435,1
2025-12-24 16:46:21,14439,1
2025-12-24 16:46:21,14441,4
2025-12-24 16:46:21,14442,4
2025-12-24 16:46:21,14444,4
2025-12-24 16:46:21,14445,4
2025-12-24 16:46:21,14446,4
2025-12-24 16:46:21,14447,4
2025-12-24 16:46:21,14448,4
2025-12-24 16:46:21,14449,2
2025-12-24 16:46:21,14450,4
2025-12-24 16:46:21,14454,4
2025-12-24 16:46:21,14455,4
2025-12-24 16:46:21,14456,1
2025-12-24 16:46:21,14457,1
2025-12-24 16:46:21,14458,4
2025-12-24 16:46:21,14459,4
2025-12-24 16:46:21,14461,4
2025-12-24 16:46:21,14464,1
2025-12-24 16:46:21,14466,4
2025-12-24 16:46:21,14467,4
2025-12-24 16:46:21,14469,4
2025-12-24 16:46:21,14470,4
2025-12-24 16:46:21,14471,4
2025-12-24 16:46:21,14472,4
2025-12-24 16:46:21,14473,4
2025-12-24 16:46:21,14474,4
2025-12-24 16:46:21,14475,4
2025-12-24 16:46:21,14476,4
2025-12-24 16:46:21,14477,1
2025-12-24 16:46:21,14478,4
2025-12-24 16:46:21,14479,4
2025-12-24 16:46:21,14480,4
2025-12-24 16:46:21,14481,1
2025-12-24 16:46:21,14482,4
2025-12-24 16:46:21,14484,4
2025-12-24 16:46:21,14485,4
2025-12-24 16:46:21,14486,4
2025-12-24 16:46:21,14487,4
2025-12-24 16:46:21,14488,4
2025-12-24 16:46:21,14491,4
2025-12-24 16:46:21,14492,4
2025-12-24 16:46:21,14493,4
2025-12-24 16:46:21,14495,4
2025-12-24 16:46:21,14496,4
2025-12-24 16:46:21,14497,4
2025-12-24 16:46:21,14498,4
2025-12-24 16:46:21,14504,4
2025-12-24 16:46:21,14505,4
2025-12-24 16:46:21,14507,4
2025-12-24 16:46:21,14508,1
2025-12-24 16:46:21,14509,4
2025-12-24 16:46:21,14511,4
2025-12-24 16:46:21,14512,4
2025-12-24 16:46:21,14513,4
2025-12-24 16:46:21,14514,4
2025-12-24 16:46:21,14517,4
2025-12-24 16:46:21,14518,4
2025-12-24 16:46:21,14521,4
2025-12-24 16:46:21,14524,4
2025-12-24 16:46:21,14525,4
2025-12-24 16:46:21,14526,1
2025-12-24 16:46:21,14527,4
2025-12-24 16:46:21,14528,4
2025-12-24 16:46:21,14530,4
2025-12-24 16:46:21,14531,4
2025-12-24 16:46:21,14537,4
2025-12-24 16:46:21,14538,4
2025-12-24 16:46:21,14539,4
2025-12-24 16:46:21,14541,4
2025-12-24 16:46:21,14542,4
2025-12-24 16:46:21,14544,1
2025-12-24 16:46:21,14545,4
2025-12-24 16:46:21,14548,4
2025-12-24 16:46:21,14551,4
2025-12-24 16:46:21,14552,4
2025-12-24 16:46:21,14554,4
2025-12-24 16:46:21,14555,1
2025-12-24 16:46:21,14556,4
2025-12-24 16:46:21,14558,4
2025-12-24 16:46:21,14560,4
2025-12-24 16:46:21,14561,4
2025-12-24 16:46:21,14563,4
2025-12-24 16:46:21,14566,4
2025-12-24 16:46:21,14567,4
2025-12-24 16:46:21,14569,4
2025-12-24 16:46:21,14571,4
2025-12-24 16:46:21,14572,4
2025-12-24 16:46:21,14574,4
2025-12-24 16:46:21,14575,4
2025-12-24 16:46:21,14576,4
2025-12-24 16:46:21,14577,4
2025-12-24 16:46:21,14579,4
2025-12-24 16:46:21,14580,4
2025-12-24 16:46:21,14582,4
2025-12-24 16:46:21,14583,4
2025-12-24 16:46:21,14585,1
2025-12-24 16:46:21,14587,4
2025-12-24 16:46:21,14588,4
2025-12-24 16:46:21,14589,4
2025-12-24 16:46:21,14590,4
2025-12-24 16:46:21,14591,1
2025-12-24 16:46:21,14592,4
2025-12-24 16:46:21,14594,4
2025-12-24 16:46:21,14596,4
2025-12-24 16:46:21,14600,4
2025-12-24 16:46:21,14601,4
2025-12-24 16:46:21,14602,4
2025-12-24 16:46:21,14603,4
2025-12-24 16:46:21,14604,4
2025-12-24 16:46:21,14607,4
2025-12-24 16:46:21,14608,4
2025-12-24 16:46:21,14609,4
2025-12-24 16:46:21,14611,1
2025-12-24 16:46:21,14613,4
2025-12-24 16:46:21,14614,4
2025-12-24 16:46:21,14615,4
2025-12-24 16:46:21,14616,4
2025-12-24 16:46:21,14617,4
2025-12-24 16:46:21,14619,4
2025-12-24 16:46:21,14622,4
2025-12-24 16:46:21,14624,4
2025-12-24 16:46:21,14625,4
2025-12-24 16:46:21,14626,4
2025-12-24 16:46:21,14628,4
2025-12-24 16:46:21,14629,1
2025-12-24 16:46:21,14633,4
2025-12-24 16:46:21,14635,4
2025-12-24 16:46:21,14636,4
2025-12-24 16:46:21,14637,1
2025-12-24 16:46:21,14638,4
2025-12-24 16:46:21,14639,4
2025-12-24 16:46:21,14640,4
2025-12-24 16:46:21,14641,4
2025-12-24 16:46:21,14642,4
2025-12-24 16:46:21,14643,4
2025-12-24 16:46:21,14645,1
2025-12-24 16:46:21,14647,2
2025-12-24 16:46:21,14648,4
2025-12-24 16:46:21,14650,4
2025-12-24 16:46:21,14651,4
2025-12-24 16:46:21,14654,4
2025-12-24 16:46:21,14655,4
2025-12-24 16:46:21,14656,1
2025-12-24 16:46:21,14658,1
2025-12-24 16:46:21,14659,4
2025-12-24 16:46:21,14660,1
2025-12-24 16:46:21,14662,1
2025-12-24 16:46:21,14663,4
2025-12-24 16:46:21,14664,4
2025-12-24 16:46:21,14665,1
2025-12-24 16:46:21,14666,4
2025-12-24 16:46:21,14667,4
2025-12-24 16:46:21,14668,4
2025-12-24 16:46:21,14669,4
2025-12-24 16:46:21,14671,4
2025-12-24 16:46:21,14673,1
2025-12-24 16:46:21,14675,4
2025-12-24 16:46:21,14677,1
2025-12-24 16:46:21,14678,4
2025-12-24 16:46:21,14679,4
2025-12-24 16:46:21,14682,4
2025-12-24 16:46:21,14684,4
2025-12-24 16:46:21,14685,4
2025-12-24 16:46:21,14686,1
2025-12-24 16:46:21,14687,4
2025-12-24 16:46:21,14688,4
2025-12-24 16:46:21,14689,4
2025-12-24 16:46:21,14690,4
2025-12-24 16:46:21,14692,4
2025-12-24 16:46:21,14693,4
2025-12-24 16:46:21,14694,4
2025-12-24 16:46:21,14695,4
2025-12-24 16:46:21,14696,4
2025-12-24 16:46:21,14700,4
2025-12-24 16:46:21,14702,4
2025-12-24 16:46:21,14703,4
2025-12-24 16:46:21,14704,4
2025-12-24 16:46:21,14706,4
2025-12-24 16:46:21,14709,4
2025-12-24 16:46:21,14711,4
2025-12-24 16:46:21,14712,1
2025-12-24 16:46:21,14713,4
2025-12-24 16:46:21,14715,4
2025-12-24 16:46:21,14716,4
2025-12-24 16:46:21,14717,4
2025-12-24 16:46:21,14719,4
2025-12-24 16:46:21,14720,4
2025-12-24 16:46:21,14721,4
2025-12-24 16:46:21,14722,1
2025-12-24 16:46:21,14723,4
2025-12-24 16:46:21,14724,4
2025-12-24 16:46:21,14725,4
2025-12-24 16:46:21,14727,4
2025-12-24 16:46:21,14728,4
2025-12-24 16:46:21,14729,1
2025-12-24 16:46:21,14730,1
2025-12-24 16:46:21,14731,1
2025-12-24 16:46:21,14734,4
2025-12-24 16:46:21,14735,4
2025-12-24 16:46:21,14736,4
2025-12-24 16:46:21,14738,2
2025-12-24 16:46:21,14739,4
2025-12-24 16:46:21,14740,4
2025-12-24 16:46:21,14742,4
2025-12-24 16:46:21,14743,4
2025-12-24 16:46:21,14744,4
2025-12-24 16:46:21,14746,4
2025-12-24 16:46:21,14747,1
2025-12-24 16:46:21,14749,4
2025-12-24 16:46:21,14750,4
2025-12-24 16:46:21,14751,4
2025-12-24 16:46:21,14752,4
2025-12-24 16:46:21,14753,4
2025-12-24 16:46:21,14754,4
2025-12-24 16:46:21,14755,4
2025-12-24 16:46:21,14756,4
2025-12-24 16:46:21,14757,1
2025-12-24 16:46:21,14762,4
2025-12-24 16:46:21,14764,4
2025-12-24 16:46:21,14765,4
2025-12-24 16:46:21,14767,4
2025-12-24 16:46:21,14769,4
2025-12-24 16:46:21,14770,4
2025-12-24 16:46:21,14771,4
2025-12-24 16:46:21,14773,2
2025-12-24 16:46:21,14774,4
2025-12-24 16:46:21,14776,4
2025-12-24 16:46:21,14777,4
2025-12-24 16:46:21,14778,4
2025-12-24 16:46:21,14779,4
2025-12-24 16:46:21,14780,4
2025-12-24 16:46:21,14781,1
2025-12-24 16:46:21,14783,1
2025-12-24 16:46:21,14784,4
2025-12-24 16:46:21,14785,4
2025-12-24 16:46:21,14786,4
2025-12-24 16:46:21,14787,4
2025-12-24 16:46:21,14789,4
2025-12-24 16:46:21,14792,4
2025-12-24 16:46:21,14793,4
2025-12-24 16:46:21,14794,1
2025-12-24 16:46:21,14796,4
2025-12-24 16:46:21,14798,4
2025-12-24 16:46:21,14799,4
2025-12-24 16:46:21,14802,4
2025-12-24 16:46:21,14804,4
2025-12-24 16:46:21,14806,1
2025-12-24 16:46:21,14807,4
2025-12-24 16:46:21,14809,4
2025-12-24 16:46:21,14810,4
2025-12-24 16:46:21,14812,4
2025-12-24 16:46:21,14814,4
2025-12-24 16:46:21,14815,4
2025-12-24 16:46:21,14818,4
2025-12-24 16:46:21,14820,4
2025-12-24 16:46:21,14821,4
2025-12-24 16:46:21,14822,4
2025-12-24 16:46:21,14824,4
2025-12-24 16:46:21,14825,4
2025-12-24 16:46:21,14826,4
2025-12-24 16:46:21,14829,4
2025-12-24 16:46:21,14831,4
2025-12-24 16:46:21,14832,4
2025-12-24 16:46:21,14834,1
2025-12-24 16:46:21,14837,4
2025-12-24 16:46:21,14838,2
2025-12-24 16:46:21,14840,1
2025-12-24 16:46:21,14842,1
2025-12-24 16:46:21,14844,4
2025-12-24 16:46:21,14845,1
2025-12-24 16:46:21,14846,1
2025-12-24 16:46:21,14848,4
2025-12-24 16:46:21,14849,4
2025-12-24 16:46:21,14851,4
2025-12-24 16:46:21,14859,4
2025-12-24 16:46:21,14860,4
2025-12-24 16:46:21,14861,4
2025-12-24 16:46:21,14862,4
2025-12-24 16:46:21,14863,4
2025-12-24 16:46:21,14865,4
2025-12-24 16:46:21,14866,4
2025-12-24 16:46:21,14869,4
2025-12-24 16:46:21,14870,4
2025-12-24 16:46:21,14873,4
2025-12-24 16:46:21,14874,4
2025-12-24 16:46:21,14875,4
2025-12-24 16:46:21,14876,4
2025-12-24 16:46:21,14877,4
2025-12-24 16:46:21,14878,4
2025-12-24 16:46:21,14879,4
2025-12-24 16:46:21,14880,4
2025-12-24 16:46:21,14881,4
2025-12-24 16:46:21,14882,2
2025-12-24 16:46:21,14883,4
2025-12-24 16:46:21,14885,4
2025-12-24 16:46:21,14886,4
2025-12-24 16:46:21,14888,4
2025-12-24 16:46:21,14889,4
2025-12-24 16:46:21,14890,4
2025-12-24 16:46:21,14891,4
2025-12-24 16:46:21,14892,1
2025-12-24 16:46:21,14893,4
2025-12-24 16:46:21,14894,4
2025-12-24 16:46:21,14898,4
2025-12-24 16:46:21,14899,4
2025-12-24 16:46:21,14905,4
2025-12-24 16:46:21,14909,4
2025-12-24 16:46:21,14910,4
2025-12-24 16:46:21,14911,2
2025-12-24 16:46:21,14912,4
2025-12-24 16:46:21,14913,4
2025-12-24 16:46:21,14914,4
2025-12-24 16:46:21,14915,4
2025-12-24 16:46:21,14917,4
2025-12-24 16:46:21,14918,4
2025-12-24 16:46:21,14920,4
2025-12-24 16:46:21,14921,4
2025-12-24 16:46:21,14922,1
2025-12-24 16:46:21,14923,4
2025-12-24 16:46:21,14924,4
2025-12-24 16:46:21,14926,4
2025-12-24 16:46:21,14927,4
2025-12-24 16:46:21,14928,4
2025-12-24 16:46:21,14929,4
2025-12-24 16:46:21,14930,1
2025-12-24 16:46:21,14931,4
2025-12-24 16:46:21,14932,4
2025-12-24 16:46:21,14933,4
2025-12-24 16:46:21,14934,4
2025-12-24 16:46:21,14936,4
2025-12-24 16:46:21,14937,4
2025-12-24 16:46:21,14938,4
2025-12-24 16:46:21,14939,2
2025-12-24 16:46:21,14940,4
2025-12-24 16:46:21,14942,1
2025-12-24 16:46:21,14943,4
2025-12-24 16:46:21,14945,4
2025-12-24 16:46:21,14947,4
2025-12-24 16:46:21,14948,4
2025-12-24 16:46:21,14949,4
2025-12-24 16:46:21,14951,4
2025-12-24 16:46:21,14952,4
2025-12-24 16:46:21,14955,4
2025-12-24 16:46:21,14956,4
2025-12-24 16:46:21,14958,1
2025-12-24 16:46:21,14960,4
2025-12-24 16:46:21,14961,4
2025-12-24 16:46:21,14962,4
2025-12-24 16:46:21,14964,4
2025-12-24 16:46:21,14965,1
2025-12-24 16:46:21,14966,4
2025-12-24 16:46:21,14967,4
2025-12-24 16:46:21,14968,4
2025-12-24 16:46:21,14969,4
2025-12-24 16:46:21,14971,2
2025-12-24 16:46:21,14972,4
2025-12-24 16:46:21,14973,1
2025-12-24 16:46:21,14974,4
2025-12-24 16:46:21,14975,4
2025-12-24 16:46:21,14976,4
2025-12-24 16:46:21,14979,1
2025-12-24 16:46:21,14983,4
2025-12-24 16:46:21,14987,1
2025-12-24 16:46:21,14988,4
2025-12-24 16:46:21,14990,4
2025-12-24 16:46:21,14991,4
2025-12-24 16:46:21,14992,4
2025-12-24 16:46:21,14993,4
2025-12-24 16:46:21,14994,4
2025-12-24 16:46:21,14995,1
2025-12-24 16:46:21,14996,4
2025-12-24 16:46:21,14998,4
2025-12-24 16:46:21,15000,4
2025-12-24 16:46:21,15001,4
2025-12-24 16:46:21,15003,4
2025-12-24 16:46:21,15004,4
2025-12-24 16:46:21,15005,4
2025-12-24 16:46:21,15006,4
2025-12-24 16:46:21,15008,4
2025-12-24 16:46:21,15009,4
2025-12-24 16:46:21,15010,4
2025-12-24 16:46:21,15019,1
2025-12-24 16:46:21,15021,4
2025-12-24 16:46:21,15024,4
2025-12-24 16:46:21,15029,4
2025-12-24 16:46:21,15030,4
2025-12-24 16:46:21,15031,4
2025-12-24 16:46:21,15032,4
2025-12-24 16:46:21,15033,4
2025-12-24 16:46:21,15037,4
2025-12-24 16:46:21,15039,4
2025-12-24 16:46:21,15040,4
2025-12-24 16:46:21,15041,1
2025-12-24 16:46:21,15044,4
2025-12-24 16:46:21,15045,4
2025-12-24 16:46:21,15046,4
2025-12-24 16:46:21,15048,4
2025-12-24 16:46:21,15049,4
2025-12-24 16:46:21,15050,1
2025-12-24 16:46:21,15051,4
2025-12-24 16:46:21,15052,4
2025-12-24 16:46:21,15053,4
2025-12-24 16:46:21,15054,4
2025-12-24 16:46:21,15055,4
2025-12-24 16:46:21,15056,4
2025-12-24 16:46:21,15058,1
2025-12-24 16:46:21,15059,4
2025-12-24 16:46:21,15061,4
2025-12-24 16:46:21,15062,4
2025-12-24 16:46:21,15063,4
2025-12-24 16:46:21,15064,4
2025-12-24 16:46:21,15066,4
2025-12-24 16:46:21,15068,4
2025-12-24 16:46:21,15069,4
2025-12-24 16:46:21,15070,1
2025-12-24 16:46:21,15073,4
2025-12-24 16:46:21,15074,4
2025-12-24 16:46:21,15075,1
2025-12-24 16:46:21,15077,4
2025-12-24 16:46:21,15079,4
2025-12-24 16:46:21,15081,1
2025-12-24 16:46:21,15083,4
2025-12-24 16:46:21,15084,4
2025-12-24 16:46:21,15086,1
2025-12-24 16:46:21,15087,1
2025-12-24 16:46:21,15088,4
2025-12-24 16:46:21,15089,1
2025-12-24 16:46:21,15090,4
2025-12-24 16:46:21,15091,4
2025-12-24 16:46:21,15092,4
2025-12-24 16:46:21,15093,4
2025-12-24 16:46:21,15094,4
2025-12-24 16:46:21,15096,4
2025-12-24 16:46:21,15097,4
2025-12-24 16:46:21,15098,4
2025-12-24 16:46:21,15099,4
2025-12-24 16:46:21,15102,4
2025-12-24 16:46:21,15103,4
2025-12-24 16:46:21,15104,4
2025-12-24 16:46:21,15105,4
2025-12-24 16:46:21,15107,1
2025-12-24 16:46:21,15108,4
2025-12-24 16:46:21,15109,1
2025-12-24 16:46:21,15110,4
2025-12-24 16:46:21,15111,4
2025-12-24 16:46:21,15112,4
2025-12-24 16:46:21,15113,4
2025-12-24 16:46:21,15114,4
2025-12-24 16:46:21,15115,4
2025-12-24 16:46:21,15118,4
2025-12-24 16:46:21,15120,4
2025-12-24 16:46:21,15121,4
2025-12-24 16:46:21,15122,2
2025-12-24 16:46:21,15124,4
2025-12-24 16:46:21,15125,4
2025-12-24 16:46:21,15126,4
2025-12-24 16:46:21,15127,4
2025-12-24 16:46:21,15128,4
2025-12-24 16:46:21,15130,4
2025-12-24 16:46:21,15131,4
2025-12-24 16:46:21,15133,4
2025-12-24 16:46:21,15135,1
2025-12-24 16:46:21,15136,4
2025-12-24 16:46:21,15140,1
2025-12-24 16:46:21,15143,4
2025-12-24 16:46:21,15145,4
2025-12-24 16:46:21,15146,4
2025-12-24 16:46:21,15149,4
2025-12-24 16:46:21,15152,4
2025-12-24 16:46:21,15153,1
2025-12-24 16:46:21,15154,4
2025-12-24 16:46:21,15155,4
2025-12-24 16:46:21,15158,4
2025-12-24 16:46:21,15162,4
2025-12-24 16:46:21,15163,4
2025-12-24 16:46:21,15164,4
2025-12-24 16:46:21,15165,4
2025-12-24 16:46:21,15167,4
2025-12-24 16:46:21,15168,4
2025-12-24 16:46:21,15170,4
2025-12-24 16:46:21,15171,4
2025-12-24 16:46:21,15173,1
2025-12-24 16:46:21,15174,4
2025-12-24 16:46:21,15175,4
2025-12-24 16:46:21,15177,4
2025-12-24 16:46:21,15179,4
2025-12-24 16:46:21,15180,4
2025-12-24 16:46:21,15181,4
2025-12-24 16:46:21,15184,4
2025-12-24 16:46:21,15185,4
2025-12-24 16:46:21,15192,1
2025-12-24 16:46:21,15196,4
2025-12-24 16:46:21,15197,4
2025-12-24 16:46:21,15199,4
2025-12-24 16:46:21,15201,4
2025-12-24 16:46:21,15202,4
2025-12-24 16:46:21,15203,4
2025-12-24 16:46:21,15207,4
2025-12-24 16:46:21,15209,4
2025-12-24 16:46:21,15213,4
2025-12-24 16:46:21,15217,4
2025-12-24 16:46:21,15219,4
2025-12-24 16:46:21,15220,4
2025-12-24 16:46:21,15222,1
2025-12-24 16:46:21,15223,4
2025-12-24 16:46:21,15224,1
2025-12-24 16:46:21,15227,4
2025-12-24 16:46:21,15229,4
2025-12-24 16:46:21,15230,4
2025-12-24 16:46:21,15231,4
2025-12-24 16:46:21,15232,4
2025-12-24 16:46:21,15233,4
2025-12-24 16:46:21,15234,4
2025-12-24 16:46:21,15238,4
2025-12-24 16:46:21,15240,4
2025-12-24 16:46:21,15241,4
2025-12-24 16:46:21,15244,4
2025-12-24 16:46:21,15245,4
2025-12-24 16:46:21,15246,4
2025-12-24 16:46:21,15247,4
2025-12-24 16:46:21,15248,1
2025-12-24 16:46:21,15249,4
2025-12-24 16:46:21,15250,4
2025-12-24 16:46:21,15251,4
2025-12-24 16:46:21,15252,4
2025-12-24 16:46:21,15254,4
2025-12-24 16:46:21,15257,4
2025-12-24 16:46:21,15260,4
2025-12-24 16:46:21,15261,4
2025-12-24 16:46:21,15262,4
2025-12-24 16:46:21,15264,4
2025-12-24 16:46:21,15265,4
2025-12-24 16:46:21,15266,4
2025-12-24 16:46:21,15267,4
2025-12-24 16:46:21,15268,4
2025-12-24 16:46:21,15269,4
2025-12-24 16:46:21,15272,4
2025-12-24 16:46:21,15273,4
2025-12-24 16:46:21,15274,4
2025-12-24 16:46:21,15275,4
2025-12-24 16:46:21,15277,4
2025-12-24 16:46:21,15278,4
2025-12-24 16:46:21,15283,4
2025-12-24 16:46:21,15284,1
2025-12-24 16:46:21,15286,4
2025-12-24 16:46:21,15287,4
2025-12-24 16:46:21,15289,4
2025-12-24 16:46:21,15290,4
2025-12-24 16:46:21,15291,1
2025-12-24 16:46:21,15292,4
2025-12-24 16:46:21,15294,4
2025-12-24 16:46:21,15295,1
2025-12-24 16:46:21,15296,4
2025-12-24 16:46:21,15297,4
2025-12-24 16:46:21,15298,4
2025-12-24 16:46:21,15300,4
2025-12-24 16:46:21,15301,1
2025-12-24 16:46:21,15302,4
2025-12-24 16:46:21,15303,4
2025-12-24 16:46:21,15304,4
2025-12-24 16:46:21,15305,4
2025-12-24 16:46:21,15306,4
2025-12-24 16:46:21,15307,4
2025-12-24 16:46:21,15309,4
2025-12-24 16:46:21,15311,4
2025-12-24 16:46:21,15312,1
2025-12-24 16:46:21,15313,4
2025-12-24 16:46:21,15314,4
2025-12-24 16:46:21,15315,1
2025-12-24 16:46:21,15316,4
2025-12-24 16:46:21,15318,4
2025-12-24 16:46:21,15319,4
2025-12-24 16:46:21,15323,1
2025-12-24 16:46:21,15324,2
2025-12-24 16:46:21,15325,4
2025-12-24 16:46:21,15327,4
2025-12-24 16:46:21,15328,4
2025-12-24 16:46:21,15330,4
2025-12-24 16:46:21,15331,4
2025-12-24 16:46:21,15333,4
2025-12-24 16:46:21,15336,4
2025-12-24 16:46:21,15337,4
2025-12-24 16:46:21,15338,1
2025-12-24 16:46:21,15339,4
2025-12-24 16:46:21,15340,4
2025-12-24 16:46:21,15343,4
2025-12-24 16:46:21,15344,4
2025-12-24 16:46:21,15345,4
2025-12-24 16:46:21,15346,4
2025-12-24 16:46:21,15352,4
2025-12-24 16:46:21,15353,1
2025-12-24 16:46:21,15354,4
2025-12-24 16:46:21,15355,4
2025-12-24 16:46:21,15357,4
2025-12-24 16:46:21,15358,4
2025-12-24 16:46:21,15361,4
2025-12-24 16:46:21,15362,4
2025-12-24 16:46:21,15364,4
2025-12-24 16:46:21,15366,4
2025-12-24 16:46:21,15367,4
2025-12-24 16:46:21,15368,4
2025-12-24 16:46:21,15369,4
2025-12-24 16:46:21,15370,4
2025-12-24 16:46:21,15371,4
2025-12-24 16:46:21,15372,4
2025-12-24 16:46:21,15376,4
2025-12-24 16:46:21,15378,4
2025-12-24 16:46:21,15379,1
2025-12-24 16:46:21,15381,4
2025-12-24 16:46:21,15382,4
2025-12-24 16:46:21,15383,4
2025-12-24 16:46:21,15386,1
2025-12-24 16:46:21,15388,4
2025-12-24 16:46:21,15395,4
2025-12-24 16:46:21,15396,4
2025-12-24 16:46:21,15397,4
2025-12-24 16:46:21,15398,4
2025-12-24 16:46:21,15399,1
2025-12-24 16:46:21,15401,4
2025-12-24 16:46:21,15403,4
2025-12-24 16:46:21,15404,4
2025-12-24 16:46:21,15405,4
2025-12-24 16:46:21,15406,4
2025-12-24 16:46:21,15410,4
2025-12-24 16:46:21,15411,1
2025-12-24 16:46:21,15413,1
2025-12-24 16:46:21,15416,4
2025-12-24 16:46:21,15417,4
2025-12-24 16:46:21,15418,4
2025-12-24 16:46:21,15419,4
2025-12-24 16:46:21,15422,4
2025-12-24 16:46:21,15423,4
2025-12-24 16:46:21,15424,4
2025-12-24 16:46:21,15425,4
2025-12-24 16:46:21,15426,1
2025-12-24 16:46:21,15428,4
2025-12-24 16:46:21,15430,4
2025-12-24 16:46:21,15431,4
2025-12-24 16:46:21,15432,4
2025-12-24 16:46:21,15433,4
2025-12-24 16:46:21,15434,4
2025-12-24 16:46:21,15435,4
2025-12-24 16:46:21,15436,4
2025-12-24 16:46:21,15437,4
2025-12-24 16:46:21,15438,1
2025-12-24 16:46:21,15439,4
2025-12-24 16:46:21,15440,4
2025-12-24 16:46:21,15442,4
2025-12-24 16:46:21,15444,4
2025-12-24 16:46:21,15445,4
2025-12-24 16:46:21,15447,4
2025-12-24 16:46:21,15448,4
2025-12-24 16:46:21,15450,4
2025-12-24 16:46:21,15452,4
2025-12-24 16:46:21,15454,4
2025-12-24 16:46:21,15455,4
2025-12-24 16:46:21,15456,4
2025-12-24 16:46:21,15457,4
2025-12-24 16:46:21,15458,4
2025-12-24 16:46:21,15460,2
2025-12-24 16:46:21,15461,4
2025-12-24 16:46:21,15462,4
2025-12-24 16:46:21,15463,4
2025-12-24 16:46:21,15464,4
2025-12-24 16:46:21,15465,4
2025-12-24 16:46:21,15467,4
2025-12-24 16:46:21,15470,1
2025-12-24 16:46:21,15471,4
2025-12-24 16:46:21,15472,4
2025-12-24 16:46:21,15474,4
2025-12-24 16:46:21,15478,4
2025-12-24 16:46:21,15479,4
2025-12-24 16:46:21,15482,4
2025-12-24 16:46:21,15483,4
2025-12-24 16:46:21,15486,4
2025-12-24 16:46:21,15488,4
2025-12-24 16:46:21,15490,4
2025-12-24 16:46:21,15491,4
2025-12-24 16:46:21,15492,4
2025-12-24 16:46:21,15495,4
2025-12-24 16:46:21,15499,4
2025-12-24 16:46:21,15501,4
2025-12-24 16:46:21,15502,4
2025-12-24 16:46:21,15503,4
2025-12-24 16:46:21,15505,4
2025-12-24 16:46:21,15506,4
2025-12-24 16:46:21,15508,4
2025-12-24 16:46:21,15511,4
2025-12-24 16:46:21,15512,1
2025-12-24 16:46:21,15513,4
2025-12-24 16:46:21,15514,4
2025-12-24 16:46:21,15515,4
2025-12-24 16:46:21,15518,4
2025-12-24 16:46:21,15519,4
2025-12-24 16:46:21,15520,4
2025-12-24 16:46:21,15521,4
2025-12-24 16:46:21,15527,1
2025-12-24 16:46:21,15529,4
2025-12-24 16:46:21,15530,4
2025-12-24 16:46:21,15531,4
2025-12-24 16:46:21,15532,4
2025-12-24 16:46:21,15533,4
2025-12-24 16:46:21,15535,1
2025-12-24 16:46:21,15536,1
2025-12-24 16:46:21,15539,1
2025-12-24 16:46:21,15540,4
2025-12-24 16:46:21,15541,4
2025-12-24 16:46:21,15543,1
2025-12-24 16:46:21,15546,4
2025-12-24 16:46:21,15547,4
2025-12-24 16:46:21,15548,4
2025-12-24 16:46:21,15549,4
2025-12-24 16:46:21,15550,4
2025-12-24 16:46:21,15551,4
2025-12-24 16:46:21,15554,1
2025-12-24 16:46:21,15556,1
2025-12-24 16:46:21,15560,4
2025-12-24 16:46:21,15563,4
2025-12-24 16:46:21,15564,4
2025-12-24 16:46:21,15565,4
2025-12-24 16:46:21,15566,4
2025-12-24 16:46:21,15567,4
2025-12-24 16:46:21,15568,4
2025-12-24 16:46:21,15569,4
2025-12-24 16:46:21,15570,4
2025-12-24 16:46:21,15572,4
2025-12-24 16:46:21,15574,1
2025-12-24 16:46:21,15575,4
2025-12-24 16:46:21,15576,4
2025-12-24 16:46:21,15577,4
2025-12-24 16:46:21,15578,4
2025-12-24 16:46:21,15579,4
2025-12-24 16:46:21,15580,1
2025-12-24 16:46:21,15581,1
2025-12-24 16:46:21,15582,4
2025-12-24 16:46:21,15584,1
2025-12-24 16:46:21,15585,4
2025-12-24 16:46:21,15586,4
2025-12-24 16:46:21,15587,4
2025-12-24 16:46:21,15589,4
2025-12-24 16:46:21,15590,4
2025-12-24 16:46:21,15591,4
2025-12-24 16:46:21,15594,4
2025-12-24 16:46:21,15595,4
2025-12-24 16:46:21,15597,4
2025-12-24 16:46:21,15598,4
2025-12-24 16:46:21,15601,1
2025-12-24 16:46:21,15602,4
2025-12-24 16:46:21,15603,4
2025-12-24 16:46:21,15604,4
2025-12-24 16:46:21,15605,4
2025-12-24 16:46:21,15606,2
2025-12-24 16:46:21,15608,4
2025-12-24 16:46:21,15609,4
2025-12-24 16:46:21,15610,4
2025-12-24 16:46:21,15612,4
2025-12-24 16:46:21,15613,1
2025-12-24 16:46:21,15615,1
2025-12-24 16:46:21,15617,4
2025-12-24 16:46:21,15618,1
2025-12-24 16:46:21,15622,4
2025-12-24 16:46:21,15623,4
2025-12-24 16:46:21,15624,1
2025-12-24 16:46:21,15625,4
2025-12-24 16:46:21,15626,4
2025-12-24 16:46:21,15627,4
2025-12-24 16:46:21,15630,4
2025-12-24 16:46:21,15632,1
2025-12-24 16:46:21,15634,1
2025-12-24 16:46:21,15635,4
2025-12-24 16:46:21,15637,4
2025-12-24 16:46:21,15639,1
2025-12-24 16:46:21,15640,4
2025-12-24 16:46:21,15643,1
2025-12-24 16:46:21,15644,4
2025-12-24 16:46:21,15645,4
2025-12-24 16:46:21,15649,4
2025-12-24 16:46:21,15650,4
2025-12-24 16:46:21,15653,4
2025-12-24 16:46:21,15654,2
2025-12-24 16:46:21,15655,4
2025-12-24 16:46:21,15657,4
2025-12-24 16:46:21,15659,1
2025-12-24 16:46:21,15661,4
2025-12-24 16:46:21,15663,4
2025-12-24 16:46:21,15665,4
2025-12-24 16:46:21,15668,4
2025-12-24 16:46:21,15669,4
2025-12-24 16:46:21,15670,2
2025-12-24 16:46:21,15671,4
2025-12-24 16:46:21,15672,4
2025-12-24 16:46:21,15674,1
2025-12-24 16:46:21,15675,4
2025-12-24 16:46:21,15677,4
2025-12-24 16:46:21,15678,4
2025-12-24 16:46:21,15679,4
2025-12-24 16:46:21,15680,4
2025-12-24 16:46:21,15681,4
2025-12-24 16:46:21,15682,1
2025-12-24 16:46:21,15683,4
2025-12-24 16:46:21,15684,4
2025-12-24 16:46:21,15685,1
2025-12-24 16:46:21,15686,4
2025-12-24 16:46:21,15687,4
2025-12-24 16:46:21,15688,4
2025-12-24 16:46:21,15689,4
2025-12-24 16:46:21,15690,4
2025-12-24 16:46:21,15692,4
2025-12-24 16:46:21,15693,4
2025-12-24 16:46:21,15694,4
2025-12-24 16:46:21,15697,4
2025-12-24 16:46:21,15699,1
2025-12-24 16:46:21,15701,4
2025-12-24 16:46:21,15702,4
2025-12-24 16:46:21,15704,4
2025-12-24 16:46:21,15706,1
2025-12-24 16:46:21,15708,4
2025-12-24 16:46:21,15709,1
2025-12-24 16:46:21,15710,1
2025-12-24 16:46:21,15711,4
2025-12-24 16:46:21,15713,1
2025-12-24 16:46:21,15716,4
2025-12-24 16:46:21,15717,4
2025-12-24 16:46:21,15718,4
2025-12-24 16:46:21,15719,4
2025-12-24 16:46:21,15723,4
2025-12-24 16:46:21,15724,4
2025-12-24 16:46:21,15725,4
2025-12-24 16:46:21,15727,4
2025-12-24 16:46:21,15728,4
2025-12-24 16:46:21,15729,4
2025-12-24 16:46:21,15731,4
2025-12-24 16:46:21,15733,4
2025-12-24 16:46:21,15734,4
2025-12-24 16:46:21,15735,4
2025-12-24 16:46:21,15737,4
2025-12-24 16:46:21,15738,4
2025-12-24 16:46:21,15739,4
2025-12-24 16:46:21,15742,4
2025-12-24 16:46:21,15743,4
2025-12-24 16:46:21,15744,4
2025-12-24 16:46:21,15745,1
2025-12-24 16:46:21,15747,4
2025-12-24 16:46:21,15748,4
2025-12-24 16:46:21,15751,4
2025-12-24 16:46:21,15753,4
2025-12-24 16:46:21,15754,4
2025-12-24 16:46:21,15756,4
2025-12-24 16:46:21,15758,4
2025-12-24 16:46:21,15759,4
2025-12-24 16:46:21,15760,4
2025-12-24 16:46:21,15761,4
2025-12-24 16:46:21,15762,4
2025-12-24 16:46:21,15765,4
2025-12-24 16:46:21,15766,4
2025-12-24 16:46:21,15767,1
2025-12-24 16:46:21,15769,4
2025-12-24 16:46:21,15770,4
2025-12-24 16:46:21,15773,4
2025-12-24 16:46:21,15777,4
2025-12-24 16:46:21,15780,4
2025-12-24 16:46:21,15781,1
2025-12-24 16:46:21,15783,4
2025-12-24 16:46:21,15787,4
2025-12-24 16:46:21,15788,4
2025-12-24 16:46:21,15789,1
2025-12-24 16:46:21,15790,4
2025-12-24 16:46:21,15791,4
2025-12-24 16:46:21,15792,4
2025-12-24 16:46:21,15793,1
2025-12-24 16:46:21,15794,1
2025-12-24 16:46:21,15796,4
2025-12-24 16:46:21,15798,4
2025-12-24 16:46:21,15799,1
2025-12-24 16:46:21,15800,1
2025-12-24 16:46:21,15801,1
2025-12-24 16:46:21,15803,4
2025-12-24 16:46:21,15804,1
2025-12-24 16:46:21,15806,4
2025-12-24 16:46:21,15807,4
2025-12-24 16:46:21,15808,4
2025-12-24 16:46:21,15810,1
2025-12-24 16:46:21,15814,1
2025-12-24 16:46:21,15815,4
2025-12-24 16:46:21,15818,4
2025-12-24 16:46:21,15819,4
2025-12-24 16:46:21,15822,4
2025-12-24 16:46:21,15824,4
2025-12-24 16:46:21,15825,4
2025-12-24 16:46:21,15826,4
2025-12-24 16:46:21,15828,4
2025-12-24 16:46:21,15830,4
2025-12-24 16:46:21,15832,4
2025-12-24 16:46:21,15833,4
2025-12-24 16:46:21,15834,4
2025-12-24 16:46:21,15836,4
2025-12-24 16:46:21,15837,4
2025-12-24 16:46:21,15839,4
2025-12-24 16:46:21,15841,4
2025-12-24 16:46:21,15844,4
2025-12-24 16:46:21,15845,1
2025-12-24 16:46:21,15846,4
2025-12-24 16:46:21,15847,4
2025-12-24 16:46:21,15848,4
2025-12-24 16:46:21,15849,4
2025-12-24 16:46:21,15850,4
2025-12-24 16:46:21,15851,4
2025-12-24 16:46:21,15853,4
2025-12-24 16:46:21,15854,4
2025-12-24 16:46:21,15855,4
2025-12-24 16:46:21,15856,4
2025-12-24 16:46:21,15857,4
2025-12-24 16:46:21,15858,1
2025-12-24 16:46:21,15859,1
2025-12-24 16:46:21,15863,4
2025-12-24 16:46:21,15864,1
2025-12-24 16:46:21,15865,4
2025-12-24 16:46:21,15868,4
2025-12-24 16:46:21,15869,4
2025-12-24 16:46:21,15870,4
2025-12-24 16:46:21,15871,4
2025-12-24 16:46:21,15872,1
2025-12-24 16:46:21,15873,4
2025-12-24 16:46:21,15874,4
2025-12-24 16:46:21,15876,4
2025-12-24 16:46:21,15877,4
2025-12-24 16:46:21,15880,4
2025-12-24 16:46:21,15881,4
2025-12-24 16:46:21,15883,1
2025-12-24 16:46:21,15885,4
2025-12-24 16:46:21,15886,4
2025-12-24 16:46:21,15887,1
2025-12-24 16:46:21,15888,4
2025-12-24 16:46:21,15889,1
2025-12-24 16:46:21,15890,4
2025-12-24 16:46:21,15891,4
2025-12-24 16:46:21,15892,1
2025-12-24 16:46:21,15893,4
2025-12-24 16:46:21,15895,1
2025-12-24 16:46:21,15897,4
2025-12-24 16:46:21,15898,2
2025-12-24 16:46:21,15899,4
2025-12-24 16:46:21,15900,4
2025-12-24 16:46:21,15901,4
2025-12-24 16:46:21,15903,4
2025-12-24 16:46:21,15906,4
2025-12-24 16:46:21,15907,4
2025-12-24 16:46:21,15908,1
2025-12-24 16:46:21,15909,4
2025-12-24 16:46:21,15910,1
2025-12-24 16:46:21,15911,4
2025-12-24 16:46:21,15912,4
2025-12-24 16:46:21,15913,4
2025-12-24 16:46:21,15916,4
2025-12-24 16:46:21,15917,4
2025-12-24 16:46:21,15918,4
2025-12-24 16:46:21,15919,4
2025-12-24 16:46:21,15921,4
2025-12-24 16:46:21,15924,4
2025-12-24 16:46:21,15925,4
2025-12-24 16:46:21,15927,4
2025-12-24 16:46:21,15928,1
2025-12-24 16:46:21,15929,4
2025-12-24 16:46:21,15931,4
2025-12-24 16:46:21,15932,4
2025-12-24 16:46:21,15933,4
2025-12-24 16:46:21,15934,4
2025-12-24 16:46:21,15935,4
2025-12-24 16:46:21,15941,4
2025-12-24 16:46:21,15942,4
2025-12-24 16:46:21,15943,4
2025-12-24 16:46:21,15945,1
2025-12-24 16:46:21,15946,4
2025-12-24 16:46:21,15947,4
2025-12-24 16:46:21,15948,4
2025-12-24 16:46:21,15952,4
2025-12-24 16:46:21,15953,4
2025-12-24 16:46:21,15954,2
2025-12-24 16:46:21,15962,4
2025-12-24 16:46:21,15965,4
2025-12-24 16:46:21,15966,4
2025-12-24 16:46:21,15970,1
2025-12-24 16:46:21,15971,4
2025-12-24 16:46:21,15972,4
2025-12-24 16:46:21,15974,1
2025-12-24 16:46:21,15975,4
2025-12-24 16:46:21,15976,4
2025-12-24 16:46:21,15979,4
2025-12-24 16:46:21,15981,4
2025-12-24 16:46:21,15982,4
2025-12-24 16:46:21,15984,4
2025-12-24 16:46:21,15987,4
2025-12-24 16:46:21,15989,4
2025-12-24 16:46:21,15990,4
2025-12-24 16:46:21,15992,4
2025-12-24 16:46:21,15993,4
2025-12-24 16:46:21,15994,1
2025-12-24 16:46:21,15995,4
2025-12-24 16:46:21,15997,1
2025-12-24 16:46:21,15998,4
2025-12-24 16:46:21,16000,4
2025-12-24 16:46:21,16001,4
2025-12-24 16:46:21,16002,4
2025-12-24 16:46:21,16003,4
2025-12-24 16:46:21,16004,4
2025-12-24 16:46:21,16005,4
2025-12-24 16:46:21,16013,1
2025-12-24 16:46:21,16014,4
2025-12-24 16:46:21,16015,4
2025-12-24 16:46:21,16016,4
2025-12-24 16:46:21,16019,1
2025-12-24 16:46:21,16020,4
2025-12-24 16:46:21,16021,4
2025-12-24 16:46:21,16024,4
2025-12-24 16:46:21,16025,4
2025-12-24 16:46:21,16026,2
2025-12-24 16:46:21,16027,4
2025-12-24 16:46:21,16029,4
2025-12-24 16:46:21,16031,4
2025-12-24 16:46:21,16033,4
2025-12-24 16:46:21,16037,4
2025-12-24 16:46:21,16038,4
2025-12-24 16:46:21,16041,4
2025-12-24 16:46:21,16042,4
2025-12-24 16:46:21,16045,4
2025-12-24 16:46:21,16047,4
2025-12-24 16:46:21,16048,4
2025-12-24 16:46:21,16049,4
2025-12-24 16:46:21,16051,4
2025-12-24 16:46:21,16052,4
2025-12-24 16:46:21,16055,4
2025-12-24 16:46:21,16057,4
2025-12-24 16:46:21,16058,1
2025-12-24 16:46:21,16059,4
2025-12-24 16:46:21,16060,1
2025-12-24 16:46:21,16062,4
2025-12-24 16:46:21,16063,4
2025-12-24 16:46:21,16064,4
2025-12-24 16:46:21,16068,1
2025-12-24 16:46:21,16070,1
2025-12-24 16:46:21,16071,4
2025-12-24 16:46:21,16072,1
2025-12-24 16:46:21,16073,4
2025-12-24 16:46:21,16074,2
2025-12-24 16:46:21,16076,4
2025-12-24 16:46:21,16077,4
2025-12-24 16:46:21,16078,4
2025-12-24 16:46:21,16079,4
2025-12-24 16:46:21,16080,4
2025-12-24 16:46:21,16083,4
2025-12-24 16:46:21,16084,4
2025-12-24 16:46:21,16085,4
2025-12-24 16:46:21,16087,4
2025-12-24 16:46:21,16088,4
2025-12-24 16:46:21,16091,4
2025-12-24 16:46:21,16092,4
2025-12-24 16:46:21,16093,4
2025-12-24 16:46:21,16094,4
2025-12-24 16:46:21,16095,4
2025-12-24 16:46:21,16096,4
2025-12-24 16:46:21,16099,4
2025-12-24 16:46:21,16100,4
2025-12-24 16:46:21,16101,4
2025-12-24 16:46:21,16102,4
2025-12-24 16:46:21,16104,4
2025-12-24 16:46:21,16106,4
2025-12-24 16:46:21,16108,4
2025-12-24 16:46:21,16109,1
2025-12-24 16:46:21,16110,4
2025-12-24 16:46:21,16113,4
2025-12-24 16:46:21,16114,4
2025-12-24 16:46:21,16115,4
2025-12-24 16:46:21,16116,4
2025-12-24 16:46:21,16118,4
2025-12-24 16:46:21,16119,4
2025-12-24 16:46:21,16120,1
2025-12-24 16:46:21,16121,4
2025-12-24 16:46:21,16124,4
2025-12-24 16:46:21,16125,4
2025-12-24 16:46:21,16126,4
2025-12-24 16:46:21,16127,4
2025-12-24 16:46:21,16129,1
2025-12-24 16:46:21,16130,4
2025-12-24 16:46:21,16131,4
2025-12-24 16:46:21,16136,1
2025-12-24 16:46:21,16137,1
2025-12-24 16:46:21,16140,4
2025-12-24 16:46:21,16141,4
2025-12-24 16:46:21,16142,4
2025-12-24 16:46:21,16144,4
2025-12-24 16:46:21,16145,1
2025-12-24 16:46:21,16146,4
2025-12-24 16:46:21,16148,4
2025-12-24 16:46:21,16152,4
2025-12-24 16:46:21,16154,4
2025-12-24 16:46:21,16155,1
2025-12-24 16:46:21,16156,4
2025-12-24 16:46:21,16157,4
2025-12-24 16:46:21,16158,4
2025-12-24 16:46:21,16159,1
2025-12-24 16:46:21,16160,4
2025-12-24 16:46:21,16161,4
2025-12-24 16:46:21,16162,4
2025-12-24 16:46:21,16163,2
2025-12-24 16:46:21,16165,4
2025-12-24 16:46:21,16166,4
2025-12-24 16:46:21,16167,4
2025-12-24 16:46:21,16168,4
2025-12-24 16:46:21,16169,4
2025-12-24 16:46:21,16172,4
2025-12-24 16:46:21,16173,4
2025-12-24 16:46:21,16177,1
2025-12-24 16:46:21,16178,4
2025-12-24 16:46:21,16179,4
2025-12-24 16:46:21,16180,4
2025-12-24 16:46:21,16185,4
2025-12-24 16:46:21,16186,4
2025-12-24 16:46:21,16188,4
2025-12-24 16:46:21,16189,4
2025-12-24 16:46:21,16190,4
2025-12-24 16:46:21,16191,4
2025-12-24 16:46:21,16192,4
2025-12-24 16:46:21,16193,4
2025-12-24 16:46:21,16195,4
2025-12-24 16:46:21,16197,4
2025-12-24 16:46:21,16198,4
2025-12-24 16:46:21,16199,4
2025-12-24 16:46:21,16200,4
2025-12-24 16:46:21,16201,4
2025-12-24 16:46:21,16202,4
2025-12-24 16:46:21,16203,4
2025-12-24 16:46:21,16205,4
2025-12-24 16:46:21,16206,4
2025-12-24 16:46:21,16207,2
2025-12-24 16:46:21,16211,4
2025-12-24 16:46:21,16212,4
2025-12-24 16:46:21,16214,1
2025-12-24 16:46:21,16215,4
2025-12-24 16:46:21,16218,4
2025-12-24 16:46:21,16219,1
2025-12-24 16:46:21,16220,4
2025-12-24 16:46:21,16222,4
2025-12-24 16:46:21,16223,4
2025-12-24 16:46:21,16224,1
2025-12-24 16:46:21,16225,4
2025-12-24 16:46:21,16226,1
2025-12-24 16:46:21,16227,1
2025-12-24 16:46:21,16228,4
2025-12-24 16:46:21,16229,4
2025-12-24 16:46:21,16230,4
2025-12-24 16:46:21,16231,4
2025-12-24 16:46:21,16232,4
2025-12-24 16:46:21,16233,4
2025-12-24 16:46:21,16234,4
2025-12-24 16:46:21,16235,4
2025-12-24 16:46:21,16236,4
2025-12-24 16:46:21,16237,1
2025-12-24 16:46:21,16238,4
2025-12-24 16:46:21,16242,4
2025-12-24 16:46:21,16246,1
2025-12-24 16:46:21,16248,4
2025-12-24 16:46:21,16249,4
2025-12-24 16:46:21,16251,4
2025-12-24 16:46:21,16252,4
2025-12-24 16:46:21,16255,4
2025-12-24 16:46:21,16257,4
2025-12-24 16:46:21,16259,4
2025-12-24 16:46:21,16260,4
2025-12-24 16:46:21,16261,1
2025-12-24 16:46:21,16264,4
2025-12-24 16:46:21,16266,4
2025-12-24 16:46:21,16267,4
2025-12-24 16:46:21,16268,4
2025-12-24 16:46:21,16269,4
2025-12-24 16:46:21,16270,4
2025-12-24 16:46:21,16272,4
2025-12-24 16:46:21,16275,4
2025-12-24 16:46:21,16276,4
2025-12-24 16:46:21,16277,4
2025-12-24 16:46:21,16279,1
2025-12-24 16:46:21,16280,4
2025-12-24 16:46:21,16282,4
2025-12-24 16:46:21,16285,2
2025-12-24 16:46:21,16286,4
2025-12-24 16:46:21,16287,4
2025-12-24 16:46:21,16288,4
2025-12-24 16:46:21,16290,4
2025-12-24 16:46:21,16291,4
2025-12-24 16:46:21,16292,4
2025-12-24 16:46:21,16293,4
2025-12-24 16:46:21,16294,4
2025-12-24 16:46:21,16295,4
2025-12-24 16:46:21,16296,4
2025-12-24 16:46:21,16298,4
2025-12-24 16:46:21,16299,4
2025-12-24 16:46:21,16302,4
2025-12-24 16:46:21,16304,4
2025-12-24 16:46:21,16306,1
2025-12-24 16:46:21,16308,4
2025-12-24 16:46:21,16309,4
2025-12-24 16:46:21,16312,4
2025-12-24 16:46:21,16313,4
2025-12-24 16:46:21,16315,1
2025-12-24 16:46:21,16316,4
2025-12-24 16:46:21,16317,1
2025-12-24 16:46:21,16318,4
2025-12-24 16:46:21,16319,4
2025-12-24 16:46:21,16322,1
2025-12-24 16:46:21,16325,1
2025-12-24 16:46:21,16327,4
2025-12-24 16:46:21,16328,4
2025-12-24 16:46:21,16329,4
2025-12-24 16:46:21,16331,4
2025-12-24 16:46:21,16332,4
2025-12-24 16:46:21,16333,4
2025-12-24 16:46:21,16334,1
2025-12-24 16:46:21,16337,4
2025-12-24 16:46:21,16338,4
2025-12-24 16:46:21,16341,4
2025-12-24 16:46:21,16342,4
2025-12-24 16:46:21,16343,4
2025-12-24 16:46:21,16344,4
2025-12-24 16:46:21,16345,4
2025-12-24 16:46:21,16348,4
2025-12-24 16:46:21,16351,4
2025-12-24 16:46:21,16353,4
2025-12-24 16:46:21,16357,4
2025-12-24 16:46:21,16358,4
2025-12-24 16:46:21,16360,4
2025-12-24 16:46:21,16362,1
2025-12-24 16:46:21,16363,4
2025-12-24 16:46:21,16365,4
2025-12-24 16:46:21,16369,1
2025-12-24 16:46:21,16371,4
2025-12-24 16:46:21,16373,4
2025-12-24 16:46:21,16374,4
2025-12-24 16:46:21,16377,4
2025-12-24 16:46:21,16378,4
2025-12-24 16:46:21,16380,4
2025-12-24 16:46:21,16382,1
2025-12-24 16:46:21,16383,1
2025-12-24 16:46:21,16384,4
2025-12-24 16:46:21,16385,4
2025-12-24 16:46:21,16386,4
2025-12-24 16:46:21,16387,4
2025-12-24 16:46:21,16388,4
2025-12-24 16:46:21,16389,4
2025-12-24 16:46:21,16391,4
2025-12-24 16:46:21,16392,4
2025-12-24 16:46:21,16393,4
2025-12-24 16:46:21,16394,4
2025-12-24 16:46:21,16395,4
2025-12-24 16:46:21,16396,4
2025-12-24 16:46:21,16397,4
2025-12-24 16:46:21,16398,4
2025-12-24 16:46:21,16399,4
2025-12-24 16:46:21,16401,4
2025-12-24 16:46:21,16402,4
2025-12-24 16:46:21,16406,4
2025-12-24 16:46:21,16408,4
2025-12-24 16:46:21,16412,1
2025-12-24 16:46:21,16413,4
2025-12-24 16:46:21,16414,1
2025-12-24 16:46:21,16418,4
2025-12-24 16:46:21,16420,4
2025-12-24 16:46:21,16422,4
2025-12-24 16:46:21,16423,4
2025-12-24 16:46:21,16424,1
2025-12-24 16:46:21,16431,4
2025-12-24 16:46:21,16432,4
2025-12-24 16:46:21,16434,4
2025-12-24 16:46:21,16436,4
2025-12-24 16:46:21,16437,1
2025-12-24 16:46:21,16438,4
2025-12-24 16:46:21,16440,4
2025-12-24 16:46:21,16441,4
2025-12-24 16:46:21,16442,4
2025-12-24 16:46:21,16444,4
2025-12-24 16:46:21,16445,4
2025-12-24 16:46:21,16446,4
2025-12-24 16:46:21,16450,4
2025-12-24 16:46:21,16453,4
2025-12-24 16:46:21,16454,4
2025-12-24 16:46:21,16455,4
2025-12-24 16:46:21,16456,4
2025-12-24 16:46:21,16460,4
2025-12-24 16:46:21,16461,4
2025-12-24 16:46:21,16462,4
2025-12-24 16:46:21,16463,4
2025-12-24 16:46:21,16465,4
2025-12-24 16:46:21,16467,4
2025-12-24 16:46:21,16468,4
2025-12-24 16:46:21,16469,4
2025-12-24 16:46:21,16471,4
2025-12-24 16:46:21,16473,4
2025-12-24 16:46:21,16477,4
2025-12-24 16:46:21,16479,4
2025-12-24 16:46:21,16481,4
2025-12-24 16:46:21,16482,4
2025-12-24 16:46:21,16483,4
2025-12-24 16:46:21,16486,4
2025-12-24 16:46:21,16487,4
2025-12-24 16:46:21,16489,1
2025-12-24 16:46:21,16490,4
2025-12-24 16:46:21,16491,4
2025-12-24 16:46:21,16492,4
2025-12-24 16:46:21,16493,4
2025-12-24 16:46:21,16495,1
2025-12-24 16:46:21,16496,4
2025-12-24 16:46:21,16498,4
2025-12-24 16:46:21,16501,4
2025-12-24 16:46:21,16502,4
2025-12-24 16:46:21,16506,4
2025-12-24 16:46:21,16509,4
2025-12-24 16:46:21,16511,1
2025-12-24 16:46:21,16513,4
2025-12-24 16:46:21,16514,4
2025-12-24 16:46:21,16515,4
2025-12-24 16:46:21,16517,4
2025-12-24 16:46:21,16518,1
2025-12-24 16:46:21,16519,4
2025-12-24 16:46:21,16520,4
2025-12-24 16:46:21,16526,4
2025-12-24 16:46:21,16527,4
2025-12-24 16:46:21,16531,4
2025-12-24 16:46:21,16533,4
2025-12-24 16:46:21,16534,1
2025-12-24 16:46:21,16535,1
2025-12-24 16:46:21,16536,4
2025-12-24 16:46:21,16537,4
2025-12-24 16:46:21,16538,4
2025-12-24 16:46:21,16539,4
2025-12-24 16:46:21,16540,4
2025-12-24 16:46:21,16541,4
2025-12-24 16:46:21,16543,4
2025-12-24 16:46:21,16544,4
2025-12-24 16:46:21,16545,4
2025-12-24 16:46:21,16546,1
2025-12-24 16:46:21,16548,4
2025-12-24 16:46:21,16549,1
2025-12-24 16:46:21,16553,4
2025-12-24 16:46:21,16554,1
2025-12-24 16:46:21,16556,4
2025-12-24 16:46:21,16557,1
2025-12-24 16:46:21,16559,4
2025-12-24 16:46:21,16560,1
2025-12-24 16:46:21,16563,4
2025-12-24 16:46:21,16566,4
2025-12-24 16:46:21,16567,4
2025-12-24 16:46:21,16568,4
2025-12-24 16:46:21,16570,4
2025-12-24 16:46:21,16571,4
2025-12-24 16:46:21,16573,4
2025-12-24 16:46:21,16574,1
2025-12-24 16:46:21,16575,4
2025-12-24 16:46:21,16579,4
2025-12-24 16:46:21,16580,4
2025-12-24 16:46:21,16581,4
2025-12-24 16:46:21,16582,4
2025-12-24 16:46:21,16584,4
2025-12-24 16:46:21,16586,4
2025-12-24 16:46:21,16587,4
2025-12-24 16:46:21,16589,4
2025-12-24 16:46:21,16590,4
2025-12-24 16:46:21,16591,4
2025-12-24 16:46:21,16594,4
2025-12-24 16:46:21,16595,1
2025-12-24 16:46:21,16596,1
2025-12-24 16:46:21,16597,4
2025-12-24 16:46:21,16599,4
2025-12-24 16:46:21,16601,4
2025-12-24 16:46:21,16603,4
2025-12-24 16:46:21,16604,4
2025-12-24 16:46:21,16605,4
2025-12-24 16:46:21,16606,4
2025-12-24 16:46:21,16608,4
2025-12-24 16:46:21,16609,4
2025-12-24 16:46:21,16610,4
2025-12-24 16:46:21,16611,4
2025-12-24 16:46:21,16612,4
2025-12-24 16:46:21,16614,4
2025-12-24 16:46:21,16615,4
2025-12-24 16:46:21,16617,4
2025-12-24 16:46:21,16618,4
2025-12-24 16:46:21,16620,4
2025-12-24 16:46:21,16622,1
2025-12-24 16:46:21,16623,4
2025-12-24 16:46:21,16627,1
2025-12-24 16:46:21,16629,4
2025-12-24 16:46:21,16631,4
2025-12-24 16:46:21,16632,2
2025-12-24 16:46:21,16633,4
2025-12-24 16:46:21,16634,4
2025-12-24 16:46:21,16635,4
2025-12-24 16:46:21,16636,4
2025-12-24 16:46:21,16637,4
2025-12-24 16:46:21,16638,1
2025-12-24 16:46:21,16640,4
2025-12-24 16:46:21,16641,1
2025-12-24 16:46:21,16642,4
2025-12-24 16:46:21,16643,4
2025-12-24 16:46:21,16645,4
2025-12-24 16:46:21,16646,4
2025-12-24 16:46:21,16647,4
2025-12-24 16:46:21,16651,4
2025-12-24 16:46:21,16652,4
2025-12-24 16:46:21,16654,4
2025-12-24 16:46:21,16655,4
2025-12-24 16:46:21,16656,4
2025-12-24 16:46:21,16663,4
2025-12-24 16:46:21,16665,4
2025-12-24 16:46:21,16666,1
2025-12-24 16:46:21,16667,1
2025-12-24 16:46:21,16668,4
2025-12-24 16:46:21,16669,4
2025-12-24 16:46:21,16672,4
2025-12-24 16:46:21,16675,4
2025-12-24 16:46:21,16676,4
2025-12-24 16:46:21,16677,1
2025-12-24 16:46:21,16683,4
2025-12-24 16:46:21,16687,4
2025-12-24 16:46:21,16692,4
2025-12-24 16:46:21,16693,4
2025-12-24 16:46:21,16694,4
2025-12-24 16:46:21,16696,4
2025-12-24 16:46:21,16698,4
2025-12-24 16:46:21,16702,4
2025-12-24 16:46:21,16704,4
2025-12-24 16:46:21,16706,4
2025-12-24 16:46:21,16707,4
2025-12-24 16:46:21,16708,4
2025-12-24 16:46:21,16711,4
2025-12-24 16:46:21,16712,4
2025-12-24 16:46:21,16713,4
2025-12-24 16:46:21,16714,4
2025-12-24 16:46:21,16715,4
2025-12-24 16:46:21,16717,4
2025-12-24 16:46:21,16720,1
2025-12-24 16:46:21,16721,1
2025-12-24 16:46:21,16723,1
2025-12-24 16:46:21,16724,4
2025-12-24 16:46:21,16725,4
2025-12-24 16:46:21,16727,4
2025-12-24 16:46:21,16729,4
2025-12-24 16:46:21,16730,4
2025-12-24 16:46:21,16732,4
2025-12-24 16:46:21,16733,1
2025-12-24 16:46:21,16734,4
2025-12-24 16:46:21,16735,4
2025-12-24 16:46:21,16736,4
2025-12-24 16:46:21,16738,4
2025-12-24 16:46:21,16740,4
2025-12-24 16:46:21,16741,4
2025-12-24 16:46:21,16743,4
2025-12-24 16:46:21,16744,4
2025-12-24 16:46:21,16745,4
2025-12-24 16:46:21,16747,4
2025-12-24 16:46:21,16748,4
2025-12-24 16:46:21,16751,4
2025-12-24 16:46:21,16752,4
2025-12-24 16:46:21,16754,1
2025-12-24 16:46:21,16755,4
2025-12-24 16:46:21,16756,4
2025-12-24 16:46:21,16757,1
2025-12-24 16:46:21,16759,1
2025-12-24 16:46:21,16761,4
2025-12-24 16:46:21,16762,1
2025-12-24 16:46:21,16766,4
2025-12-24 16:46:21,16771,4
2025-12-24 16:46:21,16772,4
2025-12-24 16:46:21,16773,4
2025-12-24 16:46:21,16775,1
2025-12-24 16:46:21,16777,4
2025-12-24 16:46:21,16778,1
2025-12-24 16:46:21,16779,4
2025-12-24 16:46:21,16780,4
2025-12-24 16:46:21,16781,4
2025-12-24 16:46:21,16782,4
2025-12-24 16:46:21,16784,4
2025-12-24 16:46:21,16785,4
2025-12-24 16:46:21,16786,1
2025-12-24 16:46:21,16788,4
2025-12-24 16:46:21,16789,4
2025-12-24 16:46:21,16790,4
2025-12-24 16:46:21,16791,4
2025-12-24 16:46:21,16794,4
2025-12-24 16:46:21,16795,4
2025-12-24 16:46:21,16800,4
2025-12-24 16:46:21,16801,1
2025-12-24 16:46:21,16802,4
2025-12-24 16:46:21,16804,4
2025-12-24 16:46:21,16806,4
2025-12-24 16:46:21,16807,4
2025-12-24 16:46:21,16809,1
2025-12-24 16:46:21,16810,4
2025-12-24 16:46:21,16812,4
2025-12-24 16:46:21,16814,4
2025-12-24 16:46:21,16817,4
2025-12-24 16:46:21,16819,4
2025-12-24 16:46:21,16820,1
2025-12-24 16:46:21,16821,1
2025-12-24 16:46:21,16822,4
2025-12-24 16:46:21,16824,4
2025-12-24 16:46:21,16829,4
2025-12-24 16:46:21,16830,4
2025-12-24 16:46:21,16831,4
2025-12-24 16:46:21,16833,4
2025-12-24 16:46:21,16835,4
2025-12-24 16:46:21,16836,4
2025-12-24 16:46:21,16837,4
2025-12-24 16:46:21,16840,4
2025-12-24 16:46:21,16841,4
2025-12-24 16:46:21,16843,4
2025-12-24 16:46:21,16844,4
2025-12-24 16:46:21,16845,4
2025-12-24 16:46:21,16846,4
2025-12-24 16:46:21,16847,4
2025-12-24 16:46:21,16851,4
2025-12-24 16:46:21,16852,4
2025-12-24 16:46:21,16854,1
2025-12-24 16:46:21,16855,4
2025-12-24 16:46:21,16856,1
2025-12-24 16:46:21,16857,4
2025-12-24 16:46:21,16858,4
2025-12-24 16:46:21,16863,4
2025-12-24 16:46:21,16864,4
2025-12-24 16:46:21,16865,4
2025-12-24 16:46:21,16866,4
2025-12-24 16:46:21,16867,4
2025-12-24 16:46:21,16868,4
2025-12-24 16:46:21,16872,4
2025-12-24 16:46:21,16874,4
2025-12-24 16:46:21,16875,4
2025-12-24 16:46:21,16876,1
2025-12-24 16:46:21,16878,1
2025-12-24 16:46:21,16879,4
2025-12-24 16:46:21,16880,4
2025-12-24 16:46:21,16882,4
2025-12-24 16:46:21,16884,4
2025-12-24 16:46:21,16886,2
2025-12-24 16:46:21,16890,4
2025-12-24 16:46:21,16892,4
2025-12-24 16:46:21,16895,4
2025-12-24 16:46:21,16896,4
2025-12-24 16:46:21,16897,4
2025-12-24 16:46:21,16898,4
2025-12-24 16:46:21,16899,4
2025-12-24 16:46:21,16900,4
2025-12-24 16:46:21,16901,4
2025-12-24 16:46:21,16902,4
2025-12-24 16:46:21,16903,4
2025-12-24 16:46:21,16904,1
2025-12-24 16:46:21,16907,4
2025-12-24 16:46:21,16908,2
2025-12-24 16:46:21,16909,4
2025-12-24 16:46:21,16910,4
2025-12-24 16:46:21,16912,4
2025-12-24 16:46:21,16914,4
2025-12-24 16:46:21,16915,4
2025-12-24 16:46:21,16916,1
2025-12-24 16:46:21,16920,4
2025-12-24 16:46:21,16921,4
2025-12-24 16:46:21,16922,4
2025-12-24 16:46:21,16923,4
2025-12-24 16:46:21,16925,4
2025-12-24 16:46:21,16927,4
2025-12-24 16:46:21,16930,1
2025-12-24 16:46:21,16931,1
2025-12-24 16:46:21,16932,1
2025-12-24 16:46:21,16934,4
2025-12-24 16:46:21,16935,4
2025-12-24 16:46:21,16936,4
2025-12-24 16:46:21,16938,4
2025-12-24 16:46:21,16942,4
2025-12-24 16:46:21,16943,4
2025-12-24 16:46:21,16944,4
2025-12-24 16:46:21,16945,4
2025-12-24 16:46:21,16946,4
2025-12-24 16:46:21,16947,1
2025-12-24 16:46:21,16949,1
2025-12-24 16:46:21,16950,4
2025-12-24 16:46:21,16954,1
2025-12-24 16:46:21,16955,4
2025-12-24 16:46:21,16956,4
2025-12-24 16:46:21,16958,4
2025-12-24 16:46:21,16959,4
2025-12-24 16:46:21,16963,4
2025-12-24 16:46:21,16964,1
2025-12-24 16:46:21,16966,4
2025-12-24 16:46:21,16969,4
2025-12-24 16:46:21,16972,4
2025-12-24 16:46:21,16973,4
2025-12-24 16:46:21,16975,4
2025-12-24 16:46:21,16978,4
2025-12-24 16:46:21,16979,1
2025-12-24 16:46:21,16980,4
2025-12-24 16:46:21,16982,1
2025-12-24 16:46:21,16984,4
2025-12-24 16:46:21,16988,4
2025-12-24 16:46:21,16989,4
2025-12-24 16:46:21,16990,4
2025-12-24 16:46:21,16991,1
2025-12-24 16:46:21,16992,4
2025-12-24 16:46:21,16993,4
2025-12-24 16:46:21,16994,4
2025-12-24 16:46:21,16995,4
2025-12-24 16:46:21,16998,4
2025-12-24 16:46:21,16999,4
2025-12-24 16:46:21,17003,4
2025-12-24 16:46:21,17004,4
2025-12-24 16:46:21,17005,4
2025-12-24 16:46:21,17006,4
2025-12-24 16:46:21,17007,4
2025-12-24 16:46:21,17008,4
2025-12-24 16:46:21,17010,4
2025-12-24 16:46:21,17012,4
2025-12-24 16:46:21,17013,4
2025-12-24 16:46:21,17014,4
2025-12-24 16:46:21,17017,4
2025-12-24 16:46:21,17018,1
2025-12-24 16:46:21,17019,4
2025-12-24 16:46:21,17021,4
2025-12-24 16:46:21,17022,4
2025-12-24 16:46:21,17023,4
2025-12-24 16:46:21,17025,4
2025-12-24 16:46:21,17026,4
2025-12-24 16:46:21,17028,4
2025-12-24 16:46:21,17032,4
2025-12-24 16:46:21,17033,4
2025-12-24 16:46:21,17034,4
2025-12-24 16:46:21,17035,4
2025-12-24 16:46:21,17036,4
2025-12-24 16:46:21,17037,4
2025-12-24 16:46:21,17038,4
2025-12-24 16:46:21,17039,4
2025-12-24 16:46:21,17040,4
2025-12-24 16:46:21,17041,2
2025-12-24 16:46:21,17042,4
2025-12-24 16:46:21,17043,1
2025-12-24 16:46:21,17044,4
2025-12-24 16:46:21,17047,4
2025-12-24 16:46:21,17048,4
2025-12-24 16:46:21,17050,4
2025-12-24 16:46:21,17051,4
2025-12-24 16:46:21,17052,4
2025-12-24 16:46:21,17053,4
2025-12-24 16:46:21,17054,4
2025-12-24 16:46:21,17055,4
2025-12-24 16:46:21,17056,4
2025-12-24 16:46:21,17057,4
2025-12-24 16:46:21,17058,1
2025-12-24 16:46:21,17059,4
2025-12-24 16:46:21,17062,4
2025-12-24 16:46:21,17064,4
2025-12-24 16:46:21,17065,4
2025-12-24 16:46:21,17066,4
2025-12-24 16:46:21,17067,4
2025-12-24 16:46:21,17068,4
2025-12-24 16:46:21,17069,1
2025-12-24 16:46:21,17070,4
2025-12-24 16:46:21,17071,1
2025-12-24 16:46:21,17073,1
2025-12-24 16:46:21,17078,4
2025-12-24 16:46:21,17080,4
2025-12-24 16:46:21,17082,4
2025-12-24 16:46:21,17083,4
2025-12-24 16:46:21,17084,4
2025-12-24 16:46:21,17086,4
2025-12-24 16:46:21,17087,4
2025-12-24 16:46:21,17088,1
2025-12-24 16:46:21,17091,4
2025-12-24 16:46:21,17092,4
2025-12-24 16:46:21,17093,4
2025-12-24 16:46:21,17094,4
2025-12-24 16:46:21,17095,4
2025-12-24 16:46:21,17096,4
2025-12-24 16:46:21,17097,4
2025-12-24 16:46:21,17099,4
2025-12-24 16:46:21,17101,4
2025-12-24 16:46:21,17102,1
2025-12-24 16:46:21,17105,4
2025-12-24 16:46:21,17106,4
2025-12-24 16:46:21,17107,1
2025-12-24 16:46:21,17108,4
2025-12-24 16:46:21,17109,4
2025-12-24 16:46:21,17110,4
2025-12-24 16:46:21,17114,4
2025-12-24 16:46:21,17115,4
2025-12-24 16:46:21,17116,1
2025-12-24 16:46:21,17120,4
2025-12-24 16:46:21,17121,4
2025-12-24 16:46:21,17122,4
2025-12-24 16:46:21,17123,4
2025-12-24 16:46:21,17124,4
2025-12-24 16:46:21,17125,4
2025-12-24 16:46:21,17126,4
2025-12-24 16:46:21,17127,4
2025-12-24 16:46:21,17128,4
2025-12-24 16:46:21,17131,4
2025-12-24 16:46:21,17134,4
2025-12-24 16:46:21,17135,4
2025-12-24 16:46:21,17140,4
2025-12-24 16:46:21,17143,4
2025-12-24 16:46:21,17144,4
2025-12-24 16:46:21,17145,4
2025-12-24 16:46:21,17146,4
2025-12-24 16:46:21,17147,4
2025-12-24 16:46:21,17148,4
2025-12-24 16:46:21,17149,4
2025-12-24 16:46:21,17151,1
2025-12-24 16:46:21,17152,4
2025-12-24 16:46:21,17155,4
2025-12-24 16:46:21,17157,1
2025-12-24 16:46:21,17160,4
2025-12-24 16:46:21,17161,1
2025-12-24 16:46:21,17162,4
2025-12-24 16:46:21,17164,1
2025-12-24 16:46:21,17166,4
2025-12-24 16:46:21,17168,4
2025-12-24 16:46:21,17169,4
2025-12-24 16:46:21,17172,4
2025-12-24 16:46:21,17173,4
2025-12-24 16:46:21,17174,4
2025-12-24 16:46:21,17176,4
2025-12-24 16:46:21,17177,4
2025-12-24 16:46:21,17178,4
2025-12-24 16:46:21,17179,4
2025-12-24 16:46:21,17180,4
2025-12-24 16:46:21,17184,4
2025-12-24 16:46:21,17186,4
2025-12-24 16:46:21,17188,4
2025-12-24 16:46:21,17189,4
2025-12-24 16:46:21,17190,1
2025-12-24 16:46:21,17191,4
2025-12-24 16:46:21,17192,1
2025-12-24 16:46:21,17194,1
2025-12-24 16:46:21,17195,4
2025-12-24 16:46:21,17196,4
2025-12-24 16:46:21,17197,1
2025-12-24 16:46:21,17200,1
2025-12-24 16:46:21,17201,1
2025-12-24 16:46:21,17202,4
2025-12-24 16:46:21,17204,4
2025-12-24 16:46:21,17206,1
2025-12-24 16:46:21,17207,1
2025-12-24 16:46:21,17211,4
2025-12-24 16:46:21,17213,4
2025-12-24 16:46:21,17214,4
2025-12-24 16:46:21,17215,1
2025-12-24 16:46:21,17216,4
2025-12-24 16:46:21,17217,4
2025-12-24 16:46:21,17218,4
2025-12-24 16:46:21,17219,4
2025-12-24 16:46:21,17221,4
2025-12-24 16:46:21,17222,4
2025-12-24 16:46:21,17223,4
2025-12-24 16:46:21,17226,1
2025-12-24 16:46:21,17227,4
2025-12-24 16:46:21,17229,4
2025-12-24 16:46:21,17231,1
2025-12-24 16:46:21,17232,4
2025-12-24 16:46:21,17233,4
2025-12-24 16:46:21,17235,4
2025-12-24 16:46:21,17236,4
2025-12-24 16:46:21,17238,4
2025-12-24 16:46:21,17240,4
2025-12-24 16:46:21,17241,4
2025-12-24 16:46:21,17242,4
2025-12-24 16:46:21,17243,1
2025-12-24 16:46:21,17244,4
2025-12-24 16:46:21,17245,4
2025-12-24 16:46:21,17246,4
2025-12-24 16:46:21,17247,4
2025-12-24 16:46:21,17248,4
2025-12-24 16:46:21,17251,4
2025-12-24 16:46:21,17252,1
2025-12-24 16:46:21,17255,4
2025-12-24 16:46:21,17256,4
2025-12-24 16:46:21,17259,1
2025-12-24 16:46:21,17260,1
2025-12-24 16:46:21,17261,4
2025-12-24 16:46:21,17262,4
2025-12-24 16:46:21,17263,4
2025-12-24 16:46:21,17264,4
2025-12-24 16:46:21,17265,4
2025-12-24 16:46:21,17266,4
2025-12-24 16:46:21,17269,1
2025-12-24 16:46:21,17270,4
2025-12-24 16:46:21,17271,4
2025-12-24 16:46:21,17272,1
2025-12-24 16:46:21,17274,4
2025-12-24 16:46:21,17276,1
2025-12-24 16:46:21,17279,4
2025-12-24 16:46:21,17280,4
2025-12-24 16:46:21,17281,4
2025-12-24 16:46:21,17282,4
2025-12-24 16:46:21,17284,1
2025-12-24 16:46:21,17286,4
2025-12-24 16:46:21,17287,4
2025-12-24 16:46:21,17289,1
2025-12-24 16:46:21,17290,4
2025-12-24 16:46:21,17291,4
2025-12-24 16:46:21,17292,4
2025-12-24 16:46:21,17293,4
2025-12-24 16:46:21,17295,1
2025-12-24 16:46:21,17296,4
2025-12-24 16:46:21,17298,4
2025-12-24 16:46:21,17299,1
2025-12-24 16:46:21,17301,4
2025-12-24 16:46:21,17302,4
2025-12-24 16:46:21,17303,4
2025-12-24 16:46:21,17304,4
2025-12-24 16:46:21,17305,4
2025-12-24 16:46:21,17306,1
2025-12-24 16:46:21,17307,4
2025-12-24 16:46:21,17308,4
2025-12-24 16:46:21,17313,4
2025-12-24 16:46:21,17315,4
2025-12-24 16:46:21,17317,1
2025-12-24 16:46:21,17318,4
2025-12-24 16:46:21,17320,4
2025-12-24 16:46:21,17321,4
2025-12-24 16:46:21,17324,4
2025-12-24 16:46:21,17326,4
2025-12-24 16:46:21,17328,4
2025-12-24 16:46:21,17329,4
2025-12-24 16:46:21,17337,4
2025-12-24 16:46:21,17339,4
2025-12-24 16:46:21,17340,1
2025-12-24 16:46:21,17341,4
2025-12-24 16:46:21,17342,4
2025-12-24 16:46:21,17344,4
2025-12-24 16:46:21,17346,4
2025-12-24 16:46:21,17348,4
2025-12-24 16:46:21,17349,1
2025-12-24 16:46:21,17352,4
2025-12-24 16:46:21,17354,4
2025-12-24 16:46:21,17355,4
2025-12-24 16:46:21,17358,4
2025-12-24 16:46:21,17360,4
2025-12-24 16:46:21,17361,1
2025-12-24 16:46:21,17363,4
2025-12-24 16:46:21,17364,4
2025-12-24 16:46:21,17365,4
2025-12-24 16:46:21,17366,4
2025-12-24 16:46:21,17367,4
2025-12-24 16:46:21,17368,4
2025-12-24 16:46:21,17369,4
2025-12-24 16:46:21,17371,4
2025-12-24 16:46:21,17372,4
2025-12-24 16:46:21,17374,4
2025-12-24 16:46:21,17376,4
2025-12-24 16:46:21,17377,4
2025-12-24 16:46:21,17378,4
2025-12-24 16:46:21,17382,4
2025-12-24 16:46:21,17383,4
2025-12-24 16:46:21,17384,4
2025-12-24 16:46:21,17385,4
2025-12-24 16:46:21,17386,4
2025-12-24 16:46:21,17387,1
2025-12-24 16:46:21,17388,4
2025-12-24 16:46:21,17389,4
2025-12-24 16:46:21,17390,4
2025-12-24 16:46:21,17391,4
2025-12-24 16:46:21,17392,4
2025-12-24 16:46:21,17393,1
2025-12-24 16:46:21,17394,1
2025-12-24 16:46:21,17396,4
2025-12-24 16:46:21,17397,4
2025-12-24 16:46:21,17400,4
2025-12-24 16:46:21,17401,4
2025-12-24 16:46:21,17403,4
2025-12-24 16:46:21,17404,4
2025-12-24 16:46:21,17405,4
2025-12-24 16:46:21,17406,4
2025-12-24 16:46:21,17407,4
2025-12-24 16:46:21,17408,4
2025-12-24 16:46:21,17409,1
2025-12-24 16:46:21,17410,4
2025-12-24 16:46:21,17411,4
2025-12-24 16:46:21,17412,4
2025-12-24 16:46:21,17414,1
2025-12-24 16:46:21,17415,4
2025-12-24 16:46:21,17418,4
2025-12-24 16:46:21,17420,1
2025-12-24 16:46:21,17423,4
2025-12-24 16:46:21,17424,4
2025-12-24 16:46:21,17426,4
2025-12-24 16:46:21,17427,4
2025-12-24 16:46:21,17428,4
2025-12-24 16:46:21,17431,4
2025-12-24 16:46:21,17432,4
2025-12-24 16:46:21,17433,4
2025-12-24 16:46:21,17435,4
2025-12-24 16:46:21,17436,4
2025-12-24 16:46:21,17437,4
2025-12-24 16:46:21,17438,4
2025-12-24 16:46:21,17440,4
2025-12-24 16:46:21,17441,4
2025-12-24 16:46:21,17443,4
2025-12-24 16:46:21,17445,4
2025-12-24 16:46:21,17446,4
2025-12-24 16:46:21,17447,4
2025-12-24 16:46:21,17449,4
2025-12-24 16:46:21,17452,4
2025-12-24 16:46:21,17453,1
2025-12-24 16:46:21,17455,4
2025-12-24 16:46:21,17456,1
2025-12-24 16:46:21,17457,4
2025-12-24 16:46:21,17460,4
2025-12-24 16:46:21,17461,4
2025-12-24 16:46:21,17463,4
2025-12-24 16:46:21,17464,4
2025-12-24 16:46:21,17465,4
2025-12-24 16:46:21,17466,4
2025-12-24 16:46:21,17468,4
2025-12-24 16:46:21,17469,4
2025-12-24 16:46:21,17470,1
2025-12-24 16:46:21,17471,4
2025-12-24 16:46:21,17472,4
2025-12-24 16:46:21,17473,1
2025-12-24 16:46:21,17474,4
2025-12-24 16:46:21,17475,4
2025-12-24 16:46:21,17476,4
2025-12-24 16:46:21,17477,4
2025-12-24 16:46:21,17478,4
2025-12-24 16:46:21,17481,4
2025-12-24 16:46:21,17483,4
2025-12-24 16:46:21,17487,4
2025-12-24 16:46:21,17488,4
2025-12-24 16:46:21,17491,4
2025-12-24 16:46:21,17495,1
2025-12-24 16:46:21,17496,4
2025-12-24 16:46:21,17498,4
2025-12-24 16:46:21,17499,4
2025-12-24 16:46:21,17500,4
2025-12-24 16:46:21,17501,4
2025-12-24 16:46:21,17502,4
2025-12-24 16:46:21,17503,4
2025-12-24 16:46:21,17504,4
2025-12-24 16:46:21,17505,4
2025-12-24 16:46:21,17507,4
2025-12-24 16:46:21,17508,4
2025-12-24 16:46:21,17509,4
2025-12-24 16:46:21,17510,4
2025-12-24 16:46:21,17511,4
2025-12-24 16:46:21,17512,4
2025-12-24 16:46:21,17513,1
2025-12-24 16:46:21,17514,4
2025-12-24 16:46:21,17515,4
2025-12-24 16:46:21,17516,4
2025-12-24 16:46:21,17517,4
2025-12-24 16:46:21,17518,4
2025-12-24 16:46:21,17519,4
2025-12-24 16:46:21,17521,4
2025-12-24 16:46:21,17522,4
2025-12-24 16:46:21,17527,4
2025-12-24 16:46:21,17528,4
2025-12-24 16:46:21,17529,1
2025-12-24 16:46:21,17530,4
2025-12-24 16:46:21,17532,4
2025-12-24 16:46:21,17533,4
2025-12-24 16:46:21,17535,4
2025-12-24 16:46:21,17536,4
2025-12-24 16:46:21,17538,4
2025-12-24 16:46:21,17542,4
2025-12-24 16:46:21,17544,4
2025-12-24 16:46:21,17545,4
2025-12-24 16:46:21,17547,4
2025-12-24 16:46:21,17548,2
2025-12-24 16:46:21,17549,4
2025-12-24 16:46:21,17550,4
2025-12-24 16:46:21,17552,1
2025-12-24 16:46:21,17556,4
2025-12-24 16:46:21,17557,4
2025-12-24 16:46:21,17558,4
2025-12-24 16:46:21,17559,4
2025-12-24 16:46:21,17560,1
2025-12-24 16:46:21,17562,4
2025-12-24 16:46:21,17563,4
2025-12-24 16:46:21,17564,4
2025-12-24 16:46:21,17566,4
2025-12-24 16:46:21,17569,4
2025-12-24 16:46:21,17570,4
2025-12-24 16:46:21,17572,4
2025-12-24 16:46:21,17573,4
2025-12-24 16:46:21,17574,4
2025-12-24 16:46:21,17575,4
2025-12-24 16:46:21,17577,4
2025-12-24 16:46:21,17579,4
2025-12-24 16:46:21,17580,4
2025-12-24 16:46:21,17581,4
2025-12-24 16:46:21,17582,4
2025-12-24 16:46:21,17584,1
2025-12-24 16:46:21,17587,4
2025-12-24 16:46:21,17588,4
2025-12-24 16:46:21,17589,4
2025-12-24 16:46:21,17590,1
2025-12-24 16:46:21,17592,4
2025-12-24 16:46:21,17593,4
2025-12-24 16:46:21,17594,1
2025-12-24 16:46:21,17596,4
2025-12-24 16:46:21,17597,4
2025-12-24 16:46:21,17599,4
2025-12-24 16:46:21,17600,4
2025-12-24 16:46:21,17602,4
2025-12-24 16:46:21,17604,4
2025-12-24 16:46:21,17608,4
2025-12-24 16:46:21,17610,4
2025-12-24 16:46:21,17612,1
2025-12-24 16:46:21,17613,1
2025-12-24 16:46:21,17615,4
2025-12-24 16:46:21,17616,4
2025-12-24 16:46:21,17617,4
2025-12-24 16:46:21,17619,4
2025-12-24 16:46:21,17620,1
2025-12-24 16:46:21,17622,4
2025-12-24 16:46:21,17623,4
2025-12-24 16:46:21,17625,4
2025-12-24 16:46:21,17626,4
2025-12-24 16:46:21,17627,4
2025-12-24 16:46:21,17628,4
2025-12-24 16:46:21,17629,4
2025-12-24 16:46:21,17630,4
2025-12-24 16:46:21,17631,4
2025-12-24 16:46:21,17633,1
2025-12-24 16:46:21,17634,4
2025-12-24 16:46:21,17635,1
2025-12-24 16:46:21,17636,4
2025-12-24 16:46:21,17638,1
2025-12-24 16:46:21,17639,4
2025-12-24 16:46:21,17640,4
2025-12-24 16:46:21,17641,4
2025-12-24 16:46:21,17643,4
2025-12-24 16:46:21,17644,4
2025-12-24 16:46:21,17646,4
2025-12-24 16:46:21,17647,1
2025-12-24 16:46:21,17648,4
2025-12-24 16:46:21,17651,4
2025-12-24 16:46:21,17653,4
2025-12-24 16:46:21,17655,4
2025-12-24 16:46:21,17656,4
2025-12-24 16:46:21,17660,4
2025-12-24 16:46:21,17661,4
2025-12-24 16:46:21,17665,4
2025-12-24 16:46:21,17667,4
2025-12-24 16:46:21,17668,4
2025-12-24 16:46:21,17669,4
2025-12-24 16:46:21,17670,4
2025-12-24 16:46:21,17673,4
2025-12-24 16:46:21,17674,4
2025-12-24 16:46:21,17675,4
2025-12-24 16:46:21,17676,4
2025-12-24 16:46:21,17677,1
2025-12-24 16:46:21,17678,2
2025-12-24 16:46:21,17679,1
2025-12-24 16:46:21,17680,4
2025-12-24 16:46:21,17685,4
2025-12-24 16:46:21,17686,1
2025-12-24 16:46:21,17687,4
2025-12-24 16:46:21,17688,4
2025-12-24 16:46:21,17689,4
2025-12-24 16:46:21,17690,4
2025-12-24 16:46:21,17691,4
2025-12-24 16:46:21,17692,4
2025-12-24 16:46:21,17693,4
2025-12-24 16:46:21,17694,4
2025-12-24 16:46:21,17695,4
2025-12-24 16:46:21,17697,4
2025-12-24 16:46:21,17698,2
2025-12-24 16:46:21,17699,1
2025-12-24 16:46:21,17703,4
2025-12-24 16:46:21,17705,4
2025-12-24 16:46:21,17707,4
2025-12-24 16:46:21,17708,4
2025-12-24 16:46:21,17710,4
2025-12-24 16:46:21,17711,4
2025-12-24 16:46:21,17712,4
2025-12-24 16:46:21,17713,4
2025-12-24 16:46:21,17714,1
2025-12-24 16:46:21,17717,4
2025-12-24 16:46:21,17720,4
2025-12-24 16:46:21,17721,4
2025-12-24 16:46:21,17723,4
2025-12-24 16:46:21,17724,2
2025-12-24 16:46:21,17726,4
2025-12-24 16:46:21,17727,4
2025-12-24 16:46:21,17728,4
2025-12-24 16:46:21,17729,4
2025-12-24 16:46:21,17731,4
2025-12-24 16:46:21,17733,4
2025-12-24 16:46:21,17734,4
2025-12-24 16:46:21,17736,4
2025-12-24 16:46:21,17737,4
2025-12-24 16:46:21,17738,1
2025-12-24 16:46:21,17740,4
2025-12-24 16:46:21,17741,4
2025-12-24 16:46:21,17743,4
2025-12-24 16:46:21,17744,4
2025-12-24 16:46:21,17745,4
2025-12-24 16:46:21,17746,4
2025-12-24 16:46:21,17748,4
2025-12-24 16:46:21,17749,1
2025-12-24 16:46:21,17750,4
2025-12-24 16:46:21,17752,4
2025-12-24 16:46:21,17753,4
2025-12-24 16:46:21,17754,4
2025-12-24 16:46:21,17755,4
2025-12-24 16:46:21,17757,1
2025-12-24 16:46:21,17758,4
2025-12-24 16:46:21,17759,4
2025-12-24 16:46:21,17760,1
2025-12-24 16:46:21,17765,4
2025-12-24 16:46:21,17768,4
2025-12-24 16:46:21,17769,1
2025-12-24 16:46:21,17772,4
2025-12-24 16:46:21,17773,4
2025-12-24 16:46:21,17776,1
2025-12-24 16:46:21,17777,4
2025-12-24 16:46:21,17778,1
2025-12-24 16:46:21,17779,1
2025-12-24 16:46:21,17781,4
2025-12-24 16:46:21,17782,4
2025-12-24 16:46:21,17783,4
2025-12-24 16:46:21,17784,4
2025-12-24 16:46:21,17787,4
2025-12-24 16:46:21,17788,4
2025-12-24 16:46:21,17789,4
2025-12-24 16:46:21,17791,4
2025-12-24 16:46:21,17793,4
2025-12-24 16:46:21,17794,4
2025-12-24 16:46:21,17798,4
2025-12-24 16:46:21,17799,4
2025-12-24 16:46:21,17800,2
2025-12-24 16:46:21,17801,4
2025-12-24 16:46:21,17802,4
2025-12-24 16:46:21,17804,4
2025-12-24 16:46:21,17805,2
2025-12-24 16:46:21,17807,1
2025-12-24 16:46:21,17808,4
2025-12-24 16:46:21,17809,4
2025-12-24 16:46:21,17810,4
2025-12-24 16:46:21,17813,4
2025-12-24 16:46:21,17815,4
2025-12-24 16:46:21,17817,4
2025-12-24 16:46:21,17818,4
2025-12-24 16:46:21,17819,4
2025-12-24 16:46:21,17820,4
2025-12-24 16:46:21,17821,4
2025-12-24 16:46:21,17823,4
2025-12-24 16:46:21,17824,4
2025-12-24 16:46:21,17826,4
2025-12-24 16:46:21,17827,4
2025-12-24 16:46:21,17828,4
2025-12-24 16:46:21,17829,4
2025-12-24 16:46:21,17831,4
2025-12-24 16:46:21,17832,4
2025-12-24 16:46:21,17833,4
2025-12-24 16:46:21,17834,4
2025-12-24 16:46:21,17835,1
2025-12-24 16:46:21,17838,4
2025-12-24 16:46:21,17840,4
2025-12-24 16:46:21,17841,4
2025-12-24 16:46:21,17842,1
2025-12-24 16:46:21,17843,4
2025-12-24 16:46:21,17844,4
2025-12-24 16:46:21,17845,4
2025-12-24 16:46:21,17848,4
2025-12-24 16:46:21,17849,4
2025-12-24 16:46:21,17850,4
2025-12-24 16:46:21,17851,4
2025-12-24 16:46:21,17852,4
2025-12-24 16:46:21,17853,1
2025-12-24 16:46:21,17856,4
2025-12-24 16:46:21,17857,4
2025-12-24 16:46:21,17858,4
2025-12-24 16:46:21,17859,4
2025-12-24 16:46:21,17860,4
2025-12-24 16:46:21,17861,4
2025-12-24 16:46:21,17864,1
2025-12-24 16:46:21,17865,4
2025-12-24 16:46:21,17868,4
2025-12-24 16:46:21,17869,4
2025-12-24 16:46:21,17870,4
2025-12-24 16:46:21,17871,1
2025-12-24 16:46:21,17872,4
2025-12-24 16:46:21,17874,4
2025-12-24 16:46:21,17877,4
2025-12-24 16:46:21,17878,4
2025-12-24 16:46:21,17881,4
2025-12-24 16:46:21,17882,4
2025-12-24 16:46:21,17883,4
2025-12-24 16:46:21,17885,4
2025-12-24 16:46:21,17887,4
2025-12-24 16:46:21,17889,4
2025-12-24 16:46:21,17890,4
2025-12-24 16:46:21,17895,1
2025-12-24 16:46:21,17896,1
2025-12-24 16:46:21,17898,4
2025-12-24 16:46:21,17900,4
2025-12-24 16:46:21,17902,1
2025-12-24 16:46:21,17907,4
2025-12-24 16:46:21,17908,4
2025-12-24 16:46:21,17910,4
2025-12-24 16:46:21,17911,4
2025-12-24 16:46:21,17912,4
2025-12-24 16:46:21,17913,1
2025-12-24 16:46:21,17914,4
2025-12-24 16:46:21,17916,4
2025-12-24 16:46:21,17918,4
2025-12-24 16:46:21,17920,2
2025-12-24 16:46:21,17922,4
2025-12-24 16:46:21,17923,4
2025-12-24 16:46:21,17925,4
2025-12-24 16:46:21,17927,4
2025-12-24 16:46:21,17928,1
2025-12-24 16:46:21,17929,4
2025-12-24 16:46:21,17931,1
2025-12-24 16:46:21,17933,4
2025-12-24 16:46:21,17936,4
2025-12-24 16:46:21,17938,4
2025-12-24 16:46:21,17939,4
2025-12-24 16:46:21,17941,4
2025-12-24 16:46:21,17943,4
2025-12-24 16:46:21,17944,4
2025-12-24 16:46:21,17945,4
2025-12-24 16:46:21,17947,4
2025-12-24 16:46:21,17949,4
2025-12-24 16:46:21,17954,4
2025-12-24 16:46:21,17955,4
2025-12-24 16:46:21,17956,4
2025-12-24 16:46:21,17957,4
2025-12-24 16:46:21,17958,4
2025-12-24 16:46:21,17960,4
2025-12-24 16:46:21,17963,4
2025-12-24 16:46:21,17969,4
2025-12-24 16:46:21,17970,4
2025-12-24 16:46:21,17971,1
2025-12-24 16:46:21,17973,4
2025-12-24 16:46:21,17975,4
2025-12-24 16:46:21,17977,4
2025-12-24 16:46:21,17981,4
2025-12-24 16:46:21,17982,4
2025-12-24 16:46:21,17983,4
2025-12-24 16:46:21,17984,4
2025-12-24 16:46:21,17985,4
2025-12-24 16:46:21,17986,4
2025-12-24 16:46:21,17987,4
2025-12-24 16:46:21,17989,4
2025-12-24 16:46:21,17990,4
2025-12-24 16:46:21,17991,4
2025-12-24 16:46:21,17992,1
2025-12-24 16:46:21,17993,4
2025-12-24 16:46:21,17994,4
2025-12-24 16:46:21,17995,1
2025-12-24 16:46:21,17996,4
2025-12-24 16:46:21,17997,4
2025-12-24 16:46:21,17999,1
2025-12-24 16:46:21,18000,4
2025-12-24 16:46:21,18002,4
2025-12-24 16:46:21,18004,4
2025-12-24 16:46:21,18005,4
2025-12-24 16:46:21,18006,4
2025-12-24 16:46:21,18008,4
2025-12-24 16:46:21,18010,4
2025-12-24 16:46:21,18011,4
2025-12-24 16:46:21,18012,4
2025-12-24 16:46:21,18013,4
2025-12-24 16:46:21,18016,4
2025-12-24 16:46:21,18017,1
2025-12-24 16:46:21,18018,4
2025-12-24 16:46:21,18019,1
2025-12-24 16:46:21,18020,4
2025-12-24 16:46:21,18022,4
2025-12-24 16:46:21,18023,1
2025-12-24 16:46:21,18024,4
2025-12-24 16:46:21,18025,4
2025-12-24 16:46:21,18026,4
2025-12-24 16:46:21,18029,4
2025-12-24 16:46:21,18030,1
2025-12-24 16:46:21,18031,4
2025-12-24 16:46:21,18032,1
2025-12-24 16:46:21,18034,4
2025-12-24 16:46:21,18038,4
2025-12-24 16:46:21,18039,4
2025-12-24 16:46:21,18040,2
2025-12-24 16:46:21,18041,4
2025-12-24 16:46:21,18042,4
2025-12-24 16:46:21,18044,4
2025-12-24 16:46:21,18045,4
2025-12-24 16:46:21,18046,1
2025-12-24 16:46:21,18047,4
2025-12-24 16:46:21,18048,4
2025-12-24 16:46:21,18050,4
2025-12-24 16:46:21,18051,4
2025-12-24 16:46:21,18052,4
2025-12-24 16:46:21,18054,4
2025-12-24 16:46:21,18058,4
2025-12-24 16:46:21,18059,1
2025-12-24 16:46:21,18061,4
2025-12-24 16:46:21,18062,4
2025-12-24 16:46:21,18063,4
2025-12-24 16:46:21,18064,4
2025-12-24 16:46:21,18066,4
2025-12-24 16:46:21,18068,4
2025-12-24 16:46:21,18070,4
2025-12-24 16:46:21,18071,4
2025-12-24 16:46:21,18072,4
2025-12-24 16:46:21,18074,4
2025-12-24 16:46:21,18075,4
2025-12-24 16:46:21,18077,4
2025-12-24 16:46:21,18079,1
2025-12-24 16:46:21,18083,4
2025-12-24 16:46:21,18086,4
2025-12-24 16:46:21,18087,4
2025-12-24 16:46:21,18088,4
2025-12-24 16:46:21,18091,4
2025-12-24 16:46:21,18092,4
2025-12-24 16:46:21,18093,4
2025-12-24 16:46:21,18094,4
2025-12-24 16:46:21,18096,1
2025-12-24 16:46:21,18098,4
2025-12-24 16:46:21,18099,4
2025-12-24 16:46:21,18102,4
2025-12-24 16:46:21,18103,4
2025-12-24 16:46:21,18104,4
2025-12-24 16:46:21,18105,4
2025-12-24 16:46:21,18106,4
2025-12-24 16:46:21,18108,4
2025-12-24 16:46:21,18109,4
2025-12-24 16:46:21,18110,4
2025-12-24 16:46:21,18111,4
2025-12-24 16:46:21,18112,4
2025-12-24 16:46:21,18113,4
2025-12-24 16:46:21,18115,4
2025-12-24 16:46:21,18117,1
2025-12-24 16:46:21,18119,1
2025-12-24 16:46:21,18121,1
2025-12-24 16:46:21,18122,4
2025-12-24 16:46:21,18127,4
2025-12-24 16:46:21,18129,4
2025-12-24 16:46:21,18134,4
2025-12-24 16:46:21,18135,4
2025-12-24 16:46:21,18136,4
2025-12-24 16:46:21,18138,4
2025-12-24 16:46:21,18139,4
2025-12-24 16:46:21,18140,1
2025-12-24 16:46:21,18141,4
2025-12-24 16:46:21,18142,4
2025-12-24 16:46:21,18145,4
2025-12-24 16:46:21,18146,1
2025-12-24 16:46:21,18149,4
2025-12-24 16:46:21,18152,4
2025-12-24 16:46:21,18153,4
2025-12-24 16:46:21,18154,4
2025-12-24 16:46:21,18155,4
2025-12-24 16:46:21,18156,4
2025-12-24 16:46:21,18157,1
2025-12-24 16:46:21,18160,4
2025-12-24 16:46:21,18162,2
2025-12-24 16:46:21,18165,4
2025-12-24 16:46:21,18166,4
2025-12-24 16:46:21,18169,4
2025-12-24 16:46:21,18170,4
2025-12-24 16:46:21,18173,4
2025-12-24 16:46:21,18174,4
2025-12-24 16:46:21,18175,4
2025-12-24 16:46:21,18178,4
2025-12-24 16:46:21,18179,1
2025-12-24 16:46:21,18180,1
2025-12-24 16:46:21,18181,4
2025-12-24 16:46:21,18183,4
2025-12-24 16:46:21,18184,4
2025-12-24 16:46:21,18185,4
2025-12-24 16:46:21,18186,4
2025-12-24 16:46:21,18188,4
2025-12-24 16:46:21,18192,4
2025-12-24 16:46:21,18193,4
2025-12-24 16:46:21,18194,4
2025-12-24 16:46:21,18195,4
2025-12-24 16:46:21,18196,4
2025-12-24 16:46:21,18197,4
2025-12-24 16:46:21,18203,4
2025-12-24 16:46:21,18206,1
2025-12-24 16:46:21,18207,4
2025-12-24 16:46:21,18209,4
2025-12-24 16:46:21,18211,4
2025-12-24 16:46:21,18212,4
2025-12-24 16:46:21,18213,4
2025-12-24 16:46:21,18214,4
2025-12-24 16:46:21,18215,4
2025-12-24 16:46:21,18217,4
2025-12-24 16:46:21,18219,4
2025-12-24 16:46:21,18220,4
2025-12-24 16:46:21,18221,1
2025-12-24 16:46:21,18224,4
2025-12-24 16:46:21,18225,4
2025-12-24 16:46:21,18226,1
2025-12-24 16:46:21,18228,4
2025-12-24 16:46:21,18230,4
2025-12-24 16:46:21,18231,4
2025-12-24 16:46:21,18232,4
2025-12-24 16:46:21,18233,4
2025-12-24 16:46:21,18234,4
2025-12-24 16:46:21,18236,4
2025-12-24 16:46:21,18238,4
2025-12-24 16:46:21,18239,4
2025-12-24 16:46:21,18242,2
2025-12-24 16:46:21,18243,4
2025-12-24 16:46:21,18245,4
2025-12-24 16:46:21,18246,4
2025-12-24 16:46:21,18247,1
2025-12-24 16:46:21,18248,4
2025-12-24 16:46:21,18250,4
2025-12-24 16:46:21,18251,4
2025-12-24 16:46:21,18253,2
2025-12-24 16:46:21,18256,4
2025-12-24 16:46:21,18261,4
2025-12-24 16:46:21,18262,4
2025-12-24 16:46:21,18263,4
2025-12-24 16:46:21,18264,4
2025-12-24 16:46:21,18265,1
2025-12-24 16:46:21,18266,4
2025-12-24 16:46:21,18267,4
2025-12-24 16:46:21,18268,1
2025-12-24 16:46:21,18269,4
2025-12-24 16:46:21,18270,4
2025-12-24 16:46:21,18273,4
2025-12-24 16:46:21,18274,4
2025-12-24 16:46:21,18275,4
2025-12-24 16:46:21,18277,4
2025-12-24 16:46:21,18278,4
2025-12-24 16:46:21,18281,4
2025-12-24 16:46:21,18282,4
2025-12-24 16:46:21,18284,4
2025-12-24 16:46:21,18285,4
2025-12-24 16:46:21,18286,4
2025-12-24 16:46:21,18287,4
2025-12-24 16:46:21,18288,4
2025-12-24 16:46:21,18289,1
2025-12-24 16:46:21,18293,4
2025-12-24 16:46:21,18295,4
2025-12-24 16:46:21,18296,4
2025-12-24 16:46:21,18297,1
2025-12-24 16:46:21,18298,4
2025-12-24 16:46:21,18300,1
2025-12-24 16:46:21,18301,4
2025-12-24 16:46:21,18303,4
2025-12-24 16:46:21,18304,4
2025-12-24 16:46:21,18305,4
2025-12-24 16:46:21,18307,4
2025-12-24 16:46:21,18308,4
2025-12-24 16:46:21,18310,4
2025-12-24 16:46:21,18311,1
2025-12-24 16:46:21,18315,4
2025-12-24 16:46:21,18320,4
2025-12-24 16:46:21,18323,1
2025-12-24 16:46:21,18324,4
2025-12-24 16:46:21,18325,4
2025-12-24 16:46:21,18326,4
2025-12-24 16:46:21,18329,4
2025-12-24 16:46:21,18330,1
2025-12-24 16:46:21,18331,4
2025-12-24 16:46:21,18332,4
2025-12-24 16:46:21,18333,4
2025-12-24 16:46:21,18334,4
2025-12-24 16:46:21,18335,4
2025-12-24 16:46:21,18337,4
2025-12-24 16:46:21,18338,4
2025-12-24 16:46:21,18339,4
2025-12-24 16:46:21,18340,4
2025-12-24 16:46:21,18342,1
2025-12-24 16:46:21,18343,4
2025-12-24 16:46:21,18345,4
2025-12-24 16:46:21,18346,1
2025-12-24 16:46:21,18347,4
2025-12-24 16:46:21,18348,4
2025-12-24 16:46:21,18350,4
2025-12-24 16:46:21,18351,4
2025-12-24 16:46:21,18352,4
2025-12-24 16:46:21,18353,4
2025-12-24 16:46:21,18357,4
2025-12-24 16:46:21,18358,4
2025-12-24 16:46:21,18360,4
2025-12-24 16:46:21,18361,4
2025-12-24 16:46:21,18364,4
2025-12-24 16:46:21,18369,4
2025-12-24 16:46:21,18370,1
2025-12-24 16:46:21,18372,1
2025-12-24 16:46:21,18373,4
2025-12-24 16:46:21,18375,4
2025-12-24 16:46:21,18376,4
2025-12-24 16:46:21,18377,4
2025-12-24 16:46:21,18378,4
2025-12-24 16:46:21,18379,4
2025-12-24 16:46:21,18380,4
2025-12-24 16:46:21,18381,4
2025-12-24 16:46:21,18385,4
2025-12-24 16:46:21,18387,4
2025-12-24 16:46:21,18388,4
2025-12-24 16:46:21,18389,4
2025-12-24 16:46:21,18390,4
2025-12-24 16:46:21,18392,4
2025-12-24 16:46:21,18393,1
2025-12-24 16:46:21,18394,4
2025-12-24 16:46:21,18398,1
2025-12-24 16:46:21,18399,4
2025-12-24 16:46:21,18400,4
2025-12-24 16:46:21,18401,4
2025-12-24 16:46:21,18403,4
2025-12-24 16:46:21,18404,4
2025-12-24 16:46:21,18405,4
2025-12-24 16:46:21,18406,4
2025-12-24 16:46:21,18407,4
2025-12-24 16:46:21,18410,4
2025-12-24 16:46:21,18411,4
2025-12-24 16:46:21,18414,4
2025-12-24 16:46:21,18416,4
2025-12-24 16:46:21,18419,4
2025-12-24 16:46:21,18420,4
2025-12-24 16:46:21,18421,4
2025-12-24 16:46:21,18422,4
2025-12-24 16:46:21,18423,4
2025-12-24 16:46:21,18424,4
2025-12-24 16:46:21,18426,4
2025-12-24 16:46:21,18427,4
2025-12-24 16:46:21,18430,4
2025-12-24 16:46:21,18431,4
2025-12-24 16:46:21,18432,4
2025-12-24 16:46:21,18433,4
2025-12-24 16:46:21,18434,4
2025-12-24 16:46:21,18435,4
2025-12-24 16:46:21,18438,4
2025-12-24 16:46:21,18439,1
2025-12-24 16:46:21,18440,4
2025-12-24 16:46:21,18442,2
2025-12-24 16:46:21,18443,4
2025-12-24 16:46:21,18444,4
2025-12-24 16:46:21,18445,4
2025-12-24 16:46:21,18447,4
2025-12-24 16:46:21,18449,4
2025-12-24 16:46:21,18450,4
2025-12-24 16:46:21,18453,4
2025-12-24 16:46:21,18455,1
2025-12-24 16:46:21,18458,4
2025-12-24 16:46:21,18460,4
2025-12-24 16:46:21,18461,4
2025-12-24 16:46:21,18462,4
2025-12-24 16:46:21,18463,4
2025-12-24 16:46:21,18464,4
2025-12-24 16:46:21,18465,4
2025-12-24 16:46:21,18466,4
2025-12-24 16:46:21,18468,4
2025-12-24 16:46:21,18469,4
2025-12-24 16:46:21,18474,4
2025-12-24 16:46:21,18477,4
2025-12-24 16:46:21,18478,4
2025-12-24 16:46:21,18479,4
2025-12-24 16:46:21,18480,4
2025-12-24 16:46:21,18481,4
2025-12-24 16:46:21,18484,4
2025-12-24 16:46:21,18486,4
2025-12-24 16:46:21,18487,4
2025-12-24 16:46:21,18488,1
2025-12-24 16:46:21,18489,4
2025-12-24 16:46:21,18490,4
2025-12-24 16:46:21,18492,4
2025-12-24 16:46:21,18493,4
2025-12-24 16:46:21,18494,4
2025-12-24 16:46:21,18495,1
2025-12-24 16:46:21,18497,4
2025-12-24 16:46:21,18500,1
2025-12-24 16:46:21,18502,4
2025-12-24 16:46:21,18505,4
2025-12-24 16:46:21,18506,4
2025-12-24 16:46:21,18507,4
2025-12-24 16:46:21,18508,4
2025-12-24 16:46:21,18511,4
2025-12-24 16:46:21,18513,4
2025-12-24 16:46:21,18514,4
2025-12-24 16:46:21,18515,4
2025-12-24 16:46:21,18516,4
2025-12-24 16:46:21,18517,4
2025-12-24 16:46:21,18519,4
2025-12-24 16:46:21,18520,1
2025-12-24 16:46:21,18521,4
2025-12-24 16:46:21,18523,1
2025-12-24 16:46:21,18524,4
2025-12-24 16:46:21,18525,4
2025-12-24 16:46:21,18526,4
2025-12-24 16:46:21,18527,4
2025-12-24 16:46:21,18528,1
2025-12-24 16:46:21,18529,4
2025-12-24 16:46:21,18531,4
2025-12-24 16:46:21,18532,4
2025-12-24 16:46:21,18533,4
2025-12-24 16:46:21,18534,4
2025-12-24 16:46:21,18535,4
2025-12-24 16:46:21,18536,4
2025-12-24 16:46:21,18538,4
2025-12-24 16:46:21,18539,1
2025-12-24 16:46:21,18540,4
2025-12-24 16:46:21,18541,1
2025-12-24 16:46:21,18542,1
2025-12-24 16:46:21,18543,4
2025-12-24 16:46:21,18544,4
2025-12-24 16:46:21,18546,4
2025-12-24 16:46:21,18548,4
2025-12-24 16:46:21,18551,4
2025-12-24 16:46:21,18552,1
2025-12-24 16:46:21,18554,4
2025-12-24 16:46:21,18556,4
2025-12-24 16:46:21,18557,4
2025-12-24 16:46:21,18558,1
2025-12-24 16:46:21,18559,4
2025-12-24 16:46:21,18560,4
2025-12-24 16:46:21,18563,4
2025-12-24 16:46:21,18565,4
2025-12-24 16:46:21,18566,4
2025-12-24 16:46:21,18567,4
2025-12-24 16:46:21,18568,4
2025-12-24 16:46:21,18570,1
2025-12-24 16:46:21,18571,1
2025-12-24 16:46:21,18574,4
2025-12-24 16:46:21,18575,4
2025-12-24 16:46:21,18576,1
2025-12-24 16:46:21,18577,4
2025-12-24 16:46:21,18579,1
2025-12-24 16:46:21,18581,4
2025-12-24 16:46:21,18583,4
2025-12-24 16:46:21,18587,4
2025-12-24 16:46:21,18588,4
2025-12-24 16:46:21,18589,4
2025-12-24 16:46:21,18590,4
2025-12-24 16:46:21,18592,4
2025-12-24 16:46:21,18594,4
2025-12-24 16:46:21,18595,4
2025-12-24 16:46:21,18596,4
2025-12-24 16:46:21,18597,4
2025-12-24 16:46:21,18599,4
2025-12-24 16:46:21,18600,4
2025-12-24 16:46:21,18601,4
2025-12-24 16:46:21,18602,4
2025-12-24 16:46:21,18603,4
2025-12-24 16:46:21,18604,4
2025-12-24 16:46:21,18606,1
2025-12-24 16:46:21,18607,4
2025-12-24 16:46:21,18608,4
2025-12-24 16:46:21,18609,1
2025-12-24 16:46:21,18610,1
2025-12-24 16:46:21,18611,1
2025-12-24 16:46:21,18612,4
2025-12-24 16:46:21,18613,4
2025-12-24 16:46:21,18614,4
2025-12-24 16:46:21,18615,4
2025-12-24 16:46:21,18617,4
2025-12-24 16:46:21,18619,4
2025-12-24 16:46:21,18620,1
2025-12-24 16:46:21,18623,4
2025-12-24 16:46:21,18624,4
2025-12-24 16:46:21,18627,4
2025-12-24 16:46:21,18628,4
2025-12-24 16:46:21,18630,4
2025-12-24 16:46:21,18631,4
2025-12-24 16:46:21,18632,4
2025-12-24 16:46:21,18633,4
2025-12-24 16:46:21,18634,4
2025-12-24 16:46:21,18637,4
2025-12-24 16:46:21,18638,1
2025-12-24 16:46:21,18640,4
2025-12-24 16:46:21,18641,4
2025-12-24 16:46:21,18643,4
2025-12-24 16:46:21,18646,4
2025-12-24 16:46:21,18651,4
2025-12-24 16:46:21,18652,4
2025-12-24 16:46:21,18653,4
2025-12-24 16:46:21,18655,4
2025-12-24 16:46:21,18657,4
2025-12-24 16:46:21,18658,4
2025-12-24 16:46:21,18659,4
2025-12-24 16:46:21,18661,4
2025-12-24 16:46:21,18662,4
2025-12-24 16:46:21,18663,4
2025-12-24 16:46:21,18664,4
2025-12-24 16:46:21,18667,1
2025-12-24 16:46:21,18668,4
2025-12-24 16:46:21,18669,1
2025-12-24 16:46:21,18671,4
2025-12-24 16:46:21,18672,1
2025-12-24 16:46:21,18673,4
2025-12-24 16:46:21,18674,4
2025-12-24 16:46:21,18675,4
2025-12-24 16:46:21,18676,1
2025-12-24 16:46:21,18677,4
2025-12-24 16:46:21,18678,4
2025-12-24 16:46:21,18679,4
2025-12-24 16:46:21,18680,4
2025-12-24 16:46:21,18683,4
2025-12-24 16:46:21,18687,4
2025-12-24 16:46:21,18688,4
2025-12-24 16:46:21,18689,4
2025-12-24 16:46:21,18691,4
2025-12-24 16:46:21,18692,1
2025-12-24 16:46:21,18695,4
2025-12-24 16:46:21,18697,1
2025-12-24 16:46:21,18699,4
2025-12-24 16:46:21,18700,4
2025-12-24 16:46:21,18701,4
2025-12-24 16:46:21,18704,4
2025-12-24 16:46:21,18705,1
2025-12-24 16:46:21,18706,4
2025-12-24 16:46:21,18708,4
2025-12-24 16:46:21,18710,4
2025-12-24 16:46:21,18711,4
2025-12-24 16:46:21,18712,4
2025-12-24 16:46:21,18713,1
2025-12-24 16:46:21,18715,1
2025-12-24 16:46:21,18717,4
2025-12-24 16:46:21,18718,4
2025-12-24 16:46:21,18719,4
2025-12-24 16:46:21,18720,4
2025-12-24 16:46:21,18721,4
2025-12-24 16:46:21,18722,4
2025-12-24 16:46:21,18723,4
2025-12-24 16:46:21,18724,1
2025-12-24 16:46:21,18726,4
2025-12-24 16:46:21,18727,1
2025-12-24 16:46:21,18728,4
2025-12-24 16:46:21,18729,1
2025-12-24 16:46:21,18731,1
2025-12-24 16:46:21,18732,1
2025-12-24 16:46:21,18737,4
2025-12-24 16:46:21,18738,4
2025-12-24 16:46:21,18739,4
2025-12-24 16:46:21,18741,4
2025-12-24 16:46:21,18743,4
2025-12-24 16:46:21,18744,4
2025-12-24 16:46:21,18745,4
2025-12-24 16:46:21,18747,4
2025-12-24 16:46:21,18748,1
2025-12-24 16:46:21,18749,4
2025-12-24 16:46:21,18750,4
2025-12-24 16:46:21,18751,4
2025-12-24 16:46:21,18752,4
2025-12-24 16:46:21,18754,4
2025-12-24 16:46:21,18756,1
2025-12-24 16:46:21,18757,4
2025-12-24 16:46:21,18758,4
2025-12-24 16:46:21,18759,4
2025-12-24 16:46:21,18760,4
2025-12-24 16:46:21,18762,4
2025-12-24 16:46:21,18763,4
2025-12-24 16:46:21,18765,1
2025-12-24 16:46:21,18767,4
2025-12-24 16:46:21,18768,4
2025-12-24 16:46:21,18769,4
2025-12-24 16:46:21,18773,4
2025-12-24 16:46:21,18775,4
2025-12-24 16:46:21,18777,4
2025-12-24 16:46:21,18778,4
2025-12-24 16:46:21,18779,2
2025-12-24 16:46:21,18780,4
2025-12-24 16:46:21,18781,4
2025-12-24 16:46:21,18782,1
2025-12-24 16:46:21,18783,4
2025-12-24 16:46:21,18787,4
2025-12-24 16:46:21,18788,4
2025-12-24 16:46:21,18789,4
2025-12-24 16:46:21,18790,4
2025-12-24 16:46:21,18792,4
2025-12-24 16:46:21,18793,4
2025-12-24 16:46:21,18796,4
2025-12-24 16:46:21,18797,4
2025-12-24 16:46:21,18798,4
2025-12-24 16:46:21,18799,4
2025-12-24 16:46:21,18800,4
2025-12-24 16:46:21,18801,4
2025-12-24 16:46:21,18803,1
2025-12-24 16:46:21,18806,4
2025-12-24 16:46:21,18807,4
2025-12-24 16:46:21,18810,1
2025-12-24 16:46:21,18811,4
2025-12-24 16:46:21,18813,4
2025-12-24 16:46:21,18814,4
2025-12-24 16:46:21,18815,1
2025-12-24 16:46:21,18816,4
2025-12-24 16:46:21,18817,4
2025-12-24 16:46:21,18820,4
2025-12-24 16:46:21,18821,4
2025-12-24 16:46:21,18824,4
2025-12-24 16:46:21,18827,4
2025-12-24 16:46:21,18828,1
2025-12-24 16:46:21,18830,4
2025-12-24 16:46:21,18832,4
2025-12-24 16:46:21,18833,1
2025-12-24 16:46:21,18834,4
2025-12-24 16:46:21,18835,4
2025-12-24 16:46:21,18836,4
2025-12-24 16:46:21,18837,4
2025-12-24 16:46:21,18838,1
2025-12-24 16:46:21,18840,4
2025-12-24 16:46:21,18842,4
2025-12-24 16:46:21,18843,4
2025-12-24 16:46:21,18846,1
2025-12-24 16:46:21,18847,4
2025-12-24 16:46:21,18849,4
2025-12-24 16:46:21,18851,4
2025-12-24 16:46:21,18852,4
2025-12-24 16:46:21,18853,4
2025-12-24 16:46:21,18854,4
2025-12-24 16:46:21,18855,1
2025-12-24 16:46:21,18858,1
2025-12-24 16:46:21,18859,1
2025-12-24 16:46:21,18860,4
2025-12-24 16:46:21,18862,4
2025-12-24 16:46:21,18863,4
2025-12-24 16:46:21,18864,4
2025-12-24 16:46:21,18865,4
2025-12-24 16:46:21,18866,4
2025-12-24 16:46:21,18867,4
2025-12-24 16:46:21,18868,4
2025-12-24 16:46:21,18869,4
2025-12-24 16:46:21,18870,4
2025-12-24 16:46:21,18871,4
2025-12-24 16:46:21,18872,1
2025-12-24 16:46:21,18873,1
2025-12-24 16:46:21,18875,4
2025-12-24 16:46:21,18877,4
2025-12-24 16:46:21,18879,4
2025-12-24 16:46:21,18880,4
2025-12-24 16:46:21,18881,4
2025-12-24 16:46:21,18884,4
2025-12-24 16:46:21,18885,4
2025-12-24 16:46:21,18886,4
2025-12-24 16:46:21,18887,4
2025-12-24 16:46:21,18888,4
2025-12-24 16:46:21,18889,4
2025-12-24 16:46:21,18890,4
2025-12-24 16:46:21,18891,4
2025-12-24 16:46:21,18892,4
2025-12-24 16:46:21,18893,4
2025-12-24 16:46:21,18894,4
2025-12-24 16:46:21,18895,4
2025-12-24 16:46:21,18896,4
2025-12-24 16:46:21,18897,4
2025-12-24 16:46:21,18898,4
2025-12-24 16:46:21,18900,4
2025-12-24 16:46:21,18901,4
2025-12-24 16:46:21,18904,4
2025-12-24 16:46:21,18909,4
2025-12-24 16:46:21,18910,1
2025-12-24 16:46:21,18912,4
2025-12-24 16:46:21,18913,1
2025-12-24 16:46:21,18914,4
2025-12-24 16:46:21,18915,1
2025-12-24 16:46:21,18916,4
2025-12-24 16:46:21,18918,4
2025-12-24 16:46:21,18919,1
2025-12-24 16:46:21,18920,4
2025-12-24 16:46:21,18921,4
2025-12-24 16:46:21,18922,4
2025-12-24 16:46:21,18924,1
2025-12-24 16:46:21,18925,4
2025-12-24 16:46:21,18926,4
2025-12-24 16:46:21,18929,4
2025-12-24 16:46:21,18930,4
2025-12-24 16:46:21,18933,4
2025-12-24 16:46:21,18934,4
2025-12-24 16:46:21,18935,4
2025-12-24 16:46:21,18936,4
2025-12-24 16:46:21,18937,1
2025-12-24 16:46:21,18938,4
2025-12-24 16:46:21,18939,4
2025-12-24 16:46:21,18941,4
2025-12-24 16:46:21,18942,1
2025-12-24 16:46:21,18944,4
2025-12-24 16:46:21,18945,4
2025-12-24 16:46:21,18946,4
2025-12-24 16:46:21,18947,1
2025-12-24 16:46:21,18949,4
2025-12-24 16:46:21,18950,4
2025-12-24 16:46:21,18951,4
2025-12-24 16:46:21,18952,4
2025-12-24 16:46:21,18954,4
2025-12-24 16:46:21,18955,4
2025-12-24 16:46:21,18957,4
2025-12-24 16:46:21,18958,4
2025-12-24 16:46:21,18959,4
2025-12-24 16:46:21,18960,4
2025-12-24 16:46:21,18961,4
2025-12-24 16:46:21,18963,4
2025-12-24 16:46:21,18965,4
2025-12-24 16:46:21,18969,4
2025-12-24 16:46:21,18971,4
2025-12-24 16:46:21,18972,4
2025-12-24 16:46:21,18973,4
2025-12-24 16:46:21,18975,4
2025-12-24 16:46:21,18977,4
2025-12-24 16:46:21,18979,4
2025-12-24 16:46:21,18980,4
2025-12-24 16:46:21,18981,4
2025-12-24 16:46:21,18982,4
2025-12-24 16:46:21,18983,4
2025-12-24 16:46:21,18984,4
2025-12-24 16:46:21,18987,4
2025-12-24 16:46:21,18989,4
2025-12-24 16:46:21,18991,4
2025-12-24 16:46:21,18992,1
2025-12-24 16:46:21,18994,4
2025-12-24 16:46:21,18997,4
2025-12-24 16:46:21,18998,4
2025-12-24 16:46:21,19002,4
2025-12-24 16:46:21,19003,4
2025-12-24 16:46:21,19004,4
2025-12-24 16:46:21,19005,4
2025-12-24 16:46:21,19006,4
2025-12-24 16:46:21,19010,4
2025-12-24 16:46:21,19011,4
2025-12-24 16:46:21,19016,4
2025-12-24 16:46:21,19018,4
2025-12-24 16:46:21,19019,4
2025-12-24 16:46:21,19020,4
2025-12-24 16:46:21,19021,4
2025-12-24 16:46:21,19022,4
2025-12-24 16:46:21,19027,1
2025-12-24 16:46:21,19030,4
2025-12-24 16:46:21,19031,4
2025-12-24 16:46:21,19033,4
2025-12-24 16:46:21,19035,4
2025-12-24 16:46:21,19036,4
2025-12-24 16:46:21,19038,4
2025-12-24 16:46:21,19039,4
2025-12-24 16:46:21,19040,4
2025-12-24 16:46:21,19041,2
2025-12-24 16:46:21,19043,4
2025-12-24 16:46:21,19050,4
2025-12-24 16:46:21,19051,4
2025-12-24 16:46:21,19052,4
2025-12-24 16:46:21,19053,4
2025-12-24 16:46:21,19055,4
2025-12-24 16:46:21,19056,4
2025-12-24 16:46:21,19057,4
2025-12-24 16:46:21,19059,4
2025-12-24 16:46:21,19062,4
2025-12-24 16:46:21,19063,4
2025-12-24 16:46:21,19067,4
2025-12-24 16:46:21,19068,4
2025-12-24 16:46:21,19071,1
2025-12-24 16:46:21,19076,4
2025-12-24 16:46:21,19078,1
2025-12-24 16:46:21,19080,4
2025-12-24 16:46:21,19082,4
2025-12-24 16:46:21,19083,4
2025-12-24 16:46:21,19084,4
2025-12-24 16:46:21,19086,4
2025-12-24 16:46:21,19089,1
2025-12-24 16:46:21,19090,4
2025-12-24 16:46:21,19091,4
2025-12-24 16:46:21,19092,4
2025-12-24 16:46:21,19095,4
2025-12-24 16:46:21,19096,4
2025-12-24 16:46:21,19097,4
2025-12-24 16:46:21,19099,4
2025-12-24 16:46:21,19100,4
2025-12-24 16:46:21,19101,4
2025-12-24 16:46:21,19102,4
2025-12-24 16:46:21,19103,4
2025-12-24 16:46:21,19104,4
2025-12-24 16:46:21,19105,4
2025-12-24 16:46:21,19107,4
2025-12-24 16:46:21,19108,4
2025-12-24 16:46:21,19112,4
2025-12-24 16:46:21,19113,4
2025-12-24 16:46:21,19116,4
2025-12-24 16:46:21,19118,4
2025-12-24 16:46:21,19119,4
2025-12-24 16:46:21,19120,4
2025-12-24 16:46:21,19121,1
2025-12-24 16:46:21,19122,4
2025-12-24 16:46:21,19123,4
2025-12-24 16:46:21,19125,4
2025-12-24 16:46:21,19129,4
2025-12-24 16:46:21,19130,4
2025-12-24 16:46:21,19131,1
2025-12-24 16:46:21,19133,1
2025-12-24 16:46:21,19134,4
2025-12-24 16:46:21,19135,4
2025-12-24 16:46:21,19137,4
2025-12-24 16:46:21,19138,4
2025-12-24 16:46:21,19139,1
2025-12-24 16:46:21,19140,4
2025-12-24 16:46:21,19141,1
2025-12-24 16:46:21,19145,4
2025-12-24 16:46:21,19146,4
2025-12-24 16:46:21,19148,4
2025-12-24 16:46:21,19149,4
2025-12-24 16:46:21,19151,4
2025-12-24 16:46:21,19152,1
2025-12-24 16:46:21,19153,4
2025-12-24 16:46:21,19154,4
2025-12-24 16:46:21,19155,1
2025-12-24 16:46:21,19156,4
2025-12-24 16:46:21,19158,4
2025-12-24 16:46:21,19159,4
2025-12-24 16:46:21,19162,4
2025-12-24 16:46:21,19163,1
2025-12-24 16:46:21,19164,4
2025-12-24 16:46:21,19165,4
2025-12-24 16:46:21,19166,4
2025-12-24 16:46:21,19167,4
2025-12-24 16:46:21,19168,4
2025-12-24 16:46:21,19171,4
2025-12-24 16:46:21,19172,1
2025-12-24 16:46:21,19173,4
2025-12-24 16:46:21,19174,4
2025-12-24 16:46:21,19176,4
2025-12-24 16:46:21,19179,4
2025-12-24 16:46:21,19180,4
2025-12-24 16:46:21,19181,4
2025-12-24 16:46:21,19182,4
2025-12-24 16:46:21,19183,4
2025-12-24 16:46:21,19185,4
2025-12-24 16:46:21,19186,4
2025-12-24 16:46:21,19187,1
2025-12-24 16:46:21,19188,4
2025-12-24 16:46:21,19189,4
2025-12-24 16:46:21,19190,4
2025-12-24 16:46:21,19192,1
2025-12-24 16:46:21,19193,1
2025-12-24 16:46:21,19194,4
2025-12-24 16:46:21,19195,1
2025-12-24 16:46:21,19196,4
2025-12-24 16:46:21,19199,4
2025-12-24 16:46:21,19200,4
2025-12-24 16:46:21,19201,4
2025-12-24 16:46:21,19203,4
2025-12-24 16:46:21,19205,4
2025-12-24 16:46:21,19208,4
2025-12-24 16:46:21,19209,4
2025-12-24 16:46:21,19213,1
2025-12-24 16:46:21,19215,1
2025-12-24 16:46:21,19217,4
2025-12-24 16:46:21,19220,4
2025-12-24 16:46:21,19221,4
2025-12-24 16:46:21,19222,4
2025-12-24 16:46:21,19223,4
2025-12-24 16:46:21,19226,4
2025-12-24 16:46:21,19228,4
2025-12-24 16:46:21,19229,4
2025-12-24 16:46:21,19230,1
2025-12-24 16:46:21,19233,4
2025-12-24 16:46:21,19234,1
2025-12-24 16:46:21,19235,4
2025-12-24 16:46:21,19236,4
2025-12-24 16:46:21,19237,4
2025-12-24 16:46:21,19239,4
2025-12-24 16:46:21,19241,4
2025-12-24 16:46:21,19244,4
2025-12-24 16:46:21,19245,4
2025-12-24 16:46:21,19248,2
2025-12-24 16:46:21,19249,4
2025-12-24 16:46:21,19250,4
2025-12-24 16:46:21,19252,4
2025-12-24 16:46:21,19254,4
2025-12-24 16:46:21,19259,4
2025-12-24 16:46:21,19260,4
2025-12-24 16:46:21,19262,4
2025-12-24 16:46:21,19265,4
2025-12-24 16:46:21,19266,4
2025-12-24 16:46:21,19269,1
2025-12-24 16:46:21,19271,4
2025-12-24 16:46:21,19272,1
2025-12-24 16:46:21,19274,1
2025-12-24 16:46:21,19275,4
2025-12-24 16:46:21,19277,4
2025-12-24 16:46:21,19278,4
2025-12-24 16:46:21,19280,4
2025-12-24 16:46:21,19281,4
2025-12-24 16:46:21,19282,4
2025-12-24 16:46:21,19283,1
2025-12-24 16:46:21,19285,1
2025-12-24 16:46:21,19286,4
2025-12-24 16:46:21,19287,4
2025-12-24 16:46:21,19288,4
2025-12-24 16:46:21,19289,4
2025-12-24 16:46:21,19291,1
2025-12-24 16:46:21,19292,4
2025-12-24 16:46:21,19293,4
2025-12-24 16:46:21,19294,4
2025-12-24 16:46:21,19296,1
2025-12-24 16:46:21,19300,4
2025-12-24 16:46:21,19302,1
2025-12-24 16:46:21,19304,4
2025-12-24 16:46:21,19305,4
2025-12-24 16:46:21,19306,4
2025-12-24 16:46:21,19310,4
2025-12-24 16:46:21,19311,4
2025-12-24 16:46:21,19312,4
2025-12-24 16:46:21,19314,4
2025-12-24 16:46:21,19316,4
2025-12-24 16:46:21,19317,4
2025-12-24 16:46:21,19320,4
2025-12-24 16:46:21,19324,4
2025-12-24 16:46:21,19325,4
2025-12-24 16:46:21,19326,4
2025-12-24 16:46:21,19327,4
2025-12-24 16:46:21,19332,4
2025-12-24 16:46:21,19334,4
2025-12-24 16:46:21,19335,4
2025-12-24 16:46:21,19336,4
2025-12-24 16:46:21,19337,4
2025-12-24 16:46:21,19339,4
2025-12-24 16:46:21,19341,4
2025-12-24 16:46:21,19344,4
2025-12-24 16:46:21,19347,4
2025-12-24 16:46:21,19348,4
2025-12-24 16:46:21,19349,4
2025-12-24 16:46:21,19351,4
2025-12-24 16:46:21,19352,4
2025-12-24 16:46:21,19353,4
2025-12-24 16:46:21,19354,4
2025-12-24 16:46:21,19355,4
2025-12-24 16:46:21,19357,4
2025-12-24 16:46:21,19358,4
2025-12-24 16:46:21,19359,4
2025-12-24 16:46:21,19360,4
2025-12-24 16:46:21,19361,4
2025-12-24 16:46:21,19363,1
2025-12-24 16:46:21,19365,4
2025-12-24 16:46:21,19366,4
2025-12-24 16:46:21,19369,4
2025-12-24 16:46:21,19371,4
2025-12-24 16:46:21,19372,4
2025-12-24 16:46:21,19373,4
2025-12-24 16:46:21,19376,4
2025-12-24 16:46:21,19380,4
2025-12-24 16:46:21,19382,4
2025-12-24 16:46:21,19383,4
2025-12-24 16:46:21,19387,4
2025-12-24 16:46:21,19389,4
2025-12-24 16:46:21,19393,4
2025-12-24 16:46:21,19394,1
2025-12-24 16:46:21,19395,4
2025-12-24 16:46:21,19396,4
2025-12-24 16:46:21,19397,4
2025-12-24 16:46:21,19399,1
2025-12-24 16:46:21,19401,4
2025-12-24 16:46:21,19403,4
2025-12-24 16:46:21,19405,4
2025-12-24 16:46:21,19406,4
2025-12-24 16:46:21,19408,4
2025-12-24 16:46:21,19409,1
2025-12-24 16:46:21,19410,4
2025-12-24 16:46:21,19412,4
2025-12-24 16:46:21,19416,1
2025-12-24 16:46:21,19418,1
2025-12-24 16:46:21,19421,4
2025-12-24 16:46:21,19422,4
2025-12-24 16:46:21,19423,4
2025-12-24 16:46:21,19425,4
2025-12-24 16:46:21,19426,2
2025-12-24 16:46:21,19427,4
2025-12-24 16:46:21,19428,4
2025-12-24 16:46:21,19429,4
2025-12-24 16:46:21,19430,4
2025-12-24 16:46:21,19432,2
2025-12-24 16:46:21,19433,4
2025-12-24 16:46:21,19434,4
2025-12-24 16:46:21,19435,4
2025-12-24 16:46:21,19436,4
2025-12-24 16:46:21,19437,4
2025-12-24 16:46:21,19438,4
2025-12-24 16:46:21,19439,1
2025-12-24 16:46:21,19442,4
2025-12-24 16:46:21,19444,4
2025-12-24 16:46:21,19445,4
2025-12-24 16:46:21,19446,4
2025-12-24 16:46:21,19448,4
2025-12-24 16:46:21,19449,4
2025-12-24 16:46:21,19450,4
2025-12-24 16:46:21,19455,4
2025-12-24 16:46:21,19456,4
2025-12-24 16:46:21,19457,4
2025-12-24 16:46:21,19459,4
2025-12-24 16:46:21,19460,4
2025-12-24 16:46:21,19461,4
2025-12-24 16:46:21,19463,4
2025-12-24 16:46:21,19466,1
2025-12-24 16:46:21,19468,4
2025-12-24 16:46:21,19470,4
2025-12-24 16:46:21,19471,4
2025-12-24 16:46:21,19473,4
2025-12-24 16:46:21,19475,4
2025-12-24 16:46:21,19477,4
2025-12-24 16:46:21,19478,1
2025-12-24 16:46:21,19480,4
2025-12-24 16:46:21,19481,4
2025-12-24 16:46:21,19482,4
2025-12-24 16:46:21,19484,4
2025-12-24 16:46:21,19485,4
2025-12-24 16:46:21,19486,4
2025-12-24 16:46:21,19488,4
2025-12-24 16:46:21,19489,4
2025-12-24 16:46:21,19491,4
2025-12-24 16:46:21,19495,4
2025-12-24 16:46:21,19496,4
2025-12-24 16:46:21,19497,4
2025-12-24 16:46:21,19498,4
2025-12-24 16:46:21,19499,4
2025-12-24 16:46:21,19501,4
2025-12-24 16:46:21,19502,4
2025-12-24 16:46:21,19503,4
2025-12-24 16:46:21,19504,4
2025-12-24 16:46:21,19505,4
2025-12-24 16:46:21,19506,4
2025-12-24 16:46:21,19507,4
2025-12-24 16:46:21,19508,4
2025-12-24 16:46:21,19509,4
2025-12-24 16:46:21,19510,4
2025-12-24 16:46:21,19511,4
2025-12-24 16:46:21,19512,4
2025-12-24 16:46:21,19513,1
2025-12-24 16:46:21,19515,4
2025-12-24 16:46:21,19516,1
2025-12-24 16:46:21,19518,1
2025-12-24 16:46:21,19519,1
2025-12-24 16:46:21,19520,1
2025-12-24 16:46:21,19522,4
2025-12-24 16:46:21,19523,4
2025-12-24 16:46:21,19526,4
2025-12-24 16:46:21,19527,4
2025-12-24 16:46:21,19528,4
2025-12-24 16:46:21,19529,4
2025-12-24 16:46:21,19531,4
2025-12-24 16:46:21,19533,4
2025-12-24 16:46:21,19534,4
2025-12-24 16:46:21,19535,1
2025-12-24 16:46:21,19536,1
2025-12-24 16:46:21,19538,4
2025-12-24 16:46:21,19539,1
2025-12-24 16:46:21,19541,1
2025-12-24 16:46:21,19544,1
2025-12-24 16:46:21,19545,4
2025-12-24 16:46:21,19547,4
2025-12-24 16:46:21,19551,4
2025-12-24 16:46:21,19552,4
2025-12-24 16:46:21,19553,4
2025-12-24 16:46:21,19554,1
2025-12-24 16:46:21,19555,1
2025-12-24 16:46:21,19557,4
2025-12-24 16:46:21,19559,4
2025-12-24 16:46:21,19560,4
2025-12-24 16:46:21,19561,4
2025-12-24 16:46:21,19563,4
2025-12-24 16:46:21,19565,4
2025-12-24 16:46:21,19567,4
2025-12-24 16:46:21,19568,4
2025-12-24 16:46:21,19572,4
2025-12-24 16:46:21,19573,4
2025-12-24 16:46:21,19574,4
2025-12-24 16:46:21,19575,4
2025-12-24 16:46:21,19577,4
2025-12-24 16:46:21,19578,4
2025-12-24 16:46:21,19581,4
2025-12-24 16:46:21,19584,4
2025-12-24 16:46:21,19585,4
2025-12-24 16:46:21,19588,1
2025-12-24 16:46:21,19589,4
2025-12-24 16:46:21,19592,4
2025-12-24 16:46:21,19593,4
2025-12-24 16:46:21,19594,4
2025-12-24 16:46:21,19596,4
2025-12-24 16:46:21,19597,4
2025-12-24 16:46:21,19598,4
2025-12-24 16:46:21,19599,4
2025-12-24 16:46:21,19600,4
2025-12-24 16:46:21,19601,1
2025-12-24 16:46:21,19602,4
2025-12-24 16:46:21,19604,4
2025-12-24 16:46:21,19605,4
2025-12-24 16:46:21,19606,4
2025-12-24 16:46:21,19607,4
2025-12-24 16:46:21,19609,4
2025-12-24 16:46:21,19612,2
2025-12-24 16:46:21,19613,4
2025-12-24 16:46:21,19614,1
2025-12-24 16:46:21,19615,4
2025-12-24 16:46:21,19617,4
2025-12-24 16:46:21,19618,4
2025-12-24 16:46:21,19619,4
2025-12-24 16:46:21,19620,4
2025-12-24 16:46:21,19622,4
2025-12-24 16:46:21,19623,1
2025-12-24 16:46:21,19624,4
2025-12-24 16:46:21,19625,4
2025-12-24 16:46:21,19626,4
2025-12-24 16:46:21,19627,4
2025-12-24 16:46:21,19629,4
2025-12-24 16:46:21,19630,4
2025-12-24 16:46:21,19633,4
2025-12-24 16:46:21,19634,4
2025-12-24 16:46:21,19635,4
2025-12-24 16:46:21,19636,4
2025-12-24 16:46:21,19638,1
2025-12-24 16:46:21,19639,1
2025-12-24 16:46:21,19642,1
2025-12-24 16:46:21,19643,4
2025-12-24 16:46:21,19647,4
2025-12-24 16:46:21,19648,4
2025-12-24 16:46:21,19649,4
2025-12-24 16:46:21,19651,4
2025-12-24 16:46:21,19655,4
2025-12-24 16:46:21,19657,4
2025-12-24 16:46:21,19658,4
2025-12-24 16:46:21,19659,4
2025-12-24 16:46:21,19660,4
2025-12-24 16:46:21,19661,4
2025-12-24 16:46:21,19662,4
2025-12-24 16:46:21,19663,4
2025-12-24 16:46:21,19664,4
2025-12-24 16:46:21,19666,4
2025-12-24 16:46:21,19667,4
2025-12-24 16:46:21,19669,1
2025-12-24 16:46:21,19670,4
2025-12-24 16:46:21,19671,4
2025-12-24 16:46:21,19674,4
2025-12-24 16:46:21,19675,4
2025-12-24 16:46:21,19677,4
2025-12-24 16:46:21,19678,4
2025-12-24 16:46:21,19680,4
2025-12-24 16:46:21,19682,4
2025-12-24 16:46:21,19683,4
2025-12-24 16:46:21,19684,4
2025-12-24 16:46:21,19686,4
2025-12-24 16:46:21,19687,1
2025-12-24 16:46:21,19688,4
2025-12-24 16:46:21,19689,4
2025-12-24 16:46:21,19690,4
2025-12-24 16:46:21,19692,4
2025-12-24 16:46:21,19697,4
2025-12-24 16:46:21,19698,4
2025-12-24 16:46:21,19700,4
2025-12-24 16:46:21,19701,4
2025-12-24 16:46:21,19704,4
2025-12-24 16:46:21,19705,4
2025-12-24 16:46:21,19706,4
2025-12-24 16:46:21,19709,4
2025-12-24 16:46:21,19710,4
2025-12-24 16:46:21,19711,4
2025-12-24 16:46:21,19712,4
2025-12-24 16:46:21,19715,4
2025-12-24 16:46:21,19716,4
2025-12-24 16:46:21,19718,4
2025-12-24 16:46:21,19720,4
2025-12-24 16:46:21,19721,4
2025-12-24 16:46:21,19724,4
2025-12-24 16:46:21,19725,4
2025-12-24 16:46:21,19726,4
2025-12-24 16:46:21,19728,4
2025-12-24 16:46:21,19729,4
2025-12-24 16:46:21,19732,4
2025-12-24 16:46:21,19733,4
2025-12-24 16:46:21,19734,4
2025-12-24 16:46:21,19739,4
2025-12-24 16:46:21,19742,4
2025-12-24 16:46:21,19743,4
2025-12-24 16:46:21,19748,4
2025-12-24 16:46:21,19749,4
2025-12-24 16:46:21,19750,1
2025-12-24 16:46:21,19751,4
2025-12-24 16:46:21,19754,4
2025-12-24 16:46:21,19755,4
2025-12-24 16:46:21,19756,4
2025-12-24 16:46:21,19758,4
2025-12-24 16:46:21,19759,4
2025-12-24 16:46:21,19760,4
2025-12-24 16:46:21,19764,4
2025-12-24 16:46:21,19765,4
2025-12-24 16:46:21,19766,1
2025-12-24 16:46:21,19767,4
2025-12-24 16:46:21,19770,4
2025-12-24 16:46:21,19771,4
2025-12-24 16:46:21,19774,4
2025-12-24 16:46:21,19776,4
2025-12-24 16:46:21,19777,4
2025-12-24 16:46:21,19778,4
2025-12-24 16:46:21,19779,4
2025-12-24 16:46:21,19780,2
2025-12-24 16:46:21,19781,4
2025-12-24 16:46:21,19783,4
2025-12-24 16:46:21,19784,2
2025-12-24 16:46:21,19786,4
2025-12-24 16:46:21,19788,4
2025-12-24 16:46:21,19789,4
2025-12-24 16:46:21,19791,4
2025-12-24 16:46:21,19792,4
2025-12-24 16:46:21,19793,4
2025-12-24 16:46:21,19794,1
2025-12-24 16:46:21,19796,4
2025-12-24 16:46:21,19797,4
2025-12-24 16:46:21,19798,4
2025-12-24 16:46:21,19799,4
2025-12-24 16:46:21,19800,1
2025-12-24 16:46:21,19801,4
2025-12-24 16:46:21,19803,4
2025-12-24 16:46:21,19804,4
2025-12-24 16:46:21,19806,4
2025-12-24 16:46:21,19807,4
2025-12-24 16:46:21,19808,2
2025-12-24 16:46:21,19809,4
2025-12-24 16:46:21,19811,1
2025-12-24 16:46:21,19812,1
2025-12-24 16:46:21,19813,4
2025-12-24 16:46:21,19815,4
2025-12-24 16:46:21,19816,4
2025-12-24 16:46:21,19818,4
2025-12-24 16:46:21,19819,4
2025-12-24 16:46:21,19820,4
2025-12-24 16:46:21,19821,4
2025-12-24 16:46:21,19823,4
2025-12-24 16:46:21,19824,4
2025-12-24 16:46:21,19825,4
2025-12-24 16:46:21,19826,4
2025-12-24 16:46:21,19828,4
2025-12-24 16:46:21,19832,4
2025-12-24 16:46:21,19833,4
2025-12-24 16:46:21,19834,4
2025-12-24 16:46:21,19836,4
2025-12-24 16:46:21,19837,4
2025-12-24 16:46:21,19838,4
2025-12-24 16:46:21,19839,4
2025-12-24 16:46:21,19840,4
2025-12-24 16:46:21,19842,4
2025-12-24 16:46:21,19843,1
2025-12-24 16:46:21,19844,4
2025-12-24 16:46:21,19847,4
2025-12-24 16:46:21,19848,4
2025-12-24 16:46:21,19849,4
2025-12-24 16:46:21,19851,4
2025-12-24 16:46:21,19853,4
2025-12-24 16:46:21,19854,4
2025-12-24 16:46:21,19857,4
2025-12-24 16:46:21,19858,4
2025-12-24 16:46:21,19859,4
2025-12-24 16:46:21,19860,1
2025-12-24 16:46:21,19861,4
2025-12-24 16:46:21,19862,4
2025-12-24 16:46:21,19863,4
2025-12-24 16:46:21,19866,4
2025-12-24 16:46:21,19867,4
2025-12-24 16:46:21,19868,4
2025-12-24 16:46:21,19869,4
2025-12-24 16:46:21,19872,4
2025-12-24 16:46:21,19873,4
2025-12-24 16:46:21,19874,4
2025-12-24 16:46:21,19875,4
2025-12-24 16:46:21,19877,4
2025-12-24 16:46:21,19879,4
2025-12-24 16:46:21,19881,4
2025-12-24 16:46:21,19882,4
2025-12-24 16:46:21,19883,4
2025-12-24 16:46:21,19884,4
2025-12-24 16:46:21,19886,4
2025-12-24 16:46:21,19888,1
2025-12-24 16:46:21,19889,4
2025-12-24 16:46:21,19891,4
2025-12-24 16:46:21,19893,1
2025-12-24 16:46:21,19895,4
2025-12-24 16:46:21,19896,4
2025-12-24 16:46:21,19898,4
2025-12-24 16:46:21,19899,4
2025-12-24 16:46:21,19900,4
2025-12-24 16:46:21,19902,4
2025-12-24 16:46:21,19903,4
2025-12-24 16:46:21,19905,4
2025-12-24 16:46:21,19908,4
2025-12-24 16:46:21,19909,4
2025-12-24 16:46:21,19910,4
2025-12-24 16:46:21,19911,4
2025-12-24 16:46:21,19912,4
2025-12-24 16:46:21,19913,4
2025-12-24 16:46:21,19916,4
2025-12-24 16:46:21,19918,4
2025-12-24 16:46:21,19919,4
2025-12-24 16:46:21,19920,1
2025-12-24 16:46:21,19921,4
2025-12-24 16:46:21,19922,4
2025-12-24 16:46:21,19923,4
2025-12-24 16:46:21,19924,1
2025-12-24 16:46:21,19926,4
2025-12-24 16:46:21,19927,4
2025-12-24 16:46:21,19930,4
2025-12-24 16:46:21,19934,4
2025-12-24 16:46:21,19935,1
2025-12-24 16:46:21,19936,4
2025-12-24 16:46:21,19937,4
2025-12-24 16:46:21,19939,4
2025-12-24 16:46:21,19940,4
2025-12-24 16:46:21,19941,1
2025-12-24 16:46:21,19943,4
2025-12-24 16:46:21,19947,4
2025-12-24 16:46:21,19949,4
2025-12-24 16:46:21,19950,4
2025-12-24 16:46:21,19952,4
2025-12-24 16:46:21,19953,4
2025-12-24 16:46:21,19954,4
2025-12-24 16:46:21,19955,4
2025-12-24 16:46:21,19958,1
2025-12-24 16:46:21,19961,4
2025-12-24 16:46:21,19962,4
2025-12-24 16:46:21,19965,1
2025-12-24 16:46:21,19972,4
2025-12-24 16:46:21,19973,4
2025-12-24 16:46:21,19975,4
2025-12-24 16:46:21,19976,4
2025-12-24 16:46:21,19977,4
2025-12-24 16:46:21,19978,4
2025-12-24 16:46:21,19979,4
2025-12-24 16:46:21,19980,4
2025-12-24 16:46:21,19985,4
2025-12-24 16:46:21,19986,4
2025-12-24 16:46:21,19987,4
2025-12-24 16:46:21,19988,4
2025-12-24 16:46:21,19993,4
2025-12-24 16:46:21,19995,4
2025-12-24 16:46:21,19998,4
2025-12-24 16:46:21,20000,4
2025-12-24 16:46:21,20002,4
2025-12-24 16:46:21,20004,4
2025-12-24 16:46:21,20005,4
2025-12-24 16:46:21,20006,4
2025-12-24 16:46:21,20007,4
2025-12-24 16:46:21,20008,1
2025-12-24 16:46:21,20010,4
2025-12-24 16:46:21,20011,4
2025-12-24 16:46:21,20012,1
2025-12-24 16:46:21,20014,4
2025-12-24 16:46:21,20016,1
2025-12-24 16:46:21,20021,4
2025-12-24 16:46:21,20022,4
2025-12-24 16:46:21,20024,4
2025-12-24 16:46:21,20025,4
2025-12-24 16:46:21,20026,4
2025-12-24 16:46:21,20028,1
2025-12-24 16:46:21,20029,4
2025-12-24 16:46:21,20030,4
2025-12-24 16:46:21,20031,4
2025-12-24 16:46:21,20033,4
2025-12-24 16:46:21,20034,4
2025-12-24 16:46:21,20037,1
2025-12-24 16:46:21,20038,4
2025-12-24 16:46:21,20039,4
2025-12-24 16:46:21,20040,4
2025-12-24 16:46:21,20041,2
2025-12-24 16:46:21,20042,4
2025-12-24 16:46:21,20043,4
2025-12-24 16:46:21,20044,4
2025-12-24 16:46:21,20045,4
2025-12-24 16:46:21,20047,1
2025-12-24 16:46:21,20049,4
2025-12-24 16:46:21,20050,4
2025-12-24 16:46:21,20051,4
2025-12-24 16:46:21,20052,4
2025-12-24 16:46:21,20054,1
2025-12-24 16:46:21,20055,4
2025-12-24 16:46:21,20056,4
2025-12-24 16:46:21,20058,4
2025-12-24 16:46:21,20063,4
2025-12-24 16:46:21,20065,4
2025-12-24 16:46:21,20067,4
2025-12-24 16:46:21,20069,4
2025-12-24 16:46:21,20070,4
2025-12-24 16:46:21,20071,4
2025-12-24 16:46:21,20072,4
2025-12-24 16:46:21,20074,4
2025-12-24 16:46:21,20077,1
2025-12-24 16:46:21,20078,4
2025-12-24 16:46:21,20080,4
2025-12-24 16:46:21,20081,4
2025-12-24 16:46:21,20082,4
2025-12-24 16:46:21,20084,4
2025-12-24 16:46:21,20085,1
2025-12-24 16:46:21,20086,4
2025-12-24 16:46:21,20087,4
2025-12-24 16:46:21,20088,1
2025-12-24 16:46:21,20089,4
2025-12-24 16:46:21,20090,4
2025-12-24 16:46:21,20094,4
2025-12-24 16:46:21,20095,1
2025-12-24 16:46:21,20097,1
2025-12-24 16:46:21,20098,4
2025-12-24 16:46:21,20099,1
2025-12-24 16:46:21,20100,4
2025-12-24 16:46:21,20101,4
2025-12-24 16:46:21,20102,1
2025-12-24 16:46:21,20103,4
2025-12-24 16:46:21,20104,4
2025-12-24 16:46:21,20107,4
2025-12-24 16:46:21,20108,1
2025-12-24 16:46:21,20110,1
2025-12-24 16:46:21,20111,4
2025-12-24 16:46:21,20112,4
2025-12-24 16:46:21,20113,4
2025-12-24 16:46:21,20114,4
2025-12-24 16:46:21,20115,4
2025-12-24 16:46:21,20116,4
2025-12-24 16:46:21,20117,4
2025-12-24 16:46:21,20118,4
2025-12-24 16:46:21,20119,4
2025-12-24 16:46:21,20123,4
2025-12-24 16:46:21,20125,4
2025-12-24 16:46:21,20126,4
2025-12-24 16:46:21,20127,4
2025-12-24 16:46:21,20128,4
2025-12-24 16:46:21,20129,4
2025-12-24 16:46:21,20130,4
2025-12-24 16:46:21,20132,4
2025-12-24 16:46:21,20133,4
2025-12-24 16:46:21,20134,1
2025-12-24 16:46:21,20135,4
2025-12-24 16:46:21,20137,4
2025-12-24 16:46:21,20138,2
2025-12-24 16:46:21,20139,4
2025-12-24 16:46:21,20140,1
2025-12-24 16:46:21,20141,4
2025-12-24 16:46:21,20142,4
2025-12-24 16:46:21,20145,4
2025-12-24 16:46:21,20149,4
2025-12-24 16:46:21,20150,1
2025-12-24 16:46:21,20151,4
2025-12-24 16:46:21,20152,1
2025-12-24 16:46:21,20153,4
2025-12-24 16:46:21,20155,4
2025-12-24 16:46:21,20156,4
2025-12-24 16:46:21,20158,4
2025-12-24 16:46:21,20159,4
2025-12-24 16:46:21,20160,1
2025-12-24 16:46:21,20162,4
2025-12-24 16:46:21,20163,1
2025-12-24 16:46:21,20167,4
2025-12-24 16:46:21,20168,4
2025-12-24 16:46:21,20169,4
2025-12-24 16:46:21,20172,1
2025-12-24 16:46:21,20173,4
2025-12-24 16:46:21,20174,4
2025-12-24 16:46:21,20176,4
2025-12-24 16:46:21,20177,4
2025-12-24 16:46:21,20178,4
2025-12-24 16:46:21,20182,2
2025-12-24 16:46:21,20183,4
2025-12-24 16:46:21,20189,4
2025-12-24 16:46:21,20191,4
2025-12-24 16:46:21,20192,4
2025-12-24 16:46:21,20193,4
2025-12-24 16:46:21,20195,4
2025-12-24 16:46:21,20197,4
2025-12-24 16:46:21,20199,4
2025-12-24 16:46:21,20200,4
2025-12-24 16:46:21,20202,4
2025-12-24 16:46:21,20203,4
2025-12-24 16:46:21,20204,4
2025-12-24 16:46:21,20206,4
2025-12-24 16:46:21,20207,1
2025-12-24 16:46:21,20209,4
2025-12-24 16:46:21,20211,4
2025-12-24 16:46:21,20212,4
2025-12-24 16:46:21,20213,4
2025-12-24 16:46:21,20214,4
2025-12-24 16:46:21,20216,4
2025-12-24 16:46:21,20217,4
2025-12-24 16:46:21,20218,4
2025-12-24 16:46:21,20219,4
2025-12-24 16:46:21,20220,4
2025-12-24 16:46:21,20222,4
2025-12-24 16:46:21,20227,4
2025-12-24 16:46:21,20228,4
2025-12-24 16:46:21,20229,4
2025-12-24 16:46:21,20231,4
2025-12-24 16:46:21,20233,4
2025-12-24 16:46:21,20237,4
2025-12-24 16:46:21,20240,4
2025-12-24 16:46:21,20241,4
2025-12-24 16:46:21,20243,1
2025-12-24 16:46:21,20244,4
2025-12-24 16:46:21,20245,4
2025-12-24 16:46:21,20246,1
2025-12-24 16:46:21,20247,1
2025-12-24 16:46:21,20248,1
2025-12-24 16:46:21,20249,4
2025-12-24 16:46:21,20250,4
2025-12-24 16:46:21,20251,4
2025-12-24 16:46:21,20252,4
2025-12-24 16:46:21,20253,4
2025-12-24 16:46:21,20254,4
2025-12-24 16:46:21,20256,4
2025-12-24 16:46:21,20257,4
2025-12-24 16:46:21,20258,4
2025-12-24 16:46:21,20259,4
2025-12-24 16:46:21,20260,4
2025-12-24 16:46:21,20261,1
2025-12-24 16:46:21,20262,4
2025-12-24 16:46:21,20263,1
2025-12-24 16:46:21,20264,4
2025-12-24 16:46:21,20265,4
2025-12-24 16:46:21,20266,4
2025-12-24 16:46:21,20267,1
2025-12-24 16:46:21,20268,1
2025-12-24 16:46:21,20270,4
2025-12-24 16:46:21,20271,4
2025-12-24 16:46:21,20272,4
2025-12-24 16:46:21,20275,4
2025-12-24 16:46:21,20276,4
2025-12-24 16:46:21,20277,4
2025-12-24 16:46:21,20280,4
2025-12-24 16:46:21,20281,1
2025-12-24 16:46:21,20282,4
2025-12-24 16:46:21,20283,1
2025-12-24 16:46:21,20284,4
2025-12-24 16:46:21,20285,4
2025-12-24 16:46:21,20287,1
2025-12-24 16:46:21,20289,4
2025-12-24 16:46:21,20293,4
2025-12-24 16:46:21,20294,4
2025-12-24 16:46:21,20295,4
2025-12-24 16:46:21,20296,4
2025-12-24 16:46:21,20298,4
2025-12-24 16:46:21,20299,4
2025-12-24 16:46:21,20300,1
2025-12-24 16:46:21,20304,4
2025-12-24 16:46:21,20306,4
2025-12-24 16:46:21,20308,1
2025-12-24 16:46:21,20316,4
2025-12-24 16:46:21,20318,4
2025-12-24 16:46:21,20319,4
2025-12-24 16:46:21,20322,4
2025-12-24 16:46:21,20323,4
2025-12-24 16:46:21,20325,4
2025-12-24 16:46:21,20326,1
2025-12-24 16:46:21,20328,4
2025-12-24 16:46:21,20331,1
2025-12-24 16:46:21,20333,4
2025-12-24 16:46:21,20334,1
2025-12-24 16:46:21,20335,4
2025-12-24 16:46:21,20337,4
2025-12-24 16:46:21,20339,1
2025-12-24 16:46:21,20340,4
2025-12-24 16:46:21,20341,4
2025-12-24 16:46:21,20342,1
2025-12-24 16:46:21,20343,4
2025-12-24 16:46:21,20344,1
2025-12-24 16:46:21,20345,4
2025-12-24 16:46:21,20347,4
2025-12-24 16:46:21,20348,1
2025-12-24 16:46:21,20350,4
2025-12-24 16:46:21,20351,1
2025-12-24 16:46:21,20353,4
2025-12-24 16:46:21,20354,4
2025-12-24 16:46:21,20356,4
2025-12-24 16:46:21,20357,4
2025-12-24 16:46:21,20359,4
2025-12-24 16:46:21,20360,1
2025-12-24 16:46:21,20361,1
2025-12-24 16:46:21,20362,1
2025-12-24 16:46:21,20363,4
2025-12-24 16:46:21,20364,1
2025-12-24 16:46:21,20366,4
2025-12-24 16:46:21,20367,4
2025-12-24 16:46:21,20368,4
2025-12-24 16:46:21,20370,4
2025-12-24 16:46:21,20371,4
2025-12-24 16:46:21,20372,4
2025-12-24 16:46:21,20374,4
2025-12-24 16:46:21,20375,4
2025-12-24 16:46:21,20377,4
2025-12-24 16:46:21,20380,1
2025-12-24 16:46:21,20384,4
2025-12-24 16:46:21,20387,4
2025-12-24 16:46:21,20389,4
2025-12-24 16:46:21,20392,4
2025-12-24 16:46:21,20394,4
2025-12-24 16:46:21,20395,4
2025-12-24 16:46:21,20397,4
2025-12-24 16:46:21,20398,4
2025-12-24 16:46:21,20400,4
2025-12-24 16:46:21,20401,4
2025-12-24 16:46:21,20405,1
2025-12-24 16:46:21,20406,4
2025-12-24 16:46:21,20408,4
2025-12-24 16:46:21,20409,4
2025-12-24 16:46:21,20410,4
2025-12-24 16:46:21,20411,1
2025-12-24 16:46:21,20412,4
2025-12-24 16:46:21,20414,4
2025-12-24 16:46:21,20415,4
2025-12-24 16:46:21,20416,4
2025-12-24 16:46:21,20418,1
2025-12-24 16:46:21,20420,4
2025-12-24 16:46:21,20421,4
2025-12-24 16:46:21,20422,4
2025-12-24 16:46:21,20423,4
2025-12-24 16:46:21,20425,4
2025-12-24 16:46:21,20426,4
2025-12-24 16:46:21,20427,4
2025-12-24 16:46:21,20428,4
2025-12-24 16:46:21,20430,2
2025-12-24 16:46:21,20434,4
2025-12-24 16:46:21,20435,4
2025-12-24 16:46:21,20436,4
2025-12-24 16:46:21,20439,4
2025-12-24 16:46:21,20442,1
2025-12-24 16:46:21,20443,4
2025-12-24 16:46:21,20444,4
2025-12-24 16:46:21,20445,4
2025-12-24 16:46:21,20446,4
2025-12-24 16:46:21,20447,4
2025-12-24 16:46:21,20448,4
2025-12-24 16:46:21,20449,4
2025-12-24 16:46:21,20450,4
2025-12-24 16:46:21,20451,4
2025-12-24 16:46:21,20452,4
2025-12-24 16:46:21,20453,4
2025-12-24 16:46:21,20454,1
2025-12-24 16:46:21,20455,4
2025-12-24 16:46:21,20457,4
2025-12-24 16:46:21,20458,4
2025-12-24 16:46:21,20459,4
2025-12-24 16:46:21,20461,4
2025-12-24 16:46:21,20463,4
2025-12-24 16:46:21,20464,2
2025-12-24 16:46:21,20466,4
2025-12-24 16:46:21,20467,4
2025-12-24 16:46:21,20468,4
2025-12-24 16:46:21,20469,1
2025-12-24 16:46:21,20470,1
2025-12-24 16:46:21,20472,4
2025-12-24 16:46:21,20473,1
2025-12-24 16:46:21,20474,4
2025-12-24 16:46:21,20475,4
2025-12-24 16:46:21,20476,4
2025-12-24 16:46:21,20477,4
2025-12-24 16:46:21,20478,4
2025-12-24 16:46:21,20480,4
2025-12-24 16:46:21,20481,1
2025-12-24 16:46:21,20483,4
2025-12-24 16:46:21,20485,1
2025-12-24 16:46:21,20486,4
2025-12-24 16:46:21,20489,4
2025-12-24 16:46:21,20490,1
2025-12-24 16:46:21,20491,4
2025-12-24 16:46:21,20493,4
2025-12-24 16:46:21,20494,4
2025-12-24 16:46:21,20495,4
2025-12-24 16:46:21,20497,4
2025-12-24 16:46:21,20500,4
2025-12-24 16:46:21,20501,1
2025-12-24 16:46:21,20502,4
2025-12-24 16:46:21,20504,4
2025-12-24 16:46:21,20506,4
2025-12-24 16:46:21,20507,4
2025-12-24 16:46:21,20510,4
2025-12-24 16:46:21,20511,4
2025-12-24 16:46:21,20512,4
2025-12-24 16:46:21,20514,4
2025-12-24 16:46:21,20516,4
2025-12-24 16:46:21,20517,4
2025-12-24 16:46:21,20518,4
2025-12-24 16:46:21,20519,4
2025-12-24 16:46:21,20520,4
2025-12-24 16:46:21,20521,1
2025-12-24 16:46:21,20522,4
2025-12-24 16:46:21,20525,4
2025-12-24 16:46:21,20526,4
2025-12-24 16:46:21,20527,1
2025-12-24 16:46:21,20528,4
2025-12-24 16:46:21,20535,4
2025-12-24 16:46:21,20536,4
2025-12-24 16:46:21,20537,4
2025-12-24 16:46:21,20538,4
2025-12-24 16:46:21,20539,1
2025-12-24 16:46:21,20540,4
2025-12-24 16:46:21,20543,4
2025-12-24 16:46:21,20544,4
2025-12-24 16:46:21,20546,4
2025-12-24 16:46:21,20547,2
2025-12-24 16:46:21,20548,4
2025-12-24 16:46:21,20550,4
2025-12-24 16:46:21,20551,4
2025-12-24 16:46:21,20552,4
2025-12-24 16:46:21,20553,4
2025-12-24 16:46:21,20555,4
2025-12-24 16:46:21,20556,4
2025-12-24 16:46:21,20557,4
2025-12-24 16:46:21,20558,1
2025-12-24 16:46:21,20559,4
2025-12-24 16:46:21,20561,4
2025-12-24 16:46:21,20563,4
2025-12-24 16:46:21,20564,4
2025-12-24 16:46:21,20567,4
2025-12-24 16:46:21,20568,4
2025-12-24 16:46:21,20569,4
2025-12-24 16:46:21,20570,1
2025-12-24 16:46:21,20571,4
2025-12-24 16:46:21,20573,4
2025-12-24 16:46:21,20574,4
2025-12-24 16:46:21,20575,1
2025-12-24 16:46:21,20576,4
2025-12-24 16:46:21,20577,4
2025-12-24 16:46:21,20581,2
2025-12-24 16:46:21,20582,4
2025-12-24 16:46:21,20583,4
2025-12-24 16:46:21,20585,4
2025-12-24 16:46:21,20586,4
2025-12-24 16:46:21,20587,1
2025-12-24 16:46:21,20589,4
2025-12-24 16:46:21,20592,4
2025-12-24 16:46:21,20593,4
2025-12-24 16:46:21,20595,4
2025-12-24 16:46:21,20596,4
2025-12-24 16:46:21,20597,4
2025-12-24 16:46:21,20599,4
2025-12-24 16:46:21,20600,4
2025-12-24 16:46:21,20601,4
2025-12-24 16:46:21,20603,1
2025-12-24 16:46:21,20604,4
2025-12-24 16:46:21,20605,4
2025-12-24 16:46:21,20606,4
2025-12-24 16:46:21,20608,1
2025-12-24 16:46:21,20609,4
2025-12-24 16:46:21,20610,4
2025-12-24 16:46:21,20611,4
2025-12-24 16:46:21,20613,1
2025-12-24 16:46:21,20614,4
2025-12-24 16:46:21,20615,4
2025-12-24 16:46:21,20616,4
2025-12-24 16:46:21,20617,4
2025-12-24 16:46:21,20620,4
2025-12-24 16:46:21,20621,1
2025-12-24 16:46:21,20622,4
2025-12-24 16:46:21,20623,4
2025-12-24 16:46:21,20624,4
2025-12-24 16:46:21,20625,4
2025-12-24 16:46:21,20626,4
2025-12-24 16:46:21,20627,4
2025-12-24 16:46:21,20628,4
2025-12-24 16:46:21,20631,4
2025-12-24 16:46:21,20632,4
2025-12-24 16:46:21,20633,1
2025-12-24 16:46:21,20634,4
2025-12-24 16:46:21,20635,4
2025-12-24 16:46:21,20637,4
2025-12-24 16:46:21,20640,4
2025-12-24 16:46:21,20641,4
2025-12-24 16:46:21,20642,4
2025-12-24 16:46:21,20643,4
2025-12-24 16:46:21,20644,4
2025-12-24 16:46:21,20647,4
2025-12-24 16:46:21,20648,4
2025-12-24 16:46:21,20649,1
2025-12-24 16:46:21,20650,4
2025-12-24 16:46:21,20651,1
2025-12-24 16:46:21,20652,1
2025-12-24 16:46:21,20653,4
2025-12-24 16:46:21,20654,4
2025-12-24 16:46:21,20655,1
2025-12-24 16:46:21,20656,4
2025-12-24 16:46:21,20657,4
2025-12-24 16:46:21,20658,4
2025-12-24 16:46:21,20664,4
2025-12-24 16:46:21,20666,4
2025-12-24 16:46:21,20667,4
2025-12-24 16:46:21,20668,1
2025-12-24 16:46:21,20669,4
2025-12-24 16:46:21,20671,4
2025-12-24 16:46:21,20672,4
2025-12-24 16:46:21,20673,1
2025-12-24 16:46:21,20675,4
2025-12-24 16:46:21,20676,4
2025-12-24 16:46:21,20678,4
2025-12-24 16:46:21,20679,4
2025-12-24 16:46:21,20680,4
2025-12-24 16:46:21,20681,4
2025-12-24 16:46:21,20683,4
2025-12-24 16:46:21,20684,4
2025-12-24 16:46:21,20685,4
2025-12-24 16:46:21,20686,2
2025-12-24 16:46:21,20687,4
2025-12-24 16:46:21,20689,2
2025-12-24 16:46:21,20691,4
2025-12-24 16:46:21,20692,4
2025-12-24 16:46:21,20693,4
2025-12-24 16:46:21,20694,4
2025-12-24 16:46:21,20695,4
2025-12-24 16:46:21,20697,1
2025-12-24 16:46:21,20698,1
2025-12-24 16:46:21,20699,4
2025-12-24 16:46:21,20700,1
2025-12-24 16:46:21,20704,4
2025-12-24 16:46:21,20705,4
2025-12-24 16:46:21,20707,4
2025-12-24 16:46:21,20708,1
2025-12-24 16:46:21,20709,4
2025-12-24 16:46:21,20710,4
2025-12-24 16:46:21,20711,4
2025-12-24 16:46:21,20712,4
2025-12-24 16:46:21,20713,4
2025-12-24 16:46:21,20714,4
2025-12-24 16:46:21,20715,4
2025-12-24 16:46:21,20716,1
2025-12-24 16:46:21,20718,4
2025-12-24 16:46:21,20720,4
2025-12-24 16:46:21,20722,2
2025-12-24 16:46:21,20725,4
2025-12-24 16:46:21,20726,4
2025-12-24 16:46:21,20727,4
2025-12-24 16:46:21,20728,1
2025-12-24 16:46:21,20731,4
2025-12-24 16:46:21,20733,1
2025-12-24 16:46:21,20736,4
2025-12-24 16:46:21,20738,1
2025-12-24 16:46:21,20740,4
2025-12-24 16:46:21,20741,4
2025-12-24 16:46:21,20745,2
2025-12-24 16:46:21,20746,4
2025-12-24 16:46:21,20747,4
2025-12-24 16:46:21,20749,4
2025-12-24 16:46:21,20750,4
2025-12-24 16:46:21,20752,4
2025-12-24 16:46:21,20755,4
2025-12-24 16:46:21,20758,4
2025-12-24 16:46:21,20760,1
2025-12-24 16:46:21,20761,1
2025-12-24 16:46:21,20763,4
2025-12-24 16:46:21,20765,4
2025-12-24 16:46:21,20766,4
2025-12-24 16:46:21,20769,4
2025-12-24 16:46:21,20773,4
2025-12-24 16:46:21,20776,4
2025-12-24 16:46:21,20777,4
2025-12-24 16:46:21,20778,4
2025-12-24 16:46:21,20779,4
2025-12-24 16:46:21,20780,4
2025-12-24 16:46:21,20782,4
2025-12-24 16:46:21,20783,4
2025-12-24 16:46:21,20785,1
2025-12-24 16:46:21,20786,4
2025-12-24 16:46:21,20788,4
2025-12-24 16:46:21,20789,4
2025-12-24 16:46:21,20790,4
2025-12-24 16:46:21,20791,4
2025-12-24 16:46:21,20792,4
2025-12-24 16:46:21,20794,1
2025-12-24 16:46:21,20799,4
2025-12-24 16:46:21,20800,4
2025-12-24 16:46:21,20801,4
2025-12-24 16:46:21,20802,4
2025-12-24 16:46:21,20803,4
2025-12-24 16:46:21,20806,4
2025-12-24 16:46:21,20807,4
2025-12-24 16:46:21,20808,4
2025-12-24 16:46:21,20809,4
2025-12-24 16:46:21,20810,4
2025-12-24 16:46:21,20812,4
2025-12-24 16:46:21,20814,4
2025-12-24 16:46:21,20815,4
2025-12-24 16:46:21,20816,1
2025-12-24 16:46:21,20817,4
2025-12-24 16:46:21,20818,4
2025-12-24 16:46:21,20822,4
2025-12-24 16:46:21,20825,4
2025-12-24 16:46:21,20826,4
2025-12-24 16:46:21,20827,4
2025-12-24 16:46:21,20829,4
2025-12-24 16:46:21,20830,4
2025-12-24 16:46:21,20831,1
2025-12-24 16:46:21,20832,4
2025-12-24 16:46:21,20833,4
2025-12-24 16:46:21,20834,4
2025-12-24 16:46:21,20835,4
2025-12-24 16:46:21,20836,4
2025-12-24 16:46:21,20837,1
2025-12-24 16:46:21,20838,4
2025-12-24 16:46:21,20839,1
2025-12-24 16:46:21,20843,4
2025-12-24 16:46:21,20844,4
2025-12-24 16:46:21,20845,4
2025-12-24 16:46:21,20846,4
2025-12-24 16:46:21,20847,4
2025-12-24 16:46:21,20848,4
2025-12-24 16:46:21,20849,4
2025-12-24 16:46:21,20851,4
2025-12-24 16:46:21,20852,2
2025-12-24 16:46:21,20854,4
2025-12-24 16:46:21,20856,4
2025-12-24 16:46:21,20857,4
2025-12-24 16:46:21,20859,4
2025-12-24 16:46:21,20862,4
2025-12-24 16:46:21,20863,4
2025-12-24 16:46:21,20864,1
2025-12-24 16:46:21,20865,4
2025-12-24 16:46:21,20866,4
2025-12-24 16:46:21,20867,4
2025-12-24 16:46:21,20869,4
2025-12-24 16:46:21,20870,4
2025-12-24 16:46:21,20872,4
2025-12-24 16:46:21,20874,4
2025-12-24 16:46:21,20875,4
2025-12-24 16:46:21,20877,4
2025-12-24 16:46:21,20879,4
2025-12-24 16:46:21,20880,4
2025-12-24 16:46:21,20883,4
2025-12-24 16:46:21,20884,4
2025-12-24 16:46:21,20885,4
2025-12-24 16:46:21,20887,4
2025-12-24 16:46:21,20889,4
2025-12-24 16:46:21,20890,4
2025-12-24 16:46:21,20891,4
2025-12-24 16:46:21,20894,4
2025-12-24 16:46:21,20895,4
2025-12-24 16:46:21,20896,4
2025-12-24 16:46:21,20899,4
2025-12-24 16:46:21,20901,4
2025-12-24 16:46:21,20902,1
2025-12-24 16:46:21,20904,1
2025-12-24 16:46:21,20905,4
2025-12-24 16:46:21,20906,4
2025-12-24 16:46:21,20908,4
2025-12-24 16:46:21,20909,4
2025-12-24 16:46:21,20910,4
2025-12-24 16:46:21,20911,4
2025-12-24 16:46:21,20912,4
2025-12-24 16:46:21,20916,4
2025-12-24 16:46:21,20917,4
2025-12-24 16:46:21,20919,4
2025-12-24 16:46:21,20920,4
2025-12-24 16:46:21,20923,4
2025-12-24 16:46:21,20927,4
2025-12-24 16:46:21,20930,4
2025-12-24 16:46:21,20931,4
2025-12-24 16:46:21,20934,1
2025-12-24 16:46:21,20937,4
2025-12-24 16:46:21,20940,4
2025-12-24 16:46:21,20941,4
2025-12-24 16:46:21,20942,4
2025-12-24 16:46:21,20943,4
2025-12-24 16:46:21,20944,4
2025-12-24 16:46:21,20946,4
2025-12-24 16:46:21,20947,4
2025-12-24 16:46:21,20950,4
2025-12-24 16:46:21,20951,4
2025-12-24 16:46:21,20952,4
2025-12-24 16:46:21,20954,4
2025-12-24 16:46:21,20956,4
2025-12-24 16:46:21,20957,4
2025-12-24 16:46:21,20958,1
2025-12-24 16:46:21,20959,4
2025-12-24 16:46:21,20960,4
2025-12-24 16:46:21,20961,4
2025-12-24 16:46:21,20962,1
2025-12-24 16:46:21,20963,1
2025-12-24 16:46:21,20965,4
2025-12-24 16:46:21,20967,4
2025-12-24 16:46:21,20968,4
2025-12-24 16:46:21,20969,4
2025-12-24 16:46:21,20970,4
2025-12-24 16:46:21,20972,4
2025-12-24 16:46:21,20973,4
2025-12-24 16:46:21,20975,4
2025-12-24 16:46:21,20978,4
2025-12-24 16:46:21,20979,4
2025-12-24 16:46:21,20980,1
2025-12-24 16:46:21,20982,1
2025-12-24 16:46:21,20983,4
2025-12-24 16:46:21,20984,4
2025-12-24 16:46:21,20985,4
2025-12-24 16:46:21,20986,4
2025-12-24 16:46:21,20988,4
2025-12-24 16:46:21,20989,4
2025-12-24 16:46:21,20992,4
2025-12-24 16:46:21,20993,1
2025-12-24 16:46:21,20994,1
2025-12-24 16:46:21,21000,4
2025-12-24 16:46:21,21001,4
2025-12-24 16:46:21,21002,4
2025-12-24 16:46:21,21003,4
2025-12-24 16:46:21,21005,4
2025-12-24 16:46:21,21006,4
2025-12-24 16:46:21,21007,4
2025-12-24 16:46:21,21009,4
2025-12-24 16:46:21,21012,4
2025-12-24 16:46:21,21014,4
2025-12-24 16:46:21,21017,1
2025-12-24 16:46:21,21018,4
2025-12-24 16:46:21,21022,4
2025-12-24 16:46:21,21023,4
2025-12-24 16:46:21,21024,4
2025-12-24 16:46:21,21026,4
2025-12-24 16:46:21,21028,4
2025-12-24 16:46:21,21029,4
2025-12-24 16:46:21,21030,4
2025-12-24 16:46:21,21031,4
2025-12-24 16:46:21,21032,4
2025-12-24 16:46:21,21033,4
2025-12-24 16:46:21,21034,4
2025-12-24 16:46:21,21035,1
2025-12-24 16:46:21,21036,4
2025-12-24 16:46:21,21039,4
2025-12-24 16:46:21,21040,4
2025-12-24 16:46:21,21044,4
2025-12-24 16:46:21,21046,4
2025-12-24 16:46:21,21048,1
2025-12-24 16:46:21,21050,4
2025-12-24 16:46:21,21051,1
2025-12-24 16:46:21,21053,1
2025-12-24 16:46:21,21054,4
2025-12-24 16:46:21,21055,4
2025-12-24 16:46:21,21056,4
2025-12-24 16:46:21,21057,4
2025-12-24 16:46:21,21058,4
2025-12-24 16:46:21,21059,4
2025-12-24 16:46:21,21060,4
2025-12-24 16:46:21,21062,4
2025-12-24 16:46:21,21065,4
2025-12-24 16:46:21,21066,4
2025-12-24 16:46:21,21068,4
2025-12-24 16:46:21,21069,4
2025-12-24 16:46:21,21072,4
2025-12-24 16:46:21,21073,4
2025-12-24 16:46:21,21076,1
2025-12-24 16:46:21,21077,4
2025-12-24 16:46:21,21080,4
2025-12-24 16:46:21,21082,4
2025-12-24 16:46:21,21085,4
2025-12-24 16:46:21,21088,4
2025-12-24 16:46:21,21089,4
2025-12-24 16:46:21,21090,4
2025-12-24 16:46:21,21091,4
2025-12-24 16:46:21,21094,4
2025-12-24 16:46:21,21095,4
2025-12-24 16:46:21,21096,4
2025-12-24 16:46:21,21097,4
2025-12-24 16:46:21,21098,4
2025-12-24 16:46:21,21101,2
2025-12-24 16:46:21,21103,4
2025-12-24 16:46:21,21105,4
2025-12-24 16:46:21,21106,4
2025-12-24 16:46:21,21109,4
2025-12-24 16:46:21,21110,4
2025-12-24 16:46:21,21111,1
2025-12-24 16:46:21,21112,4
2025-12-24 16:46:21,21113,4
2025-12-24 16:46:21,21115,4
2025-12-24 16:46:21,21116,4
2025-12-24 16:46:21,21117,4
2025-12-24 16:46:21,21118,4
2025-12-24 16:46:21,21122,4
2025-12-24 16:46:21,21124,4
2025-12-24 16:46:21,21125,4
2025-12-24 16:46:21,21126,4
2025-12-24 16:46:21,21127,4
2025-12-24 16:46:21,21131,4
2025-12-24 16:46:21,21133,4
2025-12-24 16:46:21,21134,4
2025-12-24 16:46:21,21135,4
2025-12-24 16:46:21,21136,4
2025-12-24 16:46:21,21137,4
2025-12-24 16:46:21,21138,1
2025-12-24 16:46:21,21139,4
2025-12-24 16:46:21,21140,4
2025-12-24 16:46:21,21144,4
2025-12-24 16:46:21,21147,4
2025-12-24 16:46:21,21148,4
2025-12-24 16:46:21,21149,4
2025-12-24 16:46:21,21150,4
2025-12-24 16:46:21,21151,4
2025-12-24 16:46:21,21152,4
2025-12-24 16:46:21,21153,4
2025-12-24 16:46:21,21154,4
2025-12-24 16:46:21,21156,1
2025-12-24 16:46:21,21158,4
2025-12-24 16:46:21,21160,4
2025-12-24 16:46:21,21161,4
2025-12-24 16:46:21,21162,4
2025-12-24 16:46:21,21163,4
2025-12-24 16:46:21,21166,1
2025-12-24 16:46:21,21168,4
2025-12-24 16:46:21,21170,1
2025-12-24 16:46:21,21172,1
2025-12-24 16:46:21,21174,4
2025-12-24 16:46:21,21176,4
2025-12-24 16:46:21,21177,4
2025-12-24 16:46:21,21178,4
2025-12-24 16:46:21,21179,4
2025-12-24 16:46:21,21181,1
2025-12-24 16:46:21,21184,4
2025-12-24 16:46:21,21185,4
2025-12-24 16:46:21,21186,1
2025-12-24 16:46:21,21187,4
2025-12-24 16:46:21,21188,1
2025-12-24 16:46:21,21189,4
2025-12-24 16:46:21,21190,1
2025-12-24 16:46:21,21191,4
2025-12-24 16:46:21,21192,4
2025-12-24 16:46:21,21193,4
2025-12-24 16:46:21,21194,1
2025-12-24 16:46:21,21195,4
2025-12-24 16:46:21,21196,1
2025-12-24 16:46:21,21197,4
2025-12-24 16:46:21,21202,4
2025-12-24 16:46:21,21205,4
2025-12-24 16:46:21,21206,4
2025-12-24 16:46:21,21207,4
2025-12-24 16:46:21,21208,4
2025-12-24 16:46:21,21210,4
2025-12-24 16:46:21,21212,4
2025-12-24 16:46:21,21213,4
2025-12-24 16:46:21,21214,4
2025-12-24 16:46:21,21215,1
2025-12-24 16:46:21,21217,4
2025-12-24 16:46:21,21220,1
2025-12-24 16:46:21,21221,4
2025-12-24 16:46:21,21223,4
2025-12-24 16:46:21,21224,4
2025-12-24 16:46:21,21228,4
2025-12-24 16:46:21,21232,1
2025-12-24 16:46:21,21233,4
2025-12-24 16:46:21,21234,4
2025-12-24 16:46:21,21235,1
2025-12-24 16:46:21,21236,4
2025-12-24 16:46:21,21237,1
2025-12-24 16:46:21,21238,4
2025-12-24 16:46:21,21239,4
2025-12-24 16:46:21,21240,4
2025-12-24 16:46:21,21241,4
2025-12-24 16:46:21,21242,4
2025-12-24 16:46:21,21243,4
2025-12-24 16:46:21,21245,4
2025-12-24 16:46:21,21246,4
2025-12-24 16:46:21,21247,4
2025-12-24 16:46:21,21248,4
2025-12-24 16:46:21,21249,4
2025-12-24 16:46:21,21252,4
2025-12-24 16:46:21,21254,4
2025-12-24 16:46:21,21255,4
2025-12-24 16:46:21,21256,4
2025-12-24 16:46:21,21257,4
2025-12-24 16:46:21,21260,4
2025-12-24 16:46:21,21264,4
2025-12-24 16:46:21,21267,4
2025-12-24 16:46:21,21269,2
2025-12-24 16:46:21,21270,1
2025-12-24 16:46:21,21273,4
2025-12-24 16:46:21,21274,4
2025-12-24 16:46:21,21275,4
2025-12-24 16:46:21,21279,1
2025-12-24 16:46:21,21280,4
2025-12-24 16:46:21,21283,4
2025-12-24 16:46:21,21286,4
2025-12-24 16:46:21,21287,1
2025-12-24 16:46:21,21289,4
2025-12-24 16:46:21,21290,4
2025-12-24 16:46:21,21291,4
2025-12-24 16:46:21,21293,4
2025-12-24 16:46:21,21294,4
2025-12-24 16:46:21,21295,4
2025-12-24 16:46:21,21296,4
2025-12-24 16:46:21,21299,4
2025-12-24 16:46:21,21302,4
2025-12-24 16:46:21,21303,4
2025-12-24 16:46:21,21305,4
2025-12-24 16:46:21,21307,4
2025-12-24 16:46:21,21308,4
2025-12-24 16:46:21,21309,4
2025-12-24 16:46:21,21311,4
2025-12-24 16:46:21,21313,4
2025-12-24 16:46:21,21315,4
2025-12-24 16:46:21,21316,4
2025-12-24 16:46:21,21317,4
2025-12-24 16:46:21,21318,4
2025-12-24 16:46:21,21319,4
2025-12-24 16:46:21,21321,4
2025-12-24 16:46:21,21322,1
2025-12-24 16:46:21,21323,4
2025-12-24 16:46:21,21324,1
2025-12-24 16:46:21,21327,4
2025-12-24 16:46:21,21329,4
2025-12-24 16:46:21,21330,4
2025-12-24 16:46:21,21331,4
2025-12-24 16:46:21,21335,4
2025-12-24 16:46:21,21338,4
2025-12-24 16:46:21,21340,4
2025-12-24 16:46:21,21341,4
2025-12-24 16:46:21,21344,4
2025-12-24 16:46:21,21345,4
2025-12-24 16:46:21,21346,1
2025-12-24 16:46:21,21347,4
2025-12-24 16:46:21,21349,4
2025-12-24 16:46:21,21350,4
2025-12-24 16:46:21,21352,4
2025-12-24 16:46:21,21353,4
2025-12-24 16:46:21,21355,4
2025-12-24 16:46:21,21356,4
2025-12-24 16:46:21,21357,4
2025-12-24 16:46:21,21358,4
2025-12-24 16:46:21,21360,2
2025-12-24 16:46:21,21361,2
2025-12-24 16:46:21,21362,4
2025-12-24 16:46:21,21363,4
2025-12-24 16:46:21,21366,1
2025-12-24 16:46:21,21367,4
2025-12-24 16:46:21,21368,4
2025-12-24 16:46:21,21369,4
2025-12-24 16:46:21,21370,4
2025-12-24 16:46:21,21371,4
2025-12-24 16:46:21,21373,4
2025-12-24 16:46:21,21374,4
2025-12-24 16:46:21,21375,4
2025-12-24 16:46:21,21378,4
2025-12-24 16:46:21,21379,4
2025-12-24 16:46:21,21380,4
2025-12-24 16:46:21,21382,1
2025-12-24 16:46:21,21384,4
2025-12-24 16:46:21,21386,4
2025-12-24 16:46:21,21387,1
2025-12-24 16:46:21,21388,4
2025-12-24 16:46:21,21389,4
2025-12-24 16:46:21,21390,4
2025-12-24 16:46:21,21391,4
2025-12-24 16:46:21,21392,1
2025-12-24 16:46:21,21393,4
2025-12-24 16:46:21,21394,4
2025-12-24 16:46:21,21395,4
2025-12-24 16:46:21,21398,4
2025-12-24 16:46:21,21399,4
2025-12-24 16:46:21,21400,4
2025-12-24 16:46:21,21402,4
2025-12-24 16:46:21,21403,4
2025-12-24 16:46:21,21404,4
2025-12-24 16:46:21,21405,4
2025-12-24 16:46:21,21406,4
2025-12-24 16:46:21,21407,4
2025-12-24 16:46:21,21410,4
2025-12-24 16:46:21,21414,1
2025-12-24 16:46:21,21417,4
2025-12-24 16:46:21,21418,4
2025-12-24 16:46:21,21420,4
2025-12-24 16:46:21,21421,4
2025-12-24 16:46:21,21422,4
2025-12-24 16:46:21,21424,4
2025-12-24 16:46:21,21426,4
2025-12-24 16:46:21,21427,4
2025-12-24 16:46:21,21428,4
2025-12-24 16:46:21,21430,1
2025-12-24 16:46:21,21431,4
2025-12-24 16:46:21,21432,4
2025-12-24 16:46:21,21435,4
2025-12-24 16:46:21,21436,4
2025-12-24 16:46:21,21438,4
2025-12-24 16:46:21,21439,1
2025-12-24 16:46:21,21443,4
2025-12-24 16:46:21,21444,4
2025-12-24 16:46:21,21445,4
2025-12-24 16:46:21,21446,4
2025-12-24 16:46:21,21447,4
2025-12-24 16:46:21,21448,4
2025-12-24 16:46:21,21450,4
2025-12-24 16:46:21,21451,4
2025-12-24 16:46:21,21454,1
2025-12-24 16:46:21,21455,4
2025-12-24 16:46:21,21457,4
2025-12-24 16:46:21,21458,4
2025-12-24 16:46:21,21459,4
2025-12-24 16:46:21,21460,4
2025-12-24 16:46:21,21462,4
2025-12-24 16:46:21,21463,4
2025-12-24 16:46:21,21464,4
2025-12-24 16:46:21,21466,4
2025-12-24 16:46:21,21467,4
2025-12-24 16:46:21,21470,4
2025-12-24 16:46:21,21472,4
2025-12-24 16:46:21,21473,4
2025-12-24 16:46:21,21474,4
2025-12-24 16:46:21,21475,4
2025-12-24 16:46:21,21477,4
2025-12-24 16:46:21,21478,4
2025-12-24 16:46:21,21481,4
2025-12-24 16:46:21,21482,4
2025-12-24 16:46:21,21483,4
2025-12-24 16:46:21,21487,4
2025-12-24 16:46:21,21488,4
2025-12-24 16:46:21,21491,4
2025-12-24 16:46:21,21493,4
2025-12-24 16:46:21,21494,4
2025-12-24 16:46:21,21495,4
2025-12-24 16:46:21,21496,4
2025-12-24 16:46:21,21497,4
2025-12-24 16:46:21,21499,4
2025-12-24 16:46:21,21501,4
2025-12-24 16:46:21,21503,4
2025-12-24 16:46:21,21504,4
2025-12-24 16:46:21,21505,4
2025-12-24 16:46:21,21506,4
2025-12-24 16:46:21,21507,2
2025-12-24 16:46:21,21508,4
2025-12-24 16:46:21,21510,4
2025-12-24 16:46:21,21512,1
2025-12-24 16:46:21,21514,4
2025-12-24 16:46:21,21516,1
2025-12-24 16:46:21,21519,4
2025-12-24 16:46:21,21520,4
2025-12-24 16:46:21,21526,4
2025-12-24 16:46:21,21527,4
2025-12-24 16:46:21,21528,4
2025-12-24 16:46:21,21529,4
2025-12-24 16:46:21,21530,4
2025-12-24 16:46:21,21532,4
2025-12-24 16:46:21,21533,4
2025-12-24 16:46:21,21534,4
2025-12-24 16:46:21,21535,4
2025-12-24 16:46:21,21536,4
2025-12-24 16:46:21,21537,4
2025-12-24 16:46:21,21538,4
2025-12-24 16:46:21,21539,4
2025-12-24 16:46:21,21540,4
2025-12-24 16:46:21,21542,4
2025-12-24 16:46:21,21545,1
2025-12-24 16:46:21,21546,4
2025-12-24 16:46:21,21550,4
2025-12-24 16:46:21,21552,4
2025-12-24 16:46:21,21553,4
2025-12-24 16:46:21,21554,4
2025-12-24 16:46:21,21555,4
2025-12-24 16:46:21,21557,4
2025-12-24 16:46:21,21559,4
2025-12-24 16:46:21,21560,4
2025-12-24 16:46:21,21561,4
2025-12-24 16:46:21,21562,4
2025-12-24 16:46:21,21563,4
2025-12-24 16:46:21,21564,1
2025-12-24 16:46:21,21565,1
2025-12-24 16:46:21,21566,1
2025-12-24 16:46:21,21567,4
2025-12-24 16:46:21,21569,4
2025-12-24 16:46:21,21570,1
2025-12-24 16:46:21,21571,1
2025-12-24 16:46:21,21572,4
2025-12-24 16:46:21,21573,4
2025-12-24 16:46:21,21575,4
2025-12-24 16:46:21,21577,4
2025-12-24 16:46:21,21578,1
2025-12-24 16:46:21,21579,4
2025-12-24 16:46:21,21580,4
2025-12-24 16:46:21,21581,4
2025-12-24 16:46:21,21582,1
2025-12-24 16:46:21,21583,4
2025-12-24 16:46:21,21584,1
2025-12-24 16:46:21,21586,1
2025-12-24 16:46:21,21588,4
2025-12-24 16:46:21,21590,4
2025-12-24 16:46:21,21591,4
2025-12-24 16:46:21,21592,4
2025-12-24 16:46:21,21593,4
2025-12-24 16:46:21,21595,1
2025-12-24 16:46:21,21597,4
2025-12-24 16:46:21,21598,1
2025-12-24 16:46:21,21600,2
2025-12-24 16:46:21,21604,1
2025-12-24 16:46:21,21605,1
2025-12-24 16:46:21,21606,4
2025-12-24 16:46:21,21607,4
2025-12-24 16:46:21,21609,4
2025-12-24 16:46:21,21610,4
2025-12-24 16:46:21,21613,4
2025-12-24 16:46:21,21615,1
2025-12-24 16:46:21,21616,4
2025-12-24 16:46:21,21617,4
2025-12-24 16:46:21,21620,4
2025-12-24 16:46:21,21622,4
2025-12-24 16:46:21,21623,1
2025-12-24 16:46:21,21624,4
2025-12-24 16:46:21,21626,4
2025-12-24 16:46:21,21627,4
2025-12-24 16:46:21,21628,4
2025-12-24 16:46:21,21631,4
2025-12-24 16:46:21,21632,2
2025-12-24 16:46:21,21633,4
2025-12-24 16:46:21,21634,4
2025-12-24 16:46:21,21635,4
2025-12-24 16:46:21,21636,4
2025-12-24 16:46:21,21637,4
2025-12-24 16:46:21,21638,4
2025-12-24 16:46:21,21641,4
2025-12-24 16:46:21,21642,4
2025-12-24 16:46:21,21643,4
2025-12-24 16:46:21,21644,1
2025-12-24 16:46:21,21645,4
2025-12-24 16:46:21,21647,4
2025-12-24 16:46:21,21651,4
2025-12-24 16:46:21,21652,4
2025-12-24 16:46:21,21654,4
2025-12-24 16:46:21,21655,4
2025-12-24 16:46:21,21660,4
2025-12-24 16:46:21,21661,4
2025-12-24 16:46:21,21662,4
2025-12-24 16:46:21,21667,4
2025-12-24 16:46:21,21668,1
2025-12-24 16:46:21,21670,4
2025-12-24 16:46:21,21671,4
2025-12-24 16:46:21,21673,4
2025-12-24 16:46:21,21674,4
2025-12-24 16:46:21,21676,4
2025-12-24 16:46:21,21677,4
2025-12-24 16:46:21,21678,4
2025-12-24 16:46:21,21680,4
2025-12-24 16:46:21,21681,4
2025-12-24 16:46:21,21684,4
2025-12-24 16:46:21,21686,4
2025-12-24 16:46:21,21688,4
2025-12-24 16:46:21,21692,4
2025-12-24 16:46:21,21693,4
2025-12-24 16:46:21,21694,1
2025-12-24 16:46:21,21695,4
2025-12-24 16:46:21,21699,1
2025-12-24 16:46:21,21700,4
2025-12-24 16:46:21,21701,4
2025-12-24 16:46:21,21702,4
2025-12-24 16:46:21,21703,1
2025-12-24 16:46:21,21704,4
2025-12-24 16:46:21,21706,4
2025-12-24 16:46:21,21707,4
2025-12-24 16:46:21,21708,1
2025-12-24 16:46:21,21709,4
2025-12-24 16:46:21,21710,4
2025-12-24 16:46:21,21711,4
2025-12-24 16:46:21,21713,4
2025-12-24 16:46:21,21714,1
2025-12-24 16:46:21,21715,4
2025-12-24 16:46:21,21716,4
2025-12-24 16:46:21,21719,4
2025-12-24 16:46:21,21721,4
2025-12-24 16:46:21,21723,4
2025-12-24 16:46:21,21725,4
2025-12-24 16:46:21,21727,4
2025-12-24 16:46:21,21729,4
2025-12-24 16:46:21,21730,4
2025-12-24 16:46:21,21731,1
2025-12-24 16:46:21,21732,1
2025-12-24 16:46:21,21734,4
2025-12-24 16:46:21,21735,1
2025-12-24 16:46:21,21736,4
2025-12-24 16:46:21,21737,4
2025-12-24 16:46:21,21738,1
2025-12-24 16:46:21,21740,4
2025-12-24 16:46:21,21745,4
2025-12-24 16:46:21,21746,4
2025-12-24 16:46:21,21747,4
2025-12-24 16:46:21,21748,4
2025-12-24 16:46:21,21750,4
2025-12-24 16:46:21,21751,1
2025-12-24 16:46:21,21754,4
2025-12-24 16:46:21,21757,1
2025-12-24 16:46:21,21758,4
2025-12-24 16:46:21,21759,4
2025-12-24 16:46:21,21761,1
2025-12-24 16:46:21,21762,4
2025-12-24 16:46:21,21765,4
2025-12-24 16:46:21,21766,4
2025-12-24 16:46:21,21767,4
2025-12-24 16:46:21,21768,4
2025-12-24 16:46:21,21769,4
2025-12-24 16:46:21,21771,4
2025-12-24 16:46:21,21772,1
2025-12-24 16:46:21,21774,4
2025-12-24 16:46:21,21775,1
2025-12-24 16:46:21,21777,4
2025-12-24 16:46:21,21778,1
2025-12-24 16:46:21,21779,4
2025-12-24 16:46:21,21780,4
2025-12-24 16:46:21,21781,4
2025-12-24 16:46:21,21782,4
2025-12-24 16:46:21,21783,4
2025-12-24 16:46:21,21786,4
2025-12-24 16:46:21,21789,4
2025-12-24 16:46:21,21790,1
2025-12-24 16:46:21,21792,4
2025-12-24 16:46:21,21794,4
2025-12-24 16:46:21,21795,1
2025-12-24 16:46:21,21796,4
2025-12-24 16:46:21,21798,1
2025-12-24 16:46:21,21799,4
2025-12-24 16:46:21,21802,4
2025-12-24 16:46:21,21803,1
2025-12-24 16:46:21,21804,4
2025-12-24 16:46:21,21806,1
2025-12-24 16:46:21,21807,4
2025-12-24 16:46:21,21810,4
2025-12-24 16:46:21,21811,4
2025-12-24 16:46:21,21812,2
2025-12-24 16:46:21,21813,4
2025-12-24 16:46:21,21814,4
2025-12-24 16:46:21,21815,1
2025-12-24 16:46:21,21817,4
2025-12-24 16:46:21,21818,4
2025-12-24 16:46:21,21819,4
2025-12-24 16:46:21,21820,4
2025-12-24 16:46:21,21821,1
2025-12-24 16:46:21,21823,4
2025-12-24 16:46:21,21826,4
2025-12-24 16:46:21,21827,4
2025-12-24 16:46:21,21828,4
2025-12-24 16:46:21,21830,4
2025-12-24 16:46:21,21831,4
2025-12-24 16:46:21,21832,4
2025-12-24 16:46:21,21833,4
2025-12-24 16:46:21,21834,4
2025-12-24 16:46:21,21837,4
2025-12-24 16:46:21,21838,4
2025-12-24 16:46:21,21839,4
2025-12-24 16:46:21,21840,4
2025-12-24 16:46:21,21843,4
2025-12-24 16:46:21,21844,4
2025-12-24 16:46:21,21846,4
2025-12-24 16:46:21,21847,4
2025-12-24 16:46:21,21848,4
2025-12-24 16:46:21,21849,4
2025-12-24 16:46:21,21850,4
2025-12-24 16:46:21,21853,4
2025-12-24 16:46:21,21854,4
2025-12-24 16:46:21,21855,4
2025-12-24 16:46:21,21856,1
2025-12-24 16:46:21,21857,4
2025-12-24 16:46:21,21860,4
2025-12-24 16:46:21,21861,4
2025-12-24 16:46:21,21862,4
2025-12-24 16:46:21,21863,4
2025-12-24 16:46:21,21865,4
2025-12-24 16:46:21,21866,4
2025-12-24 16:46:21,21868,4
2025-12-24 16:46:21,21870,4
2025-12-24 16:46:21,21871,4
2025-12-24 16:46:21,21872,1
2025-12-24 16:46:21,21874,4
2025-12-24 16:46:21,21880,4
2025-12-24 16:46:21,21884,4
2025-12-24 16:46:21,21885,4
2025-12-24 16:46:21,21887,4
2025-12-24 16:46:21,21889,4
2025-12-24 16:46:21,21891,4
2025-12-24 16:46:21,21892,4
2025-12-24 16:46:21,21893,4
2025-12-24 16:46:21,21894,1
2025-12-24 16:46:21,21895,4
2025-12-24 16:46:21,21896,4
2025-12-24 16:46:21,21897,4
2025-12-24 16:46:21,21898,1
2025-12-24 16:46:21,21899,4
2025-12-24 16:46:21,21900,4
2025-12-24 16:46:21,21901,4
2025-12-24 16:46:21,21902,4
2025-12-24 16:46:21,21905,4
2025-12-24 16:46:21,21906,4
2025-12-24 16:46:21,21907,4
2025-12-24 16:46:21,21908,4
2025-12-24 16:46:21,21909,4
2025-12-24 16:46:21,21911,4
2025-12-24 16:46:21,21912,1
2025-12-24 16:46:21,21913,4
2025-12-24 16:46:21,21915,4
2025-12-24 16:46:21,21916,4
2025-12-24 16:46:21,21917,4
2025-12-24 16:46:21,21918,1
2025-12-24 16:46:21,21921,4
2025-12-24 16:46:21,21923,1
2025-12-24 16:46:21,21924,1
2025-12-24 16:46:21,21925,4
2025-12-24 16:46:21,21926,1
2025-12-24 16:46:21,21930,1
2025-12-24 16:46:21,21932,4
2025-12-24 16:46:21,21933,3
2025-12-24 16:46:21,21934,4
2025-12-24 16:46:21,21936,4
2025-12-24 16:46:21,21937,4
2025-12-24 16:46:21,21938,4
2025-12-24 16:46:21,21939,4
2025-12-24 16:46:21,21940,4
2025-12-24 16:46:21,21941,4
2025-12-24 16:46:21,21943,4
2025-12-24 16:46:21,21944,4
2025-12-24 16:46:21,21947,4
2025-12-24 16:46:21,21948,4
2025-12-24 16:46:21,21949,4
2025-12-24 16:46:21,21950,4
2025-12-24 16:46:21,21952,1
2025-12-24 16:46:21,21956,4
2025-12-24 16:46:21,21958,1
2025-12-24 16:46:21,21961,4
2025-12-24 16:46:21,21962,1
2025-12-24 16:46:21,21963,4
2025-12-24 16:46:21,21965,4
2025-12-24 16:46:21,21966,4
2025-12-24 16:46:21,21967,4
2025-12-24 16:46:21,21968,4
2025-12-24 16:46:21,21969,1
2025-12-24 16:46:21,21971,4
2025-12-24 16:46:21,21972,1
2025-12-24 16:46:21,21973,4
2025-12-24 16:46:21,21976,4
2025-12-24 16:46:21,21979,4
2025-12-24 16:46:21,21981,4
2025-12-24 16:46:21,21982,4
2025-12-24 16:46:21,21983,1
2025-12-24 16:46:21,21984,4
2025-12-24 16:46:21,21985,4
2025-12-24 16:46:21,21986,4
2025-12-24 16:46:21,21987,4
2025-12-24 16:46:21,21988,4
2025-12-24 16:46:21,21990,1
2025-12-24 16:46:21,21991,4
2025-12-24 16:46:21,21992,4
2025-12-24 16:46:21,21996,4
2025-12-24 16:46:21,21999,4
2025-12-24 16:46:21,22002,4
2025-12-24 16:46:21,22004,4
2025-12-24 16:46:21,22008,4
2025-12-24 16:46:21,22009,4
2025-12-24 16:46:21,22011,4
2025-12-24 16:46:21,22012,4
2025-12-24 16:46:21,22013,4
2025-12-24 16:46:21,22014,4
2025-12-24 16:46:21,22015,4
2025-12-24 16:46:21,22016,4
2025-12-24 16:46:21,22017,4
2025-12-24 16:46:21,22018,4
2025-12-24 16:46:21,22019,4
2025-12-24 16:46:21,22020,4
2025-12-24 16:46:21,22025,2
2025-12-24 16:46:21,22026,2
2025-12-24 16:46:21,22027,4
2025-12-24 16:46:21,22028,4
2025-12-24 16:46:21,22032,4
2025-12-24 16:46:21,22034,4
2025-12-24 16:46:21,22035,4
2025-12-24 16:46:21,22036,4
2025-12-24 16:46:21,22037,4
2025-12-24 16:46:21,22038,4
2025-12-24 16:46:21,22039,4
2025-12-24 16:46:21,22040,4
2025-12-24 16:46:21,22041,4
2025-12-24 16:46:21,22043,4
2025-12-24 16:46:21,22044,4
2025-12-24 16:46:21,22045,4
2025-12-24 16:46:21,22047,1
2025-12-24 16:46:21,22048,4
2025-12-24 16:46:21,22049,4
2025-12-24 16:46:21,22053,4
2025-12-24 16:46:21,22058,4
2025-12-24 16:46:21,22061,1
2025-12-24 16:46:21,22064,4
2025-12-24 16:46:21,22067,4
2025-12-24 16:46:21,22068,4
2025-12-24 16:46:21,22069,4
2025-12-24 16:46:21,22071,4
2025-12-24 16:46:21,22072,4
2025-12-24 16:46:21,22074,4
2025-12-24 16:46:21,22075,4
2025-12-24 16:46:21,22076,1
2025-12-24 16:46:21,22077,4
2025-12-24 16:46:21,22078,4
2025-12-24 16:46:21,22080,4
2025-12-24 16:46:21,22081,4
2025-12-24 16:46:21,22084,4
2025-12-24 16:46:21,22085,4
2025-12-24 16:46:21,22086,1
2025-12-24 16:46:21,22087,4
2025-12-24 16:46:21,22090,4
2025-12-24 16:46:21,22091,4
2025-12-24 16:46:21,22092,4
2025-12-24 16:46:21,22093,4
2025-12-24 16:46:21,22094,4
2025-12-24 16:46:21,22096,4
2025-12-24 16:46:21,22097,4
2025-12-24 16:46:21,22098,4
2025-12-24 16:46:21,22099,4
2025-12-24 16:46:21,22100,4
2025-12-24 16:46:21,22101,4
2025-12-24 16:46:21,22102,4
2025-12-24 16:46:21,22103,4
2025-12-24 16:46:21,22104,2
2025-12-24 16:46:21,22106,4
2025-12-24 16:46:21,22107,1
2025-12-24 16:46:21,22108,4
2025-12-24 16:46:21,22109,4
2025-12-24 16:46:21,22110,1
2025-12-24 16:46:21,22111,4
2025-12-24 16:46:21,22113,4
2025-12-24 16:46:21,22114,4
2025-12-24 16:46:21,22115,4
2025-12-24 16:46:21,22116,4
2025-12-24 16:46:21,22117,4
2025-12-24 16:46:21,22118,4
2025-12-24 16:46:21,22120,4
2025-12-24 16:46:21,22121,4
2025-12-24 16:46:21,22123,4
2025-12-24 16:46:21,22124,4
2025-12-24 16:46:21,22125,4
2025-12-24 16:46:21,22126,4
2025-12-24 16:46:21,22127,4
2025-12-24 16:46:21,22128,4
2025-12-24 16:46:21,22130,4
2025-12-24 16:46:21,22132,4
2025-12-24 16:46:21,22133,1
2025-12-24 16:46:21,22134,4
2025-12-24 16:46:21,22136,4
2025-12-24 16:46:21,22137,1
2025-12-24 16:46:21,22139,4
2025-12-24 16:46:21,22141,4
2025-12-24 16:46:21,22145,1
2025-12-24 16:46:21,22146,4
2025-12-24 16:46:21,22147,1
2025-12-24 16:46:21,22149,4
2025-12-24 16:46:21,22151,4
2025-12-24 16:46:21,22152,4
2025-12-24 16:46:21,22153,4
2025-12-24 16:46:21,22155,4
2025-12-24 16:46:21,22157,4
2025-12-24 16:46:21,22159,4
2025-12-24 16:46:21,22162,4
2025-12-24 16:46:21,22163,4
2025-12-24 16:46:21,22165,4
2025-12-24 16:46:21,22166,4
2025-12-24 16:46:21,22168,4
2025-12-24 16:46:21,22169,4
2025-12-24 16:46:21,22170,4
2025-12-24 16:46:21,22171,1
2025-12-24 16:46:21,22172,4
2025-12-24 16:46:21,22173,4
2025-12-24 16:46:21,22175,4
2025-12-24 16:46:21,22176,4
2025-12-24 16:46:21,22177,4
2025-12-24 16:46:21,22178,4
2025-12-24 16:46:21,22184,4
2025-12-24 16:46:21,22185,4
2025-12-24 16:46:21,22186,4
2025-12-24 16:46:21,22187,4
2025-12-24 16:46:21,22189,4
2025-12-24 16:46:21,22190,4
2025-12-24 16:46:21,22194,4
2025-12-24 16:46:21,22195,4
2025-12-24 16:46:21,22196,4
2025-12-24 16:46:21,22197,4
2025-12-24 16:46:21,22198,4
2025-12-24 16:46:21,22200,1
2025-12-24 16:46:21,22201,4
2025-12-24 16:46:21,22204,4
2025-12-24 16:46:21,22207,4
2025-12-24 16:46:21,22208,4
2025-12-24 16:46:21,22209,4
2025-12-24 16:46:21,22210,4
2025-12-24 16:46:21,22211,4
2025-12-24 16:46:21,22212,4
2025-12-24 16:46:21,22214,1
2025-12-24 16:46:21,22215,4
2025-12-24 16:46:21,22216,4
2025-12-24 16:46:21,22219,4
2025-12-24 16:46:21,22220,4
2025-12-24 16:46:21,22224,4
2025-12-24 16:46:21,22226,4
2025-12-24 16:46:21,22227,4
2025-12-24 16:46:21,22230,4
2025-12-24 16:46:21,22231,4
2025-12-24 16:46:21,22232,4
2025-12-24 16:46:21,22233,4
2025-12-24 16:46:21,22234,4
2025-12-24 16:46:21,22235,4
2025-12-24 16:46:21,22236,4
2025-12-24 16:46:21,22238,1
2025-12-24 16:46:21,22239,4
2025-12-24 16:46:21,22240,4
2025-12-24 16:46:21,22241,1
2025-12-24 16:46:21,22242,4
2025-12-24 16:46:21,22246,4
2025-12-24 16:46:21,22248,1
2025-12-24 16:46:21,22251,4
2025-12-24 16:46:21,22253,4
2025-12-24 16:46:21,22254,4
2025-12-24 16:46:21,22255,4
2025-12-24 16:46:21,22256,4
2025-12-24 16:46:21,22257,4
2025-12-24 16:46:21,22259,4
2025-12-24 16:46:21,22260,4
2025-12-24 16:46:21,22262,4
2025-12-24 16:46:21,22263,4
2025-12-24 16:46:21,22269,4
2025-12-24 16:46:21,22271,4
2025-12-24 16:46:21,22272,4
2025-12-24 16:46:21,22274,1
2025-12-24 16:46:21,22275,4
2025-12-24 16:46:21,22276,4
2025-12-24 16:46:21,22277,4
2025-12-24 16:46:21,22280,4
2025-12-24 16:46:21,22281,4
2025-12-24 16:46:21,22284,4
2025-12-24 16:46:21,22287,4
2025-12-24 16:46:21,22289,4
2025-12-24 16:46:21,22290,4
2025-12-24 16:46:21,22291,4
2025-12-24 16:46:21,22293,4
2025-12-24 16:46:21,22294,4
2025-12-24 16:46:21,22295,4
2025-12-24 16:46:21,22296,4
2025-12-24 16:46:21,22298,1
2025-12-24 16:46:21,22300,4
2025-12-24 16:46:21,22301,4
2025-12-24 16:46:21,22302,4
2025-12-24 16:46:21,22303,4
2025-12-24 16:46:21,22305,4
2025-12-24 16:46:21,22306,1
2025-12-24 16:46:21,22309,4
2025-12-24 16:46:21,22310,4
2025-12-24 16:46:21,22311,4
2025-12-24 16:46:21,22313,4
2025-12-24 16:46:21,22314,4
2025-12-24 16:46:21,22315,4
2025-12-24 16:46:21,22316,4
2025-12-24 16:46:21,22319,4
2025-12-24 16:46:21,22321,4
2025-12-24 16:46:21,22324,1
2025-12-24 16:46:21,22325,1
2025-12-24 16:46:21,22326,4
2025-12-24 16:46:21,22328,4
2025-12-24 16:46:21,22329,1
2025-12-24 16:46:21,22330,4
2025-12-24 16:46:21,22331,4
2025-12-24 16:46:21,22333,4
2025-12-24 16:46:21,22335,1
2025-12-24 16:46:21,22337,4
2025-12-24 16:46:21,22339,4
2025-12-24 16:46:21,22340,4
2025-12-24 16:46:21,22341,4
2025-12-24 16:46:21,22342,4
2025-12-24 16:46:21,22343,4
2025-12-24 16:46:21,22344,4
2025-12-24 16:46:21,22349,4
2025-12-24 16:46:21,22350,4
2025-12-24 16:46:21,22353,4
2025-12-24 16:46:21,22354,4
2025-12-24 16:46:21,22355,4
2025-12-24 16:46:21,22356,4
2025-12-24 16:46:21,22357,4
2025-12-24 16:46:21,22358,4
2025-12-24 16:46:21,22359,4
2025-12-24 16:46:21,22362,1
2025-12-24 16:46:21,22364,2
2025-12-24 16:46:21,22368,4
2025-12-24 16:46:21,22369,4
2025-12-24 16:46:21,22370,4
2025-12-24 16:46:21,22372,1
2025-12-24 16:46:21,22373,4
2025-12-24 16:46:21,22374,4
2025-12-24 16:46:21,22375,4
2025-12-24 16:46:21,22377,4
2025-12-24 16:46:21,22378,4
2025-12-24 16:46:21,22381,4
2025-12-24 16:46:21,22385,4
2025-12-24 16:46:21,22386,4
2025-12-24 16:46:21,22387,4
2025-12-24 16:46:21,22389,4
2025-12-24 16:46:21,22390,4
2025-12-24 16:46:21,22391,4
2025-12-24 16:46:21,22392,4
2025-12-24 16:46:21,22393,4
2025-12-24 16:46:21,22394,4
2025-12-24 16:46:21,22395,1
2025-12-24 16:46:21,22396,4
2025-12-24 16:46:21,22399,4
2025-12-24 16:46:21,22400,4
2025-12-24 16:46:21,22401,4
2025-12-24 16:46:21,22402,4
2025-12-24 16:46:21,22403,4
2025-12-24 16:46:21,22404,4
2025-12-24 16:46:21,22405,4
2025-12-24 16:46:21,22406,4
2025-12-24 16:46:21,22408,4
2025-12-24 16:46:21,22409,4
2025-12-24 16:46:21,22410,4
2025-12-24 16:46:21,22411,1
2025-12-24 16:46:21,22412,1
2025-12-24 16:46:21,22415,4
2025-12-24 16:46:21,22417,4
2025-12-24 16:46:21,22418,4
2025-12-24 16:46:21,22419,1
2025-12-24 16:46:21,22420,4
2025-12-24 16:46:21,22421,4
2025-12-24 16:46:21,22422,1
2025-12-24 16:46:21,22423,4
2025-12-24 16:46:21,22424,4
2025-12-24 16:46:21,22425,4
2025-12-24 16:46:21,22427,4
2025-12-24 16:46:21,22428,1
2025-12-24 16:46:21,22433,4
2025-12-24 16:46:21,22434,4
2025-12-24 16:46:21,22435,4
2025-12-24 16:46:21,22437,1
2025-12-24 16:46:21,22438,4
2025-12-24 16:46:21,22439,4
2025-12-24 16:46:21,22441,4
2025-12-24 16:46:21,22444,4
2025-12-24 16:46:21,22445,4
2025-12-24 16:46:21,22447,4
2025-12-24 16:46:21,22449,4
2025-12-24 16:46:21,22451,4
2025-12-24 16:46:21,22454,4
2025-12-24 16:46:21,22456,4
2025-12-24 16:46:21,22457,2
2025-12-24 16:46:21,22460,4
2025-12-24 16:46:21,22462,4
2025-12-24 16:46:21,22466,4
2025-12-24 16:46:21,22467,4
2025-12-24 16:46:21,22470,4
2025-12-24 16:46:21,22471,4
2025-12-24 16:46:21,22473,4
2025-12-24 16:46:21,22474,4
2025-12-24 16:46:21,22482,4
2025-12-24 16:46:21,22484,4
2025-12-24 16:46:21,22485,4
2025-12-24 16:46:21,22488,4
2025-12-24 16:46:21,22491,4
2025-12-24 16:46:21,22492,4
2025-12-24 16:46:21,22493,4
2025-12-24 16:46:21,22496,4
2025-12-24 16:46:21,22497,4
2025-12-24 16:46:21,22498,4
2025-12-24 16:46:21,22500,4
2025-12-24 16:46:21,22503,4
2025-12-24 16:46:21,22504,1
2025-12-24 16:46:21,22508,4
2025-12-24 16:46:21,22509,4
2025-12-24 16:46:21,22510,4
2025-12-24 16:46:21,22511,1
2025-12-24 16:46:21,22512,4
2025-12-24 16:46:21,22514,4
2025-12-24 16:46:21,22515,4
2025-12-24 16:46:21,22518,4
2025-12-24 16:46:21,22520,1
2025-12-24 16:46:21,22521,4
2025-12-24 16:46:21,22522,4
2025-12-24 16:46:21,22523,2
2025-12-24 16:46:21,22526,4
2025-12-24 16:46:21,22528,4
2025-12-24 16:46:21,22529,4
2025-12-24 16:46:21,22533,4
2025-12-24 16:46:21,22534,4
2025-12-24 16:46:21,22535,1
2025-12-24 16:46:21,22536,4
2025-12-24 16:46:21,22539,4
2025-12-24 16:46:21,22541,4
2025-12-24 16:46:21,22542,4
2025-12-24 16:46:21,22545,4
2025-12-24 16:46:21,22546,4
2025-12-24 16:46:21,22548,4
2025-12-24 16:46:21,22549,1
2025-12-24 16:46:21,22550,4
2025-12-24 16:46:21,22551,4
2025-12-24 16:46:21,22552,4
2025-12-24 16:46:21,22553,4
2025-12-24 16:46:21,22555,4
2025-12-24 16:46:21,22556,4
2025-12-24 16:46:21,22557,4
2025-12-24 16:46:21,22558,4
2025-12-24 16:46:21,22560,4
2025-12-24 16:46:21,22561,2
2025-12-24 16:46:21,22562,4
2025-12-24 16:46:21,22563,4
2025-12-24 16:46:21,22564,1
2025-12-24 16:46:21,22565,4
2025-12-24 16:46:21,22566,4
2025-12-24 16:46:21,22567,4
2025-12-24 16:46:21,22569,4
2025-12-24 16:46:21,22570,4
2025-12-24 16:46:21,22574,4
2025-12-24 16:46:21,22575,4
2025-12-24 16:46:21,22576,1
2025-12-24 16:46:21,22577,1
2025-12-24 16:46:21,22578,4
2025-12-24 16:46:21,22579,4
2025-12-24 16:46:21,22581,4
2025-12-24 16:46:21,22582,1
2025-12-24 16:46:21,22583,4
2025-12-24 16:46:21,22586,4
2025-12-24 16:46:21,22588,4
2025-12-24 16:46:21,22589,4
2025-12-24 16:46:21,22591,1
2025-12-24 16:46:21,22592,1
2025-12-24 16:46:21,22593,4
2025-12-24 16:46:21,22594,4
2025-12-24 16:46:21,22595,4
2025-12-24 16:46:21,22597,4
2025-12-24 16:46:21,22600,4
2025-12-24 16:46:21,22602,1
2025-12-24 16:46:21,22603,4
2025-12-24 16:46:21,22604,1
2025-12-24 16:46:21,22605,4
2025-12-24 16:46:21,22606,4
2025-12-24 16:46:21,22608,1
2025-12-24 16:46:21,22609,4
2025-12-24 16:46:21,22610,1
2025-12-24 16:46:21,22612,4
2025-12-24 16:46:21,22614,4
2025-12-24 16:46:21,22615,4
2025-12-24 16:46:21,22617,4
2025-12-24 16:46:21,22618,4
2025-12-24 16:46:21,22619,4
2025-12-24 16:46:21,22620,4
2025-12-24 16:46:21,22621,4
2025-12-24 16:46:21,22622,4
2025-12-24 16:46:21,22623,4
2025-12-24 16:46:21,22624,4
2025-12-24 16:46:21,22625,4
2025-12-24 16:46:21,22627,4
2025-12-24 16:46:21,22628,1
2025-12-24 16:46:21,22630,1
2025-12-24 16:46:21,22632,4
2025-12-24 16:46:21,22635,4
2025-12-24 16:46:21,22636,4
2025-12-24 16:46:21,22637,4
2025-12-24 16:46:21,22644,1
2025-12-24 16:46:21,22645,4
2025-12-24 16:46:21,22648,4
2025-12-24 16:46:21,22649,1
2025-12-24 16:46:21,22651,4
2025-12-24 16:46:21,22655,4
2025-12-24 16:46:21,22656,4
2025-12-24 16:46:21,22657,4
2025-12-24 16:46:21,22658,1
2025-12-24 16:46:21,22660,4
2025-12-24 16:46:21,22661,4
2025-12-24 16:46:21,22665,4
2025-12-24 16:46:21,22666,1
2025-12-24 16:46:21,22667,4
2025-12-24 16:46:21,22669,4
2025-12-24 16:46:21,22671,4
2025-12-24 16:46:21,22672,1
2025-12-24 16:46:21,22673,4
2025-12-24 16:46:21,22674,4
2025-12-24 16:46:21,22675,4
2025-12-24 16:46:21,22676,4
2025-12-24 16:46:21,22677,4
2025-12-24 16:46:21,22678,1
2025-12-24 16:46:21,22679,4
2025-12-24 16:46:21,22681,4
2025-12-24 16:46:21,22684,4
2025-12-24 16:46:21,22685,4
2025-12-24 16:46:21,22686,4
2025-12-24 16:46:21,22687,4
2025-12-24 16:46:21,22688,4
2025-12-24 16:46:21,22690,4
2025-12-24 16:46:21,22691,4
2025-12-24 16:46:21,22693,4
2025-12-24 16:46:21,22694,4
2025-12-24 16:46:21,22695,4
2025-12-24 16:46:21,22701,4
2025-12-24 16:46:21,22703,4
2025-12-24 16:46:21,22704,4
2025-12-24 16:46:21,22705,4
2025-12-24 16:46:21,22707,4
2025-12-24 16:46:21,22708,1
2025-12-24 16:46:21,22710,4
2025-12-24 16:46:21,22711,4
2025-12-24 16:46:21,22714,4
2025-12-24 16:46:21,22716,4
2025-12-24 16:46:21,22717,1
2025-12-24 16:46:21,22718,4
2025-12-24 16:46:21,22719,4
2025-12-24 16:46:21,22721,4
2025-12-24 16:46:21,22723,4
2025-12-24 16:46:21,22724,4
2025-12-24 16:46:21,22725,4
2025-12-24 16:46:21,22727,1
2025-12-24 16:46:21,22729,4
2025-12-24 16:46:21,22730,4
2025-12-24 16:46:21,22731,4
2025-12-24 16:46:21,22732,4
2025-12-24 16:46:21,22736,4
2025-12-24 16:46:21,22737,4
2025-12-24 16:46:21,22738,4
2025-12-24 16:46:21,22739,1
2025-12-24 16:46:21,22740,4
2025-12-24 16:46:21,22741,4
2025-12-24 16:46:21,22742,1
2025-12-24 16:46:21,22743,4
2025-12-24 16:46:21,22745,4
2025-12-24 16:46:21,22747,1
2025-12-24 16:46:21,22748,4
2025-12-24 16:46:21,22749,4
2025-12-24 16:46:21,22750,1
2025-12-24 16:46:21,22751,4
2025-12-24 16:46:21,22755,1
2025-12-24 16:46:21,22757,4
2025-12-24 16:46:21,22758,4
2025-12-24 16:46:21,22759,4
2025-12-24 16:46:21,22761,4
2025-12-24 16:46:21,22762,1
2025-12-24 16:46:21,22763,4
2025-12-24 16:46:21,22764,4
2025-12-24 16:46:21,22765,4
2025-12-24 16:46:21,22766,4
2025-12-24 16:46:21,22767,4
2025-12-24 16:46:21,22768,4
2025-12-24 16:46:21,22770,4
2025-12-24 16:46:21,22771,4
2025-12-24 16:46:21,22772,1
2025-12-24 16:46:21,22773,4
2025-12-24 16:46:21,22774,1
2025-12-24 16:46:21,22775,4
2025-12-24 16:46:21,22776,1
2025-12-24 16:46:21,22778,4
2025-12-24 16:46:21,22780,1
2025-12-24 16:46:21,22782,1
2025-12-24 16:46:21,22784,4
2025-12-24 16:46:21,22787,4
2025-12-24 16:46:21,22788,1
2025-12-24 16:46:21,22789,4
2025-12-24 16:46:21,22790,4
2025-12-24 16:46:21,22794,4
2025-12-24 16:46:21,22795,4
2025-12-24 16:46:21,22796,4
2025-12-24 16:46:21,22799,4
2025-12-24 16:46:21,22800,4
2025-12-24 16:46:21,22802,4
2025-12-24 16:46:21,22803,4
2025-12-24 16:46:21,22804,4
2025-12-24 16:46:21,22807,4
2025-12-24 16:46:21,22811,4
2025-12-24 16:46:21,22812,4
2025-12-24 16:46:21,22813,4
2025-12-24 16:46:21,22814,4
2025-12-24 16:46:21,22815,4
2025-12-24 16:46:21,22817,4
2025-12-24 16:46:21,22818,4
2025-12-24 16:46:21,22820,4
2025-12-24 16:46:21,22821,4
2025-12-24 16:46:21,22823,4
2025-12-24 16:46:21,22824,4
2025-12-24 16:46:21,22826,4
2025-12-24 16:46:21,22828,4
2025-12-24 16:46:21,22829,1
2025-12-24 16:46:21,22830,4
2025-12-24 16:46:21,22831,4
2025-12-24 16:46:21,22834,4
2025-12-24 16:46:21,22835,4
2025-12-24 16:46:21,22836,4
2025-12-24 16:46:21,22837,1
2025-12-24 16:46:21,22839,4
2025-12-24 16:46:21,22840,1
2025-12-24 16:46:21,22841,4
2025-12-24 16:46:21,22843,4
2025-12-24 16:46:21,22845,4
2025-12-24 16:46:21,22846,4
2025-12-24 16:46:21,22848,4
2025-12-24 16:46:21,22849,4
2025-12-24 16:46:21,22851,4
2025-12-24 16:46:21,22852,4
2025-12-24 16:46:21,22853,1
2025-12-24 16:46:21,22854,4
2025-12-24 16:46:21,22856,4
2025-12-24 16:46:21,22857,4
2025-12-24 16:46:21,22858,1
2025-12-24 16:46:21,22859,1
2025-12-24 16:46:21,22860,4
2025-12-24 16:46:21,22862,4
2025-12-24 16:46:21,22864,4
2025-12-24 16:46:21,22865,4
2025-12-24 16:46:21,22868,4
2025-12-24 16:46:21,22869,4
2025-12-24 16:46:21,22871,4
2025-12-24 16:46:21,22872,4
2025-12-24 16:46:21,22873,4
2025-12-24 16:46:21,22874,4
2025-12-24 16:46:21,22876,1
2025-12-24 16:46:21,22877,4
2025-12-24 16:46:21,22879,4
2025-12-24 16:46:21,22880,4
2025-12-24 16:46:21,22881,1
2025-12-24 16:46:21,22882,4
2025-12-24 16:46:21,22887,4
2025-12-24 16:46:21,22888,4
2025-12-24 16:46:21,22889,4
2025-12-24 16:46:21,22890,4
2025-12-24 16:46:21,22891,4
2025-12-24 16:46:21,22892,4
2025-12-24 16:46:21,22893,4
2025-12-24 16:46:21,22894,4
2025-12-24 16:46:21,22895,4
2025-12-24 16:46:21,22896,4
2025-12-24 16:46:21,22897,4
2025-12-24 16:46:21,22899,4
2025-12-24 16:46:21,22900,4
2025-12-24 16:46:21,22901,4
2025-12-24 16:46:21,22903,4
2025-12-24 16:46:21,22905,4
2025-12-24 16:46:21,22906,4
2025-12-24 16:46:21,22907,4
2025-12-24 16:46:21,22908,4
2025-12-24 16:46:21,22910,4
2025-12-24 16:46:21,22912,4
2025-12-24 16:46:21,22913,4
2025-12-24 16:46:21,22914,4
2025-12-24 16:46:21,22915,4
2025-12-24 16:46:21,22916,1
2025-12-24 16:46:21,22917,4
2025-12-24 16:46:21,22921,4
2025-12-24 16:46:21,22923,1
2025-12-24 16:46:21,22924,4
2025-12-24 16:46:21,22925,4
2025-12-24 16:46:21,22926,1
2025-12-24 16:46:21,22927,1
2025-12-24 16:46:21,22928,4
2025-12-24 16:46:21,22932,4
2025-12-24 16:46:21,22933,1
2025-12-24 16:46:21,22934,4
2025-12-24 16:46:21,22935,4
2025-12-24 16:46:21,22936,4
2025-12-24 16:46:21,22937,4
2025-12-24 16:46:21,22939,4
2025-12-24 16:46:21,22940,1
2025-12-24 16:46:21,22942,4
2025-12-24 16:46:21,22944,4
2025-12-24 16:46:21,22945,4
2025-12-24 16:46:21,22947,4
2025-12-24 16:46:21,22949,4
2025-12-24 16:46:21,22950,4
2025-12-24 16:46:21,22952,4
2025-12-24 16:46:21,22955,4
2025-12-24 16:46:21,22956,4
2025-12-24 16:46:21,22962,4
2025-12-24 16:46:21,22963,2
2025-12-24 16:46:21,22964,4
2025-12-24 16:46:21,22966,4
2025-12-24 16:46:21,22968,4
2025-12-24 16:46:21,22969,4
2025-12-24 16:46:21,22970,4
2025-12-24 16:46:21,22971,4
2025-12-24 16:46:21,22972,4
2025-12-24 16:46:21,22974,4
2025-12-24 16:46:21,22977,4
2025-12-24 16:46:21,22979,4
2025-12-24 16:46:21,22981,4
2025-12-24 16:46:21,22982,4
2025-12-24 16:46:21,22983,4
2025-12-24 16:46:21,22985,4
2025-12-24 16:46:21,22987,4
2025-12-24 16:46:21,22988,4
2025-12-24 16:46:21,22989,4
2025-12-24 16:46:21,22990,1
2025-12-24 16:46:21,22991,4
2025-12-24 16:46:21,22994,4
2025-12-24 16:46:21,22995,4
2025-12-24 16:46:21,22996,1
2025-12-24 16:46:21,22997,4
2025-12-24 16:46:21,23001,4
2025-12-24 16:46:21,23002,4
2025-12-24 16:46:21,23003,4
2025-12-24 16:46:21,23004,4
2025-12-24 16:46:21,23006,4
2025-12-24 16:46:21,23007,4
2025-12-24 16:46:21,23008,1
2025-12-24 16:46:21,23010,4
2025-12-24 16:46:21,23013,4
2025-12-24 16:46:21,23014,4
2025-12-24 16:46:21,23015,4
2025-12-24 16:46:21,23017,4
2025-12-24 16:46:21,23018,1
2025-12-24 16:46:21,23019,4
2025-12-24 16:46:21,23020,4
2025-12-24 16:46:21,23021,4
2025-12-24 16:46:21,23023,4
2025-12-24 16:46:21,23024,4
2025-12-24 16:46:21,23025,4
2025-12-24 16:46:21,23028,4
2025-12-24 16:46:21,23029,4
2025-12-24 16:46:21,23030,4
2025-12-24 16:46:21,23031,4
2025-12-24 16:46:21,23032,4
2025-12-24 16:46:21,23033,4
2025-12-24 16:46:21,23035,4
2025-12-24 16:46:21,23038,4
2025-12-24 16:46:21,23039,4
2025-12-24 16:46:21,23040,1
2025-12-24 16:46:21,23041,4
2025-12-24 16:46:21,23042,4
2025-12-24 16:46:21,23044,4
2025-12-24 16:46:21,23045,4
2025-12-24 16:46:21,23048,4
2025-12-24 16:46:21,23050,4
2025-12-24 16:46:21,23052,4
2025-12-24 16:46:21,23054,4
2025-12-24 16:46:21,23055,4
2025-12-24 16:46:21,23058,1
2025-12-24 16:46:21,23059,4
2025-12-24 16:46:21,23061,4
2025-12-24 16:46:21,23063,1
2025-12-24 16:46:21,23064,4
2025-12-24 16:46:21,23066,4
2025-12-24 16:46:21,23067,4
2025-12-24 16:46:21,23068,4
2025-12-24 16:46:21,23070,4
2025-12-24 16:46:21,23072,4
2025-12-24 16:46:21,23074,4
2025-12-24 16:46:21,23075,4
2025-12-24 16:46:21,23076,1
2025-12-24 16:46:21,23078,4
2025-12-24 16:46:21,23079,4
2025-12-24 16:46:21,23080,4
2025-12-24 16:46:21,23081,4
2025-12-24 16:46:21,23082,1
2025-12-24 16:46:21,23084,4
2025-12-24 16:46:21,23085,4
2025-12-24 16:46:21,23087,4
2025-12-24 16:46:21,23088,4
2025-12-24 16:46:21,23089,1
2025-12-24 16:46:21,23090,4
2025-12-24 16:46:21,23091,4
2025-12-24 16:46:21,23092,4
2025-12-24 16:46:21,23094,1
2025-12-24 16:46:21,23097,4
2025-12-24 16:46:21,23098,4
2025-12-24 16:46:21,23099,4
2025-12-24 16:46:21,23101,4
2025-12-24 16:46:21,23103,4
2025-12-24 16:46:21,23104,4
2025-12-24 16:46:21,23105,1
2025-12-24 16:46:21,23108,4
2025-12-24 16:46:21,23109,1
2025-12-24 16:46:21,23110,4
2025-12-24 16:46:21,23113,4
2025-12-24 16:46:21,23114,4
2025-12-24 16:46:21,23115,4
2025-12-24 16:46:21,23116,4
2025-12-24 16:46:21,23117,4
2025-12-24 16:46:21,23118,4
2025-12-24 16:46:21,23119,4
2025-12-24 16:46:21,23120,4
2025-12-24 16:46:21,23123,4
2025-12-24 16:46:21,23125,1
2025-12-24 16:46:21,23126,4
2025-12-24 16:46:21,23128,4
2025-12-24 16:46:21,23131,4
2025-12-24 16:46:21,23132,4
2025-12-24 16:46:21,23133,4
2025-12-24 16:46:21,23134,4
2025-12-24 16:46:21,23138,4
2025-12-24 16:46:21,23141,4
2025-12-24 16:46:21,23142,4
2025-12-24 16:46:21,23144,4
2025-12-24 16:46:21,23145,4
2025-12-24 16:46:21,23147,4
2025-12-24 16:46:21,23148,4
2025-12-24 16:46:21,23149,4
2025-12-24 16:46:21,23153,4
2025-12-24 16:46:21,23154,4
2025-12-24 16:46:21,23155,4
2025-12-24 16:46:21,23156,2
2025-12-24 16:46:21,23159,4
2025-12-24 16:46:21,23161,4
2025-12-24 16:46:21,23163,1
2025-12-24 16:46:21,23165,4
2025-12-24 16:46:21,23170,4
2025-12-24 16:46:21,23171,1
2025-12-24 16:46:21,23172,4
2025-12-24 16:46:21,23173,1
2025-12-24 16:46:21,23174,4
2025-12-24 16:46:21,23175,4
2025-12-24 16:46:21,23178,4
2025-12-24 16:46:21,23179,4
2025-12-24 16:46:21,23180,4
2025-12-24 16:46:21,23182,1
2025-12-24 16:46:21,23184,1
2025-12-24 16:46:21,23185,4
2025-12-24 16:46:21,23186,4
2025-12-24 16:46:21,23187,4
2025-12-24 16:46:21,23188,4
2025-12-24 16:46:21,23189,4
2025-12-24 16:46:21,23190,1
2025-12-24 16:46:21,23191,4
2025-12-24 16:46:21,23193,1
2025-12-24 16:46:21,23194,1
2025-12-24 16:46:21,23195,4
2025-12-24 16:46:21,23196,4
2025-12-24 16:46:21,23199,4
2025-12-24 16:46:21,23200,4
2025-12-24 16:46:21,23201,4
2025-12-24 16:46:21,23202,4
2025-12-24 16:46:21,23203,4
2025-12-24 16:46:21,23204,4
2025-12-24 16:46:21,23207,4
2025-12-24 16:46:21,23208,4
2025-12-24 16:46:21,23215,4
2025-12-24 16:46:21,23216,4
2025-12-24 16:46:21,23220,4
2025-12-24 16:46:21,23221,4
2025-12-24 16:46:21,23222,4
2025-12-24 16:46:21,23226,4
2025-12-24 16:46:21,23227,1
2025-12-24 16:46:21,23229,4
2025-12-24 16:46:21,23230,4
2025-12-24 16:46:21,23231,4
2025-12-24 16:46:21,23232,4
2025-12-24 16:46:21,23235,4
2025-12-24 16:46:21,23236,4
2025-12-24 16:46:21,23237,4
2025-12-24 16:46:21,23238,4
2025-12-24 16:46:21,23239,1
2025-12-24 16:46:21,23240,1
2025-12-24 16:46:21,23242,4
2025-12-24 16:46:21,23243,4
2025-12-24 16:46:21,23244,4
2025-12-24 16:46:21,23246,4
2025-12-24 16:46:21,23248,4
2025-12-24 16:46:21,23249,2
2025-12-24 16:46:21,23250,1
2025-12-24 16:46:21,23254,1
2025-12-24 16:46:21,23256,4
2025-12-24 16:46:21,23258,4
2025-12-24 16:46:21,23259,1
2025-12-24 16:46:21,23262,1
2025-12-24 16:46:21,23265,4
2025-12-24 16:46:21,23268,4
2025-12-24 16:46:21,23269,1
2025-12-24 16:46:21,23270,4
2025-12-24 16:46:21,23271,4
2025-12-24 16:46:21,23274,4
2025-12-24 16:46:21,23276,4
2025-12-24 16:46:21,23277,1
2025-12-24 16:46:21,23278,4
2025-12-24 16:46:21,23279,4
2025-12-24 16:46:21,23280,1
2025-12-24 16:46:21,23284,4
2025-12-24 16:46:21,23285,1
2025-12-24 16:46:21,23286,4
2025-12-24 16:46:21,23287,4
2025-12-24 16:46:21,23290,4
2025-12-24 16:46:21,23291,4
2025-12-24 16:46:21,23292,4
2025-12-24 16:46:21,23293,4
2025-12-24 16:46:21,23296,2
2025-12-24 16:46:21,23298,4
2025-12-24 16:46:21,23299,4
2025-12-24 16:46:21,23300,4
2025-12-24 16:46:21,23301,1
2025-12-24 16:46:21,23302,1
2025-12-24 16:46:21,23303,1
2025-12-24 16:46:21,23304,4
2025-12-24 16:46:21,23306,4
2025-12-24 16:46:21,23308,4
2025-12-24 16:46:21,23312,1
2025-12-24 16:46:21,23313,4
2025-12-24 16:46:21,23314,4
2025-12-24 16:46:21,23317,4
2025-12-24 16:46:21,23318,4
2025-12-24 16:46:21,23319,4
2025-12-24 16:46:21,23320,4
2025-12-24 16:46:21,23321,2
2025-12-24 16:46:21,23322,4
2025-12-24 16:46:21,23323,1
2025-12-24 16:46:21,23324,1
2025-12-24 16:46:21,23325,4
2025-12-24 16:46:21,23327,4
2025-12-24 16:46:21,23329,4
2025-12-24 16:46:21,23330,4
2025-12-24 16:46:21,23333,4
2025-12-24 16:46:21,23336,4
2025-12-24 16:46:21,23338,4
2025-12-24 16:46:21,23339,4
2025-12-24 16:46:21,23341,4
2025-12-24 16:46:21,23343,4
2025-12-24 16:46:21,23345,4
2025-12-24 16:46:21,23346,4
2025-12-24 16:46:21,23347,4
2025-12-24 16:46:21,23349,4
2025-12-24 16:46:21,23352,4
2025-12-24 16:46:21,23353,4
2025-12-24 16:46:21,23357,4
2025-12-24 16:46:21,23358,4
2025-12-24 16:46:21,23361,4
2025-12-24 16:46:21,23362,4
2025-12-24 16:46:21,23363,4
2025-12-24 16:46:21,23364,4
2025-12-24 16:46:21,23365,4
2025-12-24 16:46:21,23366,4
2025-12-24 16:46:21,23368,4
2025-12-24 16:46:21,23370,4
2025-12-24 16:46:21,23371,4
2025-12-24 16:46:21,23374,2
2025-12-24 16:46:21,23375,4
2025-12-24 16:46:21,23376,4
2025-12-24 16:46:21,23377,4
2025-12-24 16:46:21,23378,4
2025-12-24 16:46:21,23379,4
2025-12-24 16:46:21,23380,4
2025-12-24 16:46:21,23381,4
2025-12-24 16:46:21,23382,4
2025-12-24 16:46:21,23383,4
2025-12-24 16:46:21,23385,4
2025-12-24 16:46:21,23387,4
2025-12-24 16:46:21,23389,4
2025-12-24 16:46:21,23390,4
2025-12-24 16:46:21,23391,1
2025-12-24 16:46:21,23393,1
2025-12-24 16:46:21,23394,4
2025-12-24 16:46:21,23395,4
2025-12-24 16:46:21,23399,4
2025-12-24 16:46:21,23400,4
2025-12-24 16:46:21,23403,4
2025-12-24 16:46:21,23404,4
2025-12-24 16:46:21,23405,4
2025-12-24 16:46:21,23406,4
2025-12-24 16:46:21,23407,1
2025-12-24 16:46:21,23408,4
2025-12-24 16:46:21,23410,4
2025-12-24 16:46:21,23411,4
2025-12-24 16:46:21,23412,4
2025-12-24 16:46:21,23415,4
2025-12-24 16:46:21,23417,4
2025-12-24 16:46:21,23419,4
2025-12-24 16:46:21,23421,4
2025-12-24 16:46:21,23422,4
2025-12-24 16:46:21,23424,4
2025-12-24 16:46:21,23428,4
2025-12-24 16:46:21,23429,1
2025-12-24 16:46:21,23431,4
2025-12-24 16:46:21,23432,4
2025-12-24 16:46:21,23434,4
2025-12-24 16:46:21,23435,4
2025-12-24 16:46:21,23436,4
2025-12-24 16:46:21,23441,4
2025-12-24 16:46:21,23443,4
2025-12-24 16:46:21,23446,4
2025-12-24 16:46:21,23447,4
2025-12-24 16:46:21,23450,4
2025-12-24 16:46:21,23451,1
2025-12-24 16:46:21,23452,4
2025-12-24 16:46:21,23454,1
2025-12-24 16:46:21,23459,4
2025-12-24 16:46:21,23460,4
2025-12-24 16:46:21,23461,1
2025-12-24 16:46:21,23462,4
2025-12-24 16:46:21,23463,4
2025-12-24 16:46:21,23464,1
2025-12-24 16:46:21,23466,4
2025-12-24 16:46:21,23467,4
2025-12-24 16:46:21,23468,4
2025-12-24 16:46:21,23470,4
2025-12-24 16:46:21,23471,4
2025-12-24 16:46:21,23472,4
2025-12-24 16:46:21,23473,1
2025-12-24 16:46:21,23474,4
2025-12-24 16:46:21,23479,1
2025-12-24 16:46:21,23480,4
2025-12-24 16:46:21,23481,4
2025-12-24 16:46:21,23482,1
2025-12-24 16:46:21,23484,4
2025-12-24 16:46:21,23485,4
2025-12-24 16:46:21,23486,2
2025-12-24 16:46:21,23487,4
2025-12-24 16:46:21,23488,4
2025-12-24 16:46:21,23489,4
2025-12-24 16:46:21,23490,4
2025-12-24 16:46:21,23492,4
2025-12-24 16:46:21,23494,4
2025-12-24 16:46:21,23495,4
2025-12-24 16:46:21,23496,4
2025-12-24 16:46:21,23497,4
2025-12-24 16:46:21,23500,4
2025-12-24 16:46:21,23501,4
2025-12-24 16:46:21,23503,1
2025-12-24 16:46:21,23504,4
2025-12-24 16:46:21,23505,4
2025-12-24 16:46:21,23506,2
2025-12-24 16:46:21,23507,4
2025-12-24 16:46:21,23508,4
2025-12-24 16:46:21,23509,4
2025-12-24 16:46:21,23510,1
2025-12-24 16:46:21,23512,4
2025-12-24 16:46:21,23513,4
2025-12-24 16:46:21,23515,4
2025-12-24 16:46:21,23517,1
2025-12-24 16:46:21,23519,4
2025-12-24 16:46:21,23520,4
2025-12-24 16:46:21,23522,4
2025-12-24 16:46:21,23523,4
2025-12-24 16:46:21,23524,1
2025-12-24 16:46:21,23526,4
2025-12-24 16:46:21,23527,1
2025-12-24 16:46:21,23529,4
2025-12-24 16:46:21,23531,4
2025-12-24 16:46:21,23532,4
2025-12-24 16:46:21,23533,4
2025-12-24 16:46:21,23534,4
2025-12-24 16:46:21,23535,4
2025-12-24 16:46:21,23536,4
2025-12-24 16:46:21,23538,4
2025-12-24 16:46:21,23539,4
2025-12-24 16:46:21,23542,4
2025-12-24 16:46:21,23543,4
2025-12-24 16:46:21,23544,4
2025-12-24 16:46:21,23545,4
2025-12-24 16:46:21,23547,1
2025-12-24 16:46:21,23550,4
2025-12-24 16:46:21,23551,4
2025-12-24 16:46:21,23552,4
2025-12-24 16:46:21,23553,1
2025-12-24 16:46:21,23554,4
2025-12-24 16:46:21,23555,4
2025-12-24 16:46:21,23556,4
2025-12-24 16:46:21,23557,1
2025-12-24 16:46:21,23558,4
2025-12-24 16:46:21,23561,1
2025-12-24 16:46:21,23562,4
2025-12-24 16:46:21,23563,1
2025-12-24 16:46:21,23565,4
2025-12-24 16:46:21,23566,4
2025-12-24 16:46:21,23567,4
2025-12-24 16:46:21,23568,4
2025-12-24 16:46:21,23569,4
2025-12-24 16:46:21,23570,4
2025-12-24 16:46:21,23571,4
2025-12-24 16:46:21,23572,4
2025-12-24 16:46:21,23575,1
2025-12-24 16:46:21,23576,4
2025-12-24 16:46:21,23578,4
2025-12-24 16:46:21,23579,4
2025-12-24 16:46:21,23581,4
2025-12-24 16:46:21,23582,4
2025-12-24 16:46:21,23583,1
2025-12-24 16:46:21,23585,4
2025-12-24 16:46:21,23586,1
2025-12-24 16:46:21,23587,4
2025-12-24 16:46:21,23588,4
2025-12-24 16:46:21,23590,4
2025-12-24 16:46:21,23591,4
2025-12-24 16:46:21,23594,4
2025-12-24 16:46:21,23595,4
2025-12-24 16:46:21,23596,4
2025-12-24 16:46:21,23597,4
2025-12-24 16:46:21,23598,4
2025-12-24 16:46:21,23604,4
2025-12-24 16:46:21,23605,4
2025-12-24 16:46:21,23610,4
2025-12-24 16:46:21,23612,4
2025-12-24 16:46:21,23613,4
2025-12-24 16:46:21,23615,4
2025-12-24 16:46:21,23616,4
2025-12-24 16:46:21,23618,4
2025-12-24 16:46:21,23620,1
2025-12-24 16:46:21,23622,4
2025-12-24 16:46:21,23623,4
2025-12-24 16:46:21,23624,4
2025-12-24 16:46:21,23626,4
2025-12-24 16:46:21,23627,4
2025-12-24 16:46:21,23628,4
2025-12-24 16:46:21,23630,4
2025-12-24 16:46:21,23631,1
2025-12-24 16:46:21,23632,4
2025-12-24 16:46:21,23633,4
2025-12-24 16:46:21,23634,4
2025-12-24 16:46:21,23636,1
2025-12-24 16:46:21,23639,4
2025-12-24 16:46:21,23641,4
2025-12-24 16:46:21,23642,4
2025-12-24 16:46:21,23643,4
2025-12-24 16:46:21,23644,4
2025-12-24 16:46:21,23646,4
2025-12-24 16:46:21,23647,4
2025-12-24 16:46:21,23651,4
2025-12-24 16:46:21,23653,4
2025-12-24 16:46:21,23655,4
2025-12-24 16:46:21,23656,4
2025-12-24 16:46:21,23658,4
2025-12-24 16:46:21,23660,4
2025-12-24 16:46:21,23662,1
2025-12-24 16:46:21,23663,4
2025-12-24 16:46:21,23664,4
2025-12-24 16:46:21,23665,1
2025-12-24 16:46:21,23666,4
2025-12-24 16:46:21,23668,4
2025-12-24 16:46:21,23670,4
2025-12-24 16:46:21,23671,4
2025-12-24 16:46:21,23672,4
2025-12-24 16:46:21,23673,4
2025-12-24 16:46:21,23676,4
2025-12-24 16:46:21,23677,4
2025-12-24 16:46:21,23679,4
2025-12-24 16:46:21,23683,4
2025-12-24 16:46:21,23685,4
2025-12-24 16:46:21,23686,4
2025-12-24 16:46:21,23688,4
2025-12-24 16:46:21,23689,1
2025-12-24 16:46:21,23690,4
2025-12-24 16:46:21,23691,4
2025-12-24 16:46:21,23692,4
2025-12-24 16:46:21,23693,4
2025-12-24 16:46:21,23694,4
2025-12-24 16:46:21,23695,4
2025-12-24 16:46:21,23696,1
2025-12-24 16:46:21,23697,1
2025-12-24 16:46:21,23698,4
2025-12-24 16:46:21,23699,4
2025-12-24 16:46:21,23700,4
2025-12-24 16:46:21,23701,4
2025-12-24 16:46:21,23704,4
2025-12-24 16:46:21,23705,1
2025-12-24 16:46:21,23707,4
2025-12-24 16:46:21,23708,4
2025-12-24 16:46:21,23709,4
2025-12-24 16:46:21,23710,4
2025-12-24 16:46:21,23711,4
2025-12-24 16:46:21,23713,4
2025-12-24 16:46:21,23714,4
2025-12-24 16:46:21,23717,4
2025-12-24 16:46:21,23718,4
2025-12-24 16:46:21,23720,4
2025-12-24 16:46:21,23722,1
2025-12-24 16:46:21,23723,4
2025-12-24 16:46:21,23727,4
2025-12-24 16:46:21,23728,4
2025-12-24 16:46:21,23731,4
2025-12-24 16:46:21,23734,4
2025-12-24 16:46:21,23737,4
2025-12-24 16:46:21,23739,4
2025-12-24 16:46:21,23740,4
2025-12-24 16:46:21,23741,1
2025-12-24 16:46:21,23744,1
2025-12-24 16:46:21,23745,4
2025-12-24 16:46:21,23747,1
2025-12-24 16:46:21,23748,4
2025-12-24 16:46:21,23752,4
2025-12-24 16:46:21,23753,1
2025-12-24 16:46:21,23754,4
2025-12-24 16:46:21,23755,4
2025-12-24 16:46:21,23756,4
2025-12-24 16:46:21,23757,4
2025-12-24 16:46:21,23758,4
2025-12-24 16:46:21,23759,4
2025-12-24 16:46:21,23760,4
2025-12-24 16:46:21,23761,4
2025-12-24 16:46:21,23762,4
2025-12-24 16:46:21,23764,4
2025-12-24 16:46:21,23766,4
2025-12-24 16:46:21,23767,4
2025-12-24 16:46:21,23768,4
2025-12-24 16:46:21,23770,4
2025-12-24 16:46:21,23774,1
2025-12-24 16:46:21,23775,4
2025-12-24 16:46:21,23779,4
2025-12-24 16:46:21,23780,4
2025-12-24 16:46:21,23781,4
2025-12-24 16:46:21,23782,4
2025-12-24 16:46:21,23783,1
2025-12-24 16:46:21,23784,4
2025-12-24 16:46:21,23787,4
2025-12-24 16:46:21,23788,4
2025-12-24 16:46:21,23790,4
2025-12-24 16:46:21,23792,4
2025-12-24 16:46:21,23793,4
2025-12-24 16:46:21,23794,4
2025-12-24 16:46:21,23796,4
2025-12-24 16:46:21,23797,1
2025-12-24 16:46:21,23798,4
2025-12-24 16:46:21,23801,4
2025-12-24 16:46:21,23803,4
2025-12-24 16:46:21,23804,4
2025-12-24 16:46:21,23805,4
2025-12-24 16:46:21,23807,4
2025-12-24 16:46:21,23808,4
2025-12-24 16:46:21,23809,4
2025-12-24 16:46:21,23811,4
2025-12-24 16:46:21,23812,4
2025-12-24 16:46:21,23814,2
2025-12-24 16:46:21,23817,4
2025-12-24 16:46:21,23818,4
2025-12-24 16:46:21,23819,4
2025-12-24 16:46:21,23820,4
2025-12-24 16:46:21,23824,4
2025-12-24 16:46:21,23825,4
2025-12-24 16:46:21,23826,4
2025-12-24 16:46:21,23827,4
2025-12-24 16:46:21,23830,4
2025-12-24 16:46:21,23831,4
2025-12-24 16:46:21,23832,4
2025-12-24 16:46:21,23833,1
2025-12-24 16:46:21,23834,4
2025-12-24 16:46:21,23835,4
2025-12-24 16:46:21,23838,1
2025-12-24 16:46:21,23839,4
2025-12-24 16:46:21,23840,4
2025-12-24 16:46:21,23842,4
2025-12-24 16:46:21,23843,4
2025-12-24 16:46:21,23845,4
2025-12-24 16:46:21,23846,4
2025-12-24 16:46:21,23847,4
2025-12-24 16:46:21,23848,4
2025-12-24 16:46:21,23849,4
2025-12-24 16:46:21,23850,4
2025-12-24 16:46:21,23851,4
2025-12-24 16:46:21,23852,4
2025-12-24 16:46:21,23854,4
2025-12-24 16:46:21,23855,4
2025-12-24 16:46:21,23856,4
2025-12-24 16:46:21,23857,1
2025-12-24 16:46:21,23859,1
2025-12-24 16:46:21,23860,4
2025-12-24 16:46:21,23861,4
2025-12-24 16:46:21,23862,4
2025-12-24 16:46:21,23864,2
2025-12-24 16:46:21,23865,1
2025-12-24 16:46:21,23866,4
2025-12-24 16:46:21,23867,4
2025-12-24 16:46:21,23868,4
2025-12-24 16:46:21,23869,4
2025-12-24 16:46:21,23870,4
2025-12-24 16:46:21,23871,4
2025-12-24 16:46:21,23872,4
2025-12-24 16:46:21,23875,4
2025-12-24 16:46:21,23877,4
2025-12-24 16:46:21,23878,4
2025-12-24 16:46:21,23879,1
2025-12-24 16:46:21,23881,4
2025-12-24 16:46:21,23883,4
2025-12-24 16:46:21,23884,4
2025-12-24 16:46:21,23885,1
2025-12-24 16:46:21,23886,4
2025-12-24 16:46:21,23888,4
2025-12-24 16:46:21,23890,4
2025-12-24 16:46:21,23892,1
2025-12-24 16:46:21,23893,4
2025-12-24 16:46:21,23895,4
2025-12-24 16:46:21,23896,1
2025-12-24 16:46:21,23897,4
2025-12-24 16:46:21,23898,4
2025-12-24 16:46:21,23899,4
2025-12-24 16:46:21,23900,4
2025-12-24 16:46:21,23902,1
2025-12-24 16:46:21,23903,4
2025-12-24 16:46:21,23905,4
2025-12-24 16:46:21,23907,1
2025-12-24 16:46:21,23908,4
2025-12-24 16:46:21,23909,4
2025-12-24 16:46:21,23910,4
2025-12-24 16:46:21,23913,4
2025-12-24 16:46:21,23914,4
2025-12-24 16:46:21,23915,4
2025-12-24 16:46:21,23916,4
2025-12-24 16:46:21,23917,4
2025-12-24 16:46:21,23919,4
2025-12-24 16:46:21,23920,4
2025-12-24 16:46:21,23921,4
2025-12-24 16:46:21,23922,4
2025-12-24 16:46:21,23923,4
2025-12-24 16:46:21,23926,4
2025-12-24 16:46:21,23927,4
2025-12-24 16:46:21,23928,4
2025-12-24 16:46:21,23929,4
2025-12-24 16:46:21,23930,4
2025-12-24 16:46:21,23931,4
2025-12-24 16:46:21,23934,4
2025-12-24 16:46:21,23935,4
2025-12-24 16:46:21,23936,4
2025-12-24 16:46:21,23937,4
2025-12-24 16:46:21,23938,4
2025-12-24 16:46:21,23939,4
2025-12-24 16:46:21,23940,4
2025-12-24 16:46:21,23941,4
2025-12-24 16:46:21,23942,1
2025-12-24 16:46:21,23943,4
2025-12-24 16:46:21,23947,4
2025-12-24 16:46:21,23948,4
2025-12-24 16:46:21,23949,4
2025-12-24 16:46:21,23950,4
2025-12-24 16:46:21,23952,4
2025-12-24 16:46:21,23953,4
2025-12-24 16:46:21,23954,4
2025-12-24 16:46:21,23955,4
2025-12-24 16:46:21,23963,4
2025-12-24 16:46:21,23967,4
2025-12-24 16:46:21,23968,4
2025-12-24 16:46:21,23969,4
2025-12-24 16:46:21,23970,4
2025-12-24 16:46:21,23971,4
2025-12-24 16:46:21,23973,1
2025-12-24 16:46:21,23974,4
2025-12-24 16:46:21,23975,1
2025-12-24 16:46:21,23976,4
2025-12-24 16:46:21,23979,4
2025-12-24 16:46:21,23980,4
2025-12-24 16:46:21,23981,4
2025-12-24 16:46:21,23982,4
2025-12-24 16:46:21,23983,4
2025-12-24 16:46:21,23984,4
2025-12-24 16:46:21,23985,4
2025-12-24 16:46:21,23986,4
2025-12-24 16:46:21,23988,4
2025-12-24 16:46:21,23989,4
2025-12-24 16:46:21,23991,4
2025-12-24 16:46:21,23993,4
2025-12-24 16:46:21,23996,4
2025-12-24 16:46:21,23997,4
2025-12-24 16:46:21,23999,1
2025-12-24 16:46:21,24000,4
2025-12-24 16:46:21,24002,4
2025-12-24 16:46:21,24003,4
2025-12-24 16:46:21,24005,4
2025-12-24 16:46:21,24007,1
2025-12-24 16:46:21,24009,1
2025-12-24 16:46:21,24010,4
2025-12-24 16:46:21,24011,4
2025-12-24 16:46:21,24012,4
2025-12-24 16:46:21,24013,2
2025-12-24 16:46:21,24014,4
2025-12-24 16:46:21,24020,4
2025-12-24 16:46:21,24023,4
2025-12-24 16:46:21,24025,4
2025-12-24 16:46:21,24026,1
2025-12-24 16:46:21,24029,4
2025-12-24 16:46:21,24031,4
2025-12-24 16:46:21,24032,4
2025-12-24 16:46:21,24033,4
2025-12-24 16:46:21,24035,4
2025-12-24 16:46:21,24036,4
2025-12-24 16:46:21,24038,4
2025-12-24 16:46:21,24040,4
2025-12-24 16:46:21,24041,4
2025-12-24 16:46:21,24042,4
2025-12-24 16:46:21,24043,4
2025-12-24 16:46:21,24044,4
2025-12-24 16:46:21,24046,4
2025-12-24 16:46:21,24047,4
2025-12-24 16:46:21,24049,4
2025-12-24 16:46:21,24050,4
2025-12-24 16:46:21,24051,4
2025-12-24 16:46:21,24052,4
2025-12-24 16:46:21,24056,4
2025-12-24 16:46:21,24057,4
2025-12-24 16:46:21,24058,1
2025-12-24 16:46:21,24062,4
2025-12-24 16:46:21,24067,4
2025-12-24 16:46:21,24070,4
2025-12-24 16:46:21,24073,4
2025-12-24 16:46:21,24077,1
2025-12-24 16:46:21,24078,4
2025-12-24 16:46:21,24079,4
2025-12-24 16:46:21,24080,4
2025-12-24 16:46:21,24081,4
2025-12-24 16:46:21,24082,1
2025-12-24 16:46:21,24084,4
2025-12-24 16:46:21,24085,4
2025-12-24 16:46:21,24086,4
2025-12-24 16:46:21,24087,4
2025-12-24 16:46:21,24091,4
2025-12-24 16:46:21,24092,4
2025-12-24 16:46:21,24093,4
2025-12-24 16:46:21,24095,1
2025-12-24 16:46:21,24096,4
2025-12-24 16:46:21,24098,4
2025-12-24 16:46:21,24101,4
2025-12-24 16:46:21,24103,4
2025-12-24 16:46:21,24104,4
2025-12-24 16:46:21,24105,4
2025-12-24 16:46:21,24106,4
2025-12-24 16:46:21,24107,4
2025-12-24 16:46:21,24108,4
2025-12-24 16:46:21,24109,4
2025-12-24 16:46:21,24110,4
2025-12-24 16:46:21,24112,4
2025-12-24 16:46:21,24115,4
2025-12-24 16:46:21,24116,4
2025-12-24 16:46:21,24118,4
2025-12-24 16:46:21,24119,4
2025-12-24 16:46:21,24120,4
2025-12-24 16:46:21,24122,4
2025-12-24 16:46:21,24123,1
2025-12-24 16:46:21,24125,4
2025-12-24 16:46:21,24126,2
2025-12-24 16:46:21,24127,4
2025-12-24 16:46:21,24128,4
2025-12-24 16:46:21,24129,4
2025-12-24 16:46:21,24132,4
2025-12-24 16:46:21,24133,4
2025-12-24 16:46:21,24134,4
2025-12-24 16:46:21,24135,4
2025-12-24 16:46:21,24136,1
2025-12-24 16:46:21,24137,4
2025-12-24 16:46:21,24138,4
2025-12-24 16:46:21,24139,4
2025-12-24 16:46:21,24140,4
2025-12-24 16:46:21,24141,4
2025-12-24 16:46:21,24144,4
2025-12-24 16:46:21,24146,4
2025-12-24 16:46:21,24147,1
2025-12-24 16:46:21,24149,4
2025-12-24 16:46:21,24152,1
2025-12-24 16:46:21,24153,1
2025-12-24 16:46:21,24154,4
2025-12-24 16:46:21,24155,1
2025-12-24 16:46:21,24158,4
2025-12-24 16:46:21,24160,4
2025-12-24 16:46:21,24161,1
2025-12-24 16:46:21,24162,4
2025-12-24 16:46:21,24164,4
2025-12-24 16:46:21,24165,4
2025-12-24 16:46:21,24166,1
2025-12-24 16:46:21,24167,4
2025-12-24 16:46:21,24168,4
2025-12-24 16:46:21,24169,4
2025-12-24 16:46:21,24170,4
2025-12-24 16:46:21,24173,4
2025-12-24 16:46:21,24174,4
2025-12-24 16:46:21,24176,4
2025-12-24 16:46:21,24177,4
2025-12-24 16:46:21,24178,4
2025-12-24 16:46:21,24180,4
2025-12-24 16:46:21,24181,1
2025-12-24 16:46:21,24182,4
2025-12-24 16:46:21,24183,4
2025-12-24 16:46:21,24185,4
2025-12-24 16:46:21,24186,4
2025-12-24 16:46:21,24187,1
2025-12-24 16:46:21,24190,4
2025-12-24 16:46:21,24191,4
2025-12-24 16:46:21,24195,4
2025-12-24 16:46:21,24196,4
2025-12-24 16:46:21,24197,4
2025-12-24 16:46:21,24198,4
2025-12-24 16:46:21,24201,4
2025-12-24 16:46:21,24202,4
2025-12-24 16:46:21,24204,4
2025-12-24 16:46:21,24206,4
2025-12-24 16:46:21,24207,4
2025-12-24 16:46:21,24210,1
2025-12-24 16:46:21,24211,4
2025-12-24 16:46:21,24213,4
2025-12-24 16:46:21,24214,4
2025-12-24 16:46:21,24215,4
2025-12-24 16:46:21,24216,4
2025-12-24 16:46:21,24217,1
2025-12-24 16:46:21,24218,4
2025-12-24 16:46:21,24220,4
2025-12-24 16:46:21,24221,4
2025-12-24 16:46:21,24222,4
2025-12-24 16:46:21,24225,4
2025-12-24 16:46:21,24227,2
2025-12-24 16:46:21,24228,4
2025-12-24 16:46:21,24230,4
2025-12-24 16:46:21,24231,4
2025-12-24 16:46:21,24232,4
2025-12-24 16:46:21,24235,4
2025-12-24 16:46:21,24241,4
2025-12-24 16:46:21,24242,1
2025-12-24 16:46:21,24244,4
2025-12-24 16:46:21,24245,4
2025-12-24 16:46:21,24246,4
2025-12-24 16:46:21,24247,4
2025-12-24 16:46:21,24248,1
2025-12-24 16:46:21,24250,1
2025-12-24 16:46:21,24251,4
2025-12-24 16:46:21,24254,4
2025-12-24 16:46:21,24256,4
2025-12-24 16:46:21,24257,4
2025-12-24 16:46:21,24259,1
2025-12-24 16:46:21,24260,4
2025-12-24 16:46:21,24262,4
2025-12-24 16:46:21,24264,1
2025-12-24 16:46:21,24266,1
2025-12-24 16:46:21,24268,4
2025-12-24 16:46:21,24270,1
2025-12-24 16:46:21,24271,4
2025-12-24 16:46:21,24273,4
2025-12-24 16:46:21,24276,1
2025-12-24 16:46:21,24277,4
2025-12-24 16:46:21,24279,1
2025-12-24 16:46:21,24280,4
2025-12-24 16:46:21,24281,4
2025-12-24 16:46:21,24282,4
2025-12-24 16:46:21,24284,1
2025-12-24 16:46:21,24285,4
2025-12-24 16:46:21,24286,4
2025-12-24 16:46:21,24288,4
2025-12-24 16:46:21,24290,4
2025-12-24 16:46:21,24291,4
2025-12-24 16:46:21,24292,4
2025-12-24 16:46:21,24295,4
2025-12-24 16:46:21,24296,4
2025-12-24 16:46:21,24297,4
2025-12-24 16:46:21,24298,4
2025-12-24 16:46:21,24299,4
2025-12-24 16:46:21,24302,4
2025-12-24 16:46:21,24303,4
2025-12-24 16:46:21,24305,4
2025-12-24 16:46:21,24306,4
2025-12-24 16:46:21,24307,4
2025-12-24 16:46:21,24308,4
2025-12-24 16:46:21,24312,4
2025-12-24 16:46:21,24313,4
2025-12-24 16:46:21,24314,4
2025-12-24 16:46:21,24317,1
2025-12-24 16:46:21,24318,4
2025-12-24 16:46:21,24320,4
2025-12-24 16:46:21,24322,4
2025-12-24 16:46:21,24323,4
2025-12-24 16:46:21,24326,4
2025-12-24 16:46:21,24327,1
2025-12-24 16:46:21,24328,4
2025-12-24 16:46:21,24329,4
2025-12-24 16:46:21,24331,4
2025-12-24 16:46:21,24334,4
2025-12-24 16:46:21,24335,4
2025-12-24 16:46:21,24337,1
2025-12-24 16:46:21,24339,4
2025-12-24 16:46:21,24340,4
2025-12-24 16:46:21,24341,4
2025-12-24 16:46:21,24342,4
2025-12-24 16:46:21,24343,4
2025-12-24 16:46:21,24344,4
2025-12-24 16:46:21,24345,4
2025-12-24 16:46:21,24346,4
2025-12-24 16:46:21,24347,4
2025-12-24 16:46:21,24348,1
2025-12-24 16:46:21,24349,1
2025-12-24 16:46:21,24351,4
2025-12-24 16:46:21,24352,1
2025-12-24 16:46:21,24353,4
2025-12-24 16:46:21,24354,4
2025-12-24 16:46:21,24355,4
2025-12-24 16:46:21,24356,4
2025-12-24 16:46:21,24357,4
2025-12-24 16:46:21,24358,4
2025-12-24 16:46:21,24362,4
2025-12-24 16:46:21,24364,4
2025-12-24 16:46:21,24366,4
2025-12-24 16:46:21,24369,2
2025-12-24 16:46:21,24370,4
2025-12-24 16:46:21,24371,1
2025-12-24 16:46:21,24373,4
2025-12-24 16:46:21,24374,4
2025-12-24 16:46:21,24376,1
2025-12-24 16:46:21,24377,4
2025-12-24 16:46:21,24379,4
2025-12-24 16:46:21,24380,4
2025-12-24 16:46:21,24381,4
2025-12-24 16:46:21,24382,4
2025-12-24 16:46:21,24384,4
2025-12-24 16:46:21,24386,4
2025-12-24 16:46:21,24387,4
2025-12-24 16:46:21,24388,4
2025-12-24 16:46:21,24389,1
2025-12-24 16:46:21,24390,4
2025-12-24 16:46:21,24391,4
2025-12-24 16:46:21,24392,4
2025-12-24 16:46:21,24395,4
2025-12-24 16:46:21,24398,4
2025-12-24 16:46:21,24399,1
2025-12-24 16:46:21,24400,1
2025-12-24 16:46:21,24402,4
2025-12-24 16:46:21,24405,4
2025-12-24 16:46:21,24408,4
2025-12-24 16:46:21,24409,1
2025-12-24 16:46:21,24411,4
2025-12-24 16:46:21,24415,4
2025-12-24 16:46:21,24416,4
2025-12-24 16:46:21,24417,4
2025-12-24 16:46:21,24418,4
2025-12-24 16:46:21,24421,4
2025-12-24 16:46:21,24422,4
2025-12-24 16:46:21,24424,4
2025-12-24 16:46:21,24425,4
2025-12-24 16:46:21,24428,4
2025-12-24 16:46:21,24430,4
2025-12-24 16:46:21,24432,4
2025-12-24 16:46:21,24433,4
2025-12-24 16:46:21,24434,4
2025-12-24 16:46:21,24435,4
2025-12-24 16:46:21,24436,4
2025-12-24 16:46:21,24437,4
2025-12-24 16:46:21,24439,4
2025-12-24 16:46:21,24441,4
2025-12-24 16:46:21,24442,4
2025-12-24 16:46:21,24443,1
2025-12-24 16:46:21,24445,4
2025-12-24 16:46:21,24446,4
2025-12-24 16:46:21,24450,4
2025-12-24 16:46:21,24452,4
2025-12-24 16:46:21,24453,4
2025-12-24 16:46:21,24455,2
2025-12-24 16:46:21,24456,4
2025-12-24 16:46:21,24458,4
2025-12-24 16:46:21,24459,4
2025-12-24 16:46:21,24461,4
2025-12-24 16:46:21,24463,4
2025-12-24 16:46:21,24465,4
2025-12-24 16:46:21,24467,4
2025-12-24 16:46:21,24468,4
2025-12-24 16:46:21,24470,4
2025-12-24 16:46:21,24471,4
2025-12-24 16:46:21,24472,4
2025-12-24 16:46:21,24474,4
2025-12-24 16:46:21,24476,1
2025-12-24 16:46:21,24477,4
2025-12-24 16:46:21,24480,4
2025-12-24 16:46:21,24481,1
2025-12-24 16:46:21,24485,4
2025-12-24 16:46:21,24486,4
2025-12-24 16:46:21,24487,4
2025-12-24 16:46:21,24488,4
2025-12-24 16:46:21,24489,4
2025-12-24 16:46:21,24493,4
2025-12-24 16:46:21,24496,4
2025-12-24 16:46:21,24499,4
2025-12-24 16:46:21,24500,4
2025-12-24 16:46:21,24503,4
2025-12-24 16:46:21,24504,4
2025-12-24 16:46:21,24505,4
2025-12-24 16:46:21,24507,4
2025-12-24 16:46:21,24508,4
2025-12-24 16:46:21,24509,4
2025-12-24 16:46:21,24512,4
2025-12-24 16:46:21,24513,4
2025-12-24 16:46:21,24514,4
2025-12-24 16:46:21,24516,4
2025-12-24 16:46:21,24517,4
2025-12-24 16:46:21,24519,4
2025-12-24 16:46:21,24522,4
2025-12-24 16:46:21,24523,4
2025-12-24 16:46:21,24525,4
2025-12-24 16:46:21,24527,4
2025-12-24 16:46:21,24529,1
2025-12-24 16:46:21,24531,4
2025-12-24 16:46:21,24533,2
2025-12-24 16:46:21,24534,4
2025-12-24 16:46:21,24535,1
2025-12-24 16:46:21,24536,1
2025-12-24 16:46:21,24537,4
2025-12-24 16:46:21,24538,4
2025-12-24 16:46:21,24539,4
2025-12-24 16:46:21,24542,4
2025-12-24 16:46:21,24544,4
2025-12-24 16:46:21,24545,4
2025-12-24 16:46:21,24546,4
2025-12-24 16:46:21,24547,4
2025-12-24 16:46:21,24548,4
2025-12-24 16:46:21,24549,4
2025-12-24 16:46:21,24551,4
2025-12-24 16:46:21,24552,4
2025-12-24 16:46:21,24553,4
2025-12-24 16:46:21,24554,4
2025-12-24 16:46:21,24555,4
2025-12-24 16:46:21,24556,4
2025-12-24 16:46:21,24557,4
2025-12-24 16:46:21,24558,4
2025-12-24 16:46:21,24559,4
2025-12-24 16:46:21,24560,4
2025-12-24 16:46:21,24561,4
2025-12-24 16:46:21,24563,4
2025-12-24 16:46:21,24564,4
2025-12-24 16:46:21,24565,4
2025-12-24 16:46:21,24566,4
2025-12-24 16:46:21,24568,1
2025-12-24 16:46:21,24569,4
2025-12-24 16:46:21,24570,4
2025-12-24 16:46:21,24571,4
2025-12-24 16:46:21,24573,4
2025-12-24 16:46:21,24574,4
2025-12-24 16:46:21,24578,4
2025-12-24 16:46:21,24580,4
2025-12-24 16:46:21,24581,4
2025-12-24 16:46:21,24583,4
2025-12-24 16:46:21,24584,4
2025-12-24 16:46:21,24586,1
2025-12-24 16:46:21,24587,4
2025-12-24 16:46:21,24588,4
2025-12-24 16:46:21,24589,4
2025-12-24 16:46:21,24590,4
2025-12-24 16:46:21,24595,4
2025-12-24 16:46:21,24596,4
2025-12-24 16:46:21,24599,4
2025-12-24 16:46:21,24601,4
2025-12-24 16:46:21,24602,4
2025-12-24 16:46:21,24603,4
2025-12-24 16:46:21,24604,4
2025-12-24 16:46:21,24605,4
2025-12-24 16:46:21,24606,4
2025-12-24 16:46:21,24607,4
2025-12-24 16:46:21,24609,4
2025-12-24 16:46:21,24611,1
2025-12-24 16:46:21,24613,4
2025-12-24 16:46:21,24616,4
2025-12-24 16:46:21,24617,4
2025-12-24 16:46:21,24618,4
2025-12-24 16:46:21,24619,4
2025-12-24 16:46:21,24620,4
2025-12-24 16:46:21,24622,4
2025-12-24 16:46:21,24624,4
2025-12-24 16:46:21,24625,4
2025-12-24 16:46:21,24627,4
2025-12-24 16:46:21,24628,4
2025-12-24 16:46:21,24632,4
2025-12-24 16:46:21,24633,1
2025-12-24 16:46:21,24634,1
2025-12-24 16:46:21,24635,4
2025-12-24 16:46:21,24636,4
2025-12-24 16:46:21,24637,4
2025-12-24 16:46:21,24638,4
2025-12-24 16:46:21,24639,4
2025-12-24 16:46:21,24640,4
2025-12-24 16:46:21,24641,1
2025-12-24 16:46:21,24643,4
2025-12-24 16:46:21,24644,4
2025-12-24 16:46:21,24645,4
2025-12-24 16:46:21,24646,1
2025-12-24 16:46:21,24647,4
2025-12-24 16:46:21,24650,4
2025-12-24 16:46:21,24652,4
2025-12-24 16:46:21,24654,4
2025-12-24 16:46:21,24658,4
2025-12-24 16:46:21,24659,4
2025-12-24 16:46:21,24660,4
2025-12-24 16:46:21,24661,4
2025-12-24 16:46:21,24662,4
2025-12-24 16:46:21,24664,1
2025-12-24 16:46:21,24665,4
2025-12-24 16:46:21,24671,4
2025-12-24 16:46:21,24673,4
2025-12-24 16:46:21,24674,4
2025-12-24 16:46:21,24676,4
2025-12-24 16:46:21,24677,4
2025-12-24 16:46:21,24679,1
2025-12-24 16:46:21,24680,4
2025-12-24 16:46:21,24681,1
2025-12-24 16:46:21,24684,2
2025-12-24 16:46:21,24685,4
2025-12-24 16:46:21,24686,4
2025-12-24 16:46:21,24689,1
2025-12-24 16:46:21,24691,4
2025-12-24 16:46:21,24692,4
2025-12-24 16:46:21,24694,4
2025-12-24 16:46:21,24695,4
2025-12-24 16:46:21,24696,4
2025-12-24 16:46:21,24698,4
2025-12-24 16:46:21,24701,4
2025-12-24 16:46:21,24703,4
2025-12-24 16:46:21,24705,1
2025-12-24 16:46:21,24708,4
2025-12-24 16:46:21,24710,4
2025-12-24 16:46:21,24711,4
2025-12-24 16:46:21,24712,4
2025-12-24 16:46:21,24715,4
2025-12-24 16:46:21,24717,1
2025-12-24 16:46:21,24718,4
2025-12-24 16:46:21,24719,4
2025-12-24 16:46:21,24720,1
2025-12-24 16:46:21,24721,4
2025-12-24 16:46:21,24723,4
2025-12-24 16:46:21,24724,4
2025-12-24 16:46:21,24727,4
2025-12-24 16:46:21,24729,4
2025-12-24 16:46:21,24730,4
2025-12-24 16:46:21,24731,4
2025-12-24 16:46:21,24732,4
2025-12-24 16:46:21,24735,1
2025-12-24 16:46:21,24739,4
2025-12-24 16:46:21,24740,4
2025-12-24 16:46:21,24741,4
2025-12-24 16:46:21,24742,1
2025-12-24 16:46:21,24744,1
2025-12-24 16:46:21,24745,4
2025-12-24 16:46:21,24746,4
2025-12-24 16:46:21,24747,4
2025-12-24 16:46:21,24750,4
2025-12-24 16:46:21,24752,1
2025-12-24 16:46:21,24753,4
2025-12-24 16:46:21,24754,4
2025-12-24 16:46:21,24756,4
2025-12-24 16:46:21,24757,4
2025-12-24 16:46:21,24759,4
2025-12-24 16:46:21,24760,4
2025-12-24 16:46:21,24764,4
2025-12-24 16:46:21,24765,4
2025-12-24 16:46:21,24769,1
2025-12-24 16:46:21,24773,1
2025-12-24 16:46:21,24774,4
2025-12-24 16:46:21,24775,4
2025-12-24 16:46:21,24777,1
2025-12-24 16:46:21,24779,1
2025-12-24 16:46:21,24780,4
2025-12-24 16:46:21,24781,4
2025-12-24 16:46:21,24782,4
2025-12-24 16:46:21,24783,4
2025-12-24 16:46:21,24784,4
2025-12-24 16:46:21,24786,1
2025-12-24 16:46:21,24787,1
2025-12-24 16:46:21,24790,4
2025-12-24 16:46:21,24791,4
2025-12-24 16:46:21,24792,1
2025-12-24 16:46:21,24793,4
2025-12-24 16:46:21,24796,4
2025-12-24 16:46:21,24797,4
2025-12-24 16:46:21,24798,4
2025-12-24 16:46:21,24799,1
2025-12-24 16:46:21,24800,4
2025-12-24 16:46:21,24801,4
2025-12-24 16:46:21,24802,4
2025-12-24 16:46:21,24803,4
2025-12-24 16:46:21,24804,4
2025-12-24 16:46:21,24805,4
2025-12-24 16:46:21,24806,4
2025-12-24 16:46:21,24807,4
2025-12-24 16:46:21,24808,4
2025-12-24 16:46:21,24809,4
2025-12-24 16:46:21,24811,1
2025-12-24 16:46:21,24812,4
2025-12-24 16:46:21,24813,4
2025-12-24 16:46:21,24815,4
2025-12-24 16:46:21,24816,4
2025-12-24 16:46:21,24817,4
2025-12-24 16:46:21,24818,4
2025-12-24 16:46:21,24819,1
2025-12-24 16:46:21,24820,4
2025-12-24 16:46:21,24822,4
2025-12-24 16:46:21,24823,1
2025-12-24 16:46:21,24824,4
2025-12-24 16:46:21,24825,4
2025-12-24 16:46:21,24827,4
2025-12-24 16:46:21,24828,3
2025-12-24 16:46:21,24829,4
2025-12-24 16:46:21,24830,4
2025-12-24 16:46:21,24832,4
2025-12-24 16:46:21,24833,4
2025-12-24 16:46:21,24836,4
2025-12-24 16:46:21,24838,4
2025-12-24 16:46:21,24841,4
2025-12-24 16:46:21,24842,4
2025-12-24 16:46:21,24843,4
2025-12-24 16:46:21,24844,4
2025-12-24 16:46:21,24845,4
2025-12-24 16:46:21,24847,4
2025-12-24 16:46:21,24848,4
2025-12-24 16:46:21,24849,4
2025-12-24 16:46:21,24851,4
2025-12-24 16:46:21,24854,4
2025-12-24 16:46:21,24860,4
2025-12-24 16:46:21,24861,4
2025-12-24 16:46:21,24863,4
2025-12-24 16:46:21,24866,4
2025-12-24 16:46:21,24867,4
2025-12-24 16:46:21,24870,4
2025-12-24 16:46:21,24871,1
2025-12-24 16:46:21,24873,4
2025-12-24 16:46:21,24874,4
2025-12-24 16:46:21,24875,4
2025-12-24 16:46:21,24876,4
2025-12-24 16:46:21,24877,4
2025-12-24 16:46:21,24878,4
2025-12-24 16:46:21,24879,4
2025-12-24 16:46:21,24881,4
2025-12-24 16:46:21,24884,4
2025-12-24 16:46:21,24886,4
2025-12-24 16:46:21,24888,1
2025-12-24 16:46:21,24889,1
2025-12-24 16:46:21,24890,4
2025-12-24 16:46:21,24891,4
2025-12-24 16:46:21,24893,4
2025-12-24 16:46:21,24897,4
2025-12-24 16:46:21,24898,4
2025-12-24 16:46:21,24901,4
2025-12-24 16:46:21,24902,4
2025-12-24 16:46:21,24903,4
2025-12-24 16:46:21,24904,1
2025-12-24 16:46:21,24905,4
2025-12-24 16:46:21,24906,1
2025-12-24 16:46:21,24907,4
2025-12-24 16:46:21,24908,4
2025-12-24 16:46:21,24909,4
2025-12-24 16:46:21,24910,4
2025-12-24 16:46:21,24911,4
2025-12-24 16:46:21,24917,4
2025-12-24 16:46:21,24918,4
2025-12-24 16:46:21,24920,4
2025-12-24 16:46:21,24921,4
2025-12-24 16:46:21,24922,4
2025-12-24 16:46:21,24925,1
2025-12-24 16:46:21,24926,4
2025-12-24 16:46:21,24928,4
2025-12-24 16:46:21,24929,4
2025-12-24 16:46:21,24931,4
2025-12-24 16:46:21,24932,1
2025-12-24 16:46:21,24934,2
2025-12-24 16:46:21,24935,4
2025-12-24 16:46:21,24941,4
2025-12-24 16:46:21,24943,4
2025-12-24 16:46:21,24944,4
2025-12-24 16:46:21,24945,4
2025-12-24 16:46:21,24946,4
2025-12-24 16:46:21,24947,4
2025-12-24 16:46:21,24948,4
2025-12-24 16:46:21,24949,4
2025-12-24 16:46:21,24950,1
2025-12-24 16:46:21,24952,4
2025-12-24 16:46:21,24954,4
2025-12-24 16:46:21,24955,4
2025-12-24 16:46:21,24956,4
2025-12-24 16:46:21,24957,4
2025-12-24 16:46:21,24958,4
2025-12-24 16:46:21,24962,1
2025-12-24 16:46:21,24963,4
2025-12-24 16:46:21,24964,4
2025-12-24 16:46:21,24968,4
2025-12-24 16:46:21,24970,4
2025-12-24 16:46:21,24971,4
2025-12-24 16:46:21,24973,4
2025-12-24 16:46:21,24974,4
2025-12-24 16:46:21,24977,4
2025-12-24 16:46:21,24978,4
2025-12-24 16:46:21,24979,4
2025-12-24 16:46:21,24981,4
2025-12-24 16:46:21,24983,4
2025-12-24 16:46:21,24984,4
2025-12-24 16:46:21,24985,1
2025-12-24 16:46:21,24987,4
2025-12-24 16:46:21,24988,4
2025-12-24 16:46:21,24990,4
2025-12-24 16:46:21,24992,4
2025-12-24 16:46:21,24997,4
2025-12-24 16:46:21,24998,4
2025-12-24 16:46:21,24999,4
2025-12-24 16:46:21,25000,1
2025-12-24 16:46:21,25001,4
2025-12-24 16:46:21,25003,4
2025-12-24 16:46:21,25004,4
2025-12-24 16:46:21,25005,4
2025-12-24 16:46:21,25007,4
2025-12-24 16:46:21,25008,4
2025-12-24 16:46:21,25009,4
2025-12-24 16:46:21,25010,4
2025-12-24 16:46:21,25011,1
2025-12-24 16:46:21,25012,4
2025-12-24 16:46:21,25013,4
2025-12-24 16:46:21,25014,4
2025-12-24 16:46:21,25017,4
2025-12-24 16:46:21,25018,4
2025-12-24 16:46:21,25020,4
2025-12-24 16:46:21,25022,4
2025-12-24 16:46:21,25023,4
2025-12-24 16:46:21,25024,4
2025-12-24 16:46:21,25025,4
2025-12-24 16:46:21,25026,4
2025-12-24 16:46:21,25027,4
2025-12-24 16:46:21,25029,4
2025-12-24 16:46:21,25030,4
2025-12-24 16:46:21,25031,4
2025-12-24 16:46:21,25032,4
2025-12-24 16:46:21,25036,4
2025-12-24 16:46:21,25037,4
2025-12-24 16:46:21,25039,4
2025-12-24 16:46:21,25040,4
2025-12-24 16:46:21,25043,4
2025-12-24 16:46:21,25044,4
2025-12-24 16:46:21,25045,4
2025-12-24 16:46:21,25046,4
2025-12-24 16:46:21,25048,4
2025-12-24 16:46:21,25049,2
2025-12-24 16:46:21,25051,4
2025-12-24 16:46:21,25053,4
2025-12-24 16:46:21,25056,4
2025-12-24 16:46:21,25057,4
2025-12-24 16:46:21,25060,4
2025-12-24 16:46:21,25063,1
2025-12-24 16:46:21,25064,4
2025-12-24 16:46:21,25065,4
2025-12-24 16:46:21,25066,1
2025-12-24 16:46:21,25068,1
2025-12-24 16:46:21,25069,1
2025-12-24 16:46:21,25071,4
2025-12-24 16:46:21,25072,4
2025-12-24 16:46:21,25074,4
2025-12-24 16:46:21,25075,4
2025-12-24 16:46:21,25076,4
2025-12-24 16:46:21,25078,4
2025-12-24 16:46:21,25081,4
2025-12-24 16:46:21,25082,4
2025-12-24 16:46:21,25083,1
2025-12-24 16:46:21,25085,1
2025-12-24 16:46:21,25086,4
2025-12-24 16:46:21,25087,4
2025-12-24 16:46:21,25088,4
2025-12-24 16:46:21,25089,4
2025-12-24 16:46:21,25091,4
2025-12-24 16:46:21,25093,4
2025-12-24 16:46:21,25095,1
2025-12-24 16:46:21,25099,1
2025-12-24 16:46:21,25100,1
2025-12-24 16:46:21,25103,1
2025-12-24 16:46:21,25105,4
2025-12-24 16:46:21,25106,4
2025-12-24 16:46:21,25107,1
2025-12-24 16:46:21,25109,1
2025-12-24 16:46:21,25110,4
2025-12-24 16:46:21,25111,4
2025-12-24 16:46:21,25112,4
2025-12-24 16:46:21,25113,4
2025-12-24 16:46:21,25114,4
2025-12-24 16:46:21,25115,4
2025-12-24 16:46:21,25116,4
2025-12-24 16:46:21,25118,1
2025-12-24 16:46:21,25119,4
2025-12-24 16:46:21,25120,4
2025-12-24 16:46:21,25122,4
2025-12-24 16:46:21,25123,4
2025-12-24 16:46:21,25124,4
2025-12-24 16:46:21,25125,4
2025-12-24 16:46:21,25126,4
2025-12-24 16:46:21,25127,4
2025-12-24 16:46:21,25129,4
2025-12-24 16:46:21,25130,4
2025-12-24 16:46:21,25132,4
2025-12-24 16:46:21,25133,4
2025-12-24 16:46:21,25135,4
2025-12-24 16:46:21,25136,1
2025-12-24 16:46:21,25138,4
2025-12-24 16:46:21,25140,4
2025-12-24 16:46:21,25141,4
2025-12-24 16:46:21,25142,4
2025-12-24 16:46:21,25143,4
2025-12-24 16:46:21,25144,4
2025-12-24 16:46:21,25153,4
2025-12-24 16:46:21,25156,1
2025-12-24 16:46:21,25159,1
2025-12-24 16:46:21,25160,4
2025-12-24 16:46:21,25162,4
2025-12-24 16:46:21,25163,1
2025-12-24 16:46:21,25165,4
2025-12-24 16:46:21,25166,4
2025-12-24 16:46:21,25167,4
2025-12-24 16:46:21,25170,4
2025-12-24 16:46:21,25171,4
2025-12-24 16:46:21,25173,4
2025-12-24 16:46:21,25174,4
2025-12-24 16:46:21,25175,4
2025-12-24 16:46:21,25179,4
2025-12-24 16:46:21,25180,4
2025-12-24 16:46:21,25181,4
2025-12-24 16:46:21,25183,4
2025-12-24 16:46:21,25185,4
2025-12-24 16:46:21,25186,4
2025-12-24 16:46:21,25187,4
2025-12-24 16:46:21,25189,4
2025-12-24 16:46:21,25191,4
2025-12-24 16:46:21,25192,4
2025-12-24 16:46:21,25194,1
