timestamp,predicted_label,true_label,confidence,alert,severity
2026-01-06 07:25:50,DoS,DoS,0.975,YES,High
2026-01-06 07:25:50,U2R,U2R,1.0,YES,Critical
2026-01-06 07:25:50,R2L,R2L,0.99,YES,Medium
2026-01-06 07:25:50,R2L,R2L,1.0,YES,Medium
2026-01-06 07:25:50,DoS,DoS,1.0,YES,High
2026-01-06 07:25:50,R2L,R2L,1.0,YES,Medium
2026-01-06 07:25:50,R2L,R2L,1.0,YES,Medium
2026-01-06 07:25:50,R2L,R2L,1.0,YES,Medium
2026-01-06 07:25:50,U2R,U2R,1.0,YES,Critical
2026-01-06 07:25:50,Probe,Probe,0.99,YES,High
2026-01-06 07:25:50,R2L,R2L,1.0,YES,Medium
2026-01-06 07:25:50,U2R,U2R,1.0,YES,Critical
2026-01-06 07:25:50,R2L,R2L,1.0,YES,Medium
2026-01-06 07:25:50,Probe,Probe,1.0,YES,High
2026-01-06 07:25:50,Probe,Probe,1.0,YES,High
2026-01-06 07:25:50,Probe,Probe,1.0,YES,High
2026-01-06 07:25:50,Probe,Probe,1.0,YES,High
2026-01-06 07:25:50,U2R,U2R,1.0,YES,Critical
2026-01-06 07:25:50,Probe,Probe,1.0,YES,High
2026-01-06 07:25:50,DoS,DoS,1.0,YES,High
2026-01-06 07:25:50,Probe,Probe,1.0,YES,High
2026-01-06 07:25:50,DoS,DoS,1.0,YES,High
2026-01-06 07:25:50,Probe,Probe,1.0,YES,High
2026-01-06 07:25:50,U2R,U2R,1.0,YES,Critical
2026-01-06 07:25:50,U2R,U2R,1.0,YES,Critical
2026-01-06 07:25:50,Probe,Probe,1.0,YES,High
2026-01-06 07:25:50,U2R,U2R,1.0,YES,Critical
2026-01-06 07:25:50,R2L,R2L,1.0,YES,Medium
2026-01-06 07:25:50,Probe,Probe,1.0,YES,High
2026-01-06 07:25:50,R2L,R2L,1.0,YES,Medium
2026-01-06 07:25:50,R2L,R2L,1.0,YES,Medium
2026-01-06 07:25:50,Probe,Probe,1.0,YES,High
2026-01-06 07:25:50,U2R,U2R,1.0,YES,Critical
2026-01-06 07:25:51,R2L,R2L,1.0,YES,Medium
2026-01-06 07:25:51,U2R,U2R,0.99,YES,Critical
2026-01-06 07:25:51,R2L,R2L,1.0,YES,Medium
2026-01-06 07:25:51,Probe,Probe,1.0,YES,High
2026-01-06 07:25:51,DoS,DoS,1.0,YES,High
2026-01-06 07:25:51,U2R,U2R,1.0,YES,Critical
2026-01-06 07:25:51,R2L,R2L,1.0,YES,Medium
2026-01-06 07:25:51,R2L,R2L,1.0,YES,Medium
2026-01-06 07:25:51,Probe,Probe,1.0,YES,High
2026-01-06 07:25:51,DoS,DoS,1.0,YES,High
2026-01-06 07:25:51,U2R,U2R,1.0,YES,Critical
2026-01-06 07:25:51,R2L,R2L,1.0,YES,Medium
2026-01-06 07:25:51,DoS,DoS,1.0,YES,High
2026-01-06 07:25:51,R2L,R2L,1.0,YES,Medium
2026-01-06 07:25:51,Probe,Probe,1.0,YES,High
2026-01-06 07:25:51,U2R,U2R,1.0,YES,Critical
2026-01-06 07:25:51,DoS,DoS,1.0,YES,High
2026-01-06 07:25:51,R2L,R2L,1.0,YES,Medium
2026-01-06 07:25:51,R2L,R2L,0.999,YES,Medium
2026-01-06 07:25:51,U2R,U2R,1.0,YES,Critical
2026-01-06 07:25:51,U2R,U2R,1.0,YES,Critical
2026-01-06 07:25:51,R2L,R2L,1.0,YES,Medium
2026-01-06 07:25:51,DoS,DoS,1.0,YES,High
2026-01-06 07:25:51,DoS,DoS,1.0,YES,High
2026-01-06 07:25:51,Probe,Probe,1.0,YES,High
2026-01-06 07:25:51,U2R,U2R,1.0,YES,Critical
2026-01-06 07:25:51,R2L,R2L,1.0,YES,Medium
2026-01-06 07:25:51,U2R,U2R,1.0,YES,Critical
2026-01-06 07:25:51,DoS,DoS,1.0,YES,High
2026-01-06 07:25:51,U2R,U2R,1.0,YES,Critical
2026-01-06 07:25:51,R2L,R2L,0.995,YES,Medium
2026-01-06 07:25:51,U2R,U2R,1.0,YES,Critical
2026-01-06 07:25:51,DoS,DoS,1.0,YES,High
2026-01-06 07:25:51,Probe,Probe,1.0,YES,High
2026-01-06 07:25:51,U2R,U2R,1.0,YES,Critical
2026-01-06 07:25:51,R2L,R2L,1.0,YES,Medium
2026-01-06 07:25:51,U2R,U2R,1.0,YES,Critical
2026-01-06 07:25:51,Probe,Probe,1.0,YES,High
2026-01-06 07:25:51,DoS,DoS,1.0,YES,High
2026-01-06 07:25:51,R2L,R2L,1.0,YES,Medium
2026-01-06 07:25:51,Probe,Probe,1.0,YES,High
2026-01-06 07:25:51,U2R,U2R,1.0,YES,Critical
2026-01-06 07:25:51,R2L,R2L,0.995,YES,Medium
2026-01-06 07:25:51,DoS,DoS,0.975,YES,High
2026-01-06 07:25:51,Probe,Probe,0.995,YES,High
2026-01-06 07:25:51,U2R,U2R,0.98,YES,Critical
2026-01-06 07:25:51,R2L,R2L,1.0,YES,Medium
2026-01-06 07:25:51,Probe,Probe,1.0,YES,High
2026-01-06 07:25:51,R2L,R2L,0.995,YES,Medium
2026-01-06 07:25:51,R2L,R2L,1.0,YES,Medium
2026-01-06 07:25:51,U2R,U2R,1.0,YES,Critical
2026-01-06 07:25:51,R2L,R2L,1.0,YES,Medium
2026-01-06 07:25:51,Probe,Probe,1.0,YES,High
2026-01-06 07:25:51,U2R,U2R,1.0,YES,Critical
2026-01-06 07:25:51,U2R,U2R,1.0,YES,Critical
2026-01-06 07:25:51,R2L,R2L,1.0,YES,Medium
2026-01-06 07:25:51,Probe,Probe,1.0,YES,High
2026-01-06 07:25:51,Probe,Probe,1.0,YES,High
2026-01-06 07:25:52,DoS,DoS,1.0,YES,High
2026-01-06 07:25:52,DoS,DoS,1.0,YES,High
2026-01-06 07:25:52,DoS,DoS,1.0,YES,High
2026-01-06 07:25:52,Probe,Probe,1.0,YES,High
2026-01-06 07:25:52,DoS,DoS,1.0,YES,High
2026-01-06 07:25:52,U2R,U2R,1.0,YES,Critical
2026-01-06 07:25:52,DoS,DoS,1.0,YES,High
2026-01-06 07:25:52,Probe,Probe,1.0,YES,High
2026-01-06 07:25:52,DoS,DoS,1.0,YES,High
2026-01-06 07:25:52,R2L,R2L,1.0,YES,Medium
2026-01-06 07:25:52,Probe,Probe,1.0,YES,High
2026-01-06 07:25:52,Probe,Probe,1.0,YES,High
2026-01-06 07:25:52,DoS,DoS,1.0,YES,High
2026-01-06 07:25:52,DoS,DoS,1.0,YES,High
2026-01-06 07:25:52,R2L,R2L,1.0,YES,Medium
2026-01-06 07:25:52,U2R,U2R,1.0,YES,Critical
2026-01-06 07:25:52,U2R,U2R,1.0,YES,Critical
2026-01-06 07:25:52,DoS,DoS,1.0,YES,High
2026-01-06 07:25:52,U2R,U2R,1.0,YES,Critical
2026-01-06 07:25:52,U2R,U2R,1.0,YES,Critical
2026-01-06 07:25:52,U2R,U2R,1.0,YES,Critical
2026-01-06 07:25:52,DoS,DoS,1.0,YES,High
2026-01-06 07:25:52,Probe,Probe,1.0,YES,High
2026-01-06 07:25:52,Probe,Probe,1.0,YES,High
2026-01-06 07:25:52,U2R,U2R,1.0,YES,Critical
2026-01-06 07:25:52,U2R,U2R,1.0,YES,Critical
2026-01-06 07:25:52,R2L,R2L,1.0,YES,Medium
2026-01-06 07:25:52,DoS,DoS,1.0,YES,High
2026-01-06 07:25:52,R2L,R2L,1.0,YES,Medium
2026-01-06 07:25:52,DoS,DoS,1.0,YES,High
2026-01-06 07:25:52,DoS,DoS,1.0,YES,High
2026-01-06 07:25:52,Probe,Probe,1.0,YES,High
2026-01-06 07:25:52,R2L,R2L,1.0,YES,Medium
2026-01-06 07:25:52,U2R,U2R,1.0,YES,Critical
2026-01-06 07:25:52,Probe,Probe,0.98,YES,High
2026-01-06 07:25:52,Probe,Probe,1.0,YES,High
2026-01-06 07:25:52,DoS,DoS,1.0,YES,High
2026-01-06 07:25:52,R2L,R2L,1.0,YES,Medium
2026-01-06 07:25:52,R2L,R2L,1.0,YES,Medium
2026-01-06 07:25:52,R2L,R2L,1.0,YES,Medium
2026-01-06 07:25:52,R2L,R2L,1.0,YES,Medium
2026-01-06 07:25:52,DoS,DoS,1.0,YES,High
2026-01-06 07:25:52,R2L,R2L,1.0,YES,Medium
2026-01-06 07:25:52,U2R,U2R,1.0,YES,Critical
2026-01-06 07:25:53,R2L,R2L,1.0,YES,Medium
2026-01-06 07:25:53,DoS,DoS,1.0,YES,High
2026-01-06 07:25:53,Probe,Probe,0.985,YES,High
2026-01-06 07:25:53,DoS,DoS,0.985,YES,High
2026-01-06 07:25:53,DoS,DoS,1.0,YES,High
2026-01-06 07:25:53,Probe,Probe,1.0,YES,High
2026-01-06 07:25:53,Probe,Probe,1.0,YES,High
2026-01-06 07:25:53,DoS,DoS,1.0,YES,High
2026-01-06 07:25:53,Probe,Probe,1.0,YES,High
2026-01-06 07:25:53,R2L,R2L,1.0,YES,Medium
2026-01-06 07:25:53,DoS,DoS,1.0,YES,High
2026-01-06 07:25:53,U2R,U2R,1.0,YES,Critical
2026-01-06 07:25:53,Probe,Probe,1.0,YES,High
2026-01-06 07:25:53,DoS,DoS,1.0,YES,High
2026-01-06 07:25:53,DoS,DoS,1.0,YES,High
2026-01-06 07:25:53,DoS,DoS,0.995,YES,High
2026-01-06 07:25:53,Probe,Probe,1.0,YES,High
2026-01-06 07:25:53,U2R,U2R,1.0,YES,Critical
2026-01-06 07:25:53,DoS,DoS,1.0,YES,High
2026-01-06 07:25:53,U2R,U2R,1.0,YES,Critical
2026-01-06 07:25:53,DoS,DoS,1.0,YES,High
2026-01-06 07:25:53,U2R,U2R,1.0,YES,Critical
2026-01-06 07:25:53,U2R,U2R,1.0,YES,Critical
2026-01-06 07:25:53,Probe,Probe,1.0,YES,High
2026-01-06 07:25:53,DoS,DoS,1.0,YES,High
2026-01-06 07:25:53,R2L,R2L,1.0,YES,Medium
2026-01-06 07:25:53,DoS,DoS,1.0,YES,High
2026-01-06 07:25:53,DoS,DoS,1.0,YES,High
2026-01-06 07:25:53,Probe,Probe,0.99,YES,High
2026-01-06 07:25:53,U2R,U2R,1.0,YES,Critical
2026-01-06 07:25:53,DoS,DoS,1.0,YES,High
2026-01-06 07:25:53,DoS,DoS,1.0,YES,High
2026-01-06 07:25:54,R2L,R2L,1.0,YES,Medium
2026-01-06 07:25:54,U2R,U2R,1.0,YES,Critical
2026-01-06 07:25:54,DoS,DoS,1.0,YES,High
2026-01-06 07:25:54,U2R,U2R,0.99,YES,Critical
2026-01-06 07:25:54,R2L,R2L,1.0,YES,Medium
2026-01-06 07:25:54,U2R,U2R,1.0,YES,Critical
2026-01-06 07:25:54,DoS,DoS,1.0,YES,High
2026-01-06 07:25:54,U2R,U2R,1.0,YES,Critical
2026-01-06 07:25:54,R2L,R2L,1.0,YES,Medium
2026-01-06 07:25:54,R2L,R2L,1.0,YES,Medium
2026-01-06 07:25:54,R2L,R2L,0.975,YES,Medium
2026-01-06 07:25:54,DoS,DoS,1.0,YES,High
2026-01-06 07:25:54,DoS,DoS,1.0,YES,High
2026-01-06 07:25:54,Probe,Probe,1.0,YES,High
2026-01-06 07:25:54,Probe,Probe,1.0,YES,High
2026-01-06 07:25:54,Probe,Probe,1.0,YES,High
2026-01-06 07:25:54,R2L,R2L,1.0,YES,Medium
2026-01-06 07:25:54,DoS,DoS,1.0,YES,High
2026-01-06 07:25:54,U2R,U2R,1.0,YES,Critical
2026-01-06 07:25:54,U2R,U2R,1.0,YES,Critical
2026-01-06 07:25:54,DoS,DoS,1.0,YES,High
2026-01-06 07:25:54,DoS,DoS,1.0,YES,High
2026-01-06 07:25:54,Probe,Probe,1.0,YES,High
2026-01-06 07:25:54,U2R,U2R,1.0,YES,Critical
2026-01-06 07:25:54,R2L,R2L,0.995,YES,Medium
2026-01-06 07:25:54,Probe,Probe,1.0,YES,High
2026-01-06 07:25:54,DoS,DoS,1.0,YES,High
2026-01-06 07:25:54,U2R,U2R,1.0,YES,Critical
2026-01-06 07:25:54,R2L,R2L,1.0,YES,Medium
2026-01-06 07:25:54,DoS,DoS,1.0,YES,High
2026-01-06 07:25:54,U2R,U2R,1.0,YES,Critical
2026-01-06 07:25:54,R2L,R2L,1.0,YES,Medium
2026-01-06 07:25:54,DoS,DoS,1.0,YES,High
2026-01-06 07:25:54,DoS,DoS,1.0,YES,High
2026-01-06 07:25:54,Probe,Probe,1.0,YES,High
2026-01-06 07:25:54,U2R,U2R,1.0,YES,Critical
2026-01-06 07:25:54,U2R,U2R,1.0,YES,Critical
2026-01-06 07:25:55,R2L,R2L,1.0,YES,Medium
2026-01-06 07:25:55,DoS,DoS,1.0,YES,High
2026-01-06 07:25:55,R2L,R2L,1.0,YES,Medium
2026-01-06 07:25:55,Probe,Probe,1.0,YES,High
2026-01-06 07:25:55,R2L,R2L,1.0,YES,Medium
2026-01-06 07:25:55,DoS,DoS,1.0,YES,High
2026-01-06 07:25:55,R2L,R2L,1.0,YES,Medium
2026-01-06 07:25:55,U2R,U2R,1.0,YES,Critical
2026-01-06 07:25:55,U2R,U2R,1.0,YES,Critical
2026-01-06 07:25:55,U2R,U2R,1.0,YES,Critical
2026-01-06 07:25:55,R2L,R2L,1.0,YES,Medium
2026-01-06 07:25:55,Probe,Probe,1.0,YES,High
2026-01-06 07:25:55,U2R,U2R,1.0,YES,Critical
2026-01-06 07:25:55,R2L,R2L,1.0,YES,Medium
2026-01-06 07:25:55,Probe,Probe,1.0,YES,High
2026-01-06 07:25:55,U2R,U2R,1.0,YES,Critical
2026-01-06 07:25:55,U2R,U2R,1.0,YES,Critical
2026-01-06 07:25:55,U2R,U2R,1.0,YES,Critical
2026-01-06 07:25:55,R2L,R2L,1.0,YES,Medium
2026-01-06 07:25:55,Probe,Probe,1.0,YES,High
2026-01-06 07:25:55,U2R,U2R,1.0,YES,Critical
2026-01-06 07:25:55,Probe,Probe,1.0,YES,High
2026-01-06 07:25:55,R2L,R2L,1.0,YES,Medium
2026-01-06 07:25:55,Probe,Probe,1.0,YES,High
2026-01-06 07:25:55,DoS,DoS,1.0,YES,High
2026-01-06 07:25:55,DoS,DoS,1.0,YES,High
2026-01-06 07:25:55,R2L,R2L,1.0,YES,Medium
2026-01-06 07:25:55,DoS,DoS,1.0,YES,High
2026-01-06 07:25:55,R2L,R2L,1.0,YES,Medium
2026-01-06 07:25:55,DoS,DoS,1.0,YES,High
2026-01-06 07:25:55,DoS,DoS,1.0,YES,High
2026-01-06 07:25:55,U2R,U2R,1.0,YES,Critical
2026-01-06 07:25:55,DoS,DoS,1.0,YES,High
2026-01-06 07:25:55,R2L,R2L,1.0,YES,Medium
2026-01-06 07:25:55,U2R,U2R,1.0,YES,Critical
2026-01-06 07:25:55,Probe,Probe,1.0,YES,High
2026-01-06 07:25:56,R2L,R2L,1.0,YES,Medium
2026-01-06 07:25:56,R2L,R2L,1.0,YES,Medium
2026-01-06 07:25:56,U2R,U2R,1.0,YES,Critical
2026-01-06 07:25:56,Probe,Probe,1.0,YES,High
2026-01-06 07:25:56,R2L,R2L,1.0,YES,Medium
2026-01-06 07:25:56,U2R,U2R,1.0,YES,Critical
2026-01-06 07:25:56,R2L,R2L,1.0,YES,Medium
2026-01-06 07:25:56,U2R,U2R,1.0,YES,Critical
2026-01-06 07:25:56,R2L,R2L,0.995,YES,Medium
2026-01-06 07:25:56,Probe,Probe,1.0,YES,High
2026-01-06 07:25:56,U2R,U2R,1.0,YES,Critical
2026-01-06 07:25:56,R2L,R2L,1.0,YES,Medium
2026-01-06 07:25:56,R2L,R2L,1.0,YES,Medium
2026-01-06 07:25:56,DoS,DoS,1.0,YES,High
2026-01-06 07:25:56,DoS,DoS,1.0,YES,High
2026-01-06 07:25:56,Probe,Probe,1.0,YES,High
2026-01-06 07:25:56,Probe,Probe,1.0,YES,High
2026-01-06 07:25:56,DoS,DoS,1.0,YES,High
2026-01-06 07:25:56,Probe,Probe,0.995,YES,High
2026-01-06 07:25:56,U2R,U2R,1.0,YES,Critical
2026-01-06 07:25:56,DoS,DoS,1.0,YES,High
2026-01-06 07:25:56,DoS,DoS,1.0,YES,High
2026-01-06 07:25:56,U2R,U2R,0.995,YES,Critical
2026-01-06 07:25:56,Probe,Probe,1.0,YES,High
2026-01-06 07:25:56,U2R,U2R,1.0,YES,Critical
2026-01-06 07:25:56,Probe,Probe,0.999,YES,High
2026-01-06 07:25:56,R2L,R2L,1.0,YES,Medium
2026-01-06 07:25:56,R2L,R2L,1.0,YES,Medium
2026-01-06 07:25:56,Probe,Probe,1.0,YES,High
2026-01-06 07:25:56,Probe,Probe,1.0,YES,High
2026-01-06 07:25:56,R2L,R2L,1.0,YES,Medium
2026-01-06 07:25:56,R2L,R2L,0.996,YES,Medium
2026-01-06 07:25:56,DoS,DoS,1.0,YES,High
2026-01-06 07:25:56,Probe,Probe,0.995,YES,High
2026-01-06 07:25:56,Probe,Probe,1.0,YES,High
2026-01-06 07:25:56,Probe,Probe,1.0,YES,High
2026-01-06 07:25:56,R2L,R2L,1.0,YES,Medium
2026-01-06 07:25:56,Probe,Probe,1.0,YES,High
2026-01-06 07:25:56,Probe,Probe,1.0,YES,High
2026-01-06 07:25:56,U2R,U2R,1.0,YES,Critical
2026-01-06 07:25:56,R2L,R2L,1.0,YES,Medium
2026-01-06 07:25:56,Probe,Probe,1.0,YES,High
2026-01-06 07:25:56,Probe,Probe,1.0,YES,High
2026-01-06 07:25:56,R2L,R2L,1.0,YES,Medium
2026-01-06 07:25:56,Probe,Probe,1.0,YES,High
2026-01-06 07:25:56,R2L,R2L,1.0,YES,Medium
2026-01-06 07:25:56,DoS,DoS,1.0,YES,High
2026-01-06 07:25:56,U2R,U2R,1.0,YES,Critical
2026-01-06 07:25:56,R2L,R2L,1.0,YES,Medium
2026-01-06 07:25:56,R2L,R2L,1.0,YES,Medium
2026-01-06 07:25:56,U2R,U2R,1.0,YES,Critical
2026-01-06 07:25:56,R2L,R2L,1.0,YES,Medium
2026-01-06 07:25:56,R2L,R2L,1.0,YES,Medium
2026-01-06 07:25:56,DoS,DoS,1.0,YES,High
2026-01-06 07:25:56,U2R,U2R,1.0,YES,Critical
2026-01-06 07:25:56,R2L,R2L,1.0,YES,Medium
2026-01-06 07:25:57,R2L,R2L,1.0,YES,Medium
2026-01-06 07:25:57,Probe,Probe,1.0,YES,High
2026-01-06 07:25:57,R2L,R2L,1.0,YES,Medium
2026-01-06 07:25:57,DoS,DoS,1.0,YES,High
2026-01-06 07:25:57,DoS,DoS,1.0,YES,High
2026-01-06 07:25:57,Probe,Probe,1.0,YES,High
2026-01-06 07:25:57,R2L,R2L,1.0,YES,Medium
2026-01-06 07:25:57,DoS,DoS,1.0,YES,High
2026-01-06 07:25:57,U2R,U2R,1.0,YES,Critical
2026-01-06 07:25:57,U2R,U2R,1.0,YES,Critical
2026-01-06 07:25:57,DoS,DoS,1.0,YES,High
2026-01-06 07:25:57,U2R,U2R,1.0,YES,Critical
2026-01-06 07:25:57,U2R,U2R,1.0,YES,Critical
2026-01-06 07:25:57,R2L,R2L,1.0,YES,Medium
2026-01-06 07:25:57,U2R,U2R,1.0,YES,Critical
2026-01-06 07:25:57,R2L,R2L,1.0,YES,Medium
2026-01-06 07:25:57,R2L,R2L,1.0,YES,Medium
2026-01-06 07:25:57,U2R,U2R,1.0,YES,Critical
2026-01-06 07:25:57,DoS,DoS,1.0,YES,High
2026-01-06 07:25:57,Probe,Probe,1.0,YES,High
2026-01-06 07:25:57,Probe,Probe,1.0,YES,High
2026-01-06 07:25:57,Probe,Probe,1.0,YES,High
2026-01-06 07:25:57,Probe,Probe,1.0,YES,High
2026-01-06 07:25:57,Probe,Probe,1.0,YES,High
2026-01-06 07:25:57,Probe,Probe,1.0,YES,High
2026-01-06 07:25:57,DoS,DoS,1.0,YES,High
2026-01-06 07:25:57,U2R,U2R,1.0,YES,Critical
2026-01-06 07:25:57,R2L,R2L,1.0,YES,Medium
2026-01-06 07:25:57,R2L,R2L,0.999,YES,Medium
2026-01-06 07:25:57,R2L,R2L,1.0,YES,Medium
2026-01-06 07:25:57,DoS,DoS,1.0,YES,High
2026-01-06 07:25:57,DoS,DoS,1.0,YES,High
2026-01-06 07:25:57,U2R,U2R,1.0,YES,Critical
2026-01-06 07:25:57,R2L,R2L,1.0,YES,Medium
2026-01-06 07:25:57,Probe,Probe,1.0,YES,High
2026-01-06 07:25:57,U2R,U2R,1.0,YES,Critical
2026-01-06 07:25:57,Probe,Probe,1.0,YES,High
2026-01-06 07:25:57,Probe,Probe,1.0,YES,High
2026-01-06 07:25:57,DoS,DoS,1.0,YES,High
2026-01-06 07:25:57,R2L,R2L,0.986,YES,Medium
2026-01-06 07:25:57,U2R,U2R,1.0,YES,Critical
2026-01-06 07:25:57,R2L,R2L,1.0,YES,Medium
2026-01-06 07:25:57,Probe,Probe,1.0,YES,High
2026-01-06 07:25:57,R2L,R2L,0.985,YES,Medium
2026-01-06 07:25:57,DoS,DoS,1.0,YES,High
2026-01-06 07:25:57,U2R,U2R,1.0,YES,Critical
2026-01-06 07:25:57,DoS,DoS,1.0,YES,High
2026-01-06 07:25:57,R2L,R2L,1.0,YES,Medium
2026-01-06 07:25:57,DoS,DoS,1.0,YES,High
2026-01-06 07:25:57,DoS,DoS,1.0,YES,High
2026-01-06 07:25:57,R2L,R2L,1.0,YES,Medium
2026-01-06 07:25:57,U2R,U2R,1.0,YES,Critical
2026-01-06 07:25:57,DoS,DoS,1.0,YES,High
2026-01-06 07:25:57,R2L,R2L,1.0,YES,Medium
2026-01-06 07:25:57,U2R,U2R,1.0,YES,Critical
2026-01-06 07:25:57,R2L,R2L,1.0,YES,Medium
2026-01-06 07:25:58,U2R,U2R,1.0,YES,Critical
2026-01-06 07:25:58,R2L,R2L,1.0,YES,Medium
2026-01-06 07:25:58,R2L,R2L,1.0,YES,Medium
2026-01-06 07:25:58,U2R,U2R,1.0,YES,Critical
2026-01-06 07:25:58,U2R,U2R,1.0,YES,Critical
2026-01-06 07:25:58,U2R,U2R,1.0,YES,Critical
2026-01-06 07:25:58,U2R,U2R,1.0,YES,Critical
2026-01-06 07:25:58,U2R,U2R,1.0,YES,Critical
2026-01-06 07:25:58,R2L,R2L,1.0,YES,Medium
2026-01-06 07:25:58,U2R,U2R,1.0,YES,Critical
2026-01-06 07:25:58,R2L,R2L,1.0,YES,Medium
2026-01-06 07:25:58,R2L,R2L,1.0,YES,Medium
2026-01-06 07:25:58,R2L,R2L,1.0,YES,Medium
2026-01-06 07:25:58,DoS,DoS,1.0,YES,High
2026-01-06 07:25:58,U2R,U2R,1.0,YES,Critical
2026-01-06 07:25:58,U2R,U2R,1.0,YES,Critical
2026-01-06 07:25:58,U2R,U2R,1.0,YES,Critical
2026-01-06 07:25:58,DoS,DoS,1.0,YES,High
2026-01-06 07:25:58,U2R,U2R,1.0,YES,Critical
2026-01-06 07:25:58,Probe,Probe,1.0,YES,High
2026-01-06 07:25:58,Probe,Probe,1.0,YES,High
2026-01-06 07:25:58,Probe,Probe,0.99,YES,High
2026-01-06 07:25:58,U2R,U2R,1.0,YES,Critical
2026-01-06 07:25:58,R2L,R2L,1.0,YES,Medium
2026-01-06 07:25:58,Probe,Probe,0.98,YES,High
2026-01-06 07:25:58,Probe,Probe,1.0,YES,High
2026-01-06 07:25:58,U2R,U2R,1.0,YES,Critical
2026-01-06 07:25:58,R2L,R2L,1.0,YES,Medium
2026-01-06 07:25:58,U2R,U2R,1.0,YES,Critical
2026-01-06 07:25:58,DoS,DoS,1.0,YES,High
2026-01-06 07:25:58,R2L,R2L,1.0,YES,Medium
2026-01-06 07:25:58,DoS,DoS,1.0,YES,High
2026-01-06 07:25:58,U2R,U2R,1.0,YES,Critical
2026-01-06 07:25:58,Probe,Probe,1.0,YES,High
2026-01-06 07:25:58,R2L,R2L,1.0,YES,Medium
2026-01-06 07:25:58,R2L,R2L,1.0,YES,Medium
2026-01-06 07:25:58,R2L,R2L,1.0,YES,Medium
2026-01-06 07:25:58,R2L,R2L,1.0,YES,Medium
2026-01-06 07:25:58,R2L,R2L,1.0,YES,Medium
2026-01-06 07:25:58,R2L,R2L,0.989,YES,Medium
2026-01-06 07:25:58,DoS,DoS,1.0,YES,High
2026-01-06 07:25:58,R2L,R2L,1.0,YES,Medium
2026-01-06 07:25:58,DoS,DoS,1.0,YES,High
2026-01-06 07:25:58,DoS,DoS,0.98,YES,High
2026-01-06 07:25:58,Probe,Probe,1.0,YES,High
2026-01-06 07:25:58,Probe,Probe,1.0,YES,High
2026-01-06 07:25:58,R2L,R2L,1.0,YES,Medium
2026-01-06 07:25:58,DoS,DoS,1.0,YES,High
2026-01-06 07:25:58,U2R,U2R,1.0,YES,Critical
2026-01-06 07:25:58,DoS,DoS,1.0,YES,High
2026-01-06 07:25:59,Probe,Probe,1.0,YES,High
2026-01-06 07:25:59,DoS,DoS,0.99,YES,High
2026-01-06 07:25:59,U2R,U2R,1.0,YES,Critical
2026-01-06 07:25:59,U2R,U2R,1.0,YES,Critical
2026-01-06 07:25:59,Probe,Probe,1.0,YES,High
2026-01-06 07:25:59,DoS,DoS,1.0,YES,High
2026-01-06 07:25:59,U2R,U2R,1.0,YES,Critical
2026-01-06 07:25:59,DoS,DoS,1.0,YES,High
2026-01-06 07:25:59,R2L,R2L,1.0,YES,Medium
2026-01-06 07:25:59,Probe,Probe,1.0,YES,High
2026-01-06 07:25:59,Probe,Probe,1.0,YES,High
2026-01-06 07:25:59,U2R,U2R,1.0,YES,Critical
2026-01-06 07:25:59,Probe,Probe,1.0,YES,High
2026-01-06 07:25:59,R2L,R2L,1.0,YES,Medium
2026-01-06 07:25:59,R2L,R2L,1.0,YES,Medium
2026-01-06 07:25:59,U2R,U2R,1.0,YES,Critical
2026-01-06 07:25:59,DoS,DoS,1.0,YES,High
2026-01-06 07:25:59,DoS,DoS,1.0,YES,High
2026-01-06 07:25:59,U2R,U2R,1.0,YES,Critical
2026-01-06 07:25:59,Probe,Probe,1.0,YES,High
2026-01-06 07:25:59,DoS,DoS,1.0,YES,High
2026-01-06 07:25:59,U2R,U2R,1.0,YES,Critical
2026-01-06 07:25:59,DoS,DoS,1.0,YES,High
2026-01-06 07:25:59,DoS,DoS,1.0,YES,High
2026-01-06 07:25:59,R2L,R2L,1.0,YES,Medium
2026-01-06 07:25:59,U2R,U2R,1.0,YES,Critical
2026-01-06 07:25:59,R2L,R2L,1.0,YES,Medium
2026-01-06 07:25:59,DoS,DoS,1.0,YES,High
2026-01-06 07:25:59,DoS,DoS,1.0,YES,High
2026-01-06 07:25:59,U2R,U2R,1.0,YES,Critical
2026-01-06 07:25:59,DoS,DoS,0.85,YES,High
2026-01-06 07:25:59,U2R,U2R,1.0,YES,Critical
2026-01-06 07:25:59,Probe,Probe,0.994,YES,High
2026-01-06 07:25:59,U2R,U2R,1.0,YES,Critical
2026-01-06 07:25:59,Probe,Probe,1.0,YES,High
2026-01-06 07:25:59,DoS,DoS,1.0,YES,High
2026-01-06 07:25:59,R2L,R2L,1.0,YES,Medium
2026-01-06 07:25:59,U2R,U2R,1.0,YES,Critical
2026-01-06 07:25:59,R2L,R2L,1.0,YES,Medium
2026-01-06 07:25:59,U2R,U2R,1.0,YES,Critical
2026-01-06 07:25:59,U2R,U2R,1.0,YES,Critical
2026-01-06 07:25:59,U2R,U2R,1.0,YES,Critical
2026-01-06 07:26:00,DoS,DoS,1.0,YES,High
2026-01-06 07:26:00,R2L,R2L,1.0,YES,Medium
2026-01-06 07:26:00,R2L,R2L,1.0,YES,Medium
2026-01-06 07:26:00,DoS,DoS,1.0,YES,High
2026-01-06 07:26:00,R2L,R2L,1.0,YES,Medium
2026-01-06 07:26:00,U2R,U2R,1.0,YES,Critical
2026-01-06 07:26:00,Probe,Probe,1.0,YES,High
2026-01-06 07:26:00,DoS,DoS,1.0,YES,High
2026-01-06 07:26:00,Probe,Probe,0.995,YES,High
2026-01-06 07:26:00,Probe,Probe,1.0,YES,High
2026-01-06 07:26:00,R2L,R2L,1.0,YES,Medium
2026-01-06 07:26:00,Probe,Probe,1.0,YES,High
2026-01-06 07:26:00,R2L,R2L,1.0,YES,Medium
2026-01-06 07:26:00,U2R,U2R,1.0,YES,Critical
2026-01-06 07:26:00,Probe,Probe,0.99,YES,High
2026-01-06 07:26:00,DoS,DoS,1.0,YES,High
2026-01-06 07:26:00,Probe,Probe,1.0,YES,High
2026-01-06 07:26:00,Probe,Probe,1.0,YES,High
2026-01-06 07:26:00,R2L,R2L,1.0,YES,Medium
2026-01-06 07:26:00,R2L,R2L,1.0,YES,Medium
2026-01-06 07:26:00,R2L,R2L,1.0,YES,Medium
2026-01-06 07:26:00,DoS,DoS,1.0,YES,High
2026-01-06 07:26:00,Probe,Probe,1.0,YES,High
2026-01-06 07:26:00,DoS,DoS,0.99,YES,High
2026-01-06 07:26:00,R2L,R2L,1.0,YES,Medium
2026-01-06 07:26:00,R2L,R2L,1.0,YES,Medium
2026-01-06 07:26:00,U2R,U2R,1.0,YES,Critical
2026-01-06 07:26:00,Probe,Probe,0.999,YES,High
2026-01-06 07:26:00,U2R,U2R,1.0,YES,Critical
2026-01-06 07:26:00,DoS,DoS,1.0,YES,High
2026-01-06 07:26:00,U2R,U2R,1.0,YES,Critical
2026-01-06 07:26:00,DoS,DoS,1.0,YES,High
2026-01-06 07:26:00,U2R,U2R,1.0,YES,Critical
2026-01-06 07:26:00,Probe,Probe,1.0,YES,High
2026-01-06 07:26:00,R2L,R2L,1.0,YES,Medium
2026-01-06 07:26:00,DoS,DoS,1.0,YES,High
2026-01-06 07:26:00,U2R,U2R,1.0,YES,Critical
2026-01-06 07:26:00,R2L,R2L,1.0,YES,Medium
2026-01-06 07:26:00,DoS,DoS,1.0,YES,High
2026-01-06 07:26:00,U2R,U2R,1.0,YES,Critical
2026-01-06 07:26:00,DoS,DoS,0.974,YES,High
2026-01-06 07:26:00,Probe,Probe,1.0,YES,High
2026-01-06 07:26:00,R2L,R2L,1.0,YES,Medium
2026-01-06 07:26:00,Probe,Probe,1.0,YES,High
2026-01-06 07:26:00,U2R,U2R,1.0,YES,Critical
2026-01-06 07:26:00,R2L,R2L,1.0,YES,Medium
2026-01-06 07:26:00,U2R,U2R,1.0,YES,Critical
2026-01-06 07:26:00,DoS,DoS,1.0,YES,High
2026-01-06 07:26:00,DoS,DoS,0.975,YES,High
2026-01-06 07:26:00,DoS,DoS,1.0,YES,High
2026-01-06 07:26:00,Probe,Probe,0.999,YES,High
2026-01-06 07:26:00,U2R,U2R,1.0,YES,Critical
2026-01-06 07:26:00,U2R,U2R,1.0,YES,Critical
2026-01-06 07:26:01,R2L,R2L,1.0,YES,Medium
2026-01-06 07:26:01,R2L,R2L,1.0,YES,Medium
2026-01-06 07:26:01,Probe,Probe,1.0,YES,High
2026-01-06 07:26:01,R2L,R2L,1.0,YES,Medium
2026-01-06 07:26:01,U2R,U2R,1.0,YES,Critical
2026-01-06 07:26:01,Probe,Probe,1.0,YES,High
2026-01-06 07:26:01,U2R,U2R,1.0,YES,Critical
2026-01-06 07:26:01,Probe,Probe,1.0,YES,High
2026-01-06 07:26:01,Probe,Probe,1.0,YES,High
2026-01-06 07:26:01,U2R,U2R,1.0,YES,Critical
2026-01-06 07:26:01,Probe,Probe,1.0,YES,High
2026-01-06 07:26:01,U2R,U2R,1.0,YES,Critical
2026-01-06 07:26:01,Probe,Probe,0.998,YES,High
2026-01-06 07:26:01,DoS,DoS,1.0,YES,High
2026-01-06 07:26:01,DoS,DoS,1.0,YES,High
2026-01-06 07:26:01,DoS,DoS,0.985,YES,High
2026-01-06 07:26:01,U2R,U2R,1.0,YES,Critical
2026-01-06 07:26:01,DoS,DoS,1.0,YES,High
2026-01-06 07:26:01,U2R,U2R,1.0,YES,Critical
2026-01-06 07:26:01,DoS,DoS,1.0,YES,High
2026-01-06 07:26:01,R2L,R2L,1.0,YES,Medium
2026-01-06 07:26:01,U2R,U2R,1.0,YES,Critical
2026-01-06 07:26:01,DoS,DoS,1.0,YES,High
2026-01-06 07:26:01,U2R,U2R,1.0,YES,Critical
2026-01-06 07:26:01,Probe,Probe,1.0,YES,High
2026-01-06 07:26:01,DoS,DoS,1.0,YES,High
2026-01-06 07:26:01,R2L,R2L,1.0,YES,Medium
2026-01-06 07:26:01,U2R,U2R,1.0,YES,Critical
2026-01-06 07:26:01,R2L,R2L,1.0,YES,Medium
2026-01-06 07:26:01,Probe,Probe,1.0,YES,High
2026-01-06 07:26:01,U2R,U2R,1.0,YES,Critical
2026-01-06 07:26:01,Probe,Probe,0.98,YES,High
2026-01-06 07:26:01,Probe,Probe,0.943,YES,High
2026-01-06 07:26:01,R2L,R2L,1.0,YES,Medium
2026-01-06 07:26:01,Probe,Probe,1.0,YES,High
2026-01-06 07:26:01,R2L,R2L,1.0,YES,Medium
2026-01-06 07:26:01,Probe,Probe,1.0,YES,High
2026-01-06 07:26:01,DoS,DoS,1.0,YES,High
2026-01-06 07:26:01,U2R,U2R,1.0,YES,Critical
2026-01-06 07:26:01,DoS,DoS,1.0,YES,High
2026-01-06 07:26:01,DoS,DoS,1.0,YES,High
2026-01-06 07:26:01,R2L,R2L,1.0,YES,Medium
2026-01-06 07:26:01,Probe,Probe,1.0,YES,High
2026-01-06 07:26:01,U2R,U2R,1.0,YES,Critical
2026-01-06 07:26:01,Probe,Probe,1.0,YES,High
2026-01-06 07:26:01,R2L,R2L,1.0,YES,Medium
2026-01-06 07:26:01,Probe,Probe,1.0,YES,High
2026-01-06 07:26:01,DoS,DoS,1.0,YES,High
2026-01-06 07:26:01,Probe,Probe,1.0,YES,High
2026-01-06 07:26:01,R2L,R2L,1.0,YES,Medium
2026-01-06 07:26:01,U2R,U2R,1.0,YES,Critical
2026-01-06 07:26:01,R2L,R2L,1.0,YES,Medium
2026-01-06 07:26:02,R2L,R2L,1.0,YES,Medium
2026-01-06 07:26:02,R2L,R2L,1.0,YES,Medium
2026-01-06 07:26:02,R2L,R2L,1.0,YES,Medium
2026-01-06 07:26:02,DoS,DoS,1.0,YES,High
2026-01-06 07:26:02,R2L,R2L,1.0,YES,Medium
2026-01-06 07:26:02,Probe,Probe,0.985,YES,High
2026-01-06 07:26:02,Probe,Probe,1.0,YES,High
2026-01-06 07:26:02,R2L,R2L,1.0,YES,Medium
2026-01-06 07:26:02,R2L,R2L,1.0,YES,Medium
2026-01-06 07:26:02,Probe,Probe,1.0,YES,High
2026-01-06 07:26:02,DoS,DoS,1.0,YES,High
2026-01-06 07:26:02,Probe,Probe,1.0,YES,High
2026-01-06 07:26:02,DoS,DoS,1.0,YES,High
2026-01-06 07:26:02,R2L,R2L,0.97,YES,Medium
2026-01-06 07:26:02,U2R,U2R,1.0,YES,Critical
2026-01-06 07:26:02,DoS,DoS,1.0,YES,High
2026-01-06 07:26:02,U2R,U2R,1.0,YES,Critical
2026-01-06 07:26:02,R2L,R2L,1.0,YES,Medium
2026-01-06 07:26:02,R2L,R2L,1.0,YES,Medium
2026-01-06 07:26:02,DoS,DoS,1.0,YES,High
2026-01-06 07:26:02,U2R,U2R,1.0,YES,Critical
2026-01-06 07:26:02,Probe,Probe,0.995,YES,High
2026-01-06 07:26:02,U2R,U2R,1.0,YES,Critical
2026-01-06 07:26:02,DoS,DoS,1.0,YES,High
2026-01-06 07:26:02,U2R,U2R,1.0,YES,Critical
2026-01-06 07:26:02,U2R,U2R,1.0,YES,Critical
2026-01-06 07:26:02,DoS,DoS,1.0,YES,High
2026-01-06 07:26:02,U2R,U2R,1.0,YES,Critical
2026-01-06 07:26:02,R2L,R2L,1.0,YES,Medium
2026-01-06 07:26:02,DoS,DoS,1.0,YES,High
2026-01-06 07:26:02,Probe,Probe,1.0,YES,High
2026-01-06 07:26:02,R2L,R2L,1.0,YES,Medium
2026-01-06 07:26:02,R2L,R2L,1.0,YES,Medium
2026-01-06 07:26:02,R2L,R2L,1.0,YES,Medium
2026-01-06 07:26:02,Probe,Probe,1.0,YES,High
2026-01-06 07:26:02,U2R,U2R,1.0,YES,Critical
2026-01-06 07:26:02,Probe,Probe,1.0,YES,High
2026-01-06 07:26:02,Probe,Probe,1.0,YES,High
2026-01-06 07:26:02,U2R,U2R,1.0,YES,Critical
2026-01-06 07:26:02,U2R,U2R,1.0,YES,Critical
2026-01-06 07:26:02,U2R,U2R,1.0,YES,Critical
2026-01-06 07:26:02,R2L,R2L,1.0,YES,Medium
2026-01-06 07:26:02,R2L,R2L,1.0,YES,Medium
2026-01-06 07:26:02,R2L,R2L,1.0,YES,Medium
2026-01-06 07:26:02,Probe,Probe,0.995,YES,High
2026-01-06 07:26:02,DoS,DoS,0.999,YES,High
2026-01-06 07:26:02,DoS,DoS,1.0,YES,High
2026-01-06 07:26:03,R2L,R2L,1.0,YES,Medium
2026-01-06 07:26:03,DoS,DoS,0.99,YES,High
2026-01-06 07:26:03,R2L,R2L,1.0,YES,Medium
2026-01-06 07:26:03,Probe,Probe,1.0,YES,High
2026-01-06 07:26:03,Probe,Probe,1.0,YES,High
2026-01-06 07:26:03,Probe,Probe,0.993,YES,High
2026-01-06 07:26:03,R2L,R2L,1.0,YES,Medium
2026-01-06 07:26:03,DoS,DoS,1.0,YES,High
2026-01-06 07:26:03,DoS,DoS,1.0,YES,High
2026-01-06 07:26:03,U2R,U2R,1.0,YES,Critical
2026-01-06 07:26:03,R2L,R2L,1.0,YES,Medium
2026-01-06 07:26:03,U2R,U2R,1.0,YES,Critical
2026-01-06 07:26:03,U2R,U2R,1.0,YES,Critical
2026-01-06 07:26:03,DoS,DoS,1.0,YES,High
2026-01-06 07:26:03,U2R,U2R,1.0,YES,Critical
2026-01-06 07:26:03,U2R,U2R,1.0,YES,Critical
2026-01-06 07:26:03,R2L,R2L,1.0,YES,Medium
2026-01-06 07:26:03,U2R,U2R,1.0,YES,Critical
2026-01-06 07:26:03,Probe,Probe,1.0,YES,High
2026-01-06 07:26:03,Probe,Probe,1.0,YES,High
2026-01-06 07:26:03,R2L,R2L,1.0,YES,Medium
2026-01-06 07:26:03,DoS,DoS,1.0,YES,High
2026-01-06 07:26:03,U2R,U2R,1.0,YES,Critical
2026-01-06 07:26:03,U2R,U2R,1.0,YES,Critical
2026-01-06 07:26:03,Probe,Probe,1.0,YES,High
2026-01-06 07:26:03,U2R,U2R,1.0,YES,Critical
2026-01-06 07:26:03,Probe,Probe,0.999,YES,High
2026-01-06 07:26:03,Probe,Probe,1.0,YES,High
2026-01-06 07:26:03,Probe,Probe,0.995,YES,High
2026-01-06 07:26:03,U2R,U2R,1.0,YES,Critical
2026-01-06 07:26:03,U2R,U2R,1.0,YES,Critical
2026-01-06 07:26:03,Probe,Probe,1.0,YES,High
2026-01-06 07:26:03,Probe,Probe,1.0,YES,High
2026-01-06 07:26:03,R2L,R2L,1.0,YES,Medium
2026-01-06 07:26:03,DoS,DoS,1.0,YES,High
2026-01-06 07:26:03,Probe,Probe,1.0,YES,High
2026-01-06 07:26:03,Probe,Probe,1.0,YES,High
2026-01-06 07:26:03,DoS,DoS,1.0,YES,High
2026-01-06 07:26:03,DoS,DoS,1.0,YES,High
2026-01-06 07:26:03,R2L,R2L,1.0,YES,Medium
2026-01-06 07:26:03,Probe,Probe,1.0,YES,High
2026-01-06 07:26:03,Probe,Probe,1.0,YES,High
2026-01-06 07:26:03,Probe,Probe,0.999,YES,High
2026-01-06 07:26:03,Probe,Probe,1.0,YES,High
2026-01-06 07:26:03,U2R,U2R,1.0,YES,Critical
2026-01-06 07:26:03,U2R,U2R,1.0,YES,Critical
2026-01-06 07:26:04,DoS,DoS,1.0,YES,High
2026-01-06 07:26:04,DoS,DoS,1.0,YES,High
2026-01-06 07:26:04,DoS,DoS,1.0,YES,High
2026-01-06 07:26:04,R2L,R2L,1.0,YES,Medium
2026-01-06 07:26:04,DoS,DoS,1.0,YES,High
2026-01-06 07:26:04,R2L,R2L,1.0,YES,Medium
2026-01-06 07:26:04,U2R,U2R,1.0,YES,Critical
2026-01-06 07:26:04,R2L,R2L,1.0,YES,Medium
2026-01-06 07:26:04,Probe,Probe,1.0,YES,High
2026-01-06 07:26:04,DoS,DoS,1.0,YES,High
2026-01-06 07:26:04,U2R,U2R,1.0,YES,Critical
2026-01-06 07:26:04,U2R,U2R,1.0,YES,Critical
2026-01-06 07:26:04,Probe,Probe,1.0,YES,High
2026-01-06 07:26:04,U2R,U2R,1.0,YES,Critical
2026-01-06 07:26:04,Probe,Probe,1.0,YES,High
2026-01-06 07:26:04,R2L,R2L,1.0,YES,Medium
2026-01-06 07:26:04,Probe,Probe,1.0,YES,High
2026-01-06 07:26:04,DoS,DoS,1.0,YES,High
2026-01-06 07:26:04,DoS,DoS,1.0,YES,High
2026-01-06 07:26:04,DoS,DoS,0.955,YES,High
2026-01-06 07:26:04,R2L,R2L,1.0,YES,Medium
2026-01-06 07:26:04,U2R,U2R,1.0,YES,Critical
2026-01-06 07:26:04,U2R,U2R,1.0,YES,Critical
2026-01-06 07:26:04,R2L,R2L,1.0,YES,Medium
2026-01-06 07:26:04,R2L,R2L,1.0,YES,Medium
2026-01-06 07:26:04,DoS,DoS,0.995,YES,High
2026-01-06 07:26:04,R2L,R2L,1.0,YES,Medium
2026-01-06 07:26:04,R2L,R2L,1.0,YES,Medium
2026-01-06 07:26:04,U2R,U2R,1.0,YES,Critical
2026-01-06 07:26:04,R2L,R2L,1.0,YES,Medium
2026-01-06 07:26:04,U2R,U2R,1.0,YES,Critical
2026-01-06 07:26:04,R2L,R2L,1.0,YES,Medium
2026-01-06 07:26:04,R2L,R2L,0.975,YES,Medium
2026-01-06 07:26:04,U2R,U2R,0.995,YES,Critical
2026-01-06 07:26:04,DoS,DoS,1.0,YES,High
2026-01-06 07:26:04,DoS,DoS,1.0,YES,High
2026-01-06 07:26:04,DoS,DoS,1.0,YES,High
2026-01-06 07:26:04,R2L,R2L,1.0,YES,Medium
2026-01-06 07:26:04,R2L,R2L,1.0,YES,Medium
2026-01-06 07:26:04,DoS,DoS,1.0,YES,High
2026-01-06 07:26:04,DoS,DoS,1.0,YES,High
2026-01-06 07:26:04,DoS,DoS,0.985,YES,High
2026-01-06 07:26:04,Probe,Probe,1.0,YES,High
2026-01-06 07:26:04,U2R,U2R,1.0,YES,Critical
2026-01-06 07:26:04,R2L,R2L,1.0,YES,Medium
2026-01-06 07:26:04,R2L,R2L,1.0,YES,Medium
2026-01-06 07:26:04,R2L,R2L,1.0,YES,Medium
2026-01-06 07:26:04,U2R,U2R,1.0,YES,Critical
2026-01-06 07:26:04,R2L,R2L,0.995,YES,Medium
2026-01-06 07:26:04,U2R,U2R,1.0,YES,Critical
2026-01-06 07:26:04,R2L,R2L,1.0,YES,Medium
2026-01-06 07:26:04,Probe,Probe,1.0,YES,High
2026-01-06 07:26:05,U2R,U2R,1.0,YES,Critical
2026-01-06 07:26:05,R2L,R2L,1.0,YES,Medium
2026-01-06 07:26:05,R2L,R2L,1.0,YES,Medium
2026-01-06 07:26:05,DoS,DoS,1.0,YES,High
2026-01-06 07:26:05,R2L,R2L,1.0,YES,Medium
2026-01-06 07:26:05,Probe,Probe,1.0,YES,High
2026-01-06 07:26:05,U2R,U2R,1.0,YES,Critical
2026-01-06 07:26:05,R2L,R2L,1.0,YES,Medium
2026-01-06 07:26:05,Probe,Probe,1.0,YES,High
2026-01-06 07:26:05,Probe,Probe,1.0,YES,High
2026-01-06 07:26:05,DoS,DoS,1.0,YES,High
2026-01-06 07:26:05,R2L,R2L,1.0,YES,Medium
2026-01-06 07:26:05,R2L,R2L,1.0,YES,Medium
2026-01-06 07:26:05,DoS,DoS,1.0,YES,High
2026-01-06 07:26:05,R2L,R2L,1.0,YES,Medium
2026-01-06 07:26:05,R2L,R2L,1.0,YES,Medium
2026-01-06 07:26:05,U2R,U2R,1.0,YES,Critical
2026-01-06 07:26:05,Probe,Probe,1.0,YES,High
2026-01-06 07:26:05,Probe,Probe,0.989,YES,High
2026-01-06 07:26:05,Probe,Probe,1.0,YES,High
2026-01-06 07:26:05,U2R,U2R,1.0,YES,Critical
2026-01-06 07:26:05,Probe,Probe,1.0,YES,High
2026-01-06 07:26:05,Probe,Probe,1.0,YES,High
2026-01-06 07:26:05,U2R,U2R,1.0,YES,Critical
2026-01-06 07:26:05,Probe,Probe,1.0,YES,High
2026-01-06 07:26:05,Probe,Probe,1.0,YES,High
2026-01-06 07:26:05,R2L,R2L,1.0,YES,Medium
2026-01-06 07:26:05,U2R,U2R,1.0,YES,Critical
2026-01-06 07:26:05,DoS,DoS,1.0,YES,High
2026-01-06 07:26:05,R2L,R2L,1.0,YES,Medium
2026-01-06 07:26:05,Probe,Probe,1.0,YES,High
2026-01-06 07:26:05,R2L,R2L,1.0,YES,Medium
2026-01-06 07:26:05,DoS,DoS,1.0,YES,High
2026-01-06 07:26:05,DoS,DoS,1.0,YES,High
2026-01-06 07:26:05,DoS,DoS,1.0,YES,High
2026-01-06 07:26:05,Probe,Probe,1.0,YES,High
2026-01-06 07:26:05,Probe,Probe,0.959,YES,High
2026-01-06 07:26:05,Probe,Probe,1.0,YES,High
2026-01-06 07:26:05,U2R,U2R,1.0,YES,Critical
2026-01-06 07:26:05,Probe,Probe,0.999,YES,High
2026-01-06 07:26:05,R2L,R2L,1.0,YES,Medium
2026-01-06 07:26:05,R2L,R2L,1.0,YES,Medium
2026-01-06 07:26:05,U2R,U2R,1.0,YES,Critical
2026-01-06 07:26:05,R2L,R2L,0.985,YES,Medium
2026-01-06 07:26:06,DoS,DoS,1.0,YES,High
2026-01-06 07:26:06,Probe,Probe,1.0,YES,High
2026-01-06 07:26:06,Probe,Probe,1.0,YES,High
2026-01-06 07:26:06,DoS,DoS,1.0,YES,High
2026-01-06 07:26:06,U2R,U2R,1.0,YES,Critical
2026-01-06 07:26:06,Probe,Probe,0.999,YES,High
2026-01-06 07:26:06,U2R,U2R,1.0,YES,Critical
2026-01-06 07:26:06,R2L,R2L,1.0,YES,Medium
2026-01-06 07:26:06,DoS,DoS,1.0,YES,High
2026-01-06 07:26:06,Probe,Probe,0.995,YES,High
2026-01-06 07:26:06,DoS,DoS,1.0,YES,High
2026-01-06 07:26:06,U2R,U2R,1.0,YES,Critical
2026-01-06 07:26:06,U2R,U2R,1.0,YES,Critical
2026-01-06 07:26:06,U2R,U2R,1.0,YES,Critical
2026-01-06 07:26:06,R2L,R2L,1.0,YES,Medium
2026-01-06 07:26:06,U2R,U2R,1.0,YES,Critical
2026-01-06 07:26:06,R2L,R2L,1.0,YES,Medium
2026-01-06 07:26:06,U2R,U2R,1.0,YES,Critical
2026-01-06 07:26:06,DoS,DoS,1.0,YES,High
2026-01-06 07:26:06,U2R,U2R,1.0,YES,Critical
2026-01-06 07:26:06,U2R,U2R,1.0,YES,Critical
2026-01-06 07:26:06,DoS,DoS,0.98,YES,High
2026-01-06 07:26:06,DoS,DoS,0.995,YES,High
2026-01-06 07:26:06,DoS,DoS,1.0,YES,High
2026-01-06 07:26:06,R2L,R2L,0.97,YES,Medium
2026-01-06 07:26:06,R2L,R2L,1.0,YES,Medium
2026-01-06 07:26:06,U2R,U2R,1.0,YES,Critical
2026-01-06 07:26:06,DoS,DoS,1.0,YES,High
2026-01-06 07:26:06,R2L,R2L,1.0,YES,Medium
2026-01-06 07:26:06,R2L,R2L,1.0,YES,Medium
2026-01-06 07:26:06,U2R,U2R,1.0,YES,Critical
2026-01-06 07:26:06,DoS,DoS,0.995,YES,High
2026-01-06 07:26:06,R2L,R2L,1.0,YES,Medium
2026-01-06 07:26:07,R2L,R2L,1.0,YES,Medium
2026-01-06 07:26:07,R2L,R2L,0.999,YES,Medium
2026-01-06 07:26:07,Probe,Probe,1.0,YES,High
2026-01-06 07:26:07,R2L,R2L,1.0,YES,Medium
2026-01-06 07:26:07,R2L,R2L,1.0,YES,Medium
2026-01-06 07:26:07,U2R,U2R,1.0,YES,Critical
2026-01-06 07:26:07,R2L,R2L,1.0,YES,Medium
2026-01-06 07:26:07,Probe,Probe,1.0,YES,High
2026-01-06 07:26:07,Probe,Probe,1.0,YES,High
2026-01-06 07:26:07,Probe,Probe,1.0,YES,High
2026-01-06 07:26:07,DoS,DoS,1.0,YES,High
2026-01-06 07:26:07,DoS,DoS,1.0,YES,High
2026-01-06 07:26:07,U2R,U2R,1.0,YES,Critical
2026-01-06 07:26:07,R2L,R2L,0.995,YES,Medium
2026-01-06 07:26:07,R2L,R2L,1.0,YES,Medium
2026-01-06 07:26:07,Probe,Probe,0.999,YES,High
2026-01-06 07:26:07,U2R,U2R,0.995,YES,Critical
2026-01-06 07:26:07,DoS,DoS,1.0,YES,High
2026-01-06 07:26:07,Probe,Probe,1.0,YES,High
2026-01-06 07:26:07,R2L,R2L,1.0,YES,Medium
2026-01-06 07:26:07,U2R,U2R,1.0,YES,Critical
2026-01-06 07:26:07,DoS,DoS,0.98,YES,High
2026-01-06 07:26:07,U2R,U2R,1.0,YES,Critical
2026-01-06 07:26:07,Probe,Probe,1.0,YES,High
2026-01-06 07:26:07,DoS,DoS,1.0,YES,High
2026-01-06 07:26:07,DoS,DoS,1.0,YES,High
2026-01-06 07:26:07,U2R,U2R,1.0,YES,Critical
2026-01-06 07:26:07,R2L,R2L,1.0,YES,Medium
2026-01-06 07:26:07,DoS,DoS,1.0,YES,High
2026-01-06 07:26:07,Probe,Probe,1.0,YES,High
2026-01-06 07:26:07,R2L,R2L,1.0,YES,Medium
2026-01-06 07:26:07,U2R,U2R,1.0,YES,Critical
2026-01-06 07:26:08,Probe,Probe,1.0,YES,High
2026-01-06 07:26:08,Probe,Probe,1.0,YES,High
2026-01-06 07:26:08,Probe,Probe,1.0,YES,High
2026-01-06 07:26:08,Probe,Probe,1.0,YES,High
2026-01-06 07:26:08,Probe,Probe,1.0,YES,High
2026-01-06 07:26:08,Probe,Probe,1.0,YES,High
2026-01-06 07:26:08,U2R,U2R,1.0,YES,Critical
2026-01-06 07:26:08,DoS,DoS,1.0,YES,High
2026-01-06 07:26:08,U2R,U2R,1.0,YES,Critical
2026-01-06 07:26:08,Probe,Probe,1.0,YES,High
2026-01-06 07:26:08,Probe,Probe,1.0,YES,High
2026-01-06 07:26:08,U2R,U2R,1.0,YES,Critical
2026-01-06 07:26:08,Probe,Probe,0.985,YES,High
2026-01-06 07:26:08,U2R,U2R,1.0,YES,Critical
2026-01-06 07:26:08,DoS,DoS,1.0,YES,High
2026-01-06 07:26:08,U2R,U2R,1.0,YES,Critical
2026-01-06 07:26:08,Probe,Probe,1.0,YES,High
2026-01-06 07:26:08,DoS,DoS,0.99,YES,High
2026-01-06 07:26:08,R2L,R2L,1.0,YES,Medium
2026-01-06 07:26:08,Probe,Probe,1.0,YES,High
2026-01-06 07:26:08,U2R,U2R,1.0,YES,Critical
2026-01-06 07:26:08,R2L,R2L,1.0,YES,Medium
2026-01-06 07:26:08,Probe,Probe,1.0,YES,High
2026-01-06 07:26:08,DoS,DoS,1.0,YES,High
2026-01-06 07:26:08,U2R,U2R,1.0,YES,Critical
2026-01-06 07:26:08,U2R,U2R,1.0,YES,Critical
2026-01-06 07:26:08,U2R,U2R,1.0,YES,Critical
2026-01-06 07:26:08,U2R,U2R,1.0,YES,Critical
2026-01-06 07:26:08,Probe,Probe,1.0,YES,High
2026-01-06 07:26:08,U2R,U2R,1.0,YES,Critical
2026-01-06 07:26:08,DoS,DoS,0.99,YES,High
2026-01-06 07:26:08,Probe,Probe,1.0,YES,High
2026-01-06 07:26:08,Probe,Probe,0.999,YES,High
2026-01-06 07:26:08,DoS,DoS,1.0,YES,High
2026-01-06 07:26:08,Probe,Probe,1.0,YES,High
2026-01-06 07:26:08,R2L,R2L,1.0,YES,Medium
2026-01-06 07:26:08,U2R,U2R,1.0,YES,Critical
2026-01-06 07:26:08,Probe,Probe,0.995,YES,High
2026-01-06 07:26:08,Probe,Probe,1.0,YES,High
2026-01-06 07:26:08,U2R,U2R,1.0,YES,Critical
2026-01-06 07:26:09,U2R,U2R,1.0,YES,Critical
2026-01-06 07:26:09,DoS,DoS,1.0,YES,High
2026-01-06 07:26:09,DoS,DoS,1.0,YES,High
2026-01-06 07:26:09,R2L,R2L,0.999,YES,Medium
2026-01-06 07:26:09,Probe,Probe,1.0,YES,High
2026-01-06 07:26:09,U2R,U2R,1.0,YES,Critical
2026-01-06 07:26:09,Probe,Probe,0.975,YES,High
2026-01-06 07:26:09,Probe,Probe,1.0,YES,High
2026-01-06 07:26:09,R2L,R2L,0.775,YES,Medium
2026-01-06 07:26:09,R2L,R2L,1.0,YES,Medium
2026-01-06 07:26:09,DoS,DoS,1.0,YES,High
2026-01-06 07:26:09,R2L,R2L,1.0,YES,Medium
2026-01-06 07:26:09,U2R,U2R,1.0,YES,Critical
2026-01-06 07:26:09,DoS,DoS,1.0,YES,High
2026-01-06 07:26:09,Probe,Probe,1.0,YES,High
2026-01-06 07:26:09,U2R,U2R,1.0,YES,Critical
2026-01-06 07:26:09,Probe,Probe,1.0,YES,High
2026-01-06 07:26:09,R2L,R2L,1.0,YES,Medium
2026-01-06 07:26:09,U2R,U2R,1.0,YES,Critical
2026-01-06 07:26:09,DoS,DoS,1.0,YES,High
2026-01-06 07:26:09,Probe,Probe,0.66,YES,High
2026-01-06 07:26:09,Probe,Probe,0.985,YES,High
2026-01-06 07:26:09,U2R,U2R,1.0,YES,Critical
2026-01-06 07:26:09,Probe,Probe,1.0,YES,High
2026-01-06 07:26:09,Probe,Probe,1.0,YES,High
2026-01-06 07:26:09,DoS,DoS,1.0,YES,High
2026-01-06 07:26:09,DoS,DoS,1.0,YES,High
2026-01-06 07:26:09,R2L,R2L,0.98,YES,Medium
2026-01-06 07:26:09,Probe,Probe,1.0,YES,High
2026-01-06 07:26:09,U2R,U2R,1.0,YES,Critical
2026-01-06 07:26:09,U2R,U2R,1.0,YES,Critical
2026-01-06 07:26:09,DoS,DoS,1.0,YES,High
2026-01-06 07:26:09,DoS,DoS,0.995,YES,High
2026-01-06 07:26:09,U2R,U2R,1.0,YES,Critical
2026-01-06 07:26:09,U2R,U2R,0.94,YES,Critical
2026-01-06 07:26:09,R2L,R2L,1.0,YES,Medium
2026-01-06 07:26:09,Probe,Probe,0.997,YES,High
2026-01-06 07:26:09,R2L,R2L,1.0,YES,Medium
2026-01-06 07:26:09,U2R,U2R,1.0,YES,Critical
2026-01-06 07:26:09,R2L,R2L,1.0,YES,Medium
2026-01-06 07:26:09,DoS,DoS,1.0,YES,High
2026-01-06 07:26:09,DoS,DoS,1.0,YES,High
2026-01-06 07:26:09,R2L,R2L,1.0,YES,Medium
2026-01-06 07:26:09,U2R,U2R,1.0,YES,Critical
2026-01-06 07:26:09,R2L,R2L,1.0,YES,Medium
2026-01-06 07:26:09,U2R,U2R,1.0,YES,Critical
2026-01-06 07:26:09,U2R,U2R,1.0,YES,Critical
2026-01-06 07:26:09,Probe,Probe,1.0,YES,High
2026-01-06 07:26:09,DoS,DoS,1.0,YES,High
2026-01-06 07:26:09,DoS,DoS,1.0,YES,High
2026-01-06 07:26:09,U2R,U2R,1.0,YES,Critical
2026-01-06 07:26:09,DoS,DoS,1.0,YES,High
2026-01-06 07:26:09,Probe,Probe,1.0,YES,High
2026-01-06 07:26:09,U2R,U2R,1.0,YES,Critical
2026-01-06 07:26:09,Probe,Probe,1.0,YES,High
2026-01-06 07:26:10,DoS,DoS,1.0,YES,High
2026-01-06 07:26:10,DoS,DoS,1.0,YES,High
2026-01-06 07:26:10,Probe,Probe,1.0,YES,High
2026-01-06 07:26:10,U2R,U2R,1.0,YES,Critical
2026-01-06 07:26:10,R2L,R2L,1.0,YES,Medium
2026-01-06 07:26:10,R2L,R2L,1.0,YES,Medium
2026-01-06 07:26:10,DoS,DoS,1.0,YES,High
2026-01-06 07:26:10,U2R,U2R,1.0,YES,Critical
2026-01-06 07:26:10,Probe,Probe,1.0,YES,High
2026-01-06 07:26:10,DoS,DoS,0.999,YES,High
2026-01-06 07:26:10,DoS,DoS,1.0,YES,High
2026-01-06 07:26:10,Probe,Probe,1.0,YES,High
2026-01-06 07:26:10,R2L,R2L,1.0,YES,Medium
2026-01-06 07:26:10,U2R,U2R,1.0,YES,Critical
2026-01-06 07:26:10,R2L,R2L,1.0,YES,Medium
2026-01-06 07:26:10,DoS,DoS,1.0,YES,High
2026-01-06 07:26:10,R2L,R2L,1.0,YES,Medium
2026-01-06 07:26:10,R2L,R2L,1.0,YES,Medium
2026-01-06 07:26:10,R2L,R2L,1.0,YES,Medium
2026-01-06 07:26:10,DoS,DoS,1.0,YES,High
2026-01-06 07:26:10,R2L,R2L,1.0,YES,Medium
2026-01-06 07:26:10,DoS,DoS,1.0,YES,High
2026-01-06 07:26:10,Probe,Probe,1.0,YES,High
2026-01-06 07:26:10,Probe,Probe,0.999,YES,High
2026-01-06 07:26:10,Probe,Probe,1.0,YES,High
2026-01-06 07:26:10,U2R,U2R,1.0,YES,Critical
2026-01-06 07:26:10,U2R,U2R,1.0,YES,Critical
2026-01-06 07:26:10,R2L,R2L,1.0,YES,Medium
2026-01-06 07:26:10,DoS,DoS,1.0,YES,High
2026-01-06 07:26:10,R2L,R2L,1.0,YES,Medium
2026-01-06 07:26:10,DoS,DoS,1.0,YES,High
2026-01-06 07:26:10,U2R,U2R,1.0,YES,Critical
2026-01-06 07:26:10,DoS,DoS,1.0,YES,High
2026-01-06 07:26:10,DoS,DoS,1.0,YES,High
2026-01-06 07:26:10,DoS,DoS,1.0,YES,High
2026-01-06 07:26:10,R2L,R2L,1.0,YES,Medium
2026-01-06 07:26:10,R2L,R2L,1.0,YES,Medium
2026-01-06 07:26:10,Probe,Probe,1.0,YES,High
2026-01-06 07:26:10,U2R,U2R,1.0,YES,Critical
2026-01-06 07:26:10,Probe,Probe,1.0,YES,High
2026-01-06 07:26:10,DoS,DoS,0.999,YES,High
2026-01-06 07:26:10,Probe,Probe,1.0,YES,High
2026-01-06 07:26:10,R2L,R2L,1.0,YES,Medium
2026-01-06 07:26:10,U2R,U2R,1.0,YES,Critical
2026-01-06 07:26:10,DoS,DoS,1.0,YES,High
2026-01-06 07:26:10,R2L,R2L,1.0,YES,Medium
2026-01-06 07:26:10,U2R,U2R,0.995,YES,Critical
2026-01-06 07:26:10,Probe,Probe,0.987,YES,High
2026-01-06 07:26:10,DoS,DoS,1.0,YES,High
2026-01-06 07:26:10,R2L,R2L,1.0,YES,Medium
2026-01-06 07:26:10,Probe,Probe,0.995,YES,High
2026-01-06 07:26:10,R2L,R2L,1.0,YES,Medium
2026-01-06 07:26:11,DoS,DoS,1.0,YES,High
2026-01-06 07:26:11,U2R,U2R,1.0,YES,Critical
2026-01-06 07:26:11,DoS,DoS,1.0,YES,High
2026-01-06 07:26:11,U2R,U2R,1.0,YES,Critical
2026-01-06 07:26:11,U2R,U2R,1.0,YES,Critical
2026-01-06 07:26:11,U2R,U2R,1.0,YES,Critical
2026-01-06 07:26:11,U2R,U2R,1.0,YES,Critical
2026-01-06 07:26:11,U2R,U2R,1.0,YES,Critical
2026-01-06 07:26:11,R2L,R2L,1.0,YES,Medium
2026-01-06 07:26:11,DoS,DoS,1.0,YES,High
2026-01-06 07:26:11,DoS,DoS,1.0,YES,High
2026-01-06 07:26:11,U2R,U2R,1.0,YES,Critical
2026-01-06 07:26:11,DoS,DoS,0.985,YES,High
2026-01-06 07:26:11,R2L,R2L,1.0,YES,Medium
2026-01-06 07:26:11,Probe,Probe,1.0,YES,High
2026-01-06 07:26:11,DoS,DoS,1.0,YES,High
2026-01-06 07:26:11,Probe,Probe,0.999,YES,High
2026-01-06 07:26:11,DoS,DoS,1.0,YES,High
2026-01-06 07:26:11,U2R,U2R,1.0,YES,Critical
2026-01-06 07:26:11,Probe,Probe,1.0,YES,High
2026-01-06 07:26:11,U2R,U2R,1.0,YES,Critical
2026-01-06 07:26:11,Probe,Probe,1.0,YES,High
2026-01-06 07:26:11,DoS,DoS,1.0,YES,High
2026-01-06 07:26:11,Probe,Probe,1.0,YES,High
2026-01-06 07:26:11,U2R,U2R,1.0,YES,Critical
2026-01-06 07:26:11,U2R,U2R,1.0,YES,Critical
2026-01-06 07:26:11,DoS,DoS,1.0,YES,High
2026-01-06 07:26:11,DoS,DoS,1.0,YES,High
2026-01-06 07:26:11,R2L,R2L,1.0,YES,Medium
2026-01-06 07:26:11,Probe,Probe,1.0,YES,High
2026-01-06 07:26:11,U2R,U2R,1.0,YES,Critical
2026-01-06 07:26:11,R2L,R2L,1.0,YES,Medium
2026-01-06 07:26:11,U2R,U2R,1.0,YES,Critical
2026-01-06 07:26:11,Probe,Probe,1.0,YES,High
2026-01-06 07:26:11,R2L,R2L,1.0,YES,Medium
2026-01-06 07:26:11,R2L,R2L,1.0,YES,Medium
2026-01-06 07:26:11,Probe,Probe,0.99,YES,High
2026-01-06 07:26:11,Probe,Probe,1.0,YES,High
2026-01-06 07:26:11,Probe,Probe,1.0,YES,High
2026-01-06 07:26:11,DoS,DoS,1.0,YES,High
2026-01-06 07:26:11,R2L,R2L,1.0,YES,Medium
2026-01-06 07:26:11,R2L,R2L,1.0,YES,Medium
2026-01-06 07:26:11,DoS,DoS,0.995,YES,High
2026-01-06 07:26:11,Probe,Probe,1.0,YES,High
2026-01-06 07:26:11,DoS,DoS,1.0,YES,High
2026-01-06 07:26:11,Probe,Probe,1.0,YES,High
2026-01-06 07:26:11,U2R,U2R,1.0,YES,Critical
2026-01-06 07:26:11,U2R,U2R,1.0,YES,Critical
2026-01-06 07:26:11,DoS,DoS,1.0,YES,High
2026-01-06 07:26:11,U2R,U2R,1.0,YES,Critical
2026-01-06 07:26:11,Probe,Probe,1.0,YES,High
2026-01-06 07:26:11,R2L,R2L,1.0,YES,Medium
2026-01-06 07:26:11,U2R,U2R,1.0,YES,Critical
2026-01-06 07:26:11,U2R,U2R,1.0,YES,Critical
2026-01-06 07:26:11,DoS,DoS,1.0,YES,High
2026-01-06 07:26:12,Probe,Probe,1.0,YES,High
2026-01-06 07:26:12,R2L,R2L,1.0,YES,Medium
2026-01-06 07:26:12,DoS,DoS,1.0,YES,High
2026-01-06 07:26:12,U2R,U2R,1.0,YES,Critical
2026-01-06 07:26:12,U2R,U2R,1.0,YES,Critical
2026-01-06 07:26:12,DoS,DoS,1.0,YES,High
2026-01-06 07:26:12,Probe,Probe,1.0,YES,High
2026-01-06 07:26:12,DoS,DoS,1.0,YES,High
2026-01-06 07:26:12,Probe,Probe,0.958,YES,High
2026-01-06 07:26:12,U2R,U2R,1.0,YES,Critical
2026-01-06 07:26:12,Probe,Probe,1.0,YES,High
2026-01-06 07:26:12,DoS,DoS,1.0,YES,High
2026-01-06 07:26:12,Probe,Probe,1.0,YES,High
2026-01-06 07:26:12,Probe,Probe,0.998,YES,High
2026-01-06 07:26:12,Probe,Probe,1.0,YES,High
2026-01-06 07:26:12,R2L,R2L,1.0,YES,Medium
2026-01-06 07:26:12,R2L,R2L,1.0,YES,Medium
2026-01-06 07:26:12,U2R,U2R,1.0,YES,Critical
2026-01-06 07:26:12,R2L,R2L,1.0,YES,Medium
2026-01-06 07:26:12,U2R,U2R,1.0,YES,Critical
2026-01-06 07:26:12,Probe,Probe,1.0,YES,High
2026-01-06 07:26:12,R2L,R2L,1.0,YES,Medium
2026-01-06 07:26:12,DoS,DoS,1.0,YES,High
2026-01-06 07:26:12,Probe,Probe,1.0,YES,High
2026-01-06 07:26:12,U2R,U2R,1.0,YES,Critical
2026-01-06 07:26:12,Probe,Probe,0.995,YES,High
2026-01-06 07:26:12,R2L,R2L,1.0,YES,Medium
2026-01-06 07:26:12,DoS,DoS,1.0,YES,High
2026-01-06 07:26:12,U2R,U2R,1.0,YES,Critical
2026-01-06 07:26:12,Probe,Probe,1.0,YES,High
2026-01-06 07:26:12,Probe,Probe,1.0,YES,High
2026-01-06 07:26:12,DoS,DoS,1.0,YES,High
2026-01-06 07:26:12,DoS,DoS,1.0,YES,High
2026-01-06 07:26:12,R2L,R2L,1.0,YES,Medium
2026-01-06 07:26:12,U2R,U2R,1.0,YES,Critical
2026-01-06 07:26:12,DoS,DoS,1.0,YES,High
2026-01-06 07:26:12,DoS,DoS,1.0,YES,High
2026-01-06 07:26:12,DoS,DoS,1.0,YES,High
2026-01-06 07:26:12,DoS,DoS,1.0,YES,High
2026-01-06 07:26:12,Probe,Probe,1.0,YES,High
2026-01-06 07:26:12,U2R,U2R,1.0,YES,Critical
2026-01-06 07:26:12,U2R,U2R,1.0,YES,Critical
2026-01-06 07:26:12,U2R,U2R,1.0,YES,Critical
2026-01-06 07:26:12,DoS,DoS,1.0,YES,High
2026-01-06 07:26:12,Probe,Probe,1.0,YES,High
2026-01-06 07:26:12,DoS,DoS,1.0,YES,High
2026-01-06 07:26:12,DoS,DoS,1.0,YES,High
2026-01-06 07:26:12,R2L,R2L,1.0,YES,Medium
2026-01-06 07:26:12,R2L,R2L,1.0,YES,Medium
2026-01-06 07:26:12,R2L,R2L,1.0,YES,Medium
2026-01-06 07:26:12,R2L,R2L,1.0,YES,Medium
2026-01-06 07:26:12,Probe,Probe,1.0,YES,High
2026-01-06 07:26:12,R2L,R2L,1.0,YES,Medium
2026-01-06 07:26:12,Probe,Probe,1.0,YES,High
2026-01-06 07:26:12,R2L,R2L,1.0,YES,Medium
2026-01-06 07:26:12,Probe,Probe,1.0,YES,High
2026-01-06 07:26:12,DoS,DoS,1.0,YES,High
2026-01-06 07:26:12,R2L,R2L,1.0,YES,Medium
2026-01-06 07:26:12,U2R,U2R,1.0,YES,Critical
2026-01-06 07:26:13,U2R,U2R,1.0,YES,Critical
2026-01-06 07:26:13,R2L,R2L,1.0,YES,Medium
2026-01-06 07:26:13,Probe,Probe,1.0,YES,High
2026-01-06 07:26:13,R2L,R2L,1.0,YES,Medium
2026-01-06 07:26:13,R2L,R2L,1.0,YES,Medium
2026-01-06 07:26:13,R2L,R2L,1.0,YES,Medium
2026-01-06 07:26:13,R2L,R2L,1.0,YES,Medium
2026-01-06 07:26:13,R2L,R2L,1.0,YES,Medium
2026-01-06 07:26:13,U2R,U2R,1.0,YES,Critical
2026-01-06 07:26:13,U2R,U2R,1.0,YES,Critical
2026-01-06 07:26:13,R2L,R2L,1.0,YES,Medium
2026-01-06 07:26:13,DoS,DoS,1.0,YES,High
2026-01-06 07:26:13,R2L,R2L,1.0,YES,Medium
2026-01-06 07:26:13,DoS,DoS,1.0,YES,High
2026-01-06 07:26:13,DoS,DoS,1.0,YES,High
2026-01-06 07:26:13,R2L,R2L,1.0,YES,Medium
2026-01-06 07:26:13,R2L,R2L,1.0,YES,Medium
2026-01-06 07:26:13,Probe,Probe,0.995,YES,High
2026-01-06 07:26:13,U2R,U2R,1.0,YES,Critical
2026-01-06 07:26:13,U2R,U2R,1.0,YES,Critical
2026-01-06 07:26:13,R2L,R2L,1.0,YES,Medium
2026-01-06 07:26:13,R2L,R2L,1.0,YES,Medium
2026-01-06 07:26:13,U2R,U2R,0.985,YES,Critical
2026-01-06 07:26:13,U2R,U2R,1.0,YES,Critical
2026-01-06 07:26:13,R2L,R2L,1.0,YES,Medium
2026-01-06 07:26:13,R2L,R2L,1.0,YES,Medium
2026-01-06 07:26:13,DoS,DoS,1.0,YES,High
2026-01-06 07:26:13,U2R,U2R,1.0,YES,Critical
2026-01-06 07:26:13,U2R,U2R,1.0,YES,Critical
2026-01-06 07:26:13,Probe,Probe,1.0,YES,High
2026-01-06 07:26:13,U2R,U2R,1.0,YES,Critical
2026-01-06 07:26:13,DoS,DoS,1.0,YES,High
2026-01-06 07:26:13,DoS,DoS,1.0,YES,High
2026-01-06 07:26:13,DoS,DoS,1.0,YES,High
2026-01-06 07:26:13,U2R,U2R,1.0,YES,Critical
2026-01-06 07:26:13,R2L,R2L,1.0,YES,Medium
2026-01-06 07:26:13,R2L,R2L,1.0,YES,Medium
2026-01-06 07:26:13,R2L,R2L,1.0,YES,Medium
2026-01-06 07:26:13,R2L,R2L,1.0,YES,Medium
2026-01-06 07:26:13,DoS,DoS,1.0,YES,High
2026-01-06 07:26:13,R2L,R2L,0.99,YES,Medium
2026-01-06 07:26:13,DoS,DoS,1.0,YES,High
2026-01-06 07:26:13,R2L,R2L,1.0,YES,Medium
2026-01-06 07:26:13,U2R,U2R,1.0,YES,Critical
2026-01-06 07:26:13,R2L,R2L,1.0,YES,Medium
2026-01-06 07:26:13,R2L,R2L,1.0,YES,Medium
2026-01-06 07:26:13,R2L,R2L,1.0,YES,Medium
2026-01-06 07:26:13,U2R,U2R,1.0,YES,Critical
2026-01-06 07:26:13,DoS,DoS,1.0,YES,High
2026-01-06 07:26:13,DoS,DoS,1.0,YES,High
2026-01-06 07:26:13,R2L,R2L,1.0,YES,Medium
2026-01-06 07:26:13,DoS,DoS,0.995,YES,High
2026-01-06 07:26:13,DoS,DoS,1.0,YES,High
2026-01-06 07:26:13,Probe,Probe,1.0,YES,High
2026-01-06 07:26:13,U2R,U2R,1.0,YES,Critical
2026-01-06 07:26:13,U2R,U2R,1.0,YES,Critical
2026-01-06 07:26:13,Probe,Probe,0.995,YES,High
2026-01-06 07:26:14,R2L,R2L,1.0,YES,Medium
2026-01-06 07:26:14,DoS,DoS,1.0,YES,High
2026-01-06 07:26:14,U2R,U2R,1.0,YES,Critical
2026-01-06 07:26:14,R2L,R2L,1.0,YES,Medium
2026-01-06 07:26:14,U2R,U2R,1.0,YES,Critical
2026-01-06 07:26:14,U2R,U2R,1.0,YES,Critical
2026-01-06 07:26:14,R2L,R2L,1.0,YES,Medium
2026-01-06 07:26:14,R2L,R2L,1.0,YES,Medium
2026-01-06 07:26:14,R2L,R2L,1.0,YES,Medium
2026-01-06 07:26:14,Probe,Probe,1.0,YES,High
2026-01-06 07:26:14,R2L,R2L,1.0,YES,Medium
2026-01-06 07:26:14,R2L,R2L,0.995,YES,Medium
2026-01-06 07:26:14,DoS,DoS,1.0,YES,High
2026-01-06 07:26:14,Probe,Probe,0.997,YES,High
2026-01-06 07:26:14,Probe,Probe,1.0,YES,High
2026-01-06 07:26:14,U2R,U2R,1.0,YES,Critical
2026-01-06 07:26:14,U2R,U2R,1.0,YES,Critical
2026-01-06 07:26:14,Probe,Probe,1.0,YES,High
2026-01-06 07:26:14,R2L,R2L,1.0,YES,Medium
2026-01-06 07:26:14,Probe,Probe,0.99,YES,High
2026-01-06 07:26:14,Probe,Probe,1.0,YES,High
2026-01-06 07:26:14,Probe,Probe,0.995,YES,High
2026-01-06 07:26:14,R2L,R2L,1.0,YES,Medium
2026-01-06 07:26:14,DoS,DoS,1.0,YES,High
2026-01-06 07:26:14,Probe,Probe,1.0,YES,High
2026-01-06 07:26:14,U2R,U2R,1.0,YES,Critical
2026-01-06 07:26:14,Probe,Probe,1.0,YES,High
2026-01-06 07:26:14,Probe,Probe,1.0,YES,High
2026-01-06 07:26:14,U2R,U2R,1.0,YES,Critical
2026-01-06 07:26:14,R2L,R2L,1.0,YES,Medium
2026-01-06 07:26:14,Probe,Probe,1.0,YES,High
2026-01-06 07:26:14,U2R,U2R,1.0,YES,Critical
2026-01-06 07:26:14,U2R,U2R,1.0,YES,Critical
2026-01-06 07:26:14,R2L,R2L,1.0,YES,Medium
2026-01-06 07:26:14,DoS,DoS,0.995,YES,High
2026-01-06 07:26:14,R2L,R2L,1.0,YES,Medium
2026-01-06 07:26:14,U2R,U2R,1.0,YES,Critical
2026-01-06 07:26:14,DoS,DoS,1.0,YES,High
2026-01-06 07:26:14,R2L,R2L,1.0,YES,Medium
2026-01-06 07:26:14,R2L,R2L,1.0,YES,Medium
2026-01-06 07:26:14,DoS,DoS,1.0,YES,High
2026-01-06 07:26:14,U2R,U2R,1.0,YES,Critical
2026-01-06 07:26:14,Probe,Probe,1.0,YES,High
2026-01-06 07:26:14,R2L,R2L,1.0,YES,Medium
2026-01-06 07:26:14,U2R,U2R,1.0,YES,Critical
2026-01-06 07:26:14,Probe,Probe,1.0,YES,High
2026-01-06 07:26:14,U2R,U2R,1.0,YES,Critical
2026-01-06 07:26:14,R2L,R2L,1.0,YES,Medium
2026-01-06 07:26:14,DoS,DoS,1.0,YES,High
2026-01-06 07:26:14,DoS,DoS,1.0,YES,High
2026-01-06 07:26:14,U2R,U2R,1.0,YES,Critical
2026-01-06 07:26:14,U2R,U2R,1.0,YES,Critical
2026-01-06 07:26:14,U2R,U2R,1.0,YES,Critical
2026-01-06 07:26:14,U2R,U2R,1.0,YES,Critical
2026-01-06 07:26:15,Probe,Probe,0.995,YES,High
2026-01-06 07:26:15,DoS,DoS,1.0,YES,High
2026-01-06 07:26:15,DoS,DoS,1.0,YES,High
2026-01-06 07:26:15,R2L,R2L,1.0,YES,Medium
2026-01-06 07:26:15,DoS,DoS,1.0,YES,High
2026-01-06 07:26:15,U2R,U2R,1.0,YES,Critical
2026-01-06 07:26:15,U2R,U2R,0.995,YES,Critical
2026-01-06 07:26:15,Probe,Probe,1.0,YES,High
2026-01-06 07:26:15,R2L,R2L,0.995,YES,Medium
2026-01-06 07:26:15,Probe,Probe,1.0,YES,High
2026-01-06 07:26:15,R2L,R2L,1.0,YES,Medium
2026-01-06 07:26:15,DoS,DoS,1.0,YES,High
2026-01-06 07:26:15,R2L,R2L,1.0,YES,Medium
2026-01-06 07:26:15,U2R,U2R,1.0,YES,Critical
2026-01-06 07:26:15,DoS,DoS,1.0,YES,High
2026-01-06 07:26:15,DoS,DoS,1.0,YES,High
2026-01-06 07:26:15,Probe,Probe,1.0,YES,High
2026-01-06 07:26:15,Probe,Probe,1.0,YES,High
2026-01-06 07:26:15,Probe,Probe,1.0,YES,High
2026-01-06 07:26:15,DoS,DoS,1.0,YES,High
2026-01-06 07:26:15,R2L,R2L,1.0,YES,Medium
2026-01-06 07:26:15,Probe,Probe,1.0,YES,High
2026-01-06 07:26:15,U2R,U2R,0.995,YES,Critical
2026-01-06 07:26:15,DoS,DoS,1.0,YES,High
2026-01-06 07:26:15,U2R,U2R,1.0,YES,Critical
2026-01-06 07:26:15,U2R,U2R,1.0,YES,Critical
2026-01-06 07:26:15,R2L,R2L,0.995,YES,Medium
2026-01-06 07:26:15,R2L,R2L,1.0,YES,Medium
2026-01-06 07:26:15,Probe,Probe,1.0,YES,High
2026-01-06 07:26:15,R2L,R2L,1.0,YES,Medium
2026-01-06 07:26:15,R2L,R2L,1.0,YES,Medium
2026-01-06 07:26:15,R2L,R2L,1.0,YES,Medium
2026-01-06 07:26:15,Probe,Probe,1.0,YES,High
2026-01-06 07:26:15,Probe,Probe,0.999,YES,High
2026-01-06 07:26:15,R2L,R2L,1.0,YES,Medium
2026-01-06 07:26:15,R2L,R2L,1.0,YES,Medium
2026-01-06 07:26:15,R2L,R2L,1.0,YES,Medium
2026-01-06 07:26:15,DoS,DoS,1.0,YES,High
2026-01-06 07:26:15,U2R,U2R,1.0,YES,Critical
2026-01-06 07:26:15,DoS,DoS,1.0,YES,High
2026-01-06 07:26:15,R2L,R2L,1.0,YES,Medium
2026-01-06 07:26:15,Probe,Probe,1.0,YES,High
2026-01-06 07:26:15,U2R,U2R,1.0,YES,Critical
2026-01-06 07:26:15,DoS,DoS,1.0,YES,High
2026-01-06 07:26:15,DoS,DoS,1.0,YES,High
2026-01-06 07:26:15,Probe,Probe,1.0,YES,High
2026-01-06 07:26:15,DoS,DoS,1.0,YES,High
2026-01-06 07:26:15,DoS,DoS,1.0,YES,High
2026-01-06 07:26:15,DoS,DoS,1.0,YES,High
2026-01-06 07:26:15,U2R,U2R,1.0,YES,Critical
2026-01-06 07:26:15,U2R,U2R,1.0,YES,Critical
2026-01-06 07:26:15,R2L,R2L,1.0,YES,Medium
2026-01-06 07:26:16,Probe,Probe,1.0,YES,High
2026-01-06 07:26:16,R2L,R2L,1.0,YES,Medium
2026-01-06 07:26:16,R2L,R2L,1.0,YES,Medium
2026-01-06 07:26:16,U2R,U2R,1.0,YES,Critical
2026-01-06 07:26:16,U2R,U2R,0.955,YES,Critical
2026-01-06 07:26:16,R2L,R2L,1.0,YES,Medium
2026-01-06 07:26:16,U2R,U2R,1.0,YES,Critical
2026-01-06 07:26:16,Probe,Probe,1.0,YES,High
2026-01-06 07:26:16,DoS,DoS,1.0,YES,High
2026-01-06 07:26:16,DoS,DoS,1.0,YES,High
2026-01-06 07:26:16,Probe,Probe,1.0,YES,High
2026-01-06 07:26:16,DoS,DoS,1.0,YES,High
2026-01-06 07:26:16,Probe,Probe,1.0,YES,High
2026-01-06 07:26:16,R2L,R2L,1.0,YES,Medium
2026-01-06 07:26:16,DoS,DoS,1.0,YES,High
2026-01-06 07:26:16,DoS,DoS,1.0,YES,High
2026-01-06 07:26:16,U2R,U2R,1.0,YES,Critical
2026-01-06 07:26:16,R2L,R2L,1.0,YES,Medium
2026-01-06 07:26:16,R2L,R2L,0.995,YES,Medium
2026-01-06 07:26:16,Probe,Probe,1.0,YES,High
2026-01-06 07:26:16,U2R,U2R,1.0,YES,Critical
2026-01-06 07:26:16,DoS,DoS,0.985,YES,High
2026-01-06 07:26:16,DoS,DoS,1.0,YES,High
2026-01-06 07:26:16,Probe,Probe,1.0,YES,High
2026-01-06 07:26:16,DoS,DoS,0.995,YES,High
2026-01-06 07:26:16,Probe,Probe,0.975,YES,High
2026-01-06 07:26:16,U2R,U2R,1.0,YES,Critical
2026-01-06 07:26:16,U2R,U2R,1.0,YES,Critical
2026-01-06 07:26:16,U2R,U2R,1.0,YES,Critical
2026-01-06 07:26:16,DoS,DoS,1.0,YES,High
2026-01-06 07:26:16,DoS,DoS,1.0,YES,High
2026-01-06 07:26:16,Probe,Probe,1.0,YES,High
2026-01-06 07:26:16,R2L,R2L,1.0,YES,Medium
2026-01-06 07:26:16,R2L,R2L,1.0,YES,Medium
2026-01-06 07:26:16,Probe,Probe,1.0,YES,High
2026-01-06 07:26:16,U2R,U2R,1.0,YES,Critical
2026-01-06 07:26:16,DoS,DoS,1.0,YES,High
2026-01-06 07:26:16,U2R,U2R,1.0,YES,Critical
2026-01-06 07:26:16,U2R,U2R,1.0,YES,Critical
2026-01-06 07:26:16,DoS,DoS,1.0,YES,High
2026-01-06 07:26:16,U2R,U2R,1.0,YES,Critical
2026-01-06 07:26:16,DoS,DoS,1.0,YES,High
2026-01-06 07:26:16,Probe,Probe,0.999,YES,High
2026-01-06 07:26:16,Probe,Probe,1.0,YES,High
2026-01-06 07:26:16,R2L,R2L,1.0,YES,Medium
2026-01-06 07:26:17,Probe,Probe,1.0,YES,High
2026-01-06 07:26:17,DoS,DoS,0.995,YES,High
2026-01-06 07:26:17,Probe,Probe,1.0,YES,High
2026-01-06 07:26:17,Probe,Probe,0.995,YES,High
2026-01-06 07:26:17,DoS,DoS,1.0,YES,High
2026-01-06 07:26:17,Probe,Probe,1.0,YES,High
2026-01-06 07:26:17,Probe,Probe,1.0,YES,High
2026-01-06 07:26:17,R2L,R2L,1.0,YES,Medium
2026-01-06 07:26:17,U2R,U2R,1.0,YES,Critical
2026-01-06 07:26:17,U2R,U2R,1.0,YES,Critical
2026-01-06 07:26:17,R2L,R2L,1.0,YES,Medium
2026-01-06 07:26:17,U2R,U2R,1.0,YES,Critical
2026-01-06 07:26:17,Probe,Probe,0.995,YES,High
2026-01-06 07:26:17,DoS,DoS,1.0,YES,High
2026-01-06 07:26:17,Probe,Probe,1.0,YES,High
2026-01-06 07:26:17,U2R,U2R,1.0,YES,Critical
2026-01-06 07:26:17,R2L,R2L,1.0,YES,Medium
2026-01-06 07:26:17,U2R,U2R,1.0,YES,Critical
2026-01-06 07:26:17,DoS,DoS,0.99,YES,High
2026-01-06 07:26:17,DoS,DoS,1.0,YES,High
2026-01-06 07:26:17,R2L,R2L,1.0,YES,Medium
2026-01-06 07:26:17,DoS,DoS,1.0,YES,High
2026-01-06 07:26:17,DoS,DoS,1.0,YES,High
2026-01-06 07:26:17,U2R,U2R,1.0,YES,Critical
2026-01-06 07:26:17,DoS,DoS,1.0,YES,High
2026-01-06 07:26:17,DoS,DoS,1.0,YES,High
2026-01-06 07:26:17,U2R,U2R,1.0,YES,Critical
2026-01-06 07:26:17,R2L,R2L,1.0,YES,Medium
2026-01-06 07:26:17,U2R,U2R,1.0,YES,Critical
2026-01-06 07:26:17,Probe,Probe,1.0,YES,High
2026-01-06 07:26:17,U2R,U2R,1.0,YES,Critical
2026-01-06 07:26:17,U2R,U2R,1.0,YES,Critical
2026-01-06 07:26:17,R2L,R2L,0.987,YES,Medium
2026-01-06 07:26:17,U2R,U2R,1.0,YES,Critical
2026-01-06 07:26:17,DoS,DoS,1.0,YES,High
2026-01-06 07:26:17,U2R,U2R,1.0,YES,Critical
2026-01-06 07:26:17,Probe,Probe,1.0,YES,High
2026-01-06 07:26:17,U2R,U2R,1.0,YES,Critical
2026-01-06 07:26:17,R2L,R2L,1.0,YES,Medium
2026-01-06 07:26:17,R2L,R2L,1.0,YES,Medium
2026-01-06 07:26:17,DoS,DoS,1.0,YES,High
2026-01-06 07:26:17,U2R,U2R,1.0,YES,Critical
2026-01-06 07:26:17,Probe,Probe,1.0,YES,High
2026-01-06 07:26:17,U2R,U2R,1.0,YES,Critical
2026-01-06 07:26:17,Probe,Probe,1.0,YES,High
2026-01-06 07:26:17,R2L,R2L,1.0,YES,Medium
2026-01-06 07:26:17,DoS,DoS,1.0,YES,High
2026-01-06 07:26:17,R2L,R2L,0.995,YES,Medium
2026-01-06 07:26:17,DoS,DoS,1.0,YES,High
2026-01-06 07:26:17,R2L,R2L,1.0,YES,Medium
2026-01-06 07:26:17,R2L,R2L,1.0,YES,Medium
2026-01-06 07:26:17,R2L,R2L,1.0,YES,Medium
2026-01-06 07:26:17,Probe,Probe,1.0,YES,High
2026-01-06 07:26:18,DoS,DoS,1.0,YES,High
2026-01-06 07:26:18,Probe,Probe,1.0,YES,High
2026-01-06 07:26:18,Probe,Probe,1.0,YES,High
2026-01-06 07:26:18,R2L,R2L,1.0,YES,Medium
2026-01-06 07:26:18,DoS,DoS,0.995,YES,High
2026-01-06 07:26:18,R2L,R2L,1.0,YES,Medium
2026-01-06 07:26:18,R2L,R2L,1.0,YES,Medium
2026-01-06 07:26:18,Probe,Probe,0.999,YES,High
2026-01-06 07:26:18,U2R,U2R,1.0,YES,Critical
2026-01-06 07:26:18,R2L,R2L,1.0,YES,Medium
2026-01-06 07:26:18,U2R,U2R,1.0,YES,Critical
2026-01-06 07:26:18,Probe,Probe,0.995,YES,High
2026-01-06 07:26:18,Probe,Probe,1.0,YES,High
2026-01-06 07:26:18,DoS,DoS,1.0,YES,High
2026-01-06 07:26:18,R2L,R2L,1.0,YES,Medium
2026-01-06 07:26:18,Probe,Probe,0.999,YES,High
2026-01-06 07:26:18,R2L,R2L,1.0,YES,Medium
2026-01-06 07:26:18,U2R,U2R,1.0,YES,Critical
2026-01-06 07:26:18,R2L,R2L,1.0,YES,Medium
2026-01-06 07:26:18,U2R,U2R,1.0,YES,Critical
2026-01-06 07:26:18,U2R,U2R,1.0,YES,Critical
2026-01-06 07:26:18,DoS,DoS,1.0,YES,High
2026-01-06 07:26:18,U2R,U2R,1.0,YES,Critical
2026-01-06 07:26:18,DoS,DoS,1.0,YES,High
2026-01-06 07:26:18,R2L,R2L,1.0,YES,Medium
2026-01-06 07:26:18,R2L,R2L,1.0,YES,Medium
2026-01-06 07:26:18,DoS,DoS,1.0,YES,High
2026-01-06 07:26:18,R2L,R2L,1.0,YES,Medium
2026-01-06 07:26:18,DoS,DoS,1.0,YES,High
2026-01-06 07:26:18,DoS,DoS,1.0,YES,High
2026-01-06 07:26:18,DoS,DoS,1.0,YES,High
2026-01-06 07:26:18,U2R,U2R,1.0,YES,Critical
2026-01-06 07:26:18,U2R,U2R,1.0,YES,Critical
2026-01-06 07:26:18,U2R,U2R,1.0,YES,Critical
2026-01-06 07:26:18,U2R,U2R,1.0,YES,Critical
2026-01-06 07:26:18,Probe,Probe,1.0,YES,High
2026-01-06 07:26:18,Probe,Probe,1.0,YES,High
2026-01-06 07:26:18,U2R,U2R,1.0,YES,Critical
2026-01-06 07:26:18,R2L,R2L,1.0,YES,Medium
2026-01-06 07:26:18,U2R,U2R,1.0,YES,Critical
2026-01-06 07:26:18,R2L,R2L,1.0,YES,Medium
2026-01-06 07:26:18,DoS,DoS,1.0,YES,High
2026-01-06 07:26:18,DoS,DoS,1.0,YES,High
2026-01-06 07:26:18,Probe,Probe,0.994,YES,High
2026-01-06 07:26:18,DoS,DoS,1.0,YES,High
2026-01-06 07:26:18,Probe,Probe,1.0,YES,High
2026-01-06 07:26:19,Probe,Probe,1.0,YES,High
2026-01-06 07:26:19,U2R,U2R,1.0,YES,Critical
2026-01-06 07:26:19,DoS,DoS,1.0,YES,High
2026-01-06 07:26:19,Probe,Probe,1.0,YES,High
2026-01-06 07:26:19,U2R,U2R,1.0,YES,Critical
2026-01-06 07:26:19,R2L,R2L,1.0,YES,Medium
2026-01-06 07:26:19,U2R,U2R,1.0,YES,Critical
2026-01-06 07:26:19,DoS,DoS,1.0,YES,High
2026-01-06 07:26:19,R2L,R2L,0.995,YES,Medium
2026-01-06 07:26:19,DoS,DoS,1.0,YES,High
2026-01-06 07:26:19,DoS,DoS,1.0,YES,High
2026-01-06 07:26:19,DoS,DoS,1.0,YES,High
2026-01-06 07:26:19,Probe,Probe,1.0,YES,High
2026-01-06 07:26:19,Probe,Probe,1.0,YES,High
2026-01-06 07:26:19,R2L,R2L,1.0,YES,Medium
2026-01-06 07:26:19,DoS,DoS,0.999,YES,High
2026-01-06 07:26:19,Probe,Probe,1.0,YES,High
2026-01-06 07:26:19,DoS,DoS,1.0,YES,High
2026-01-06 07:26:19,R2L,R2L,1.0,YES,Medium
2026-01-06 07:26:19,Probe,Probe,1.0,YES,High
2026-01-06 07:26:19,Probe,Probe,1.0,YES,High
2026-01-06 07:26:19,Probe,Probe,1.0,YES,High
2026-01-06 07:26:19,U2R,U2R,1.0,YES,Critical
2026-01-06 07:26:19,DoS,DoS,1.0,YES,High
2026-01-06 07:26:19,Probe,Probe,1.0,YES,High
2026-01-06 07:26:19,DoS,DoS,1.0,YES,High
2026-01-06 07:26:19,U2R,U2R,1.0,YES,Critical
2026-01-06 07:26:19,Probe,Probe,1.0,YES,High
2026-01-06 07:26:19,Probe,Probe,1.0,YES,High
2026-01-06 07:26:19,U2R,U2R,1.0,YES,Critical
2026-01-06 07:26:19,U2R,U2R,1.0,YES,Critical
2026-01-06 07:26:19,R2L,R2L,0.995,YES,Medium
2026-01-06 07:26:19,DoS,DoS,1.0,YES,High
2026-01-06 07:26:19,U2R,U2R,1.0,YES,Critical
2026-01-06 07:26:19,DoS,DoS,1.0,YES,High
2026-01-06 07:26:20,R2L,R2L,1.0,YES,Medium
2026-01-06 07:26:20,R2L,R2L,1.0,YES,Medium
2026-01-06 07:26:20,R2L,R2L,1.0,YES,Medium
2026-01-06 07:26:20,R2L,R2L,1.0,YES,Medium
2026-01-06 07:26:20,Probe,Probe,1.0,YES,High
2026-01-06 07:26:20,R2L,R2L,1.0,YES,Medium
2026-01-06 07:26:20,R2L,R2L,1.0,YES,Medium
2026-01-06 07:26:20,DoS,DoS,1.0,YES,High
2026-01-06 07:26:20,U2R,U2R,1.0,YES,Critical
2026-01-06 07:26:20,Probe,Probe,1.0,YES,High
2026-01-06 07:26:20,U2R,U2R,1.0,YES,Critical
2026-01-06 07:26:20,U2R,U2R,1.0,YES,Critical
2026-01-06 07:26:20,U2R,U2R,1.0,YES,Critical
2026-01-06 07:26:20,DoS,DoS,1.0,YES,High
2026-01-06 07:26:20,U2R,U2R,1.0,YES,Critical
2026-01-06 07:26:20,R2L,R2L,1.0,YES,Medium
2026-01-06 07:26:20,U2R,U2R,1.0,YES,Critical
2026-01-06 07:26:20,DoS,DoS,1.0,YES,High
2026-01-06 07:26:20,Probe,Probe,1.0,YES,High
2026-01-06 07:26:20,Probe,Probe,1.0,YES,High
2026-01-06 07:26:20,U2R,U2R,0.995,YES,Critical
2026-01-06 07:26:20,DoS,DoS,1.0,YES,High
2026-01-06 07:26:20,Probe,Probe,1.0,YES,High
2026-01-06 07:26:20,R2L,R2L,1.0,YES,Medium
2026-01-06 07:26:20,U2R,U2R,1.0,YES,Critical
2026-01-06 07:26:20,U2R,U2R,1.0,YES,Critical
2026-01-06 07:26:20,DoS,DoS,1.0,YES,High
2026-01-06 07:26:20,U2R,U2R,0.995,YES,Critical
2026-01-06 07:26:20,R2L,R2L,1.0,YES,Medium
2026-01-06 07:26:20,DoS,DoS,1.0,YES,High
2026-01-06 07:26:20,Probe,Probe,1.0,YES,High
2026-01-06 07:26:20,R2L,R2L,1.0,YES,Medium
2026-01-06 07:26:20,U2R,U2R,1.0,YES,Critical
2026-01-06 07:26:20,DoS,DoS,1.0,YES,High
2026-01-06 07:26:21,U2R,U2R,1.0,YES,Critical
2026-01-06 07:26:21,Probe,Probe,1.0,YES,High
2026-01-06 07:26:21,DoS,DoS,1.0,YES,High
2026-01-06 07:26:21,R2L,R2L,1.0,YES,Medium
2026-01-06 07:26:21,U2R,U2R,1.0,YES,Critical
2026-01-06 07:26:21,DoS,DoS,1.0,YES,High
2026-01-06 07:26:21,R2L,R2L,1.0,YES,Medium
2026-01-06 07:26:21,DoS,DoS,1.0,YES,High
2026-01-06 07:26:21,DoS,DoS,1.0,YES,High
2026-01-06 07:26:21,Probe,Probe,0.995,YES,High
2026-01-06 07:26:21,R2L,R2L,1.0,YES,Medium
2026-01-06 07:26:21,U2R,U2R,1.0,YES,Critical
2026-01-06 07:26:21,R2L,R2L,1.0,YES,Medium
2026-01-06 07:26:21,Probe,Probe,0.934,YES,High
2026-01-06 07:26:21,U2R,U2R,1.0,YES,Critical
2026-01-06 07:26:21,DoS,DoS,1.0,YES,High
2026-01-06 07:26:21,U2R,U2R,1.0,YES,Critical
2026-01-06 07:26:21,Probe,Probe,1.0,YES,High
2026-01-06 07:26:21,DoS,DoS,1.0,YES,High
2026-01-06 07:26:21,DoS,DoS,1.0,YES,High
2026-01-06 07:26:21,DoS,DoS,1.0,YES,High
2026-01-06 07:26:21,DoS,DoS,1.0,YES,High
2026-01-06 07:26:21,R2L,R2L,1.0,YES,Medium
2026-01-06 07:26:21,U2R,U2R,1.0,YES,Critical
2026-01-06 07:26:21,Probe,Probe,1.0,YES,High
2026-01-06 07:26:21,U2R,U2R,1.0,YES,Critical
2026-01-06 07:26:21,U2R,U2R,1.0,YES,Critical
2026-01-06 07:26:21,U2R,U2R,1.0,YES,Critical
2026-01-06 07:26:21,DoS,DoS,1.0,YES,High
2026-01-06 07:26:21,DoS,DoS,1.0,YES,High
2026-01-06 07:26:21,R2L,R2L,1.0,YES,Medium
2026-01-06 07:26:21,Probe,Probe,1.0,YES,High
2026-01-06 07:26:21,Probe,Probe,1.0,YES,High
2026-01-06 07:26:21,Probe,Probe,1.0,YES,High
2026-01-06 07:26:21,R2L,R2L,1.0,YES,Medium
2026-01-06 07:26:21,DoS,DoS,1.0,YES,High
2026-01-06 07:26:21,Probe,Probe,0.945,YES,High
2026-01-06 07:26:21,R2L,R2L,1.0,YES,Medium
2026-01-06 07:26:21,Probe,Probe,0.995,YES,High
2026-01-06 07:26:21,R2L,R2L,1.0,YES,Medium
2026-01-06 07:26:21,U2R,U2R,1.0,YES,Critical
2026-01-06 07:26:21,Probe,Probe,0.995,YES,High
2026-01-06 07:26:21,U2R,U2R,1.0,YES,Critical
2026-01-06 07:26:21,Probe,Probe,1.0,YES,High
2026-01-06 07:26:21,R2L,R2L,1.0,YES,Medium
2026-01-06 07:26:21,Probe,Probe,1.0,YES,High
2026-01-06 07:26:21,U2R,U2R,1.0,YES,Critical
2026-01-06 07:26:21,R2L,R2L,1.0,YES,Medium
2026-01-06 07:26:21,Probe,Probe,1.0,YES,High
2026-01-06 07:26:21,U2R,U2R,1.0,YES,Critical
2026-01-06 07:26:21,DoS,DoS,1.0,YES,High
2026-01-06 07:26:21,U2R,U2R,1.0,YES,Critical
2026-01-06 07:26:21,R2L,R2L,1.0,YES,Medium
2026-01-06 07:26:22,Probe,Probe,1.0,YES,High
2026-01-06 07:26:22,Probe,Probe,0.985,YES,High
2026-01-06 07:26:22,R2L,R2L,1.0,YES,Medium
2026-01-06 07:26:22,U2R,U2R,1.0,YES,Critical
2026-01-06 07:26:22,Probe,Probe,0.965,YES,High
2026-01-06 07:26:22,DoS,DoS,1.0,YES,High
2026-01-06 07:26:22,DoS,DoS,1.0,YES,High
2026-01-06 07:26:22,Probe,Probe,1.0,YES,High
2026-01-06 07:26:22,U2R,U2R,1.0,YES,Critical
2026-01-06 07:26:22,DoS,DoS,1.0,YES,High
2026-01-06 07:26:22,R2L,R2L,1.0,YES,Medium
2026-01-06 07:26:22,DoS,DoS,1.0,YES,High
2026-01-06 07:26:22,DoS,DoS,1.0,YES,High
2026-01-06 07:26:22,U2R,U2R,1.0,YES,Critical
2026-01-06 07:26:22,DoS,DoS,1.0,YES,High
2026-01-06 07:26:22,R2L,R2L,1.0,YES,Medium
2026-01-06 07:26:22,R2L,R2L,1.0,YES,Medium
2026-01-06 07:26:22,R2L,R2L,1.0,YES,Medium
2026-01-06 07:26:22,DoS,DoS,0.995,YES,High
2026-01-06 07:26:22,U2R,U2R,1.0,YES,Critical
2026-01-06 07:26:22,DoS,DoS,1.0,YES,High
2026-01-06 07:26:22,Probe,Probe,1.0,YES,High
2026-01-06 07:26:22,Probe,Probe,0.995,YES,High
2026-01-06 07:26:22,R2L,R2L,1.0,YES,Medium
2026-01-06 07:26:22,U2R,U2R,1.0,YES,Critical
2026-01-06 07:26:22,R2L,R2L,1.0,YES,Medium
2026-01-06 07:26:22,R2L,R2L,1.0,YES,Medium
2026-01-06 07:26:22,Probe,Probe,1.0,YES,High
2026-01-06 07:26:22,R2L,R2L,0.995,YES,Medium
2026-01-06 07:26:22,Probe,Probe,1.0,YES,High
2026-01-06 07:26:22,Probe,Probe,1.0,YES,High
2026-01-06 07:26:22,U2R,U2R,1.0,YES,Critical
2026-01-06 07:26:22,R2L,R2L,1.0,YES,Medium
2026-01-06 07:26:22,Probe,Probe,1.0,YES,High
2026-01-06 07:26:22,R2L,R2L,1.0,YES,Medium
2026-01-06 07:26:22,DoS,DoS,1.0,YES,High
2026-01-06 07:26:22,U2R,U2R,1.0,YES,Critical
2026-01-06 07:26:22,DoS,DoS,0.97,YES,High
2026-01-06 07:26:22,U2R,U2R,1.0,YES,Critical
2026-01-06 07:26:22,DoS,DoS,1.0,YES,High
2026-01-06 07:26:22,Probe,Probe,1.0,YES,High
2026-01-06 07:26:22,Probe,Probe,1.0,YES,High
2026-01-06 07:26:22,DoS,DoS,1.0,YES,High
2026-01-06 07:26:22,U2R,U2R,1.0,YES,Critical
2026-01-06 07:26:22,DoS,DoS,1.0,YES,High
2026-01-06 07:26:22,U2R,U2R,1.0,YES,Critical
2026-01-06 07:26:22,DoS,DoS,1.0,YES,High
2026-01-06 07:26:22,DoS,DoS,1.0,YES,High
2026-01-06 07:26:22,Probe,Probe,0.995,YES,High
2026-01-06 07:26:22,Probe,Probe,1.0,YES,High
2026-01-06 07:26:22,Probe,Probe,1.0,YES,High
2026-01-06 07:26:22,U2R,U2R,1.0,YES,Critical
2026-01-06 07:26:22,Probe,Probe,1.0,YES,High
2026-01-06 07:26:22,Probe,Probe,1.0,YES,High
2026-01-06 07:26:22,U2R,U2R,1.0,YES,Critical
2026-01-06 07:26:22,U2R,U2R,1.0,YES,Critical
2026-01-06 07:26:22,Probe,Probe,1.0,YES,High
2026-01-06 07:26:22,DoS,DoS,1.0,YES,High
2026-01-06 07:26:23,U2R,U2R,1.0,YES,Critical
2026-01-06 07:26:23,DoS,DoS,1.0,YES,High
2026-01-06 07:26:23,U2R,U2R,1.0,YES,Critical
2026-01-06 07:26:23,Probe,Probe,1.0,YES,High
2026-01-06 07:26:23,R2L,R2L,1.0,YES,Medium
2026-01-06 07:26:23,R2L,R2L,1.0,YES,Medium
2026-01-06 07:26:23,DoS,DoS,1.0,YES,High
2026-01-06 07:26:23,DoS,DoS,1.0,YES,High
2026-01-06 07:26:23,U2R,U2R,1.0,YES,Critical
2026-01-06 07:26:23,R2L,R2L,1.0,YES,Medium
2026-01-06 07:26:23,U2R,U2R,1.0,YES,Critical
2026-01-06 07:26:23,U2R,U2R,1.0,YES,Critical
2026-01-06 07:26:23,R2L,R2L,1.0,YES,Medium
2026-01-06 07:26:23,R2L,R2L,1.0,YES,Medium
2026-01-06 07:26:23,DoS,DoS,1.0,YES,High
2026-01-06 07:26:23,DoS,DoS,1.0,YES,High
2026-01-06 07:26:23,U2R,U2R,1.0,YES,Critical
2026-01-06 07:26:23,R2L,R2L,1.0,YES,Medium
2026-01-06 07:26:23,Probe,Probe,1.0,YES,High
2026-01-06 07:26:23,DoS,DoS,1.0,YES,High
2026-01-06 07:26:23,Probe,Probe,1.0,YES,High
2026-01-06 07:26:23,Probe,Probe,1.0,YES,High
2026-01-06 07:26:23,R2L,R2L,1.0,YES,Medium
2026-01-06 07:26:23,DoS,DoS,1.0,YES,High
2026-01-06 07:26:23,U2R,U2R,1.0,YES,Critical
2026-01-06 07:26:23,U2R,U2R,1.0,YES,Critical
2026-01-06 07:26:23,R2L,R2L,1.0,YES,Medium
2026-01-06 07:26:23,DoS,DoS,1.0,YES,High
2026-01-06 07:26:23,DoS,DoS,0.995,YES,High
2026-01-06 07:26:23,DoS,DoS,0.995,YES,High
2026-01-06 07:26:23,Probe,Probe,0.99,YES,High
2026-01-06 07:26:23,U2R,U2R,1.0,YES,Critical
2026-01-06 07:26:23,Probe,Probe,0.985,YES,High
2026-01-06 07:26:23,DoS,DoS,1.0,YES,High
2026-01-06 07:26:23,U2R,U2R,1.0,YES,Critical
2026-01-06 07:26:23,R2L,R2L,1.0,YES,Medium
2026-01-06 07:26:23,DoS,DoS,1.0,YES,High
2026-01-06 07:26:23,DoS,DoS,1.0,YES,High
2026-01-06 07:26:23,U2R,U2R,1.0,YES,Critical
2026-01-06 07:26:23,U2R,U2R,1.0,YES,Critical
2026-01-06 07:26:23,Probe,Probe,0.825,YES,High
2026-01-06 07:26:23,Probe,Probe,0.993,YES,High
2026-01-06 07:26:23,U2R,U2R,1.0,YES,Critical
2026-01-06 07:26:23,R2L,R2L,1.0,YES,Medium
2026-01-06 07:26:23,Probe,Probe,1.0,YES,High
2026-01-06 07:26:23,U2R,U2R,0.99,YES,Critical
2026-01-06 07:26:23,R2L,R2L,1.0,YES,Medium
2026-01-06 07:26:23,U2R,U2R,1.0,YES,Critical
2026-01-06 07:26:23,DoS,DoS,1.0,YES,High
2026-01-06 07:26:23,Probe,Probe,1.0,YES,High
2026-01-06 07:26:23,DoS,DoS,1.0,YES,High
2026-01-06 07:26:23,U2R,U2R,1.0,YES,Critical
2026-01-06 07:26:24,U2R,U2R,1.0,YES,Critical
2026-01-06 07:26:24,DoS,DoS,1.0,YES,High
2026-01-06 07:26:24,DoS,DoS,1.0,YES,High
2026-01-06 07:26:24,U2R,U2R,1.0,YES,Critical
2026-01-06 07:26:24,DoS,DoS,1.0,YES,High
2026-01-06 07:26:24,DoS,DoS,1.0,YES,High
2026-01-06 07:26:24,U2R,U2R,1.0,YES,Critical
2026-01-06 07:26:24,U2R,U2R,1.0,YES,Critical
2026-01-06 07:26:24,Probe,Probe,1.0,YES,High
2026-01-06 07:26:24,U2R,U2R,1.0,YES,Critical
2026-01-06 07:26:24,R2L,R2L,1.0,YES,Medium
2026-01-06 07:26:24,U2R,U2R,1.0,YES,Critical
2026-01-06 07:26:24,DoS,DoS,1.0,YES,High
2026-01-06 07:26:24,R2L,R2L,1.0,YES,Medium
2026-01-06 07:26:24,U2R,U2R,1.0,YES,Critical
2026-01-06 07:26:24,DoS,DoS,1.0,YES,High
2026-01-06 07:26:24,DoS,DoS,1.0,YES,High
2026-01-06 07:26:24,R2L,R2L,1.0,YES,Medium
2026-01-06 07:26:24,R2L,R2L,1.0,YES,Medium
2026-01-06 07:26:24,DoS,DoS,1.0,YES,High
2026-01-06 07:26:24,R2L,R2L,1.0,YES,Medium
2026-01-06 07:26:24,DoS,DoS,1.0,YES,High
2026-01-06 07:26:24,DoS,DoS,1.0,YES,High
2026-01-06 07:26:24,Probe,Probe,1.0,YES,High
2026-01-06 07:26:24,DoS,DoS,1.0,YES,High
2026-01-06 07:26:24,DoS,DoS,1.0,YES,High
2026-01-06 07:26:24,DoS,DoS,1.0,YES,High
2026-01-06 07:26:24,U2R,U2R,0.91,YES,Critical
2026-01-06 07:26:24,DoS,DoS,1.0,YES,High
2026-01-06 07:26:24,Probe,Probe,0.999,YES,High
2026-01-06 07:26:24,DoS,DoS,1.0,YES,High
2026-01-06 07:26:24,U2R,U2R,1.0,YES,Critical
2026-01-06 07:26:24,R2L,R2L,1.0,YES,Medium
2026-01-06 07:26:24,DoS,DoS,1.0,YES,High
2026-01-06 07:26:24,R2L,R2L,0.999,YES,Medium
2026-01-06 07:26:24,U2R,U2R,1.0,YES,Critical
2026-01-06 07:26:24,Probe,Probe,1.0,YES,High
2026-01-06 07:26:24,DoS,DoS,1.0,YES,High
2026-01-06 07:26:24,DoS,DoS,0.995,YES,High
2026-01-06 07:26:24,U2R,U2R,1.0,YES,Critical
2026-01-06 07:26:24,Probe,Probe,1.0,YES,High
2026-01-06 07:26:24,U2R,U2R,1.0,YES,Critical
2026-01-06 07:26:24,R2L,R2L,1.0,YES,Medium
2026-01-06 07:26:24,U2R,U2R,1.0,YES,Critical
2026-01-06 07:26:24,Probe,Probe,1.0,YES,High
2026-01-06 07:26:24,Probe,Probe,0.995,YES,High
2026-01-06 07:26:24,DoS,DoS,1.0,YES,High
2026-01-06 07:26:24,U2R,U2R,1.0,YES,Critical
2026-01-06 07:26:24,Probe,Probe,1.0,YES,High
2026-01-06 07:26:24,U2R,U2R,1.0,YES,Critical
2026-01-06 07:26:24,DoS,DoS,1.0,YES,High
2026-01-06 07:26:24,DoS,DoS,1.0,YES,High
2026-01-06 07:26:24,Probe,Probe,1.0,YES,High
2026-01-06 07:26:24,Probe,Probe,1.0,YES,High
2026-01-06 07:26:24,DoS,DoS,1.0,YES,High
2026-01-06 07:26:24,R2L,R2L,1.0,YES,Medium
2026-01-06 07:26:24,Probe,Probe,1.0,YES,High
2026-01-06 07:26:24,DoS,DoS,1.0,YES,High
2026-01-06 07:26:24,Probe,Probe,1.0,YES,High
2026-01-06 07:26:24,Probe,Probe,1.0,YES,High
2026-01-06 07:26:24,R2L,R2L,1.0,YES,Medium
2026-01-06 07:26:25,DoS,DoS,1.0,YES,High
2026-01-06 07:26:25,DoS,DoS,1.0,YES,High
2026-01-06 07:26:25,Probe,Probe,1.0,YES,High
2026-01-06 07:26:25,R2L,R2L,1.0,YES,Medium
2026-01-06 07:26:25,R2L,R2L,1.0,YES,Medium
2026-01-06 07:26:25,U2R,U2R,1.0,YES,Critical
2026-01-06 07:26:25,U2R,U2R,1.0,YES,Critical
2026-01-06 07:26:25,R2L,R2L,1.0,YES,Medium
2026-01-06 07:26:25,DoS,DoS,1.0,YES,High
2026-01-06 07:26:25,R2L,R2L,1.0,YES,Medium
2026-01-06 07:26:25,R2L,R2L,1.0,YES,Medium
2026-01-06 07:26:25,DoS,DoS,1.0,YES,High
2026-01-06 07:26:25,R2L,R2L,1.0,YES,Medium
2026-01-06 07:26:25,Probe,Probe,1.0,YES,High
2026-01-06 07:26:25,R2L,R2L,1.0,YES,Medium
2026-01-06 07:26:25,R2L,R2L,1.0,YES,Medium
2026-01-06 07:26:25,Probe,Probe,0.904,YES,High
2026-01-06 07:26:25,Probe,Probe,1.0,YES,High
2026-01-06 07:26:25,U2R,U2R,1.0,YES,Critical
2026-01-06 07:26:25,DoS,DoS,1.0,YES,High
2026-01-06 07:26:25,U2R,U2R,1.0,YES,Critical
2026-01-06 07:26:25,U2R,U2R,1.0,YES,Critical
2026-01-06 07:26:25,R2L,R2L,1.0,YES,Medium
2026-01-06 07:26:25,R2L,R2L,1.0,YES,Medium
2026-01-06 07:26:25,DoS,DoS,1.0,YES,High
2026-01-06 07:26:25,R2L,R2L,1.0,YES,Medium
2026-01-06 07:26:25,U2R,U2R,1.0,YES,Critical
2026-01-06 07:26:25,Probe,Probe,1.0,YES,High
2026-01-06 07:26:25,Probe,Probe,1.0,YES,High
2026-01-06 07:26:25,R2L,R2L,1.0,YES,Medium
2026-01-06 07:26:25,Probe,Probe,1.0,YES,High
2026-01-06 07:26:25,R2L,R2L,1.0,YES,Medium
2026-01-06 07:26:25,R2L,R2L,0.99,YES,Medium
2026-01-06 07:26:25,DoS,DoS,1.0,YES,High
2026-01-06 07:26:25,Probe,Probe,1.0,YES,High
2026-01-06 07:26:25,U2R,U2R,1.0,YES,Critical
2026-01-06 07:26:25,Probe,Probe,1.0,YES,High
2026-01-06 07:26:25,DoS,DoS,1.0,YES,High
2026-01-06 07:26:25,Probe,Probe,1.0,YES,High
2026-01-06 07:26:25,U2R,U2R,1.0,YES,Critical
2026-01-06 07:26:25,Probe,Probe,1.0,YES,High
2026-01-06 07:26:25,U2R,U2R,1.0,YES,Critical
2026-01-06 07:26:25,R2L,R2L,0.995,YES,Medium
2026-01-06 07:26:25,R2L,R2L,1.0,YES,Medium
2026-01-06 07:26:25,Probe,Probe,1.0,YES,High
2026-01-06 07:26:25,U2R,U2R,1.0,YES,Critical
2026-01-06 07:26:25,U2R,U2R,1.0,YES,Critical
2026-01-06 07:26:25,R2L,R2L,1.0,YES,Medium
2026-01-06 07:26:25,Probe,Probe,0.995,YES,High
2026-01-06 07:26:25,DoS,DoS,1.0,YES,High
2026-01-06 07:26:25,Probe,Probe,0.96,YES,High
2026-01-06 07:26:25,DoS,DoS,1.0,YES,High
2026-01-06 07:26:25,U2R,U2R,1.0,YES,Critical
2026-01-06 07:26:25,Probe,Probe,1.0,YES,High
2026-01-06 07:26:25,DoS,DoS,1.0,YES,High
2026-01-06 07:26:25,U2R,U2R,1.0,YES,Critical
2026-01-06 07:26:25,DoS,DoS,1.0,YES,High
2026-01-06 07:26:25,Probe,Probe,0.995,YES,High
2026-01-06 07:26:25,U2R,U2R,1.0,YES,Critical
2026-01-06 07:26:26,Probe,Probe,1.0,YES,High
2026-01-06 07:26:26,U2R,U2R,1.0,YES,Critical
2026-01-06 07:26:26,R2L,R2L,1.0,YES,Medium
2026-01-06 07:26:26,DoS,DoS,1.0,YES,High
2026-01-06 07:26:26,DoS,DoS,1.0,YES,High
2026-01-06 07:26:26,Probe,Probe,1.0,YES,High
2026-01-06 07:26:26,R2L,R2L,1.0,YES,Medium
2026-01-06 07:26:26,U2R,U2R,1.0,YES,Critical
2026-01-06 07:26:26,R2L,R2L,1.0,YES,Medium
2026-01-06 07:26:26,U2R,U2R,1.0,YES,Critical
2026-01-06 07:26:26,Probe,Probe,1.0,YES,High
2026-01-06 07:26:26,DoS,DoS,0.995,YES,High
2026-01-06 07:26:26,DoS,DoS,0.995,YES,High
2026-01-06 07:26:26,R2L,R2L,1.0,YES,Medium
2026-01-06 07:26:26,Probe,Probe,0.965,YES,High
2026-01-06 07:26:26,U2R,U2R,1.0,YES,Critical
2026-01-06 07:26:26,U2R,U2R,1.0,YES,Critical
2026-01-06 07:26:26,Probe,Probe,1.0,YES,High
2026-01-06 07:26:26,DoS,DoS,1.0,YES,High
2026-01-06 07:26:26,Probe,Probe,1.0,YES,High
2026-01-06 07:26:26,Probe,Probe,1.0,YES,High
2026-01-06 07:26:26,DoS,DoS,1.0,YES,High
2026-01-06 07:26:26,DoS,DoS,1.0,YES,High
2026-01-06 07:26:26,Probe,Probe,1.0,YES,High
2026-01-06 07:26:26,U2R,U2R,1.0,YES,Critical
2026-01-06 07:26:26,U2R,U2R,1.0,YES,Critical
2026-01-06 07:26:26,DoS,DoS,1.0,YES,High
2026-01-06 07:26:26,R2L,R2L,1.0,YES,Medium
2026-01-06 07:26:26,R2L,R2L,1.0,YES,Medium
2026-01-06 07:26:26,U2R,U2R,1.0,YES,Critical
2026-01-06 07:26:26,R2L,R2L,1.0,YES,Medium
2026-01-06 07:26:26,Probe,Probe,1.0,YES,High
2026-01-06 07:26:26,Probe,Probe,0.99,YES,High
2026-01-06 07:26:26,R2L,R2L,1.0,YES,Medium
2026-01-06 07:26:26,Probe,Probe,1.0,YES,High
2026-01-06 07:26:26,Probe,Probe,1.0,YES,High
2026-01-06 07:26:26,DoS,DoS,1.0,YES,High
2026-01-06 07:26:26,DoS,DoS,1.0,YES,High
2026-01-06 07:26:26,DoS,DoS,1.0,YES,High
2026-01-06 07:26:26,U2R,U2R,1.0,YES,Critical
2026-01-06 07:26:26,R2L,R2L,1.0,YES,Medium
2026-01-06 07:26:26,Probe,Probe,1.0,YES,High
2026-01-06 07:26:26,U2R,U2R,1.0,YES,Critical
2026-01-06 07:26:26,R2L,R2L,1.0,YES,Medium
2026-01-06 07:26:26,R2L,R2L,1.0,YES,Medium
2026-01-06 07:26:26,R2L,R2L,1.0,YES,Medium
2026-01-06 07:26:26,Probe,Probe,1.0,YES,High
2026-01-06 07:26:26,Probe,Probe,1.0,YES,High
2026-01-06 07:26:26,U2R,U2R,1.0,YES,Critical
2026-01-06 07:26:26,Probe,Probe,1.0,YES,High
2026-01-06 07:26:26,U2R,U2R,1.0,YES,Critical
2026-01-06 07:26:26,DoS,DoS,1.0,YES,High
2026-01-06 07:26:26,R2L,R2L,1.0,YES,Medium
2026-01-06 07:26:26,U2R,U2R,1.0,YES,Critical
2026-01-06 07:26:26,U2R,U2R,0.995,YES,Critical
2026-01-06 07:26:26,DoS,DoS,1.0,YES,High
2026-01-06 07:26:27,DoS,DoS,1.0,YES,High
2026-01-06 07:26:27,Probe,Probe,1.0,YES,High
2026-01-06 07:26:27,U2R,U2R,1.0,YES,Critical
2026-01-06 07:26:27,Probe,Probe,1.0,YES,High
2026-01-06 07:26:27,U2R,U2R,1.0,YES,Critical
2026-01-06 07:26:27,DoS,DoS,1.0,YES,High
2026-01-06 07:26:27,Probe,Probe,1.0,YES,High
2026-01-06 07:26:27,R2L,R2L,1.0,YES,Medium
2026-01-06 07:26:27,R2L,R2L,1.0,YES,Medium
2026-01-06 07:26:27,Probe,Probe,1.0,YES,High
2026-01-06 07:26:27,R2L,R2L,1.0,YES,Medium
2026-01-06 07:26:27,R2L,R2L,1.0,YES,Medium
2026-01-06 07:26:27,DoS,DoS,1.0,YES,High
2026-01-06 07:26:27,DoS,DoS,1.0,YES,High
2026-01-06 07:26:27,DoS,DoS,1.0,YES,High
2026-01-06 07:26:27,DoS,DoS,1.0,YES,High
2026-01-06 07:26:27,DoS,DoS,1.0,YES,High
2026-01-06 07:26:27,U2R,U2R,1.0,YES,Critical
2026-01-06 07:26:27,DoS,DoS,1.0,YES,High
2026-01-06 07:26:27,R2L,R2L,1.0,YES,Medium
2026-01-06 07:26:27,U2R,U2R,1.0,YES,Critical
2026-01-06 07:26:27,U2R,U2R,1.0,YES,Critical
2026-01-06 07:26:27,R2L,R2L,1.0,YES,Medium
2026-01-06 07:26:27,R2L,R2L,1.0,YES,Medium
2026-01-06 07:26:27,Probe,Probe,1.0,YES,High
2026-01-06 07:26:27,Probe,Probe,0.995,YES,High
2026-01-06 07:26:27,DoS,DoS,1.0,YES,High
2026-01-06 07:26:27,R2L,R2L,1.0,YES,Medium
2026-01-06 07:26:27,U2R,U2R,1.0,YES,Critical
2026-01-06 07:26:27,R2L,R2L,1.0,YES,Medium
2026-01-06 07:26:27,R2L,R2L,1.0,YES,Medium
2026-01-06 07:26:27,Probe,Probe,1.0,YES,High
2026-01-06 07:26:27,Probe,Probe,1.0,YES,High
2026-01-06 07:26:27,R2L,R2L,0.995,YES,Medium
2026-01-06 07:26:27,U2R,U2R,1.0,YES,Critical
2026-01-06 07:26:27,Probe,Probe,1.0,YES,High
2026-01-06 07:26:27,Probe,Probe,1.0,YES,High
2026-01-06 07:26:27,U2R,U2R,1.0,YES,Critical
2026-01-06 07:26:27,R2L,R2L,1.0,YES,Medium
2026-01-06 07:26:27,U2R,U2R,1.0,YES,Critical
2026-01-06 07:26:27,R2L,R2L,1.0,YES,Medium
2026-01-06 07:26:27,DoS,DoS,1.0,YES,High
2026-01-06 07:26:27,U2R,U2R,1.0,YES,Critical
2026-01-06 07:26:27,Probe,Probe,1.0,YES,High
2026-01-06 07:26:27,U2R,U2R,1.0,YES,Critical
2026-01-06 07:26:27,Probe,Probe,1.0,YES,High
2026-01-06 07:26:27,R2L,R2L,1.0,YES,Medium
2026-01-06 07:26:27,R2L,R2L,1.0,YES,Medium
2026-01-06 07:26:27,U2R,U2R,1.0,YES,Critical
2026-01-06 07:26:27,R2L,R2L,1.0,YES,Medium
2026-01-06 07:26:27,Probe,Probe,1.0,YES,High
2026-01-06 07:26:27,DoS,DoS,1.0,YES,High
2026-01-06 07:26:27,DoS,DoS,1.0,YES,High
2026-01-06 07:26:27,DoS,DoS,1.0,YES,High
2026-01-06 07:26:27,DoS,DoS,1.0,YES,High
2026-01-06 07:26:27,U2R,U2R,1.0,YES,Critical
2026-01-06 07:26:28,DoS,DoS,1.0,YES,High
2026-01-06 07:26:28,R2L,R2L,1.0,YES,Medium
2026-01-06 07:26:28,DoS,DoS,1.0,YES,High
2026-01-06 07:26:28,U2R,U2R,1.0,YES,Critical
2026-01-06 07:26:28,DoS,DoS,1.0,YES,High
2026-01-06 07:26:28,DoS,DoS,1.0,YES,High
2026-01-06 07:26:28,R2L,R2L,1.0,YES,Medium
2026-01-06 07:26:28,R2L,R2L,1.0,YES,Medium
2026-01-06 07:26:28,R2L,R2L,1.0,YES,Medium
2026-01-06 07:26:28,DoS,DoS,1.0,YES,High
2026-01-06 07:26:28,U2R,U2R,1.0,YES,Critical
2026-01-06 07:26:28,Probe,Probe,0.999,YES,High
2026-01-06 07:26:28,Probe,Probe,1.0,YES,High
2026-01-06 07:26:28,Probe,Probe,1.0,YES,High
2026-01-06 07:26:28,Probe,Probe,1.0,YES,High
2026-01-06 07:26:28,DoS,DoS,1.0,YES,High
2026-01-06 07:26:28,Probe,Probe,1.0,YES,High
2026-01-06 07:26:28,U2R,U2R,1.0,YES,Critical
2026-01-06 07:26:28,U2R,U2R,1.0,YES,Critical
2026-01-06 07:26:28,U2R,U2R,1.0,YES,Critical
2026-01-06 07:26:28,R2L,R2L,0.999,YES,Medium
2026-01-06 07:26:28,R2L,R2L,1.0,YES,Medium
2026-01-06 07:26:28,U2R,U2R,1.0,YES,Critical
2026-01-06 07:26:28,Probe,Probe,1.0,YES,High
2026-01-06 07:26:28,U2R,U2R,1.0,YES,Critical
2026-01-06 07:26:28,R2L,R2L,1.0,YES,Medium
2026-01-06 07:26:28,DoS,DoS,1.0,YES,High
2026-01-06 07:26:28,U2R,U2R,1.0,YES,Critical
2026-01-06 07:26:28,U2R,U2R,1.0,YES,Critical
2026-01-06 07:26:28,Probe,Probe,1.0,YES,High
2026-01-06 07:26:28,Probe,Probe,1.0,YES,High
2026-01-06 07:26:28,U2R,U2R,1.0,YES,Critical
2026-01-06 07:26:28,R2L,R2L,1.0,YES,Medium
2026-01-06 07:26:28,DoS,DoS,1.0,YES,High
2026-01-06 07:26:28,R2L,R2L,1.0,YES,Medium
2026-01-06 07:26:28,DoS,DoS,1.0,YES,High
2026-01-06 07:26:28,R2L,R2L,1.0,YES,Medium
2026-01-06 07:26:28,Probe,Probe,1.0,YES,High
2026-01-06 07:26:28,U2R,U2R,1.0,YES,Critical
2026-01-06 07:26:28,DoS,DoS,1.0,YES,High
2026-01-06 07:26:28,Probe,Probe,0.991,YES,High
2026-01-06 07:26:28,DoS,DoS,1.0,YES,High
2026-01-06 07:26:28,R2L,R2L,1.0,YES,Medium
2026-01-06 07:26:28,U2R,U2R,1.0,YES,Critical
2026-01-06 07:26:28,DoS,DoS,1.0,YES,High
2026-01-06 07:26:28,DoS,DoS,1.0,YES,High
2026-01-06 07:26:28,U2R,U2R,1.0,YES,Critical
2026-01-06 07:26:28,Probe,Probe,1.0,YES,High
2026-01-06 07:26:28,DoS,DoS,1.0,YES,High
2026-01-06 07:26:28,Probe,Probe,1.0,YES,High
2026-01-06 07:26:28,R2L,R2L,1.0,YES,Medium
2026-01-06 07:26:28,U2R,U2R,1.0,YES,Critical
2026-01-06 07:26:28,R2L,R2L,1.0,YES,Medium
2026-01-06 07:26:28,U2R,U2R,1.0,YES,Critical
2026-01-06 07:26:28,R2L,R2L,1.0,YES,Medium
2026-01-06 07:26:28,Probe,Probe,1.0,YES,High
2026-01-06 07:26:28,DoS,DoS,1.0,YES,High
2026-01-06 07:26:28,Probe,Probe,1.0,YES,High
2026-01-06 07:26:29,Probe,Probe,1.0,YES,High
2026-01-06 07:26:29,U2R,U2R,1.0,YES,Critical
2026-01-06 07:26:29,U2R,U2R,1.0,YES,Critical
2026-01-06 07:26:29,U2R,U2R,1.0,YES,Critical
2026-01-06 07:26:29,U2R,U2R,1.0,YES,Critical
2026-01-06 07:26:29,R2L,R2L,1.0,YES,Medium
2026-01-06 07:26:29,DoS,DoS,1.0,YES,High
2026-01-06 07:26:29,R2L,R2L,1.0,YES,Medium
2026-01-06 07:26:29,R2L,R2L,1.0,YES,Medium
2026-01-06 07:26:29,U2R,U2R,1.0,YES,Critical
2026-01-06 07:26:29,DoS,DoS,1.0,YES,High
2026-01-06 07:26:29,R2L,R2L,1.0,YES,Medium
2026-01-06 07:26:29,DoS,DoS,1.0,YES,High
2026-01-06 07:26:29,U2R,U2R,1.0,YES,Critical
2026-01-06 07:26:29,U2R,U2R,1.0,YES,Critical
2026-01-06 07:26:29,DoS,DoS,1.0,YES,High
2026-01-06 07:26:29,U2R,U2R,1.0,YES,Critical
2026-01-06 07:26:29,R2L,R2L,1.0,YES,Medium
2026-01-06 07:26:29,Probe,Probe,1.0,YES,High
2026-01-06 07:26:29,U2R,U2R,1.0,YES,Critical
2026-01-06 07:26:29,Probe,Probe,1.0,YES,High
2026-01-06 07:26:29,U2R,U2R,1.0,YES,Critical
2026-01-06 07:26:29,DoS,DoS,1.0,YES,High
2026-01-06 07:26:29,Probe,Probe,1.0,YES,High
2026-01-06 07:26:29,R2L,R2L,1.0,YES,Medium
2026-01-06 07:26:29,Probe,Probe,0.994,YES,High
2026-01-06 07:26:29,Probe,Probe,1.0,YES,High
2026-01-06 07:26:29,DoS,DoS,1.0,YES,High
2026-01-06 07:26:29,DoS,DoS,1.0,YES,High
2026-01-06 07:26:29,U2R,U2R,1.0,YES,Critical
2026-01-06 07:26:29,R2L,R2L,1.0,YES,Medium
2026-01-06 07:26:29,R2L,R2L,1.0,YES,Medium
2026-01-06 07:26:29,R2L,R2L,1.0,YES,Medium
2026-01-06 07:26:29,Probe,Probe,1.0,YES,High
2026-01-06 07:26:29,R2L,R2L,0.999,YES,Medium
2026-01-06 07:26:29,U2R,U2R,1.0,YES,Critical
2026-01-06 07:26:29,U2R,U2R,1.0,YES,Critical
2026-01-06 07:26:29,R2L,R2L,1.0,YES,Medium
2026-01-06 07:26:29,U2R,U2R,1.0,YES,Critical
2026-01-06 07:26:29,R2L,R2L,1.0,YES,Medium
2026-01-06 07:26:29,U2R,U2R,1.0,YES,Critical
2026-01-06 07:26:29,Probe,Probe,1.0,YES,High
2026-01-06 07:26:29,Probe,Probe,1.0,YES,High
2026-01-06 07:26:29,DoS,DoS,1.0,YES,High
2026-01-06 07:26:29,R2L,R2L,1.0,YES,Medium
2026-01-06 07:26:29,R2L,R2L,1.0,YES,Medium
2026-01-06 07:26:29,Probe,Probe,0.99,YES,High
2026-01-06 07:26:29,Probe,Probe,1.0,YES,High
2026-01-06 07:26:29,Probe,Probe,1.0,YES,High
2026-01-06 07:26:29,U2R,U2R,1.0,YES,Critical
2026-01-06 07:26:29,DoS,DoS,1.0,YES,High
2026-01-06 07:26:29,U2R,U2R,1.0,YES,Critical
2026-01-06 07:26:29,R2L,R2L,0.995,YES,Medium
2026-01-06 07:26:29,R2L,R2L,1.0,YES,Medium
2026-01-06 07:26:29,U2R,U2R,1.0,YES,Critical
2026-01-06 07:26:29,DoS,DoS,1.0,YES,High
2026-01-06 07:26:29,U2R,U2R,1.0,YES,Critical
2026-01-06 07:26:29,R2L,R2L,1.0,YES,Medium
2026-01-06 07:26:29,Probe,Probe,1.0,YES,High
2026-01-06 07:26:30,DoS,DoS,1.0,YES,High
2026-01-06 07:26:30,Probe,Probe,1.0,YES,High
2026-01-06 07:26:30,U2R,U2R,1.0,YES,Critical
2026-01-06 07:26:30,DoS,DoS,1.0,YES,High
2026-01-06 07:26:30,U2R,U2R,1.0,YES,Critical
2026-01-06 07:26:30,U2R,U2R,1.0,YES,Critical
2026-01-06 07:26:30,DoS,DoS,1.0,YES,High
2026-01-06 07:26:30,U2R,U2R,1.0,YES,Critical
2026-01-06 07:26:30,U2R,U2R,1.0,YES,Critical
2026-01-06 07:26:30,Probe,Probe,0.995,YES,High
2026-01-06 07:26:30,DoS,DoS,1.0,YES,High
2026-01-06 07:26:30,R2L,R2L,0.994,YES,Medium
2026-01-06 07:26:30,DoS,DoS,1.0,YES,High
2026-01-06 07:26:30,Probe,Probe,1.0,YES,High
2026-01-06 07:26:30,DoS,DoS,1.0,YES,High
2026-01-06 07:26:30,DoS,DoS,1.0,YES,High
2026-01-06 07:26:30,Probe,Probe,1.0,YES,High
2026-01-06 07:26:30,U2R,U2R,1.0,YES,Critical
2026-01-06 07:26:30,R2L,R2L,1.0,YES,Medium
2026-01-06 07:26:30,Probe,Probe,1.0,YES,High
2026-01-06 07:26:30,DoS,DoS,1.0,YES,High
2026-01-06 07:26:30,Probe,Probe,1.0,YES,High
2026-01-06 07:26:30,DoS,DoS,1.0,YES,High
2026-01-06 07:26:30,U2R,U2R,1.0,YES,Critical
2026-01-06 07:26:30,Probe,Probe,1.0,YES,High
2026-01-06 07:26:30,U2R,U2R,1.0,YES,Critical
2026-01-06 07:26:30,R2L,R2L,1.0,YES,Medium
2026-01-06 07:26:30,Probe,Probe,1.0,YES,High
2026-01-06 07:26:30,Probe,Probe,1.0,YES,High
2026-01-06 07:26:30,Probe,Probe,1.0,YES,High
2026-01-06 07:26:30,R2L,R2L,1.0,YES,Medium
2026-01-06 07:26:30,DoS,DoS,1.0,YES,High
2026-01-06 07:26:30,R2L,R2L,1.0,YES,Medium
2026-01-06 07:26:30,DoS,DoS,1.0,YES,High
2026-01-06 07:26:30,R2L,R2L,1.0,YES,Medium
2026-01-06 07:26:30,Probe,Probe,1.0,YES,High
2026-01-06 07:26:30,Probe,Probe,1.0,YES,High
2026-01-06 07:26:30,R2L,R2L,1.0,YES,Medium
2026-01-06 07:26:30,DoS,DoS,1.0,YES,High
2026-01-06 07:26:30,U2R,U2R,1.0,YES,Critical
2026-01-06 07:26:30,DoS,DoS,1.0,YES,High
2026-01-06 07:26:30,Probe,Probe,1.0,YES,High
2026-01-06 07:26:30,DoS,DoS,1.0,YES,High
2026-01-06 07:26:30,U2R,U2R,1.0,YES,Critical
2026-01-06 07:26:30,R2L,R2L,1.0,YES,Medium
2026-01-06 07:26:30,Probe,Probe,1.0,YES,High
2026-01-06 07:26:30,U2R,U2R,1.0,YES,Critical
2026-01-06 07:26:30,Probe,Probe,1.0,YES,High
2026-01-06 07:26:30,U2R,U2R,1.0,YES,Critical
2026-01-06 07:26:30,R2L,R2L,1.0,YES,Medium
2026-01-06 07:26:30,U2R,U2R,1.0,YES,Critical
2026-01-06 07:26:30,DoS,DoS,1.0,YES,High
2026-01-06 07:26:30,Probe,Probe,1.0,YES,High
2026-01-06 07:26:30,Probe,Probe,1.0,YES,High
2026-01-06 07:26:30,U2R,U2R,1.0,YES,Critical
2026-01-06 07:26:30,DoS,DoS,1.0,YES,High
2026-01-06 07:26:30,U2R,U2R,1.0,YES,Critical
2026-01-06 07:26:30,DoS,DoS,1.0,YES,High
2026-01-06 07:26:31,DoS,DoS,1.0,YES,High
2026-01-06 07:26:31,R2L,R2L,1.0,YES,Medium
2026-01-06 07:26:31,R2L,R2L,1.0,YES,Medium
2026-01-06 07:26:31,Probe,Probe,1.0,YES,High
2026-01-06 07:26:31,R2L,R2L,1.0,YES,Medium
2026-01-06 07:26:31,Probe,Probe,0.969,YES,High
2026-01-06 07:26:31,R2L,R2L,1.0,YES,Medium
2026-01-06 07:26:31,Probe,Probe,1.0,YES,High
2026-01-06 07:26:31,U2R,U2R,1.0,YES,Critical
2026-01-06 07:26:31,U2R,U2R,1.0,YES,Critical
2026-01-06 07:26:31,R2L,R2L,1.0,YES,Medium
2026-01-06 07:26:31,Probe,Probe,1.0,YES,High
2026-01-06 07:26:31,DoS,DoS,0.995,YES,High
2026-01-06 07:26:31,Probe,Probe,1.0,YES,High
2026-01-06 07:26:31,U2R,U2R,1.0,YES,Critical
2026-01-06 07:26:31,R2L,R2L,1.0,YES,Medium
2026-01-06 07:26:31,U2R,U2R,1.0,YES,Critical
2026-01-06 07:26:31,Probe,Probe,0.995,YES,High
2026-01-06 07:26:31,U2R,U2R,1.0,YES,Critical
2026-01-06 07:26:31,DoS,DoS,1.0,YES,High
2026-01-06 07:26:31,R2L,R2L,1.0,YES,Medium
2026-01-06 07:26:31,DoS,DoS,1.0,YES,High
2026-01-06 07:26:31,DoS,DoS,1.0,YES,High
2026-01-06 07:26:31,R2L,R2L,1.0,YES,Medium
2026-01-06 07:26:31,Probe,Probe,1.0,YES,High
2026-01-06 07:26:31,Probe,Probe,1.0,YES,High
2026-01-06 07:26:31,R2L,R2L,1.0,YES,Medium
2026-01-06 07:26:31,DoS,DoS,1.0,YES,High
2026-01-06 07:26:31,Probe,Probe,0.95,YES,High
2026-01-06 07:26:31,U2R,U2R,1.0,YES,Critical
2026-01-06 07:26:31,U2R,U2R,1.0,YES,Critical
2026-01-06 07:26:31,U2R,U2R,1.0,YES,Critical
2026-01-06 07:26:31,R2L,R2L,1.0,YES,Medium
2026-01-06 07:26:31,Probe,Probe,1.0,YES,High
2026-01-06 07:26:31,Probe,Probe,1.0,YES,High
2026-01-06 07:26:31,U2R,U2R,1.0,YES,Critical
2026-01-06 07:26:31,U2R,U2R,1.0,YES,Critical
2026-01-06 07:26:31,DoS,DoS,1.0,YES,High
2026-01-06 07:26:31,R2L,R2L,1.0,YES,Medium
2026-01-06 07:26:31,DoS,DoS,1.0,YES,High
2026-01-06 07:26:32,DoS,DoS,1.0,YES,High
2026-01-06 07:26:32,DoS,DoS,1.0,YES,High
2026-01-06 07:26:32,DoS,DoS,1.0,YES,High
2026-01-06 07:26:32,R2L,R2L,1.0,YES,Medium
2026-01-06 07:26:32,R2L,R2L,1.0,YES,Medium
2026-01-06 07:26:32,Probe,Probe,0.945,YES,High
2026-01-06 07:26:32,Probe,Probe,0.99,YES,High
2026-01-06 07:26:32,U2R,U2R,1.0,YES,Critical
2026-01-06 07:26:32,R2L,R2L,1.0,YES,Medium
2026-01-06 07:26:32,R2L,R2L,1.0,YES,Medium
2026-01-06 07:26:32,U2R,U2R,1.0,YES,Critical
2026-01-06 07:26:32,R2L,R2L,1.0,YES,Medium
2026-01-06 07:26:32,R2L,R2L,0.999,YES,Medium
2026-01-06 07:26:32,DoS,DoS,0.895,YES,High
2026-01-06 07:26:32,Probe,Probe,1.0,YES,High
2026-01-06 07:26:32,U2R,U2R,1.0,YES,Critical
2026-01-06 07:26:32,R2L,R2L,1.0,YES,Medium
2026-01-06 07:26:32,R2L,R2L,0.985,YES,Medium
2026-01-06 07:26:32,U2R,U2R,1.0,YES,Critical
2026-01-06 07:26:32,R2L,R2L,1.0,YES,Medium
2026-01-06 07:26:32,Probe,Probe,0.995,YES,High
2026-01-06 07:26:32,U2R,U2R,1.0,YES,Critical
2026-01-06 07:26:32,DoS,DoS,1.0,YES,High
2026-01-06 07:26:32,DoS,DoS,1.0,YES,High
2026-01-06 07:26:32,DoS,DoS,1.0,YES,High
2026-01-06 07:26:32,R2L,R2L,1.0,YES,Medium
2026-01-06 07:26:32,DoS,DoS,1.0,YES,High
2026-01-06 07:26:32,U2R,U2R,1.0,YES,Critical
2026-01-06 07:26:32,Probe,Probe,1.0,YES,High
2026-01-06 07:26:32,U2R,U2R,1.0,YES,Critical
2026-01-06 07:26:32,R2L,R2L,1.0,YES,Medium
2026-01-06 07:26:32,Probe,Probe,1.0,YES,High
2026-01-06 07:26:32,R2L,R2L,1.0,YES,Medium
2026-01-06 07:26:32,R2L,R2L,1.0,YES,Medium
2026-01-06 07:26:32,DoS,DoS,1.0,YES,High
2026-01-06 07:26:33,U2R,U2R,1.0,YES,Critical
2026-01-06 07:26:33,R2L,R2L,0.999,YES,Medium
2026-01-06 07:26:33,U2R,U2R,1.0,YES,Critical
2026-01-06 07:26:33,DoS,DoS,0.99,YES,High
2026-01-06 07:26:33,U2R,U2R,1.0,YES,Critical
2026-01-06 07:26:33,R2L,R2L,1.0,YES,Medium
2026-01-06 07:26:33,DoS,DoS,1.0,YES,High
2026-01-06 07:26:33,U2R,U2R,1.0,YES,Critical
2026-01-06 07:26:33,Probe,Probe,0.995,YES,High
2026-01-06 07:26:33,Probe,Probe,1.0,YES,High
2026-01-06 07:26:33,DoS,DoS,1.0,YES,High
2026-01-06 07:26:33,DoS,DoS,0.984,YES,High
2026-01-06 07:26:33,DoS,DoS,1.0,YES,High
2026-01-06 07:26:33,U2R,U2R,1.0,YES,Critical
2026-01-06 07:26:33,R2L,R2L,1.0,YES,Medium
2026-01-06 07:26:33,R2L,R2L,1.0,YES,Medium
2026-01-06 07:26:33,R2L,R2L,1.0,YES,Medium
2026-01-06 07:26:33,DoS,DoS,1.0,YES,High
2026-01-06 07:26:33,DoS,DoS,1.0,YES,High
2026-01-06 07:26:33,Probe,Probe,1.0,YES,High
2026-01-06 07:26:33,Probe,Probe,1.0,YES,High
2026-01-06 07:26:33,U2R,U2R,1.0,YES,Critical
2026-01-06 07:26:33,R2L,R2L,0.995,YES,Medium
2026-01-06 07:26:33,R2L,R2L,1.0,YES,Medium
2026-01-06 07:26:33,R2L,R2L,0.995,YES,Medium
2026-01-06 07:26:33,Probe,Probe,1.0,YES,High
2026-01-06 07:26:33,R2L,R2L,1.0,YES,Medium
2026-01-06 07:26:33,U2R,U2R,1.0,YES,Critical
2026-01-06 07:26:33,DoS,DoS,1.0,YES,High
2026-01-06 07:26:33,U2R,U2R,0.995,YES,Critical
2026-01-06 07:26:33,R2L,R2L,1.0,YES,Medium
2026-01-06 07:26:33,Probe,Probe,1.0,YES,High
2026-01-06 07:26:34,U2R,U2R,1.0,YES,Critical
2026-01-06 07:26:34,Probe,Probe,0.945,YES,High
2026-01-06 07:26:34,U2R,U2R,1.0,YES,Critical
2026-01-06 07:26:34,R2L,R2L,1.0,YES,Medium
2026-01-06 07:26:34,Probe,Probe,1.0,YES,High
2026-01-06 07:26:34,Probe,Probe,1.0,YES,High
2026-01-06 07:26:34,R2L,R2L,1.0,YES,Medium
2026-01-06 07:26:34,U2R,U2R,1.0,YES,Critical
2026-01-06 07:26:34,Probe,Probe,0.994,YES,High
2026-01-06 07:26:34,U2R,U2R,1.0,YES,Critical
2026-01-06 07:26:34,Probe,Probe,1.0,YES,High
2026-01-06 07:26:34,DoS,DoS,1.0,YES,High
2026-01-06 07:26:34,R2L,R2L,0.965,YES,Medium
2026-01-06 07:26:34,R2L,R2L,1.0,YES,Medium
2026-01-06 07:26:34,Probe,Probe,1.0,YES,High
2026-01-06 07:26:34,DoS,DoS,1.0,YES,High
2026-01-06 07:26:34,Probe,Probe,1.0,YES,High
2026-01-06 07:26:34,DoS,DoS,1.0,YES,High
2026-01-06 07:26:34,U2R,U2R,1.0,YES,Critical
2026-01-06 07:26:34,R2L,R2L,1.0,YES,Medium
2026-01-06 07:26:34,U2R,U2R,1.0,YES,Critical
2026-01-06 07:26:34,U2R,U2R,1.0,YES,Critical
2026-01-06 07:26:34,Probe,Probe,1.0,YES,High
2026-01-06 07:26:34,U2R,U2R,1.0,YES,Critical
2026-01-06 07:26:34,U2R,U2R,1.0,YES,Critical
2026-01-06 07:26:34,DoS,DoS,1.0,YES,High
2026-01-06 07:26:34,U2R,U2R,1.0,YES,Critical
2026-01-06 07:26:34,DoS,DoS,1.0,YES,High
2026-01-06 07:26:34,Probe,Probe,1.0,YES,High
2026-01-06 07:26:34,U2R,U2R,1.0,YES,Critical
2026-01-06 07:26:34,Probe,Probe,0.81,YES,High
2026-01-06 07:26:34,Probe,Probe,1.0,YES,High
2026-01-06 07:26:34,Probe,Probe,1.0,YES,High
2026-01-06 07:26:34,Probe,Probe,1.0,YES,High
2026-01-06 07:26:34,Probe,Probe,1.0,YES,High
2026-01-06 07:26:34,DoS,DoS,1.0,YES,High
2026-01-06 07:26:34,U2R,U2R,1.0,YES,Critical
2026-01-06 07:26:34,Probe,Probe,1.0,YES,High
2026-01-06 07:26:34,DoS,DoS,1.0,YES,High
2026-01-06 07:26:34,DoS,DoS,0.995,YES,High
2026-01-06 07:26:34,DoS,DoS,1.0,YES,High
2026-01-06 07:26:34,R2L,R2L,1.0,YES,Medium
2026-01-06 07:26:34,U2R,U2R,1.0,YES,Critical
2026-01-06 07:26:34,DoS,DoS,1.0,YES,High
2026-01-06 07:26:34,DoS,DoS,1.0,YES,High
2026-01-06 07:26:34,R2L,R2L,1.0,YES,Medium
2026-01-06 07:26:34,U2R,U2R,1.0,YES,Critical
2026-01-06 07:26:34,DoS,DoS,1.0,YES,High
2026-01-06 07:26:35,U2R,U2R,1.0,YES,Critical
2026-01-06 07:26:35,DoS,DoS,1.0,YES,High
2026-01-06 07:26:35,DoS,DoS,1.0,YES,High
2026-01-06 07:26:35,Probe,Probe,0.995,YES,High
2026-01-06 07:26:35,Probe,Probe,1.0,YES,High
2026-01-06 07:26:35,U2R,U2R,1.0,YES,Critical
2026-01-06 07:26:35,DoS,DoS,1.0,YES,High
2026-01-06 07:26:35,DoS,DoS,1.0,YES,High
2026-01-06 07:26:35,DoS,DoS,1.0,YES,High
2026-01-06 07:26:35,R2L,R2L,1.0,YES,Medium
2026-01-06 07:26:35,U2R,U2R,1.0,YES,Critical
2026-01-06 07:26:35,Probe,Probe,1.0,YES,High
2026-01-06 07:26:35,Probe,Probe,1.0,YES,High
2026-01-06 07:26:35,U2R,U2R,1.0,YES,Critical
2026-01-06 07:26:35,R2L,R2L,1.0,YES,Medium
2026-01-06 07:26:35,Probe,Probe,1.0,YES,High
2026-01-06 07:26:35,U2R,U2R,1.0,YES,Critical
2026-01-06 07:26:35,Probe,Probe,1.0,YES,High
2026-01-06 07:26:35,Probe,Probe,0.995,YES,High
2026-01-06 07:26:35,DoS,DoS,1.0,YES,High
2026-01-06 07:26:35,R2L,R2L,1.0,YES,Medium
2026-01-06 07:26:35,R2L,R2L,1.0,YES,Medium
2026-01-06 07:26:35,U2R,U2R,1.0,YES,Critical
2026-01-06 07:26:35,Probe,Probe,1.0,YES,High
2026-01-06 07:26:35,U2R,U2R,1.0,YES,Critical
2026-01-06 07:26:35,Probe,Probe,1.0,YES,High
2026-01-06 07:26:35,U2R,U2R,1.0,YES,Critical
2026-01-06 07:26:35,DoS,DoS,1.0,YES,High
2026-01-06 07:26:35,U2R,U2R,1.0,YES,Critical
2026-01-06 07:26:35,U2R,U2R,1.0,YES,Critical
2026-01-06 07:26:35,DoS,DoS,1.0,YES,High
2026-01-06 07:26:35,R2L,R2L,1.0,YES,Medium
2026-01-06 07:26:35,DoS,DoS,0.995,YES,High
2026-01-06 07:26:35,U2R,U2R,1.0,YES,Critical
2026-01-06 07:26:35,Probe,Probe,1.0,YES,High
2026-01-06 07:26:35,U2R,U2R,1.0,YES,Critical
2026-01-06 07:26:35,DoS,DoS,1.0,YES,High
2026-01-06 07:26:35,R2L,R2L,1.0,YES,Medium
2026-01-06 07:26:35,R2L,R2L,1.0,YES,Medium
2026-01-06 07:26:35,R2L,R2L,1.0,YES,Medium
2026-01-06 07:26:35,R2L,R2L,1.0,YES,Medium
2026-01-06 07:26:35,R2L,R2L,1.0,YES,Medium
2026-01-06 07:26:35,R2L,R2L,0.999,YES,Medium
2026-01-06 07:26:35,Probe,Probe,1.0,YES,High
2026-01-06 07:26:35,R2L,R2L,1.0,YES,Medium
2026-01-06 07:26:35,DoS,DoS,1.0,YES,High
2026-01-06 07:26:35,DoS,DoS,1.0,YES,High
2026-01-06 07:26:35,Probe,Probe,1.0,YES,High
2026-01-06 07:26:35,DoS,DoS,1.0,YES,High
2026-01-06 07:26:35,DoS,DoS,1.0,YES,High
2026-01-06 07:26:35,R2L,R2L,1.0,YES,Medium
2026-01-06 07:26:35,U2R,U2R,1.0,YES,Critical
2026-01-06 07:26:35,U2R,U2R,1.0,YES,Critical
2026-01-06 07:26:35,Probe,Probe,1.0,YES,High
2026-01-06 07:26:35,R2L,R2L,1.0,YES,Medium
2026-01-06 07:26:35,DoS,DoS,1.0,YES,High
2026-01-06 07:26:36,U2R,U2R,1.0,YES,Critical
2026-01-06 07:26:36,DoS,DoS,1.0,YES,High
2026-01-06 07:26:36,R2L,R2L,1.0,YES,Medium
2026-01-06 07:26:36,R2L,R2L,0.999,YES,Medium
2026-01-06 07:26:36,DoS,DoS,1.0,YES,High
2026-01-06 07:26:36,U2R,U2R,1.0,YES,Critical
2026-01-06 07:26:36,R2L,R2L,1.0,YES,Medium
2026-01-06 07:26:36,U2R,U2R,1.0,YES,Critical
2026-01-06 07:26:36,DoS,DoS,1.0,YES,High
2026-01-06 07:26:36,R2L,R2L,1.0,YES,Medium
2026-01-06 07:26:36,Probe,Probe,1.0,YES,High
2026-01-06 07:26:36,Probe,Probe,1.0,YES,High
2026-01-06 07:26:36,Probe,Probe,0.999,YES,High
2026-01-06 07:26:36,U2R,U2R,1.0,YES,Critical
2026-01-06 07:26:36,U2R,U2R,1.0,YES,Critical
2026-01-06 07:26:36,R2L,R2L,1.0,YES,Medium
2026-01-06 07:26:36,R2L,R2L,1.0,YES,Medium
2026-01-06 07:26:36,U2R,U2R,1.0,YES,Critical
2026-01-06 07:26:36,DoS,DoS,1.0,YES,High
2026-01-06 07:26:36,U2R,U2R,1.0,YES,Critical
2026-01-06 07:26:36,U2R,U2R,1.0,YES,Critical
2026-01-06 07:26:36,Probe,Probe,1.0,YES,High
2026-01-06 07:26:36,R2L,R2L,1.0,YES,Medium
2026-01-06 07:26:36,Probe,Probe,0.995,YES,High
2026-01-06 07:26:36,Probe,Probe,1.0,YES,High
2026-01-06 07:26:36,R2L,R2L,1.0,YES,Medium
2026-01-06 07:26:36,U2R,U2R,1.0,YES,Critical
2026-01-06 07:26:36,R2L,R2L,1.0,YES,Medium
2026-01-06 07:26:36,U2R,U2R,1.0,YES,Critical
2026-01-06 07:26:36,R2L,R2L,1.0,YES,Medium
2026-01-06 07:26:36,R2L,R2L,1.0,YES,Medium
2026-01-06 07:26:36,U2R,U2R,1.0,YES,Critical
2026-01-06 07:26:36,DoS,DoS,1.0,YES,High
2026-01-06 07:26:36,Probe,Probe,1.0,YES,High
2026-01-06 07:26:36,Probe,Probe,0.98,YES,High
2026-01-06 07:26:36,U2R,U2R,1.0,YES,Critical
2026-01-06 07:26:36,DoS,DoS,1.0,YES,High
2026-01-06 07:26:36,Probe,Probe,0.995,YES,High
2026-01-06 07:26:36,R2L,R2L,1.0,YES,Medium
2026-01-06 07:26:36,Probe,Probe,0.999,YES,High
2026-01-06 07:26:36,Probe,Probe,1.0,YES,High
2026-01-06 07:26:36,U2R,U2R,1.0,YES,Critical
2026-01-06 07:26:36,Probe,Probe,1.0,YES,High
2026-01-06 07:26:36,U2R,U2R,1.0,YES,Critical
2026-01-06 07:26:36,DoS,DoS,1.0,YES,High
2026-01-06 07:26:36,U2R,U2R,1.0,YES,Critical
2026-01-06 07:26:36,Probe,Probe,0.995,YES,High
2026-01-06 07:26:36,Probe,Probe,1.0,YES,High
2026-01-06 07:26:36,Probe,Probe,1.0,YES,High
2026-01-06 07:26:36,Probe,Probe,0.999,YES,High
2026-01-06 07:26:36,Probe,Probe,1.0,YES,High
2026-01-06 07:26:36,U2R,U2R,1.0,YES,Critical
2026-01-06 07:26:36,Probe,Probe,1.0,YES,High
2026-01-06 07:26:36,R2L,R2L,1.0,YES,Medium
2026-01-06 07:26:36,DoS,DoS,1.0,YES,High
2026-01-06 07:26:36,Probe,Probe,1.0,YES,High
2026-01-06 07:26:36,U2R,U2R,1.0,YES,Critical
2026-01-06 07:26:36,U2R,U2R,0.98,YES,Critical
2026-01-06 07:26:36,DoS,DoS,1.0,YES,High
2026-01-06 07:26:36,DoS,DoS,1.0,YES,High
2026-01-06 07:26:36,R2L,R2L,1.0,YES,Medium
2026-01-06 07:26:36,R2L,R2L,1.0,YES,Medium
2026-01-06 07:26:36,U2R,U2R,1.0,YES,Critical
2026-01-06 07:26:37,DoS,DoS,1.0,YES,High
2026-01-06 07:26:37,DoS,DoS,1.0,YES,High
2026-01-06 07:26:37,DoS,DoS,1.0,YES,High
2026-01-06 07:26:37,U2R,U2R,1.0,YES,Critical
2026-01-06 07:26:37,Probe,Probe,0.995,YES,High
2026-01-06 07:26:37,Probe,Probe,1.0,YES,High
2026-01-06 07:26:37,U2R,U2R,1.0,YES,Critical
2026-01-06 07:26:37,U2R,U2R,1.0,YES,Critical
2026-01-06 07:26:37,Probe,Probe,1.0,YES,High
2026-01-06 07:26:37,U2R,U2R,1.0,YES,Critical
2026-01-06 07:26:37,R2L,R2L,1.0,YES,Medium
2026-01-06 07:26:37,DoS,DoS,1.0,YES,High
2026-01-06 07:26:37,DoS,DoS,1.0,YES,High
2026-01-06 07:26:37,Probe,Probe,1.0,YES,High
2026-01-06 07:26:37,DoS,DoS,1.0,YES,High
2026-01-06 07:26:37,DoS,DoS,1.0,YES,High
2026-01-06 07:26:37,R2L,R2L,1.0,YES,Medium
2026-01-06 07:26:37,Probe,Probe,0.995,YES,High
2026-01-06 07:26:37,U2R,U2R,1.0,YES,Critical
2026-01-06 07:26:37,Probe,Probe,1.0,YES,High
2026-01-06 07:26:37,U2R,U2R,1.0,YES,Critical
2026-01-06 07:26:37,Probe,Probe,1.0,YES,High
2026-01-06 07:26:37,R2L,R2L,1.0,YES,Medium
2026-01-06 07:26:37,Probe,Probe,1.0,YES,High
2026-01-06 07:26:37,Probe,Probe,1.0,YES,High
2026-01-06 07:26:37,DoS,DoS,1.0,YES,High
2026-01-06 07:26:37,DoS,DoS,1.0,YES,High
2026-01-06 07:26:37,Probe,Probe,1.0,YES,High
2026-01-06 07:26:37,U2R,U2R,1.0,YES,Critical
2026-01-06 07:26:37,U2R,U2R,1.0,YES,Critical
2026-01-06 07:26:37,DoS,DoS,1.0,YES,High
2026-01-06 07:26:37,U2R,U2R,1.0,YES,Critical
2026-01-06 07:26:37,Probe,Probe,1.0,YES,High
2026-01-06 07:26:37,Probe,Probe,1.0,YES,High
2026-01-06 07:26:37,DoS,DoS,1.0,YES,High
2026-01-06 07:26:37,DoS,DoS,1.0,YES,High
2026-01-06 07:26:37,DoS,DoS,1.0,YES,High
2026-01-06 07:26:37,R2L,R2L,1.0,YES,Medium
2026-01-06 07:26:37,U2R,U2R,1.0,YES,Critical
2026-01-06 07:26:37,R2L,R2L,1.0,YES,Medium
2026-01-06 07:26:37,DoS,DoS,1.0,YES,High
2026-01-06 07:26:37,U2R,U2R,1.0,YES,Critical
2026-01-06 07:26:37,R2L,R2L,1.0,YES,Medium
2026-01-06 07:26:37,Probe,Probe,1.0,YES,High
2026-01-06 07:26:37,Probe,Probe,1.0,YES,High
2026-01-06 07:26:37,R2L,R2L,1.0,YES,Medium
2026-01-06 07:26:37,Probe,Probe,1.0,YES,High
2026-01-06 07:26:37,R2L,R2L,1.0,YES,Medium
2026-01-06 07:26:37,R2L,R2L,1.0,YES,Medium
2026-01-06 07:26:37,U2R,U2R,1.0,YES,Critical
2026-01-06 07:26:37,Probe,Probe,0.989,YES,High
2026-01-06 07:26:37,DoS,DoS,1.0,YES,High
2026-01-06 07:26:37,DoS,DoS,1.0,YES,High
2026-01-06 07:26:37,Probe,Probe,1.0,YES,High
2026-01-06 07:26:37,R2L,R2L,1.0,YES,Medium
2026-01-06 07:26:37,U2R,U2R,1.0,YES,Critical
2026-01-06 07:26:37,Probe,Probe,1.0,YES,High
2026-01-06 07:26:37,R2L,R2L,1.0,YES,Medium
2026-01-06 07:26:37,DoS,DoS,1.0,YES,High
2026-01-06 07:26:38,U2R,U2R,0.98,YES,Critical
2026-01-06 07:26:38,DoS,DoS,1.0,YES,High
2026-01-06 07:26:38,Probe,Probe,1.0,YES,High
2026-01-06 07:26:38,DoS,DoS,1.0,YES,High
2026-01-06 07:26:38,U2R,U2R,1.0,YES,Critical
2026-01-06 07:26:38,Probe,Probe,1.0,YES,High
2026-01-06 07:26:38,Probe,Probe,1.0,YES,High
2026-01-06 07:26:38,R2L,R2L,1.0,YES,Medium
2026-01-06 07:26:38,Probe,Probe,1.0,YES,High
2026-01-06 07:26:38,Probe,Probe,1.0,YES,High
2026-01-06 07:26:38,U2R,U2R,1.0,YES,Critical
2026-01-06 07:26:38,DoS,DoS,1.0,YES,High
2026-01-06 07:26:38,U2R,U2R,1.0,YES,Critical
2026-01-06 07:26:38,DoS,DoS,1.0,YES,High
2026-01-06 07:26:38,DoS,DoS,0.999,YES,High
2026-01-06 07:26:38,Probe,Probe,1.0,YES,High
2026-01-06 07:26:38,DoS,DoS,1.0,YES,High
2026-01-06 07:26:38,Probe,Probe,1.0,YES,High
2026-01-06 07:26:38,U2R,U2R,1.0,YES,Critical
2026-01-06 07:26:38,DoS,DoS,0.99,YES,High
2026-01-06 07:26:38,R2L,R2L,1.0,YES,Medium
2026-01-06 07:26:38,R2L,R2L,0.995,YES,Medium
2026-01-06 07:26:38,U2R,U2R,1.0,YES,Critical
2026-01-06 07:26:38,R2L,R2L,1.0,YES,Medium
2026-01-06 07:26:38,U2R,U2R,1.0,YES,Critical
2026-01-06 07:26:38,Probe,Probe,1.0,YES,High
2026-01-06 07:26:38,DoS,DoS,1.0,YES,High
2026-01-06 07:26:38,DoS,DoS,0.99,YES,High
2026-01-06 07:26:38,R2L,R2L,1.0,YES,Medium
2026-01-06 07:26:38,R2L,R2L,1.0,YES,Medium
2026-01-06 07:26:38,Probe,Probe,1.0,YES,High
2026-01-06 07:26:38,R2L,R2L,1.0,YES,Medium
2026-01-06 07:26:38,U2R,U2R,1.0,YES,Critical
2026-01-06 07:26:38,U2R,U2R,1.0,YES,Critical
2026-01-06 07:26:38,Probe,Probe,0.998,YES,High
2026-01-06 07:26:38,R2L,R2L,1.0,YES,Medium
2026-01-06 07:26:38,R2L,R2L,1.0,YES,Medium
2026-01-06 07:26:38,Probe,Probe,1.0,YES,High
2026-01-06 07:26:38,DoS,DoS,1.0,YES,High
2026-01-06 07:26:38,Probe,Probe,1.0,YES,High
2026-01-06 07:26:38,DoS,DoS,1.0,YES,High
2026-01-06 07:26:38,DoS,DoS,0.957,YES,High
2026-01-06 07:26:38,U2R,U2R,1.0,YES,Critical
2026-01-06 07:26:38,R2L,R2L,0.956,YES,Medium
2026-01-06 07:26:38,R2L,R2L,1.0,YES,Medium
2026-01-06 07:26:38,U2R,U2R,1.0,YES,Critical
2026-01-06 07:26:38,U2R,U2R,1.0,YES,Critical
2026-01-06 07:26:38,R2L,R2L,1.0,YES,Medium
2026-01-06 07:26:38,R2L,R2L,1.0,YES,Medium
2026-01-06 07:26:38,DoS,DoS,1.0,YES,High
2026-01-06 07:26:38,DoS,DoS,1.0,YES,High
2026-01-06 07:26:38,U2R,U2R,1.0,YES,Critical
2026-01-06 07:26:38,R2L,R2L,1.0,YES,Medium
2026-01-06 07:26:38,R2L,R2L,1.0,YES,Medium
2026-01-06 07:26:38,DoS,DoS,1.0,YES,High
2026-01-06 07:26:38,U2R,U2R,1.0,YES,Critical
2026-01-06 07:26:38,Probe,Probe,1.0,YES,High
2026-01-06 07:26:38,DoS,DoS,1.0,YES,High
2026-01-06 07:26:38,U2R,U2R,1.0,YES,Critical
2026-01-06 07:26:39,R2L,R2L,1.0,YES,Medium
2026-01-06 07:26:39,U2R,U2R,1.0,YES,Critical
2026-01-06 07:26:39,DoS,DoS,1.0,YES,High
2026-01-06 07:26:39,R2L,R2L,1.0,YES,Medium
2026-01-06 07:26:39,R2L,R2L,1.0,YES,Medium
2026-01-06 07:26:39,U2R,U2R,1.0,YES,Critical
2026-01-06 07:26:39,U2R,U2R,1.0,YES,Critical
2026-01-06 07:26:39,DoS,DoS,1.0,YES,High
2026-01-06 07:26:39,DoS,DoS,0.995,YES,High
2026-01-06 07:26:39,U2R,U2R,1.0,YES,Critical
2026-01-06 07:26:39,DoS,DoS,1.0,YES,High
2026-01-06 07:26:39,U2R,U2R,1.0,YES,Critical
2026-01-06 07:26:39,DoS,DoS,1.0,YES,High
2026-01-06 07:26:39,U2R,U2R,1.0,YES,Critical
2026-01-06 07:26:39,Probe,Probe,1.0,YES,High
2026-01-06 07:26:39,DoS,DoS,1.0,YES,High
2026-01-06 07:26:39,U2R,U2R,1.0,YES,Critical
2026-01-06 07:26:39,R2L,R2L,1.0,YES,Medium
2026-01-06 07:26:39,U2R,U2R,1.0,YES,Critical
2026-01-06 07:26:39,U2R,U2R,1.0,YES,Critical
2026-01-06 07:26:39,R2L,R2L,0.995,YES,Medium
2026-01-06 07:26:39,Probe,Probe,1.0,YES,High
2026-01-06 07:26:39,U2R,U2R,1.0,YES,Critical
2026-01-06 07:26:39,DoS,DoS,1.0,YES,High
2026-01-06 07:26:39,R2L,R2L,1.0,YES,Medium
2026-01-06 07:26:39,R2L,R2L,0.99,YES,Medium
2026-01-06 07:26:39,DoS,DoS,1.0,YES,High
2026-01-06 07:26:39,DoS,DoS,1.0,YES,High
2026-01-06 07:26:39,U2R,U2R,1.0,YES,Critical
2026-01-06 07:26:39,U2R,U2R,1.0,YES,Critical
2026-01-06 07:26:39,U2R,U2R,1.0,YES,Critical
2026-01-06 07:26:39,Probe,Probe,0.991,YES,High
2026-01-06 07:26:39,DoS,DoS,0.995,YES,High
2026-01-06 07:26:39,DoS,DoS,1.0,YES,High
2026-01-06 07:26:39,R2L,R2L,1.0,YES,Medium
2026-01-06 07:26:39,U2R,U2R,1.0,YES,Critical
2026-01-06 07:26:39,Probe,Probe,1.0,YES,High
2026-01-06 07:26:39,U2R,U2R,1.0,YES,Critical
2026-01-06 07:26:39,DoS,DoS,1.0,YES,High
2026-01-06 07:26:39,DoS,DoS,0.995,YES,High
2026-01-06 07:26:39,DoS,DoS,1.0,YES,High
2026-01-06 07:26:39,DoS,DoS,1.0,YES,High
2026-01-06 07:26:39,R2L,R2L,0.815,YES,Medium
2026-01-06 07:26:39,Probe,Probe,1.0,YES,High
2026-01-06 07:26:39,Probe,Probe,1.0,YES,High
2026-01-06 07:26:39,Probe,Probe,1.0,YES,High
2026-01-06 07:26:39,R2L,R2L,1.0,YES,Medium
2026-01-06 07:26:39,Probe,Probe,0.954,YES,High
2026-01-06 07:26:39,DoS,DoS,1.0,YES,High
2026-01-06 07:26:39,DoS,DoS,1.0,YES,High
2026-01-06 07:26:39,Probe,Probe,1.0,YES,High
2026-01-06 07:26:39,U2R,U2R,1.0,YES,Critical
2026-01-06 07:26:39,Probe,Probe,0.999,YES,High
2026-01-06 07:26:39,U2R,U2R,1.0,YES,Critical
2026-01-06 07:26:39,Probe,Probe,1.0,YES,High
2026-01-06 07:26:40,R2L,R2L,1.0,YES,Medium
2026-01-06 07:26:40,R2L,R2L,1.0,YES,Medium
2026-01-06 07:26:40,DoS,DoS,1.0,YES,High
2026-01-06 07:26:40,DoS,DoS,0.99,YES,High
2026-01-06 07:26:40,R2L,R2L,1.0,YES,Medium
2026-01-06 07:26:40,Probe,Probe,0.985,YES,High
2026-01-06 07:26:40,U2R,U2R,1.0,YES,Critical
2026-01-06 07:26:40,R2L,R2L,1.0,YES,Medium
2026-01-06 07:26:40,U2R,U2R,1.0,YES,Critical
2026-01-06 07:26:40,R2L,R2L,1.0,YES,Medium
2026-01-06 07:26:40,R2L,R2L,0.995,YES,Medium
2026-01-06 07:26:40,DoS,DoS,1.0,YES,High
2026-01-06 07:26:40,R2L,R2L,1.0,YES,Medium
2026-01-06 07:26:40,U2R,U2R,1.0,YES,Critical
2026-01-06 07:26:40,DoS,DoS,1.0,YES,High
2026-01-06 07:26:40,U2R,U2R,1.0,YES,Critical
2026-01-06 07:26:40,Probe,Probe,1.0,YES,High
2026-01-06 07:26:40,Probe,Probe,0.995,YES,High
2026-01-06 07:26:40,Probe,Probe,1.0,YES,High
2026-01-06 07:26:40,U2R,U2R,1.0,YES,Critical
2026-01-06 07:26:40,U2R,U2R,1.0,YES,Critical
2026-01-06 07:26:40,DoS,DoS,1.0,YES,High
2026-01-06 07:26:40,Probe,Probe,1.0,YES,High
2026-01-06 07:26:40,R2L,R2L,1.0,YES,Medium
2026-01-06 07:26:40,DoS,DoS,1.0,YES,High
2026-01-06 07:26:40,R2L,R2L,1.0,YES,Medium
2026-01-06 07:26:40,R2L,R2L,1.0,YES,Medium
2026-01-06 07:26:40,Probe,Probe,1.0,YES,High
2026-01-06 07:26:40,DoS,DoS,1.0,YES,High
2026-01-06 07:26:40,Probe,Probe,1.0,YES,High
2026-01-06 07:26:40,DoS,DoS,1.0,YES,High
2026-01-06 07:26:40,R2L,R2L,0.995,YES,Medium
2026-01-06 07:26:40,Probe,Probe,1.0,YES,High
2026-01-06 07:26:40,Probe,Probe,1.0,YES,High
2026-01-06 07:26:40,R2L,R2L,1.0,YES,Medium
2026-01-06 07:26:40,R2L,R2L,1.0,YES,Medium
2026-01-06 07:26:40,Probe,Probe,1.0,YES,High
2026-01-06 07:26:40,U2R,U2R,1.0,YES,Critical
2026-01-06 07:26:40,DoS,DoS,1.0,YES,High
2026-01-06 07:26:40,Probe,Probe,1.0,YES,High
2026-01-06 07:26:40,Probe,Probe,0.995,YES,High
2026-01-06 07:26:40,Probe,Probe,1.0,YES,High
2026-01-06 07:26:40,R2L,R2L,1.0,YES,Medium
2026-01-06 07:26:40,Probe,Probe,1.0,YES,High
2026-01-06 07:26:40,Probe,Probe,1.0,YES,High
2026-01-06 07:26:40,U2R,U2R,1.0,YES,Critical
2026-01-06 07:26:40,U2R,U2R,1.0,YES,Critical
2026-01-06 07:26:40,R2L,R2L,1.0,YES,Medium
2026-01-06 07:26:40,DoS,DoS,1.0,YES,High
2026-01-06 07:26:40,R2L,R2L,1.0,YES,Medium
2026-01-06 07:26:40,DoS,DoS,1.0,YES,High
2026-01-06 07:26:40,R2L,R2L,1.0,YES,Medium
2026-01-06 07:26:40,U2R,U2R,1.0,YES,Critical
2026-01-06 07:26:40,DoS,DoS,1.0,YES,High
2026-01-06 07:26:40,DoS,DoS,1.0,YES,High
2026-01-06 07:26:41,Probe,Probe,1.0,YES,High
2026-01-06 07:26:41,Probe,Probe,1.0,YES,High
2026-01-06 07:26:41,DoS,DoS,0.92,YES,High
2026-01-06 07:26:41,DoS,DoS,1.0,YES,High
2026-01-06 07:26:41,Probe,Probe,1.0,YES,High
2026-01-06 07:26:41,Probe,Probe,1.0,YES,High
2026-01-06 07:26:41,Probe,Probe,0.98,YES,High
2026-01-06 07:26:41,U2R,U2R,1.0,YES,Critical
2026-01-06 07:26:41,R2L,R2L,1.0,YES,Medium
2026-01-06 07:26:41,R2L,R2L,0.995,YES,Medium
2026-01-06 07:26:41,R2L,R2L,0.99,YES,Medium
2026-01-06 07:26:41,DoS,DoS,1.0,YES,High
2026-01-06 07:26:41,DoS,DoS,1.0,YES,High
2026-01-06 07:26:41,DoS,DoS,1.0,YES,High
2026-01-06 07:26:41,DoS,DoS,0.995,YES,High
2026-01-06 07:26:41,DoS,DoS,1.0,YES,High
2026-01-06 07:26:41,U2R,U2R,1.0,YES,Critical
2026-01-06 07:26:41,DoS,DoS,1.0,YES,High
2026-01-06 07:26:41,Probe,Probe,1.0,YES,High
2026-01-06 07:26:41,DoS,DoS,1.0,YES,High
2026-01-06 07:26:41,R2L,R2L,1.0,YES,Medium
2026-01-06 07:26:41,R2L,R2L,1.0,YES,Medium
2026-01-06 07:26:41,DoS,DoS,0.999,YES,High
2026-01-06 07:26:41,Probe,Probe,1.0,YES,High
2026-01-06 07:26:41,U2R,U2R,1.0,YES,Critical
2026-01-06 07:26:41,DoS,DoS,1.0,YES,High
2026-01-06 07:26:41,Probe,Probe,1.0,YES,High
2026-01-06 07:26:41,U2R,U2R,1.0,YES,Critical
2026-01-06 07:26:41,R2L,R2L,1.0,YES,Medium
2026-01-06 07:26:41,DoS,DoS,0.995,YES,High
2026-01-06 07:26:41,DoS,DoS,1.0,YES,High
2026-01-06 07:26:41,DoS,DoS,1.0,YES,High
2026-01-06 07:26:41,U2R,U2R,1.0,YES,Critical
2026-01-06 07:26:41,U2R,U2R,1.0,YES,Critical
2026-01-06 07:26:41,R2L,R2L,1.0,YES,Medium
2026-01-06 07:26:41,R2L,R2L,1.0,YES,Medium
2026-01-06 07:26:41,DoS,DoS,1.0,YES,High
2026-01-06 07:26:41,U2R,U2R,1.0,YES,Critical
2026-01-06 07:26:41,Probe,Probe,1.0,YES,High
2026-01-06 07:26:41,Probe,Probe,1.0,YES,High
2026-01-06 07:26:41,R2L,R2L,1.0,YES,Medium
2026-01-06 07:26:41,Probe,Probe,1.0,YES,High
2026-01-06 07:26:41,R2L,R2L,1.0,YES,Medium
2026-01-06 07:26:41,U2R,U2R,1.0,YES,Critical
2026-01-06 07:26:41,U2R,U2R,1.0,YES,Critical
2026-01-06 07:26:41,Probe,Probe,1.0,YES,High
2026-01-06 07:26:41,Probe,Probe,1.0,YES,High
2026-01-06 07:26:41,Probe,Probe,1.0,YES,High
2026-01-06 07:26:41,U2R,U2R,1.0,YES,Critical
2026-01-06 07:26:41,DoS,DoS,1.0,YES,High
2026-01-06 07:26:41,Probe,Probe,1.0,YES,High
2026-01-06 07:26:41,DoS,DoS,1.0,YES,High
2026-01-06 07:26:41,Probe,Probe,0.99,YES,High
2026-01-06 07:26:41,R2L,R2L,1.0,YES,Medium
2026-01-06 07:26:41,R2L,R2L,1.0,YES,Medium
2026-01-06 07:26:41,U2R,U2R,1.0,YES,Critical
2026-01-06 07:26:42,U2R,U2R,1.0,YES,Critical
2026-01-06 07:26:42,DoS,DoS,1.0,YES,High
2026-01-06 07:26:42,U2R,U2R,1.0,YES,Critical
2026-01-06 07:26:42,Probe,Probe,1.0,YES,High
2026-01-06 07:26:42,DoS,DoS,1.0,YES,High
2026-01-06 07:26:42,R2L,R2L,1.0,YES,Medium
2026-01-06 07:26:42,R2L,R2L,1.0,YES,Medium
2026-01-06 07:26:42,R2L,R2L,1.0,YES,Medium
2026-01-06 07:26:42,R2L,R2L,1.0,YES,Medium
2026-01-06 07:26:42,R2L,R2L,1.0,YES,Medium
2026-01-06 07:26:42,R2L,R2L,1.0,YES,Medium
2026-01-06 07:26:42,U2R,U2R,1.0,YES,Critical
2026-01-06 07:26:42,DoS,DoS,1.0,YES,High
2026-01-06 07:26:42,R2L,R2L,0.92,YES,Medium
2026-01-06 07:26:42,R2L,R2L,1.0,YES,Medium
2026-01-06 07:26:42,R2L,R2L,1.0,YES,Medium
2026-01-06 07:26:42,R2L,R2L,1.0,YES,Medium
2026-01-06 07:26:42,U2R,U2R,1.0,YES,Critical
2026-01-06 07:26:42,Probe,Probe,1.0,YES,High
2026-01-06 07:26:42,Probe,Probe,1.0,YES,High
2026-01-06 07:26:42,U2R,U2R,1.0,YES,Critical
2026-01-06 07:26:42,R2L,R2L,1.0,YES,Medium
2026-01-06 07:26:42,DoS,DoS,0.99,YES,High
2026-01-06 07:26:42,DoS,DoS,1.0,YES,High
2026-01-06 07:26:42,U2R,U2R,1.0,YES,Critical
2026-01-06 07:26:42,Probe,Probe,1.0,YES,High
2026-01-06 07:26:42,U2R,U2R,1.0,YES,Critical
2026-01-06 07:26:42,R2L,R2L,1.0,YES,Medium
2026-01-06 07:26:42,DoS,DoS,1.0,YES,High
2026-01-06 07:26:42,R2L,R2L,1.0,YES,Medium
2026-01-06 07:26:42,U2R,U2R,1.0,YES,Critical
2026-01-06 07:26:42,DoS,DoS,0.995,YES,High
2026-01-06 07:26:42,DoS,DoS,1.0,YES,High
2026-01-06 07:26:42,R2L,R2L,1.0,YES,Medium
2026-01-06 07:26:42,U2R,U2R,1.0,YES,Critical
2026-01-06 07:26:42,DoS,DoS,1.0,YES,High
2026-01-06 07:26:42,Probe,Probe,1.0,YES,High
2026-01-06 07:26:42,Probe,Probe,1.0,YES,High
2026-01-06 07:26:42,Probe,Probe,1.0,YES,High
2026-01-06 07:26:42,Probe,Probe,1.0,YES,High
2026-01-06 07:26:42,DoS,DoS,1.0,YES,High
2026-01-06 07:26:42,DoS,DoS,1.0,YES,High
2026-01-06 07:26:42,Probe,Probe,1.0,YES,High
2026-01-06 07:26:42,R2L,R2L,1.0,YES,Medium
2026-01-06 07:26:42,U2R,U2R,1.0,YES,Critical
2026-01-06 07:26:42,R2L,R2L,1.0,YES,Medium
2026-01-06 07:26:42,DoS,DoS,1.0,YES,High
2026-01-06 07:26:42,U2R,U2R,1.0,YES,Critical
2026-01-06 07:26:42,U2R,U2R,1.0,YES,Critical
2026-01-06 07:26:42,Probe,Probe,0.935,YES,High
2026-01-06 07:26:42,U2R,U2R,1.0,YES,Critical
2026-01-06 07:26:42,U2R,U2R,1.0,YES,Critical
2026-01-06 07:26:42,R2L,R2L,1.0,YES,Medium
2026-01-06 07:26:42,R2L,R2L,1.0,YES,Medium
2026-01-06 07:26:43,Probe,Probe,1.0,YES,High
2026-01-06 07:26:43,DoS,DoS,1.0,YES,High
2026-01-06 07:26:43,R2L,R2L,1.0,YES,Medium
2026-01-06 07:26:43,DoS,DoS,1.0,YES,High
2026-01-06 07:26:43,R2L,R2L,1.0,YES,Medium
2026-01-06 07:26:43,Probe,Probe,1.0,YES,High
2026-01-06 07:26:43,DoS,DoS,1.0,YES,High
2026-01-06 07:26:43,R2L,R2L,1.0,YES,Medium
2026-01-06 07:26:43,DoS,DoS,1.0,YES,High
2026-01-06 07:26:43,Probe,Probe,0.975,YES,High
2026-01-06 07:26:43,R2L,R2L,1.0,YES,Medium
2026-01-06 07:26:43,U2R,U2R,1.0,YES,Critical
2026-01-06 07:26:43,R2L,R2L,1.0,YES,Medium
2026-01-06 07:26:43,U2R,U2R,1.0,YES,Critical
2026-01-06 07:26:43,Probe,Probe,1.0,YES,High
2026-01-06 07:26:43,R2L,R2L,1.0,YES,Medium
2026-01-06 07:26:43,U2R,U2R,1.0,YES,Critical
2026-01-06 07:26:43,Probe,Probe,1.0,YES,High
2026-01-06 07:26:43,Probe,Probe,1.0,YES,High
2026-01-06 07:26:43,Probe,Probe,1.0,YES,High
2026-01-06 07:26:43,DoS,DoS,1.0,YES,High
2026-01-06 07:26:43,Probe,Probe,1.0,YES,High
2026-01-06 07:26:43,R2L,R2L,1.0,YES,Medium
2026-01-06 07:26:43,U2R,U2R,1.0,YES,Critical
2026-01-06 07:26:43,U2R,U2R,1.0,YES,Critical
2026-01-06 07:26:43,Probe,Probe,1.0,YES,High
2026-01-06 07:26:43,U2R,U2R,1.0,YES,Critical
2026-01-06 07:26:43,DoS,DoS,1.0,YES,High
2026-01-06 07:26:43,Probe,Probe,1.0,YES,High
2026-01-06 07:26:43,R2L,R2L,0.999,YES,Medium
2026-01-06 07:26:43,DoS,DoS,1.0,YES,High
2026-01-06 07:26:43,R2L,R2L,1.0,YES,Medium
2026-01-06 07:26:43,DoS,DoS,1.0,YES,High
2026-01-06 07:26:43,U2R,U2R,1.0,YES,Critical
2026-01-06 07:26:43,R2L,R2L,1.0,YES,Medium
2026-01-06 07:26:43,U2R,U2R,1.0,YES,Critical
2026-01-06 07:26:43,DoS,DoS,1.0,YES,High
2026-01-06 07:26:43,DoS,DoS,1.0,YES,High
2026-01-06 07:26:43,U2R,U2R,1.0,YES,Critical
2026-01-06 07:26:43,DoS,DoS,1.0,YES,High
2026-01-06 07:26:43,Probe,Probe,0.99,YES,High
2026-01-06 07:26:43,DoS,DoS,1.0,YES,High
2026-01-06 07:26:43,DoS,DoS,1.0,YES,High
2026-01-06 07:26:43,R2L,R2L,1.0,YES,Medium
2026-01-06 07:26:43,Probe,Probe,1.0,YES,High
2026-01-06 07:26:43,DoS,DoS,1.0,YES,High
2026-01-06 07:26:43,R2L,R2L,1.0,YES,Medium
2026-01-06 07:26:43,R2L,R2L,1.0,YES,Medium
2026-01-06 07:26:43,Probe,Probe,1.0,YES,High
2026-01-06 07:26:43,R2L,R2L,1.0,YES,Medium
2026-01-06 07:26:43,DoS,DoS,1.0,YES,High
2026-01-06 07:26:43,R2L,R2L,1.0,YES,Medium
2026-01-06 07:26:43,U2R,U2R,0.99,YES,Critical
2026-01-06 07:26:43,Probe,Probe,1.0,YES,High
2026-01-06 07:26:43,R2L,R2L,1.0,YES,Medium
2026-01-06 07:26:43,R2L,R2L,1.0,YES,Medium
2026-01-06 07:26:43,DoS,DoS,1.0,YES,High
2026-01-06 07:26:43,U2R,U2R,1.0,YES,Critical
2026-01-06 07:26:43,Probe,Probe,1.0,YES,High
2026-01-06 07:26:44,U2R,U2R,1.0,YES,Critical
2026-01-06 07:26:44,R2L,R2L,1.0,YES,Medium
2026-01-06 07:26:44,U2R,U2R,1.0,YES,Critical
2026-01-06 07:26:44,DoS,DoS,0.999,YES,High
2026-01-06 07:26:44,R2L,R2L,1.0,YES,Medium
2026-01-06 07:26:44,R2L,R2L,1.0,YES,Medium
2026-01-06 07:26:44,U2R,U2R,1.0,YES,Critical
2026-01-06 07:26:44,U2R,U2R,1.0,YES,Critical
2026-01-06 07:26:44,U2R,U2R,1.0,YES,Critical
2026-01-06 07:26:44,Probe,Probe,1.0,YES,High
2026-01-06 07:26:44,U2R,U2R,1.0,YES,Critical
2026-01-06 07:26:44,Probe,Probe,1.0,YES,High
2026-01-06 07:26:44,Probe,Probe,1.0,YES,High
2026-01-06 07:26:44,R2L,R2L,1.0,YES,Medium
2026-01-06 07:26:44,U2R,U2R,1.0,YES,Critical
2026-01-06 07:26:44,Probe,Probe,1.0,YES,High
2026-01-06 07:26:44,U2R,U2R,1.0,YES,Critical
2026-01-06 07:26:44,DoS,DoS,1.0,YES,High
2026-01-06 07:26:44,U2R,U2R,1.0,YES,Critical
2026-01-06 07:26:44,U2R,U2R,1.0,YES,Critical
2026-01-06 07:26:44,DoS,DoS,0.995,YES,High
2026-01-06 07:26:44,DoS,DoS,1.0,YES,High
2026-01-06 07:26:44,Probe,Probe,1.0,YES,High
2026-01-06 07:26:44,Probe,Probe,1.0,YES,High
2026-01-06 07:26:44,R2L,R2L,1.0,YES,Medium
2026-01-06 07:26:44,U2R,U2R,1.0,YES,Critical
2026-01-06 07:26:44,DoS,DoS,1.0,YES,High
2026-01-06 07:26:44,Probe,Probe,1.0,YES,High
2026-01-06 07:26:44,R2L,R2L,0.995,YES,Medium
2026-01-06 07:26:44,U2R,U2R,1.0,YES,Critical
2026-01-06 07:26:44,Probe,Probe,1.0,YES,High
2026-01-06 07:26:44,U2R,U2R,1.0,YES,Critical
2026-01-06 07:26:44,Probe,Probe,1.0,YES,High
2026-01-06 07:26:44,U2R,U2R,1.0,YES,Critical
2026-01-06 07:26:44,DoS,DoS,1.0,YES,High
2026-01-06 07:26:44,Probe,Probe,1.0,YES,High
2026-01-06 07:26:45,U2R,U2R,1.0,YES,Critical
2026-01-06 07:26:45,U2R,U2R,1.0,YES,Critical
2026-01-06 07:26:45,R2L,R2L,1.0,YES,Medium
2026-01-06 07:26:45,R2L,R2L,1.0,YES,Medium
2026-01-06 07:26:45,DoS,DoS,1.0,YES,High
2026-01-06 07:26:45,U2R,U2R,1.0,YES,Critical
2026-01-06 07:26:45,R2L,R2L,1.0,YES,Medium
2026-01-06 07:26:45,U2R,U2R,1.0,YES,Critical
2026-01-06 07:26:45,Probe,Probe,1.0,YES,High
2026-01-06 07:26:45,U2R,U2R,1.0,YES,Critical
2026-01-06 07:26:45,DoS,DoS,1.0,YES,High
2026-01-06 07:26:45,R2L,R2L,1.0,YES,Medium
2026-01-06 07:26:45,DoS,DoS,1.0,YES,High
2026-01-06 07:26:45,Probe,Probe,0.999,YES,High
2026-01-06 07:26:45,Probe,Probe,1.0,YES,High
2026-01-06 07:26:45,U2R,U2R,1.0,YES,Critical
2026-01-06 07:26:45,Probe,Probe,1.0,YES,High
2026-01-06 07:26:45,U2R,U2R,1.0,YES,Critical
2026-01-06 07:26:45,Probe,Probe,0.974,YES,High
2026-01-06 07:26:45,DoS,DoS,1.0,YES,High
2026-01-06 07:26:45,U2R,U2R,1.0,YES,Critical
2026-01-06 07:26:45,DoS,DoS,1.0,YES,High
2026-01-06 07:26:45,U2R,U2R,1.0,YES,Critical
2026-01-06 07:26:45,U2R,U2R,0.995,YES,Critical
2026-01-06 07:26:45,R2L,R2L,1.0,YES,Medium
2026-01-06 07:26:45,R2L,R2L,1.0,YES,Medium
2026-01-06 07:26:45,U2R,U2R,1.0,YES,Critical
2026-01-06 07:26:45,U2R,U2R,1.0,YES,Critical
2026-01-06 07:26:45,U2R,U2R,1.0,YES,Critical
2026-01-06 07:26:45,DoS,DoS,1.0,YES,High
2026-01-06 07:26:45,Probe,Probe,1.0,YES,High
2026-01-06 07:26:45,R2L,R2L,1.0,YES,Medium
2026-01-06 07:26:45,DoS,DoS,1.0,YES,High
2026-01-06 07:26:45,DoS,DoS,0.999,YES,High
2026-01-06 07:26:45,DoS,DoS,0.984,YES,High
2026-01-06 07:26:45,U2R,U2R,1.0,YES,Critical
2026-01-06 07:26:45,DoS,DoS,1.0,YES,High
2026-01-06 07:26:45,Probe,Probe,1.0,YES,High
2026-01-06 07:26:45,U2R,U2R,1.0,YES,Critical
2026-01-06 07:26:45,Probe,Probe,1.0,YES,High
2026-01-06 07:26:45,DoS,DoS,1.0,YES,High
2026-01-06 07:26:46,U2R,U2R,1.0,YES,Critical
2026-01-06 07:26:46,U2R,U2R,1.0,YES,Critical
2026-01-06 07:26:46,R2L,R2L,1.0,YES,Medium
2026-01-06 07:26:46,U2R,U2R,1.0,YES,Critical
2026-01-06 07:26:46,R2L,R2L,1.0,YES,Medium
2026-01-06 07:26:46,DoS,DoS,0.995,YES,High
2026-01-06 07:26:46,Probe,Probe,1.0,YES,High
2026-01-06 07:26:46,U2R,U2R,1.0,YES,Critical
2026-01-06 07:26:46,Probe,Probe,1.0,YES,High
2026-01-06 07:26:46,R2L,R2L,1.0,YES,Medium
2026-01-06 07:26:46,DoS,DoS,1.0,YES,High
2026-01-06 07:26:46,U2R,U2R,0.995,YES,Critical
2026-01-06 07:26:46,U2R,U2R,1.0,YES,Critical
2026-01-06 07:26:46,Probe,Probe,1.0,YES,High
2026-01-06 07:26:46,U2R,U2R,1.0,YES,Critical
2026-01-06 07:26:46,R2L,R2L,1.0,YES,Medium
2026-01-06 07:26:46,DoS,DoS,1.0,YES,High
2026-01-06 07:26:46,DoS,DoS,1.0,YES,High
2026-01-06 07:26:46,U2R,U2R,1.0,YES,Critical
2026-01-06 07:26:46,U2R,U2R,1.0,YES,Critical
2026-01-06 07:26:46,Probe,Probe,1.0,YES,High
2026-01-06 07:26:46,R2L,R2L,0.999,YES,Medium
2026-01-06 07:26:46,R2L,R2L,1.0,YES,Medium
2026-01-06 07:26:46,Probe,Probe,1.0,YES,High
2026-01-06 07:26:46,DoS,DoS,1.0,YES,High
2026-01-06 07:26:46,Probe,Probe,1.0,YES,High
2026-01-06 07:26:46,Probe,Probe,1.0,YES,High
2026-01-06 07:26:46,U2R,U2R,1.0,YES,Critical
2026-01-06 07:26:46,DoS,DoS,1.0,YES,High
2026-01-06 07:26:46,DoS,DoS,0.98,YES,High
2026-01-06 07:26:46,R2L,R2L,1.0,YES,Medium
2026-01-06 07:26:46,DoS,DoS,1.0,YES,High
2026-01-06 07:26:46,U2R,U2R,1.0,YES,Critical
2026-01-06 07:26:46,U2R,U2R,1.0,YES,Critical
2026-01-06 07:26:46,Probe,Probe,1.0,YES,High
2026-01-06 07:26:46,Probe,Probe,1.0,YES,High
2026-01-06 07:26:46,Probe,Probe,0.999,YES,High
2026-01-06 07:26:47,R2L,R2L,1.0,YES,Medium
2026-01-06 07:26:47,R2L,R2L,1.0,YES,Medium
2026-01-06 07:26:47,R2L,R2L,1.0,YES,Medium
2026-01-06 07:26:47,U2R,U2R,1.0,YES,Critical
2026-01-06 07:26:47,U2R,U2R,1.0,YES,Critical
2026-01-06 07:26:47,DoS,DoS,1.0,YES,High
2026-01-06 07:26:47,U2R,U2R,1.0,YES,Critical
2026-01-06 07:26:47,U2R,U2R,1.0,YES,Critical
2026-01-06 07:26:47,R2L,R2L,1.0,YES,Medium
2026-01-06 07:26:47,U2R,U2R,1.0,YES,Critical
2026-01-06 07:26:47,Probe,Probe,1.0,YES,High
2026-01-06 07:26:47,DoS,DoS,1.0,YES,High
2026-01-06 07:26:47,Probe,Probe,1.0,YES,High
2026-01-06 07:26:47,DoS,DoS,1.0,YES,High
2026-01-06 07:26:47,DoS,DoS,1.0,YES,High
2026-01-06 07:26:47,Probe,Probe,1.0,YES,High
2026-01-06 07:26:47,R2L,R2L,1.0,YES,Medium
2026-01-06 07:26:47,R2L,R2L,1.0,YES,Medium
2026-01-06 07:26:47,Probe,Probe,1.0,YES,High
2026-01-06 07:26:47,Probe,Probe,0.995,YES,High
2026-01-06 07:26:47,DoS,DoS,1.0,YES,High
2026-01-06 07:26:47,Probe,Probe,1.0,YES,High
2026-01-06 07:26:47,Probe,Probe,1.0,YES,High
2026-01-06 07:26:47,Probe,Probe,1.0,YES,High
2026-01-06 07:26:47,U2R,U2R,1.0,YES,Critical
2026-01-06 07:26:47,R2L,R2L,1.0,YES,Medium
2026-01-06 07:26:47,Probe,Probe,1.0,YES,High
2026-01-06 07:26:47,R2L,R2L,1.0,YES,Medium
2026-01-06 07:26:47,U2R,U2R,1.0,YES,Critical
2026-01-06 07:26:47,R2L,R2L,1.0,YES,Medium
2026-01-06 07:26:47,U2R,U2R,1.0,YES,Critical
2026-01-06 07:26:47,DoS,DoS,1.0,YES,High
2026-01-06 07:26:47,U2R,U2R,1.0,YES,Critical
2026-01-06 07:26:47,U2R,U2R,1.0,YES,Critical
2026-01-06 07:26:47,Probe,Probe,1.0,YES,High
2026-01-06 07:26:47,U2R,U2R,1.0,YES,Critical
2026-01-06 07:26:47,U2R,U2R,1.0,YES,Critical
2026-01-06 07:26:47,DoS,DoS,1.0,YES,High
2026-01-06 07:26:47,DoS,DoS,1.0,YES,High
2026-01-06 07:26:47,U2R,U2R,1.0,YES,Critical
2026-01-06 07:26:47,R2L,R2L,1.0,YES,Medium
2026-01-06 07:26:47,DoS,DoS,1.0,YES,High
2026-01-06 07:26:47,U2R,U2R,1.0,YES,Critical
2026-01-06 07:26:47,U2R,U2R,0.97,YES,Critical
2026-01-06 07:26:47,U2R,U2R,1.0,YES,Critical
2026-01-06 07:26:47,DoS,DoS,1.0,YES,High
2026-01-06 07:26:47,Probe,Probe,0.985,YES,High
2026-01-06 07:26:47,DoS,DoS,1.0,YES,High
2026-01-06 07:26:47,Probe,Probe,1.0,YES,High
2026-01-06 07:26:47,R2L,R2L,1.0,YES,Medium
2026-01-06 07:26:47,U2R,U2R,0.995,YES,Critical
2026-01-06 07:26:47,U2R,U2R,1.0,YES,Critical
2026-01-06 07:26:47,DoS,DoS,1.0,YES,High
2026-01-06 07:26:47,R2L,R2L,1.0,YES,Medium
2026-01-06 07:26:47,U2R,U2R,1.0,YES,Critical
2026-01-06 07:26:47,U2R,U2R,1.0,YES,Critical
2026-01-06 07:26:47,DoS,DoS,1.0,YES,High
2026-01-06 07:26:47,Probe,Probe,1.0,YES,High
2026-01-06 07:26:47,U2R,U2R,1.0,YES,Critical
2026-01-06 07:26:47,U2R,U2R,1.0,YES,Critical
2026-01-06 07:26:47,DoS,DoS,1.0,YES,High
2026-01-06 07:26:47,Probe,Probe,1.0,YES,High
2026-01-06 07:26:48,R2L,R2L,1.0,YES,Medium
2026-01-06 07:26:48,Probe,Probe,0.999,YES,High
2026-01-06 07:26:48,U2R,U2R,1.0,YES,Critical
2026-01-06 07:26:48,DoS,DoS,1.0,YES,High
2026-01-06 07:26:48,R2L,R2L,1.0,YES,Medium
2026-01-06 07:26:48,U2R,U2R,1.0,YES,Critical
2026-01-06 07:26:48,U2R,U2R,1.0,YES,Critical
2026-01-06 07:26:48,U2R,U2R,1.0,YES,Critical
2026-01-06 07:26:48,DoS,DoS,1.0,YES,High
2026-01-06 07:26:48,DoS,DoS,1.0,YES,High
2026-01-06 07:26:48,R2L,R2L,1.0,YES,Medium
2026-01-06 07:26:48,DoS,DoS,1.0,YES,High
2026-01-06 07:26:48,R2L,R2L,0.98,YES,Medium
2026-01-06 07:26:48,R2L,R2L,1.0,YES,Medium
2026-01-06 07:26:48,U2R,U2R,1.0,YES,Critical
2026-01-06 07:26:48,DoS,DoS,1.0,YES,High
2026-01-06 07:26:48,Probe,Probe,1.0,YES,High
2026-01-06 07:26:48,U2R,U2R,1.0,YES,Critical
2026-01-06 07:26:48,R2L,R2L,1.0,YES,Medium
2026-01-06 07:26:48,U2R,U2R,1.0,YES,Critical
2026-01-06 07:26:48,U2R,U2R,1.0,YES,Critical
2026-01-06 07:26:48,DoS,DoS,1.0,YES,High
2026-01-06 07:26:48,DoS,DoS,1.0,YES,High
2026-01-06 07:26:48,U2R,U2R,1.0,YES,Critical
2026-01-06 07:26:48,R2L,R2L,0.999,YES,Medium
2026-01-06 07:26:48,DoS,DoS,1.0,YES,High
2026-01-06 07:26:48,Probe,Probe,1.0,YES,High
2026-01-06 07:26:48,R2L,R2L,1.0,YES,Medium
2026-01-06 07:26:48,DoS,DoS,1.0,YES,High
2026-01-06 07:26:48,Probe,Probe,1.0,YES,High
2026-01-06 07:26:48,U2R,U2R,1.0,YES,Critical
2026-01-06 07:26:48,U2R,U2R,1.0,YES,Critical
2026-01-06 07:26:48,R2L,R2L,1.0,YES,Medium
2026-01-06 07:26:48,DoS,DoS,1.0,YES,High
2026-01-06 07:26:48,U2R,U2R,1.0,YES,Critical
2026-01-06 07:26:48,DoS,DoS,1.0,YES,High
2026-01-06 07:26:48,DoS,DoS,1.0,YES,High
2026-01-06 07:26:48,Probe,Probe,1.0,YES,High
2026-01-06 07:26:48,Probe,Probe,1.0,YES,High
2026-01-06 07:26:48,Probe,Probe,1.0,YES,High
2026-01-06 07:26:48,DoS,DoS,1.0,YES,High
2026-01-06 07:26:48,U2R,U2R,1.0,YES,Critical
2026-01-06 07:26:48,R2L,R2L,1.0,YES,Medium
2026-01-06 07:26:48,U2R,U2R,1.0,YES,Critical
2026-01-06 07:26:48,U2R,U2R,1.0,YES,Critical
2026-01-06 07:26:48,DoS,DoS,1.0,YES,High
2026-01-06 07:26:48,R2L,R2L,1.0,YES,Medium
2026-01-06 07:26:48,DoS,DoS,1.0,YES,High
2026-01-06 07:26:48,Probe,Probe,1.0,YES,High
2026-01-06 07:26:48,R2L,R2L,1.0,YES,Medium
2026-01-06 07:26:48,Probe,Probe,1.0,YES,High
2026-01-06 07:26:48,R2L,R2L,1.0,YES,Medium
2026-01-06 07:26:48,Probe,Probe,0.999,YES,High
2026-01-06 07:26:48,DoS,DoS,1.0,YES,High
2026-01-06 07:26:48,R2L,R2L,1.0,YES,Medium
2026-01-06 07:26:48,R2L,R2L,1.0,YES,Medium
2026-01-06 07:26:48,U2R,U2R,1.0,YES,Critical
2026-01-06 07:26:48,U2R,U2R,1.0,YES,Critical
2026-01-06 07:26:49,R2L,R2L,1.0,YES,Medium
2026-01-06 07:26:49,U2R,U2R,1.0,YES,Critical
2026-01-06 07:26:49,U2R,U2R,1.0,YES,Critical
2026-01-06 07:26:49,U2R,U2R,1.0,YES,Critical
2026-01-06 07:26:49,Probe,Probe,1.0,YES,High
2026-01-06 07:26:49,DoS,DoS,1.0,YES,High
2026-01-06 07:26:49,Probe,Probe,1.0,YES,High
2026-01-06 07:26:49,DoS,DoS,1.0,YES,High
2026-01-06 07:26:49,R2L,R2L,0.999,YES,Medium
2026-01-06 07:26:49,R2L,R2L,0.975,YES,Medium
2026-01-06 07:26:49,Probe,Probe,1.0,YES,High
2026-01-06 07:26:49,Probe,Probe,1.0,YES,High
2026-01-06 07:26:49,R2L,R2L,1.0,YES,Medium
2026-01-06 07:26:49,DoS,DoS,1.0,YES,High
2026-01-06 07:26:49,R2L,R2L,1.0,YES,Medium
2026-01-06 07:26:49,Probe,Probe,1.0,YES,High
2026-01-06 07:26:49,R2L,R2L,1.0,YES,Medium
2026-01-06 07:26:49,U2R,U2R,1.0,YES,Critical
2026-01-06 07:26:49,U2R,U2R,1.0,YES,Critical
2026-01-06 07:26:49,U2R,U2R,1.0,YES,Critical
2026-01-06 07:26:49,DoS,DoS,1.0,YES,High
2026-01-06 07:26:49,U2R,U2R,1.0,YES,Critical
2026-01-06 07:26:49,U2R,U2R,1.0,YES,Critical
2026-01-06 07:26:49,Probe,Probe,1.0,YES,High
2026-01-06 07:26:49,R2L,R2L,1.0,YES,Medium
2026-01-06 07:26:49,U2R,U2R,1.0,YES,Critical
2026-01-06 07:26:49,DoS,DoS,0.999,YES,High
2026-01-06 07:26:49,DoS,DoS,1.0,YES,High
2026-01-06 07:26:49,Probe,Probe,1.0,YES,High
2026-01-06 07:26:49,U2R,U2R,1.0,YES,Critical
2026-01-06 07:26:49,Probe,Probe,1.0,YES,High
2026-01-06 07:26:49,U2R,U2R,1.0,YES,Critical
2026-01-06 07:26:49,U2R,U2R,1.0,YES,Critical
2026-01-06 07:26:49,Probe,Probe,0.999,YES,High
2026-01-06 07:26:49,DoS,DoS,1.0,YES,High
2026-01-06 07:26:49,Probe,Probe,1.0,YES,High
2026-01-06 07:26:49,Probe,Probe,0.938,YES,High
2026-01-06 07:26:49,DoS,DoS,1.0,YES,High
2026-01-06 07:26:49,U2R,U2R,1.0,YES,Critical
2026-01-06 07:26:49,U2R,U2R,1.0,YES,Critical
2026-01-06 07:26:49,R2L,R2L,1.0,YES,Medium
2026-01-06 07:26:49,Probe,Probe,0.995,YES,High
2026-01-06 07:26:49,DoS,DoS,1.0,YES,High
2026-01-06 07:26:49,DoS,DoS,1.0,YES,High
2026-01-06 07:26:49,Probe,Probe,1.0,YES,High
2026-01-06 07:26:49,DoS,DoS,1.0,YES,High
2026-01-06 07:26:49,R2L,R2L,1.0,YES,Medium
2026-01-06 07:26:49,DoS,DoS,1.0,YES,High
2026-01-06 07:26:49,R2L,R2L,0.99,YES,Medium
2026-01-06 07:26:49,U2R,U2R,1.0,YES,Critical
2026-01-06 07:26:49,U2R,U2R,1.0,YES,Critical
2026-01-06 07:26:49,Probe,Probe,1.0,YES,High
2026-01-06 07:26:49,R2L,R2L,1.0,YES,Medium
2026-01-06 07:26:49,U2R,U2R,1.0,YES,Critical
2026-01-06 07:26:49,U2R,U2R,1.0,YES,Critical
2026-01-06 07:26:49,U2R,U2R,1.0,YES,Critical
2026-01-06 07:26:49,U2R,U2R,1.0,YES,Critical
2026-01-06 07:26:49,U2R,U2R,0.995,YES,Critical
2026-01-06 07:26:49,U2R,U2R,1.0,YES,Critical
2026-01-06 07:26:49,Probe,Probe,0.995,YES,High
2026-01-06 07:26:50,R2L,R2L,1.0,YES,Medium
2026-01-06 07:26:50,R2L,R2L,1.0,YES,Medium
2026-01-06 07:26:50,U2R,U2R,1.0,YES,Critical
2026-01-06 07:26:50,R2L,R2L,1.0,YES,Medium
2026-01-06 07:26:50,R2L,R2L,1.0,YES,Medium
2026-01-06 07:26:50,U2R,U2R,1.0,YES,Critical
2026-01-06 07:26:50,R2L,R2L,1.0,YES,Medium
2026-01-06 07:26:50,R2L,R2L,1.0,YES,Medium
2026-01-06 07:26:50,R2L,R2L,1.0,YES,Medium
2026-01-06 07:26:50,R2L,R2L,1.0,YES,Medium
2026-01-06 07:26:50,Probe,Probe,1.0,YES,High
2026-01-06 07:26:50,DoS,DoS,1.0,YES,High
2026-01-06 07:26:50,U2R,U2R,1.0,YES,Critical
2026-01-06 07:26:50,R2L,R2L,1.0,YES,Medium
2026-01-06 07:26:50,DoS,DoS,1.0,YES,High
2026-01-06 07:26:50,U2R,U2R,1.0,YES,Critical
2026-01-06 07:26:50,R2L,R2L,1.0,YES,Medium
2026-01-06 07:26:50,Probe,Probe,0.999,YES,High
2026-01-06 07:26:50,R2L,R2L,0.99,YES,Medium
2026-01-06 07:26:50,DoS,DoS,1.0,YES,High
2026-01-06 07:26:50,Probe,Probe,1.0,YES,High
2026-01-06 07:26:50,U2R,U2R,0.995,YES,Critical
2026-01-06 07:26:50,U2R,U2R,1.0,YES,Critical
2026-01-06 07:26:50,R2L,R2L,1.0,YES,Medium
2026-01-06 07:26:50,U2R,U2R,1.0,YES,Critical
2026-01-06 07:26:50,U2R,U2R,1.0,YES,Critical
2026-01-06 07:26:50,Probe,Probe,1.0,YES,High
2026-01-06 07:26:50,DoS,DoS,1.0,YES,High
2026-01-06 07:26:50,U2R,U2R,1.0,YES,Critical
2026-01-06 07:26:50,U2R,U2R,1.0,YES,Critical
2026-01-06 07:26:50,U2R,U2R,1.0,YES,Critical
2026-01-06 07:26:50,Probe,Probe,0.99,YES,High
2026-01-06 07:26:50,R2L,R2L,0.995,YES,Medium
2026-01-06 07:26:50,DoS,DoS,1.0,YES,High
2026-01-06 07:26:50,Probe,Probe,0.999,YES,High
2026-01-06 07:26:50,Probe,Probe,1.0,YES,High
2026-01-06 07:26:50,U2R,U2R,1.0,YES,Critical
2026-01-06 07:26:50,Probe,Probe,1.0,YES,High
2026-01-06 07:26:50,Probe,Probe,0.995,YES,High
2026-01-06 07:26:50,U2R,U2R,1.0,YES,Critical
2026-01-06 07:26:50,R2L,R2L,1.0,YES,Medium
2026-01-06 07:26:50,U2R,U2R,1.0,YES,Critical
2026-01-06 07:26:50,R2L,R2L,1.0,YES,Medium
2026-01-06 07:26:50,U2R,U2R,1.0,YES,Critical
2026-01-06 07:26:50,U2R,U2R,1.0,YES,Critical
2026-01-06 07:26:50,Probe,Probe,1.0,YES,High
2026-01-06 07:26:50,U2R,U2R,1.0,YES,Critical
2026-01-06 07:26:50,DoS,DoS,1.0,YES,High
2026-01-06 07:26:50,R2L,R2L,1.0,YES,Medium
2026-01-06 07:26:50,DoS,DoS,1.0,YES,High
2026-01-06 07:26:50,Probe,Probe,1.0,YES,High
2026-01-06 07:26:50,R2L,R2L,1.0,YES,Medium
2026-01-06 07:26:50,R2L,R2L,1.0,YES,Medium
2026-01-06 07:26:50,R2L,R2L,0.944,YES,Medium
2026-01-06 07:26:50,U2R,U2R,0.995,YES,Critical
2026-01-06 07:26:50,U2R,U2R,1.0,YES,Critical
2026-01-06 07:26:50,R2L,R2L,1.0,YES,Medium
2026-01-06 07:26:50,DoS,DoS,0.994,YES,High
2026-01-06 07:26:50,Probe,Probe,1.0,YES,High
2026-01-06 07:26:50,U2R,U2R,0.995,YES,Critical
2026-01-06 07:26:51,Probe,Probe,1.0,YES,High
2026-01-06 07:26:51,U2R,U2R,1.0,YES,Critical
2026-01-06 07:26:51,DoS,DoS,1.0,YES,High
2026-01-06 07:26:51,U2R,U2R,1.0,YES,Critical
2026-01-06 07:26:51,Probe,Probe,1.0,YES,High
2026-01-06 07:26:51,U2R,U2R,1.0,YES,Critical
2026-01-06 07:26:51,U2R,U2R,1.0,YES,Critical
2026-01-06 07:26:51,R2L,R2L,1.0,YES,Medium
2026-01-06 07:26:51,DoS,DoS,0.994,YES,High
2026-01-06 07:26:51,DoS,DoS,1.0,YES,High
2026-01-06 07:26:51,R2L,R2L,1.0,YES,Medium
2026-01-06 07:26:51,Probe,Probe,0.98,YES,High
2026-01-06 07:26:51,U2R,U2R,1.0,YES,Critical
2026-01-06 07:26:51,Probe,Probe,1.0,YES,High
2026-01-06 07:26:51,DoS,DoS,0.995,YES,High
2026-01-06 07:26:51,DoS,DoS,1.0,YES,High
2026-01-06 07:26:51,U2R,U2R,1.0,YES,Critical
2026-01-06 07:26:51,DoS,DoS,1.0,YES,High
2026-01-06 07:26:51,R2L,R2L,1.0,YES,Medium
2026-01-06 07:26:51,U2R,U2R,1.0,YES,Critical
2026-01-06 07:26:51,Probe,Probe,1.0,YES,High
2026-01-06 07:26:51,Probe,Probe,0.995,YES,High
2026-01-06 07:26:51,Probe,Probe,1.0,YES,High
2026-01-06 07:26:51,R2L,R2L,1.0,YES,Medium
2026-01-06 07:26:51,U2R,U2R,1.0,YES,Critical
2026-01-06 07:26:51,DoS,DoS,1.0,YES,High
2026-01-06 07:26:51,U2R,U2R,1.0,YES,Critical
2026-01-06 07:26:51,R2L,R2L,1.0,YES,Medium
2026-01-06 07:26:51,U2R,U2R,1.0,YES,Critical
2026-01-06 07:26:51,R2L,R2L,1.0,YES,Medium
2026-01-06 07:26:51,DoS,DoS,1.0,YES,High
2026-01-06 07:26:51,DoS,DoS,1.0,YES,High
2026-01-06 07:26:51,DoS,DoS,1.0,YES,High
2026-01-06 07:26:51,U2R,U2R,1.0,YES,Critical
2026-01-06 07:26:51,U2R,U2R,1.0,YES,Critical
2026-01-06 07:26:51,DoS,DoS,0.995,YES,High
2026-01-06 07:26:51,U2R,U2R,1.0,YES,Critical
2026-01-06 07:26:51,U2R,U2R,1.0,YES,Critical
2026-01-06 07:26:51,U2R,U2R,1.0,YES,Critical
2026-01-06 07:26:51,Probe,Probe,1.0,YES,High
2026-01-06 07:26:51,U2R,U2R,1.0,YES,Critical
2026-01-06 07:26:51,Probe,Probe,1.0,YES,High
2026-01-06 07:26:51,U2R,U2R,1.0,YES,Critical
2026-01-06 07:26:51,U2R,U2R,1.0,YES,Critical
2026-01-06 07:26:51,DoS,DoS,1.0,YES,High
2026-01-06 07:26:51,U2R,U2R,1.0,YES,Critical
2026-01-06 07:26:51,U2R,U2R,1.0,YES,Critical
2026-01-06 07:26:51,DoS,DoS,1.0,YES,High
2026-01-06 07:26:51,U2R,U2R,1.0,YES,Critical
2026-01-06 07:26:51,R2L,R2L,1.0,YES,Medium
2026-01-06 07:26:52,U2R,U2R,1.0,YES,Critical
2026-01-06 07:26:52,R2L,R2L,1.0,YES,Medium
2026-01-06 07:26:52,U2R,U2R,1.0,YES,Critical
2026-01-06 07:26:52,R2L,R2L,0.995,YES,Medium
2026-01-06 07:26:52,DoS,DoS,1.0,YES,High
2026-01-06 07:26:52,U2R,U2R,1.0,YES,Critical
2026-01-06 07:26:52,U2R,U2R,1.0,YES,Critical
2026-01-06 07:26:52,R2L,R2L,1.0,YES,Medium
2026-01-06 07:26:52,U2R,U2R,1.0,YES,Critical
2026-01-06 07:26:52,Probe,Probe,1.0,YES,High
2026-01-06 07:26:52,Probe,Probe,1.0,YES,High
2026-01-06 07:26:52,Probe,Probe,1.0,YES,High
2026-01-06 07:26:52,U2R,U2R,1.0,YES,Critical
2026-01-06 07:26:52,U2R,U2R,1.0,YES,Critical
2026-01-06 07:26:52,Probe,Probe,1.0,YES,High
2026-01-06 07:26:52,R2L,R2L,1.0,YES,Medium
2026-01-06 07:26:52,DoS,DoS,1.0,YES,High
2026-01-06 07:26:52,R2L,R2L,1.0,YES,Medium
2026-01-06 07:26:52,R2L,R2L,1.0,YES,Medium
2026-01-06 07:26:52,R2L,R2L,1.0,YES,Medium
2026-01-06 07:26:52,R2L,R2L,1.0,YES,Medium
2026-01-06 07:26:52,R2L,R2L,1.0,YES,Medium
2026-01-06 07:26:52,R2L,R2L,1.0,YES,Medium
2026-01-06 07:26:52,R2L,R2L,1.0,YES,Medium
2026-01-06 07:26:52,R2L,R2L,1.0,YES,Medium
2026-01-06 07:26:52,U2R,U2R,1.0,YES,Critical
2026-01-06 07:26:52,DoS,DoS,1.0,YES,High
2026-01-06 07:26:52,DoS,DoS,1.0,YES,High
2026-01-06 07:26:52,R2L,R2L,1.0,YES,Medium
2026-01-06 07:26:52,Probe,Probe,1.0,YES,High
2026-01-06 07:26:52,U2R,U2R,1.0,YES,Critical
2026-01-06 07:26:52,DoS,DoS,1.0,YES,High
2026-01-06 07:26:52,U2R,U2R,1.0,YES,Critical
2026-01-06 07:26:52,DoS,DoS,1.0,YES,High
2026-01-06 07:26:52,Probe,Probe,1.0,YES,High
2026-01-06 07:26:52,R2L,R2L,1.0,YES,Medium
2026-01-06 07:26:52,Probe,Probe,1.0,YES,High
2026-01-06 07:26:52,R2L,R2L,1.0,YES,Medium
2026-01-06 07:26:52,DoS,DoS,1.0,YES,High
2026-01-06 07:26:52,U2R,U2R,1.0,YES,Critical
2026-01-06 07:26:52,Probe,Probe,1.0,YES,High
2026-01-06 07:26:52,R2L,R2L,1.0,YES,Medium
2026-01-06 07:26:52,Probe,Probe,1.0,YES,High
2026-01-06 07:26:52,DoS,DoS,1.0,YES,High
2026-01-06 07:26:52,U2R,U2R,1.0,YES,Critical
2026-01-06 07:26:52,R2L,R2L,1.0,YES,Medium
2026-01-06 07:26:52,Probe,Probe,1.0,YES,High
2026-01-06 07:26:52,Probe,Probe,1.0,YES,High
2026-01-06 07:26:52,U2R,U2R,0.85,YES,Critical
2026-01-06 07:26:52,U2R,U2R,1.0,YES,Critical
2026-01-06 07:26:52,R2L,R2L,1.0,YES,Medium
2026-01-06 07:26:52,U2R,U2R,1.0,YES,Critical
2026-01-06 07:26:52,R2L,R2L,1.0,YES,Medium
2026-01-06 07:26:52,Probe,Probe,0.995,YES,High
2026-01-06 07:26:53,U2R,U2R,1.0,YES,Critical
2026-01-06 07:26:53,R2L,R2L,0.995,YES,Medium
2026-01-06 07:26:53,DoS,DoS,1.0,YES,High
2026-01-06 07:26:53,U2R,U2R,1.0,YES,Critical
2026-01-06 07:26:53,U2R,U2R,1.0,YES,Critical
2026-01-06 07:26:53,DoS,DoS,1.0,YES,High
2026-01-06 07:26:53,Probe,Probe,1.0,YES,High
2026-01-06 07:26:53,R2L,R2L,1.0,YES,Medium
2026-01-06 07:26:53,R2L,R2L,1.0,YES,Medium
2026-01-06 07:26:53,R2L,R2L,1.0,YES,Medium
2026-01-06 07:26:53,Probe,Probe,1.0,YES,High
2026-01-06 07:26:53,DoS,DoS,1.0,YES,High
2026-01-06 07:26:53,Probe,Probe,1.0,YES,High
2026-01-06 07:26:53,U2R,U2R,1.0,YES,Critical
2026-01-06 07:26:53,Probe,Probe,1.0,YES,High
2026-01-06 07:26:53,DoS,DoS,1.0,YES,High
2026-01-06 07:26:53,R2L,R2L,0.995,YES,Medium
2026-01-06 07:26:53,Probe,Probe,1.0,YES,High
2026-01-06 07:26:53,U2R,U2R,1.0,YES,Critical
2026-01-06 07:26:53,U2R,U2R,1.0,YES,Critical
2026-01-06 07:26:53,DoS,DoS,0.972,YES,High
2026-01-06 07:26:53,DoS,DoS,1.0,YES,High
2026-01-06 07:26:53,R2L,R2L,1.0,YES,Medium
2026-01-06 07:26:53,U2R,U2R,1.0,YES,Critical
2026-01-06 07:26:53,Probe,Probe,1.0,YES,High
2026-01-06 07:26:53,Probe,Probe,0.945,YES,High
2026-01-06 07:26:53,Probe,Probe,1.0,YES,High
2026-01-06 07:26:53,R2L,R2L,1.0,YES,Medium
2026-01-06 07:26:53,Probe,Probe,1.0,YES,High
2026-01-06 07:26:53,U2R,U2R,1.0,YES,Critical
2026-01-06 07:26:53,U2R,U2R,1.0,YES,Critical
2026-01-06 07:26:53,U2R,U2R,1.0,YES,Critical
2026-01-06 07:26:53,Probe,Probe,1.0,YES,High
2026-01-06 07:26:53,DoS,DoS,1.0,YES,High
2026-01-06 07:26:53,Probe,Probe,1.0,YES,High
2026-01-06 07:26:53,Probe,Probe,1.0,YES,High
2026-01-06 07:26:53,U2R,U2R,1.0,YES,Critical
2026-01-06 07:26:53,U2R,U2R,1.0,YES,Critical
2026-01-06 07:26:53,DoS,DoS,1.0,YES,High
2026-01-06 07:26:53,R2L,R2L,1.0,YES,Medium
2026-01-06 07:26:53,U2R,U2R,1.0,YES,Critical
2026-01-06 07:26:53,R2L,R2L,0.995,YES,Medium
2026-01-06 07:26:53,U2R,U2R,1.0,YES,Critical
2026-01-06 07:26:53,U2R,U2R,1.0,YES,Critical
2026-01-06 07:26:53,DoS,DoS,1.0,YES,High
2026-01-06 07:26:53,DoS,DoS,1.0,YES,High
2026-01-06 07:26:53,R2L,R2L,1.0,YES,Medium
2026-01-06 07:26:53,DoS,DoS,1.0,YES,High
2026-01-06 07:26:53,DoS,DoS,1.0,YES,High
2026-01-06 07:26:53,Probe,Probe,0.999,YES,High
2026-01-06 07:26:53,U2R,U2R,0.995,YES,Critical
2026-01-06 07:26:53,DoS,DoS,1.0,YES,High
2026-01-06 07:26:53,DoS,DoS,1.0,YES,High
2026-01-06 07:26:53,Probe,Probe,0.999,YES,High
2026-01-06 07:26:53,U2R,U2R,1.0,YES,Critical
2026-01-06 07:26:54,Probe,Probe,1.0,YES,High
2026-01-06 07:26:54,U2R,U2R,1.0,YES,Critical
2026-01-06 07:26:54,Probe,Probe,1.0,YES,High
2026-01-06 07:26:54,U2R,U2R,1.0,YES,Critical
2026-01-06 07:26:54,DoS,DoS,1.0,YES,High
2026-01-06 07:26:54,R2L,R2L,1.0,YES,Medium
2026-01-06 07:26:54,U2R,U2R,1.0,YES,Critical
2026-01-06 07:26:54,Probe,Probe,1.0,YES,High
2026-01-06 07:26:54,DoS,DoS,0.985,YES,High
2026-01-06 07:26:54,R2L,R2L,1.0,YES,Medium
2026-01-06 07:26:54,DoS,DoS,1.0,YES,High
2026-01-06 07:26:54,U2R,U2R,1.0,YES,Critical
2026-01-06 07:26:54,U2R,U2R,1.0,YES,Critical
2026-01-06 07:26:54,U2R,U2R,1.0,YES,Critical
2026-01-06 07:26:54,DoS,DoS,1.0,YES,High
2026-01-06 07:26:54,R2L,R2L,1.0,YES,Medium
2026-01-06 07:26:54,DoS,DoS,1.0,YES,High
2026-01-06 07:26:54,DoS,DoS,1.0,YES,High
2026-01-06 07:26:54,U2R,U2R,1.0,YES,Critical
2026-01-06 07:26:54,Probe,Probe,1.0,YES,High
2026-01-06 07:26:54,DoS,DoS,1.0,YES,High
2026-01-06 07:26:54,Probe,Probe,0.999,YES,High
2026-01-06 07:26:54,U2R,U2R,1.0,YES,Critical
2026-01-06 07:26:54,DoS,DoS,0.995,YES,High
2026-01-06 07:26:54,U2R,U2R,1.0,YES,Critical
2026-01-06 07:26:54,Probe,Probe,1.0,YES,High
2026-01-06 07:26:54,R2L,R2L,1.0,YES,Medium
2026-01-06 07:26:54,Probe,Probe,0.98,YES,High
2026-01-06 07:26:54,R2L,R2L,1.0,YES,Medium
2026-01-06 07:26:54,U2R,U2R,1.0,YES,Critical
2026-01-06 07:26:54,Probe,Probe,1.0,YES,High
2026-01-06 07:26:54,Probe,Probe,1.0,YES,High
2026-01-06 07:26:54,Probe,Probe,1.0,YES,High
2026-01-06 07:26:54,R2L,R2L,1.0,YES,Medium
2026-01-06 07:26:54,R2L,R2L,1.0,YES,Medium
2026-01-06 07:26:54,Probe,Probe,1.0,YES,High
2026-01-06 07:26:54,Probe,Probe,1.0,YES,High
2026-01-06 07:26:54,Probe,Probe,1.0,YES,High
2026-01-06 07:26:54,R2L,R2L,1.0,YES,Medium
2026-01-06 07:26:54,Probe,Probe,0.993,YES,High
2026-01-06 07:26:54,R2L,R2L,0.99,YES,Medium
2026-01-06 07:26:54,Probe,Probe,1.0,YES,High
2026-01-06 07:26:54,R2L,R2L,1.0,YES,Medium
2026-01-06 07:26:54,DoS,DoS,1.0,YES,High
2026-01-06 07:26:54,Probe,Probe,0.995,YES,High
2026-01-06 07:26:54,DoS,DoS,1.0,YES,High
2026-01-06 07:26:54,R2L,R2L,1.0,YES,Medium
2026-01-06 07:26:54,U2R,U2R,1.0,YES,Critical
2026-01-06 07:26:54,Probe,Probe,1.0,YES,High
2026-01-06 07:26:54,R2L,R2L,1.0,YES,Medium
2026-01-06 07:26:54,U2R,U2R,1.0,YES,Critical
2026-01-06 07:26:54,DoS,DoS,1.0,YES,High
2026-01-06 07:26:54,DoS,DoS,1.0,YES,High
2026-01-06 07:26:55,U2R,U2R,1.0,YES,Critical
2026-01-06 07:26:55,R2L,R2L,1.0,YES,Medium
2026-01-06 07:26:55,Probe,Probe,0.994,YES,High
2026-01-06 07:26:55,U2R,U2R,1.0,YES,Critical
2026-01-06 07:26:55,DoS,DoS,1.0,YES,High
2026-01-06 07:26:55,U2R,U2R,1.0,YES,Critical
2026-01-06 07:26:55,DoS,DoS,1.0,YES,High
2026-01-06 07:26:55,DoS,DoS,1.0,YES,High
2026-01-06 07:26:55,U2R,U2R,1.0,YES,Critical
2026-01-06 07:26:55,U2R,U2R,1.0,YES,Critical
2026-01-06 07:26:55,Probe,Probe,0.99,YES,High
2026-01-06 07:26:55,R2L,R2L,1.0,YES,Medium
2026-01-06 07:26:55,U2R,U2R,1.0,YES,Critical
2026-01-06 07:26:55,DoS,DoS,1.0,YES,High
2026-01-06 07:26:55,Probe,Probe,0.995,YES,High
2026-01-06 07:26:55,DoS,DoS,0.999,YES,High
2026-01-06 07:26:55,U2R,U2R,0.99,YES,Critical
2026-01-06 07:26:55,R2L,R2L,1.0,YES,Medium
2026-01-06 07:26:55,DoS,DoS,1.0,YES,High
2026-01-06 07:26:55,DoS,DoS,1.0,YES,High
2026-01-06 07:26:55,Probe,Probe,1.0,YES,High
2026-01-06 07:26:55,U2R,U2R,1.0,YES,Critical
2026-01-06 07:26:55,R2L,R2L,1.0,YES,Medium
2026-01-06 07:26:55,Probe,Probe,1.0,YES,High
2026-01-06 07:26:55,U2R,U2R,1.0,YES,Critical
2026-01-06 07:26:55,Probe,Probe,1.0,YES,High
2026-01-06 07:26:55,Probe,Probe,1.0,YES,High
2026-01-06 07:26:55,U2R,U2R,1.0,YES,Critical
2026-01-06 07:26:55,Probe,Probe,1.0,YES,High
2026-01-06 07:26:55,U2R,U2R,1.0,YES,Critical
2026-01-06 07:26:55,DoS,DoS,1.0,YES,High
2026-01-06 07:26:55,U2R,U2R,1.0,YES,Critical
2026-01-06 07:26:55,U2R,U2R,1.0,YES,Critical
2026-01-06 07:26:55,Probe,Probe,1.0,YES,High
2026-01-06 07:26:55,U2R,U2R,1.0,YES,Critical
2026-01-06 07:26:55,Probe,Probe,0.985,YES,High
2026-01-06 07:26:55,R2L,R2L,1.0,YES,Medium
2026-01-06 07:26:55,DoS,DoS,0.995,YES,High
2026-01-06 07:26:55,DoS,DoS,1.0,YES,High
2026-01-06 07:26:55,DoS,DoS,1.0,YES,High
2026-01-06 07:26:55,DoS,DoS,0.955,YES,High
2026-01-06 07:26:55,U2R,U2R,1.0,YES,Critical
2026-01-06 07:26:55,R2L,R2L,1.0,YES,Medium
2026-01-06 07:26:55,DoS,DoS,1.0,YES,High
2026-01-06 07:26:55,DoS,DoS,1.0,YES,High
2026-01-06 07:26:55,Probe,Probe,1.0,YES,High
2026-01-06 07:26:55,DoS,DoS,0.995,YES,High
2026-01-06 07:26:55,DoS,DoS,1.0,YES,High
2026-01-06 07:26:55,Probe,Probe,0.995,YES,High
2026-01-06 07:26:55,DoS,DoS,1.0,YES,High
2026-01-06 07:26:55,Probe,Probe,1.0,YES,High
2026-01-06 07:26:56,DoS,DoS,1.0,YES,High
2026-01-06 07:26:56,DoS,DoS,1.0,YES,High
2026-01-06 07:26:56,DoS,DoS,1.0,YES,High
2026-01-06 07:26:56,Probe,Probe,1.0,YES,High
2026-01-06 07:26:56,DoS,DoS,1.0,YES,High
2026-01-06 07:26:56,DoS,DoS,1.0,YES,High
2026-01-06 07:26:56,Probe,Probe,1.0,YES,High
2026-01-06 07:26:56,U2R,U2R,1.0,YES,Critical
2026-01-06 07:26:56,U2R,U2R,1.0,YES,Critical
2026-01-06 07:26:56,U2R,U2R,1.0,YES,Critical
2026-01-06 07:26:56,R2L,R2L,1.0,YES,Medium
2026-01-06 07:26:56,U2R,U2R,1.0,YES,Critical
2026-01-06 07:26:56,U2R,U2R,1.0,YES,Critical
2026-01-06 07:26:56,U2R,U2R,1.0,YES,Critical
2026-01-06 07:26:56,R2L,R2L,1.0,YES,Medium
2026-01-06 07:26:56,R2L,R2L,1.0,YES,Medium
2026-01-06 07:26:56,U2R,U2R,1.0,YES,Critical
2026-01-06 07:26:56,R2L,R2L,1.0,YES,Medium
2026-01-06 07:26:56,U2R,U2R,1.0,YES,Critical
2026-01-06 07:26:56,Probe,Probe,0.995,YES,High
2026-01-06 07:26:56,Probe,Probe,1.0,YES,High
2026-01-06 07:26:56,U2R,U2R,1.0,YES,Critical
2026-01-06 07:26:56,DoS,DoS,1.0,YES,High
2026-01-06 07:26:56,Probe,Probe,0.999,YES,High
2026-01-06 07:26:56,R2L,R2L,1.0,YES,Medium
2026-01-06 07:26:56,R2L,R2L,1.0,YES,Medium
2026-01-06 07:26:56,DoS,DoS,1.0,YES,High
2026-01-06 07:26:56,DoS,DoS,1.0,YES,High
2026-01-06 07:26:56,DoS,DoS,1.0,YES,High
2026-01-06 07:26:56,Probe,Probe,0.999,YES,High
2026-01-06 07:26:56,Probe,Probe,0.995,YES,High
2026-01-06 07:26:56,DoS,DoS,1.0,YES,High
2026-01-06 07:26:56,R2L,R2L,1.0,YES,Medium
2026-01-06 07:26:56,DoS,DoS,1.0,YES,High
2026-01-06 07:26:56,U2R,U2R,1.0,YES,Critical
2026-01-06 07:26:56,U2R,U2R,1.0,YES,Critical
2026-01-06 07:26:56,R2L,R2L,1.0,YES,Medium
2026-01-06 07:26:56,DoS,DoS,1.0,YES,High
2026-01-06 07:26:56,R2L,R2L,1.0,YES,Medium
2026-01-06 07:26:56,R2L,R2L,1.0,YES,Medium
2026-01-06 07:26:56,DoS,DoS,0.955,YES,High
2026-01-06 07:26:56,R2L,R2L,1.0,YES,Medium
2026-01-06 07:26:56,R2L,R2L,1.0,YES,Medium
2026-01-06 07:26:56,U2R,U2R,1.0,YES,Critical
2026-01-06 07:26:56,DoS,DoS,1.0,YES,High
2026-01-06 07:26:56,U2R,U2R,1.0,YES,Critical
2026-01-06 07:26:56,DoS,DoS,1.0,YES,High
2026-01-06 07:26:56,U2R,U2R,1.0,YES,Critical
2026-01-06 07:26:57,DoS,DoS,1.0,YES,High
2026-01-06 07:26:57,R2L,R2L,1.0,YES,Medium
2026-01-06 07:26:57,Probe,Probe,1.0,YES,High
2026-01-06 07:26:57,U2R,U2R,1.0,YES,Critical
2026-01-06 07:26:57,U2R,U2R,1.0,YES,Critical
2026-01-06 07:26:57,DoS,DoS,0.995,YES,High
2026-01-06 07:26:57,U2R,U2R,1.0,YES,Critical
2026-01-06 07:26:57,U2R,U2R,1.0,YES,Critical
2026-01-06 07:26:57,Probe,Probe,0.999,YES,High
2026-01-06 07:26:57,U2R,U2R,1.0,YES,Critical
2026-01-06 07:26:57,R2L,R2L,1.0,YES,Medium
2026-01-06 07:26:57,DoS,DoS,1.0,YES,High
2026-01-06 07:26:57,DoS,DoS,1.0,YES,High
2026-01-06 07:26:57,DoS,DoS,1.0,YES,High
2026-01-06 07:26:57,U2R,U2R,1.0,YES,Critical
2026-01-06 07:26:57,DoS,DoS,1.0,YES,High
2026-01-06 07:26:57,DoS,DoS,1.0,YES,High
2026-01-06 07:26:57,R2L,R2L,1.0,YES,Medium
2026-01-06 07:26:57,R2L,R2L,1.0,YES,Medium
2026-01-06 07:26:57,DoS,DoS,1.0,YES,High
2026-01-06 07:26:57,Probe,Probe,1.0,YES,High
2026-01-06 07:26:57,U2R,U2R,1.0,YES,Critical
2026-01-06 07:26:57,Probe,Probe,1.0,YES,High
2026-01-06 07:26:57,Probe,Probe,1.0,YES,High
2026-01-06 07:26:57,R2L,R2L,1.0,YES,Medium
2026-01-06 07:26:57,U2R,U2R,1.0,YES,Critical
2026-01-06 07:26:57,R2L,R2L,1.0,YES,Medium
2026-01-06 07:26:57,R2L,R2L,1.0,YES,Medium
2026-01-06 07:26:57,DoS,DoS,1.0,YES,High
2026-01-06 07:26:57,R2L,R2L,1.0,YES,Medium
2026-01-06 07:26:57,DoS,DoS,1.0,YES,High
2026-01-06 07:26:57,Probe,Probe,1.0,YES,High
2026-01-06 07:26:57,U2R,U2R,1.0,YES,Critical
2026-01-06 07:26:57,U2R,U2R,1.0,YES,Critical
2026-01-06 07:26:58,DoS,DoS,1.0,YES,High
2026-01-06 07:26:58,Probe,Probe,0.998,YES,High
2026-01-06 07:26:58,U2R,U2R,1.0,YES,Critical
2026-01-06 07:26:58,DoS,DoS,0.995,YES,High
2026-01-06 07:26:58,U2R,U2R,1.0,YES,Critical
2026-01-06 07:26:58,R2L,R2L,1.0,YES,Medium
2026-01-06 07:26:58,DoS,DoS,0.995,YES,High
2026-01-06 07:26:58,U2R,U2R,1.0,YES,Critical
2026-01-06 07:26:58,R2L,R2L,1.0,YES,Medium
2026-01-06 07:26:58,R2L,R2L,0.985,YES,Medium
2026-01-06 07:26:58,U2R,U2R,1.0,YES,Critical
2026-01-06 07:26:58,DoS,DoS,1.0,YES,High
2026-01-06 07:26:58,U2R,U2R,1.0,YES,Critical
2026-01-06 07:26:58,DoS,DoS,0.999,YES,High
2026-01-06 07:26:58,DoS,DoS,0.99,YES,High
2026-01-06 07:26:58,Probe,Probe,0.98,YES,High
2026-01-06 07:26:58,DoS,DoS,1.0,YES,High
2026-01-06 07:26:58,R2L,R2L,1.0,YES,Medium
2026-01-06 07:26:58,DoS,DoS,1.0,YES,High
2026-01-06 07:26:58,DoS,DoS,1.0,YES,High
2026-01-06 07:26:58,Probe,Probe,1.0,YES,High
2026-01-06 07:26:58,R2L,R2L,1.0,YES,Medium
2026-01-06 07:26:58,Probe,Probe,1.0,YES,High
2026-01-06 07:26:58,DoS,DoS,0.99,YES,High
2026-01-06 07:26:58,U2R,U2R,1.0,YES,Critical
2026-01-06 07:26:58,DoS,DoS,1.0,YES,High
2026-01-06 07:26:58,DoS,DoS,1.0,YES,High
2026-01-06 07:26:58,R2L,R2L,1.0,YES,Medium
2026-01-06 07:26:58,DoS,DoS,1.0,YES,High
2026-01-06 07:26:58,DoS,DoS,1.0,YES,High
2026-01-06 07:26:58,Probe,Probe,1.0,YES,High
2026-01-06 07:26:58,R2L,R2L,1.0,YES,Medium
2026-01-06 07:26:58,Probe,Probe,1.0,YES,High
2026-01-06 07:26:58,R2L,R2L,1.0,YES,Medium
2026-01-06 07:26:58,Probe,Probe,1.0,YES,High
2026-01-06 07:26:58,U2R,U2R,1.0,YES,Critical
2026-01-06 07:26:58,DoS,DoS,1.0,YES,High
2026-01-06 07:26:58,U2R,U2R,1.0,YES,Critical
2026-01-06 07:26:59,Probe,Probe,1.0,YES,High
2026-01-06 07:26:59,U2R,U2R,1.0,YES,Critical
2026-01-06 07:26:59,DoS,DoS,1.0,YES,High
2026-01-06 07:26:59,R2L,R2L,1.0,YES,Medium
2026-01-06 07:26:59,R2L,R2L,1.0,YES,Medium
2026-01-06 07:26:59,Probe,Probe,0.98,YES,High
2026-01-06 07:26:59,U2R,U2R,1.0,YES,Critical
2026-01-06 07:26:59,U2R,U2R,1.0,YES,Critical
2026-01-06 07:26:59,Probe,Probe,1.0,YES,High
2026-01-06 07:26:59,R2L,R2L,1.0,YES,Medium
2026-01-06 07:26:59,R2L,R2L,1.0,YES,Medium
2026-01-06 07:26:59,U2R,U2R,1.0,YES,Critical
2026-01-06 07:26:59,U2R,U2R,1.0,YES,Critical
2026-01-06 07:26:59,DoS,DoS,1.0,YES,High
2026-01-06 07:26:59,DoS,DoS,1.0,YES,High
2026-01-06 07:26:59,DoS,DoS,1.0,YES,High
2026-01-06 07:26:59,R2L,R2L,1.0,YES,Medium
2026-01-06 07:26:59,U2R,U2R,1.0,YES,Critical
2026-01-06 07:26:59,Probe,Probe,1.0,YES,High
2026-01-06 07:26:59,DoS,DoS,1.0,YES,High
2026-01-06 07:26:59,DoS,DoS,0.995,YES,High
2026-01-06 07:26:59,DoS,DoS,1.0,YES,High
2026-01-06 07:26:59,U2R,U2R,1.0,YES,Critical
2026-01-06 07:26:59,DoS,DoS,1.0,YES,High
2026-01-06 07:26:59,Probe,Probe,1.0,YES,High
2026-01-06 07:26:59,U2R,U2R,1.0,YES,Critical
2026-01-06 07:26:59,DoS,DoS,1.0,YES,High
2026-01-06 07:26:59,R2L,R2L,1.0,YES,Medium
2026-01-06 07:26:59,DoS,DoS,1.0,YES,High
2026-01-06 07:26:59,Probe,Probe,1.0,YES,High
2026-01-06 07:26:59,DoS,DoS,0.995,YES,High
2026-01-06 07:26:59,DoS,DoS,1.0,YES,High
2026-01-06 07:26:59,R2L,R2L,1.0,YES,Medium
2026-01-06 07:26:59,Probe,Probe,1.0,YES,High
2026-01-06 07:26:59,U2R,U2R,1.0,YES,Critical
2026-01-06 07:26:59,Probe,Probe,1.0,YES,High
2026-01-06 07:26:59,DoS,DoS,1.0,YES,High
2026-01-06 07:26:59,Probe,Probe,0.959,YES,High
2026-01-06 07:26:59,Probe,Probe,0.995,YES,High
2026-01-06 07:26:59,DoS,DoS,1.0,YES,High
2026-01-06 07:26:59,R2L,R2L,1.0,YES,Medium
2026-01-06 07:26:59,Probe,Probe,1.0,YES,High
2026-01-06 07:26:59,Probe,Probe,0.995,YES,High
2026-01-06 07:26:59,Probe,Probe,1.0,YES,High
2026-01-06 07:26:59,U2R,U2R,1.0,YES,Critical
2026-01-06 07:26:59,R2L,R2L,1.0,YES,Medium
2026-01-06 07:26:59,R2L,R2L,0.995,YES,Medium
2026-01-06 07:26:59,R2L,R2L,1.0,YES,Medium
2026-01-06 07:26:59,DoS,DoS,1.0,YES,High
2026-01-06 07:27:00,R2L,R2L,1.0,YES,Medium
2026-01-06 07:27:00,U2R,U2R,1.0,YES,Critical
2026-01-06 07:27:00,R2L,R2L,1.0,YES,Medium
2026-01-06 07:27:00,R2L,R2L,1.0,YES,Medium
2026-01-06 07:27:00,DoS,DoS,1.0,YES,High
2026-01-06 07:27:00,R2L,R2L,1.0,YES,Medium
2026-01-06 07:27:00,U2R,U2R,0.995,YES,Critical
2026-01-06 07:27:00,Probe,Probe,0.999,YES,High
2026-01-06 07:27:00,Probe,Probe,0.998,YES,High
2026-01-06 07:27:00,DoS,DoS,1.0,YES,High
2026-01-06 07:27:00,DoS,DoS,1.0,YES,High
2026-01-06 07:27:00,DoS,DoS,1.0,YES,High
2026-01-06 07:27:00,DoS,DoS,1.0,YES,High
2026-01-06 07:27:00,U2R,U2R,1.0,YES,Critical
2026-01-06 07:27:00,U2R,U2R,0.695,YES,Critical
2026-01-06 07:27:00,Probe,Probe,1.0,YES,High
2026-01-06 07:27:00,Probe,Probe,1.0,YES,High
2026-01-06 07:27:00,DoS,DoS,1.0,YES,High
2026-01-06 07:27:00,U2R,U2R,1.0,YES,Critical
2026-01-06 07:27:00,DoS,DoS,1.0,YES,High
2026-01-06 07:27:00,R2L,R2L,1.0,YES,Medium
2026-01-06 07:27:00,Probe,Probe,1.0,YES,High
2026-01-06 07:27:00,R2L,R2L,1.0,YES,Medium
2026-01-06 07:27:00,Probe,Probe,1.0,YES,High
2026-01-06 07:27:00,Probe,Probe,1.0,YES,High
2026-01-06 07:27:00,Probe,Probe,1.0,YES,High
2026-01-06 07:27:00,R2L,R2L,1.0,YES,Medium
2026-01-06 07:27:00,DoS,DoS,1.0,YES,High
2026-01-06 07:27:00,Probe,Probe,0.985,YES,High
2026-01-06 07:27:00,U2R,U2R,1.0,YES,Critical
2026-01-06 07:27:00,Probe,Probe,1.0,YES,High
2026-01-06 07:27:00,U2R,U2R,1.0,YES,Critical
2026-01-06 07:27:00,DoS,DoS,1.0,YES,High
2026-01-06 07:27:00,Probe,Probe,1.0,YES,High
2026-01-06 07:27:00,R2L,R2L,0.975,YES,Medium
2026-01-06 07:27:00,Probe,Probe,1.0,YES,High
2026-01-06 07:27:00,R2L,R2L,1.0,YES,Medium
2026-01-06 07:27:00,DoS,DoS,1.0,YES,High
2026-01-06 07:27:00,DoS,DoS,1.0,YES,High
2026-01-06 07:27:00,R2L,R2L,1.0,YES,Medium
2026-01-06 07:27:00,Probe,Probe,1.0,YES,High
2026-01-06 07:27:00,U2R,U2R,1.0,YES,Critical
2026-01-06 07:27:00,U2R,U2R,1.0,YES,Critical
2026-01-06 07:27:00,U2R,U2R,1.0,YES,Critical
2026-01-06 07:27:00,DoS,DoS,1.0,YES,High
2026-01-06 07:27:00,Probe,Probe,1.0,YES,High
2026-01-06 07:27:00,DoS,DoS,1.0,YES,High
2026-01-06 07:27:00,R2L,R2L,1.0,YES,Medium
2026-01-06 07:27:00,DoS,DoS,1.0,YES,High
2026-01-06 07:27:00,U2R,U2R,1.0,YES,Critical
2026-01-06 07:27:00,Probe,Probe,1.0,YES,High
2026-01-06 07:27:00,DoS,DoS,1.0,YES,High
2026-01-06 07:27:00,R2L,R2L,0.995,YES,Medium
2026-01-06 07:27:00,R2L,R2L,1.0,YES,Medium
2026-01-06 07:27:01,Probe,Probe,1.0,YES,High
2026-01-06 07:27:01,Probe,Probe,1.0,YES,High
2026-01-06 07:27:01,DoS,DoS,1.0,YES,High
2026-01-06 07:27:01,Probe,Probe,1.0,YES,High
2026-01-06 07:27:01,Probe,Probe,1.0,YES,High
2026-01-06 07:27:01,U2R,U2R,1.0,YES,Critical
2026-01-06 07:27:01,U2R,U2R,1.0,YES,Critical
2026-01-06 07:27:01,U2R,U2R,1.0,YES,Critical
2026-01-06 07:27:01,Probe,Probe,1.0,YES,High
2026-01-06 07:27:01,DoS,DoS,1.0,YES,High
2026-01-06 07:27:01,Probe,Probe,1.0,YES,High
2026-01-06 07:27:01,DoS,DoS,1.0,YES,High
2026-01-06 07:27:01,R2L,R2L,1.0,YES,Medium
2026-01-06 07:27:01,U2R,U2R,1.0,YES,Critical
2026-01-06 07:27:01,Probe,Probe,1.0,YES,High
2026-01-06 07:27:01,Probe,Probe,1.0,YES,High
2026-01-06 07:27:01,DoS,DoS,1.0,YES,High
2026-01-06 07:27:01,DoS,DoS,1.0,YES,High
2026-01-06 07:27:01,Probe,Probe,0.999,YES,High
2026-01-06 07:27:01,Probe,Probe,1.0,YES,High
2026-01-06 07:27:01,DoS,DoS,1.0,YES,High
2026-01-06 07:27:01,R2L,R2L,1.0,YES,Medium
2026-01-06 07:27:01,U2R,U2R,1.0,YES,Critical
2026-01-06 07:27:01,DoS,DoS,1.0,YES,High
2026-01-06 07:27:01,R2L,R2L,1.0,YES,Medium
2026-01-06 07:27:01,U2R,U2R,1.0,YES,Critical
2026-01-06 07:27:01,R2L,R2L,1.0,YES,Medium
2026-01-06 07:27:01,DoS,DoS,1.0,YES,High
2026-01-06 07:27:01,U2R,U2R,1.0,YES,Critical
2026-01-06 07:27:01,Probe,Probe,1.0,YES,High
2026-01-06 07:27:01,U2R,U2R,1.0,YES,Critical
2026-01-06 07:27:01,Probe,Probe,0.998,YES,High
2026-01-06 07:27:01,Probe,Probe,1.0,YES,High
2026-01-06 07:27:01,U2R,U2R,1.0,YES,Critical
2026-01-06 07:27:01,Probe,Probe,1.0,YES,High
2026-01-06 07:27:01,U2R,U2R,1.0,YES,Critical
2026-01-06 07:27:01,DoS,DoS,1.0,YES,High
2026-01-06 07:27:01,DoS,DoS,0.999,YES,High
2026-01-06 07:27:01,Probe,Probe,1.0,YES,High
2026-01-06 07:27:01,Probe,Probe,1.0,YES,High
2026-01-06 07:27:01,U2R,U2R,1.0,YES,Critical
2026-01-06 07:27:01,U2R,U2R,1.0,YES,Critical
2026-01-06 07:27:01,DoS,DoS,1.0,YES,High
2026-01-06 07:27:01,U2R,U2R,1.0,YES,Critical
2026-01-06 07:27:01,R2L,R2L,1.0,YES,Medium
2026-01-06 07:27:01,Probe,Probe,1.0,YES,High
2026-01-06 07:27:01,R2L,R2L,1.0,YES,Medium
2026-01-06 07:27:01,R2L,R2L,1.0,YES,Medium
2026-01-06 07:27:01,Probe,Probe,1.0,YES,High
2026-01-06 07:27:01,Probe,Probe,1.0,YES,High
2026-01-06 07:27:01,DoS,DoS,1.0,YES,High
2026-01-06 07:27:01,DoS,DoS,1.0,YES,High
2026-01-06 07:27:01,DoS,DoS,1.0,YES,High
2026-01-06 07:27:01,DoS,DoS,1.0,YES,High
2026-01-06 07:27:01,Probe,Probe,1.0,YES,High
2026-01-06 07:27:01,DoS,DoS,1.0,YES,High
2026-01-06 07:27:01,U2R,U2R,1.0,YES,Critical
2026-01-06 07:27:02,U2R,U2R,1.0,YES,Critical
2026-01-06 07:27:02,DoS,DoS,1.0,YES,High
2026-01-06 07:27:02,DoS,DoS,1.0,YES,High
2026-01-06 07:27:02,U2R,U2R,1.0,YES,Critical
2026-01-06 07:27:02,Probe,Probe,1.0,YES,High
2026-01-06 07:27:02,U2R,U2R,1.0,YES,Critical
2026-01-06 07:27:02,U2R,U2R,1.0,YES,Critical
2026-01-06 07:27:02,Probe,Probe,0.992,YES,High
2026-01-06 07:27:02,U2R,U2R,1.0,YES,Critical
2026-01-06 07:27:02,U2R,U2R,1.0,YES,Critical
2026-01-06 07:27:02,DoS,DoS,1.0,YES,High
2026-01-06 07:27:02,R2L,R2L,1.0,YES,Medium
2026-01-06 07:27:02,U2R,U2R,1.0,YES,Critical
2026-01-06 07:27:02,DoS,DoS,1.0,YES,High
2026-01-06 07:27:02,Probe,Probe,1.0,YES,High
2026-01-06 07:27:02,DoS,DoS,1.0,YES,High
2026-01-06 07:27:02,U2R,U2R,1.0,YES,Critical
2026-01-06 07:27:02,Probe,Probe,1.0,YES,High
2026-01-06 07:27:02,U2R,U2R,1.0,YES,Critical
2026-01-06 07:27:02,DoS,DoS,1.0,YES,High
2026-01-06 07:27:02,R2L,R2L,1.0,YES,Medium
2026-01-06 07:27:02,U2R,U2R,1.0,YES,Critical
2026-01-06 07:27:02,DoS,DoS,1.0,YES,High
2026-01-06 07:27:02,Probe,Probe,1.0,YES,High
2026-01-06 07:27:02,U2R,U2R,1.0,YES,Critical
2026-01-06 07:27:02,DoS,DoS,1.0,YES,High
2026-01-06 07:27:02,R2L,R2L,1.0,YES,Medium
2026-01-06 07:27:02,Probe,Probe,1.0,YES,High
2026-01-06 07:27:02,DoS,DoS,1.0,YES,High
2026-01-06 07:27:02,U2R,U2R,1.0,YES,Critical
2026-01-06 07:27:02,R2L,R2L,1.0,YES,Medium
2026-01-06 07:27:02,DoS,DoS,1.0,YES,High
2026-01-06 07:27:02,R2L,R2L,1.0,YES,Medium
2026-01-06 07:27:02,R2L,R2L,1.0,YES,Medium
2026-01-06 07:27:02,R2L,R2L,1.0,YES,Medium
2026-01-06 07:27:02,U2R,U2R,1.0,YES,Critical
2026-01-06 07:27:02,DoS,DoS,1.0,YES,High
2026-01-06 07:27:02,U2R,U2R,0.995,YES,Critical
2026-01-06 07:27:02,Probe,Probe,1.0,YES,High
2026-01-06 07:27:02,R2L,R2L,1.0,YES,Medium
2026-01-06 07:27:02,U2R,U2R,1.0,YES,Critical
2026-01-06 07:27:02,DoS,DoS,1.0,YES,High
2026-01-06 07:27:02,DoS,DoS,1.0,YES,High
2026-01-06 07:27:02,U2R,U2R,1.0,YES,Critical
2026-01-06 07:27:02,U2R,U2R,1.0,YES,Critical
2026-01-06 07:27:02,U2R,U2R,1.0,YES,Critical
2026-01-06 07:27:02,R2L,R2L,1.0,YES,Medium
2026-01-06 07:27:02,DoS,DoS,1.0,YES,High
2026-01-06 07:27:02,DoS,DoS,1.0,YES,High
2026-01-06 07:27:02,Probe,Probe,1.0,YES,High
2026-01-06 07:27:02,Probe,Probe,1.0,YES,High
2026-01-06 07:27:02,DoS,DoS,1.0,YES,High
2026-01-06 07:27:03,U2R,U2R,1.0,YES,Critical
2026-01-06 07:27:03,R2L,R2L,1.0,YES,Medium
2026-01-06 07:27:03,Probe,Probe,1.0,YES,High
2026-01-06 07:27:03,U2R,U2R,1.0,YES,Critical
2026-01-06 07:27:03,Probe,Probe,1.0,YES,High
2026-01-06 07:27:03,DoS,DoS,1.0,YES,High
2026-01-06 07:27:03,Probe,Probe,1.0,YES,High
2026-01-06 07:27:03,DoS,DoS,1.0,YES,High
2026-01-06 07:27:03,DoS,DoS,0.99,YES,High
2026-01-06 07:27:03,U2R,U2R,1.0,YES,Critical
2026-01-06 07:27:03,U2R,U2R,1.0,YES,Critical
2026-01-06 07:27:03,U2R,U2R,1.0,YES,Critical
2026-01-06 07:27:03,U2R,U2R,1.0,YES,Critical
2026-01-06 07:27:03,DoS,DoS,1.0,YES,High
2026-01-06 07:27:03,DoS,DoS,1.0,YES,High
2026-01-06 07:27:03,R2L,R2L,1.0,YES,Medium
2026-01-06 07:27:03,DoS,DoS,1.0,YES,High
2026-01-06 07:27:03,R2L,R2L,1.0,YES,Medium
2026-01-06 07:27:03,Probe,Probe,1.0,YES,High
2026-01-06 07:27:03,Probe,Probe,1.0,YES,High
2026-01-06 07:27:03,U2R,U2R,1.0,YES,Critical
2026-01-06 07:27:03,Probe,Probe,1.0,YES,High
2026-01-06 07:27:03,Probe,Probe,1.0,YES,High
2026-01-06 07:27:03,U2R,U2R,1.0,YES,Critical
2026-01-06 07:27:03,R2L,R2L,0.995,YES,Medium
2026-01-06 07:27:03,R2L,R2L,1.0,YES,Medium
2026-01-06 07:27:03,DoS,DoS,1.0,YES,High
2026-01-06 07:27:03,R2L,R2L,1.0,YES,Medium
2026-01-06 07:27:03,DoS,DoS,1.0,YES,High
2026-01-06 07:27:03,DoS,DoS,1.0,YES,High
2026-01-06 07:27:03,U2R,U2R,1.0,YES,Critical
2026-01-06 07:27:03,Probe,Probe,1.0,YES,High
2026-01-06 07:27:03,R2L,R2L,1.0,YES,Medium
2026-01-06 07:27:03,DoS,DoS,1.0,YES,High
2026-01-06 07:27:03,U2R,U2R,1.0,YES,Critical
2026-01-06 07:27:03,DoS,DoS,1.0,YES,High
2026-01-06 07:27:03,DoS,DoS,1.0,YES,High
2026-01-06 07:27:03,DoS,DoS,1.0,YES,High
2026-01-06 07:27:03,U2R,U2R,1.0,YES,Critical
2026-01-06 07:27:03,DoS,DoS,1.0,YES,High
2026-01-06 07:27:03,U2R,U2R,1.0,YES,Critical
2026-01-06 07:27:03,DoS,DoS,1.0,YES,High
2026-01-06 07:27:03,DoS,DoS,1.0,YES,High
2026-01-06 07:27:03,Probe,Probe,1.0,YES,High
2026-01-06 07:27:03,DoS,DoS,1.0,YES,High
2026-01-06 07:27:03,U2R,U2R,1.0,YES,Critical
2026-01-06 07:27:03,U2R,U2R,1.0,YES,Critical
2026-01-06 07:27:03,U2R,U2R,1.0,YES,Critical
2026-01-06 07:27:03,Probe,Probe,1.0,YES,High
2026-01-06 07:27:03,DoS,DoS,0.98,YES,High
2026-01-06 07:27:03,DoS,DoS,1.0,YES,High
2026-01-06 07:27:03,Probe,Probe,0.999,YES,High
2026-01-06 07:27:04,DoS,DoS,1.0,YES,High
2026-01-06 07:27:04,DoS,DoS,1.0,YES,High
2026-01-06 07:27:04,Probe,Probe,1.0,YES,High
2026-01-06 07:27:04,U2R,U2R,1.0,YES,Critical
2026-01-06 07:27:04,U2R,U2R,1.0,YES,Critical
2026-01-06 07:27:04,U2R,U2R,1.0,YES,Critical
2026-01-06 07:27:04,R2L,R2L,1.0,YES,Medium
2026-01-06 07:27:04,U2R,U2R,1.0,YES,Critical
2026-01-06 07:27:04,U2R,U2R,1.0,YES,Critical
2026-01-06 07:27:04,R2L,R2L,0.99,YES,Medium
2026-01-06 07:27:04,U2R,U2R,1.0,YES,Critical
2026-01-06 07:27:04,R2L,R2L,0.999,YES,Medium
2026-01-06 07:27:04,R2L,R2L,1.0,YES,Medium
2026-01-06 07:27:04,DoS,DoS,0.995,YES,High
2026-01-06 07:27:04,R2L,R2L,1.0,YES,Medium
2026-01-06 07:27:04,U2R,U2R,1.0,YES,Critical
2026-01-06 07:27:04,Probe,Probe,1.0,YES,High
2026-01-06 07:27:04,Probe,Probe,1.0,YES,High
2026-01-06 07:27:04,U2R,U2R,1.0,YES,Critical
2026-01-06 07:27:04,Probe,Probe,1.0,YES,High
2026-01-06 07:27:04,DoS,DoS,1.0,YES,High
2026-01-06 07:27:04,R2L,R2L,1.0,YES,Medium
2026-01-06 07:27:04,U2R,U2R,1.0,YES,Critical
2026-01-06 07:27:04,U2R,U2R,1.0,YES,Critical
2026-01-06 07:27:04,R2L,R2L,1.0,YES,Medium
2026-01-06 07:27:04,DoS,DoS,1.0,YES,High
2026-01-06 07:27:04,U2R,U2R,1.0,YES,Critical
2026-01-06 07:27:04,DoS,DoS,1.0,YES,High
2026-01-06 07:27:04,Probe,Probe,1.0,YES,High
2026-01-06 07:27:04,R2L,R2L,1.0,YES,Medium
2026-01-06 07:27:04,DoS,DoS,1.0,YES,High
2026-01-06 07:27:04,Probe,Probe,1.0,YES,High
2026-01-06 07:27:04,DoS,DoS,1.0,YES,High
2026-01-06 07:27:04,DoS,DoS,1.0,YES,High
2026-01-06 07:27:04,U2R,U2R,1.0,YES,Critical
2026-01-06 07:27:04,R2L,R2L,1.0,YES,Medium
2026-01-06 07:27:04,Probe,Probe,1.0,YES,High
2026-01-06 07:27:04,R2L,R2L,1.0,YES,Medium
2026-01-06 07:27:04,DoS,DoS,1.0,YES,High
2026-01-06 07:27:04,U2R,U2R,1.0,YES,Critical
2026-01-06 07:27:04,Probe,Probe,1.0,YES,High
2026-01-06 07:27:04,Probe,Probe,1.0,YES,High
2026-01-06 07:27:04,U2R,U2R,1.0,YES,Critical
2026-01-06 07:27:04,R2L,R2L,0.995,YES,Medium
2026-01-06 07:27:04,U2R,U2R,1.0,YES,Critical
2026-01-06 07:27:04,Probe,Probe,1.0,YES,High
2026-01-06 07:27:04,R2L,R2L,1.0,YES,Medium
2026-01-06 07:27:04,U2R,U2R,1.0,YES,Critical
2026-01-06 07:27:04,U2R,U2R,1.0,YES,Critical
2026-01-06 07:27:04,R2L,R2L,1.0,YES,Medium
2026-01-06 07:27:04,R2L,R2L,1.0,YES,Medium
2026-01-06 07:27:04,Probe,Probe,1.0,YES,High
2026-01-06 07:27:04,DoS,DoS,0.99,YES,High
2026-01-06 07:27:04,DoS,DoS,1.0,YES,High
2026-01-06 07:27:04,R2L,R2L,1.0,YES,Medium
2026-01-06 07:27:04,DoS,DoS,1.0,YES,High
2026-01-06 07:27:04,DoS,DoS,1.0,YES,High
2026-01-06 07:27:04,DoS,DoS,1.0,YES,High
2026-01-06 07:27:04,U2R,U2R,1.0,YES,Critical
2026-01-06 07:27:04,DoS,DoS,0.99,YES,High
2026-01-06 07:27:04,R2L,R2L,1.0,YES,Medium
2026-01-06 07:27:05,DoS,DoS,1.0,YES,High
2026-01-06 07:27:05,R2L,R2L,0.995,YES,Medium
2026-01-06 07:27:05,DoS,DoS,1.0,YES,High
2026-01-06 07:27:05,Probe,Probe,1.0,YES,High
2026-01-06 07:27:05,Probe,Probe,0.995,YES,High
2026-01-06 07:27:05,DoS,DoS,1.0,YES,High
2026-01-06 07:27:05,DoS,DoS,1.0,YES,High
2026-01-06 07:27:05,U2R,U2R,1.0,YES,Critical
2026-01-06 07:27:05,DoS,DoS,1.0,YES,High
2026-01-06 07:27:05,R2L,R2L,1.0,YES,Medium
2026-01-06 07:27:05,U2R,U2R,1.0,YES,Critical
2026-01-06 07:27:05,Probe,Probe,1.0,YES,High
2026-01-06 07:27:05,R2L,R2L,1.0,YES,Medium
2026-01-06 07:27:05,U2R,U2R,1.0,YES,Critical
2026-01-06 07:27:05,Probe,Probe,0.995,YES,High
2026-01-06 07:27:05,Probe,Probe,1.0,YES,High
2026-01-06 07:27:05,Probe,Probe,0.99,YES,High
2026-01-06 07:27:05,Probe,Probe,1.0,YES,High
2026-01-06 07:27:05,DoS,DoS,1.0,YES,High
2026-01-06 07:27:05,Probe,Probe,1.0,YES,High
2026-01-06 07:27:05,DoS,DoS,1.0,YES,High
2026-01-06 07:27:05,R2L,R2L,1.0,YES,Medium
2026-01-06 07:27:05,Probe,Probe,1.0,YES,High
2026-01-06 07:27:05,DoS,DoS,1.0,YES,High
2026-01-06 07:27:05,Probe,Probe,1.0,YES,High
2026-01-06 07:27:05,R2L,R2L,1.0,YES,Medium
2026-01-06 07:27:05,R2L,R2L,1.0,YES,Medium
2026-01-06 07:27:05,DoS,DoS,1.0,YES,High
2026-01-06 07:27:05,Probe,Probe,1.0,YES,High
2026-01-06 07:27:05,R2L,R2L,1.0,YES,Medium
2026-01-06 07:27:05,DoS,DoS,1.0,YES,High
2026-01-06 07:27:05,DoS,DoS,1.0,YES,High
2026-01-06 07:27:05,R2L,R2L,1.0,YES,Medium
2026-01-06 07:27:05,DoS,DoS,1.0,YES,High
2026-01-06 07:27:05,DoS,DoS,1.0,YES,High
2026-01-06 07:27:05,Probe,Probe,0.995,YES,High
2026-01-06 07:27:05,R2L,R2L,1.0,YES,Medium
2026-01-06 07:27:05,R2L,R2L,1.0,YES,Medium
2026-01-06 07:27:05,DoS,DoS,1.0,YES,High
2026-01-06 07:27:05,R2L,R2L,1.0,YES,Medium
2026-01-06 07:27:05,R2L,R2L,1.0,YES,Medium
2026-01-06 07:27:05,R2L,R2L,1.0,YES,Medium
2026-01-06 07:27:05,DoS,DoS,1.0,YES,High
2026-01-06 07:27:05,R2L,R2L,1.0,YES,Medium
2026-01-06 07:27:05,Probe,Probe,0.995,YES,High
2026-01-06 07:27:05,DoS,DoS,1.0,YES,High
2026-01-06 07:27:05,Probe,Probe,0.994,YES,High
2026-01-06 07:27:05,Probe,Probe,1.0,YES,High
2026-01-06 07:27:05,R2L,R2L,1.0,YES,Medium
2026-01-06 07:27:05,U2R,U2R,1.0,YES,Critical
2026-01-06 07:27:05,R2L,R2L,1.0,YES,Medium
2026-01-06 07:27:05,R2L,R2L,1.0,YES,Medium
2026-01-06 07:27:05,DoS,DoS,1.0,YES,High
2026-01-06 07:27:05,Probe,Probe,1.0,YES,High
2026-01-06 07:27:05,U2R,U2R,1.0,YES,Critical
2026-01-06 07:27:06,R2L,R2L,1.0,YES,Medium
2026-01-06 07:27:06,U2R,U2R,1.0,YES,Critical
2026-01-06 07:27:06,R2L,R2L,1.0,YES,Medium
2026-01-06 07:27:06,U2R,U2R,1.0,YES,Critical
2026-01-06 07:27:06,R2L,R2L,1.0,YES,Medium
2026-01-06 07:27:06,Probe,Probe,1.0,YES,High
2026-01-06 07:27:06,U2R,U2R,1.0,YES,Critical
2026-01-06 07:27:06,U2R,U2R,1.0,YES,Critical
2026-01-06 07:27:06,U2R,U2R,1.0,YES,Critical
2026-01-06 07:27:06,DoS,DoS,1.0,YES,High
2026-01-06 07:27:06,U2R,U2R,1.0,YES,Critical
2026-01-06 07:27:06,DoS,DoS,1.0,YES,High
2026-01-06 07:27:06,R2L,R2L,1.0,YES,Medium
2026-01-06 07:27:06,DoS,DoS,1.0,YES,High
2026-01-06 07:27:06,Probe,Probe,1.0,YES,High
2026-01-06 07:27:06,U2R,U2R,1.0,YES,Critical
2026-01-06 07:27:06,U2R,U2R,1.0,YES,Critical
2026-01-06 07:27:06,DoS,DoS,1.0,YES,High
2026-01-06 07:27:06,Probe,Probe,1.0,YES,High
2026-01-06 07:27:06,DoS,DoS,1.0,YES,High
2026-01-06 07:27:06,U2R,U2R,1.0,YES,Critical
2026-01-06 07:27:06,R2L,R2L,1.0,YES,Medium
2026-01-06 07:27:06,DoS,DoS,0.995,YES,High
2026-01-06 07:27:06,R2L,R2L,0.999,YES,Medium
2026-01-06 07:27:06,DoS,DoS,1.0,YES,High
2026-01-06 07:27:06,U2R,U2R,1.0,YES,Critical
2026-01-06 07:27:06,U2R,U2R,1.0,YES,Critical
2026-01-06 07:27:06,R2L,R2L,1.0,YES,Medium
2026-01-06 07:27:06,U2R,U2R,1.0,YES,Critical
2026-01-06 07:27:06,Probe,Probe,1.0,YES,High
2026-01-06 07:27:06,R2L,R2L,1.0,YES,Medium
2026-01-06 07:27:06,U2R,U2R,1.0,YES,Critical
2026-01-06 07:27:06,Probe,Probe,0.999,YES,High
2026-01-06 07:27:06,U2R,U2R,1.0,YES,Critical
2026-01-06 07:27:06,U2R,U2R,1.0,YES,Critical
2026-01-06 07:27:06,DoS,DoS,1.0,YES,High
2026-01-06 07:27:06,R2L,R2L,1.0,YES,Medium
2026-01-06 07:27:06,U2R,U2R,1.0,YES,Critical
2026-01-06 07:27:06,U2R,U2R,1.0,YES,Critical
2026-01-06 07:27:06,R2L,R2L,1.0,YES,Medium
2026-01-06 07:27:06,R2L,R2L,1.0,YES,Medium
2026-01-06 07:27:06,U2R,U2R,1.0,YES,Critical
2026-01-06 07:27:06,U2R,U2R,0.99,YES,Critical
2026-01-06 07:27:06,U2R,U2R,1.0,YES,Critical
2026-01-06 07:27:06,U2R,U2R,1.0,YES,Critical
2026-01-06 07:27:06,U2R,U2R,1.0,YES,Critical
2026-01-06 07:27:06,U2R,U2R,1.0,YES,Critical
2026-01-06 07:27:06,R2L,R2L,1.0,YES,Medium
2026-01-06 07:27:06,U2R,U2R,1.0,YES,Critical
2026-01-06 07:27:06,U2R,U2R,1.0,YES,Critical
2026-01-06 07:27:06,DoS,DoS,1.0,YES,High
2026-01-06 07:27:06,DoS,DoS,1.0,YES,High
2026-01-06 07:27:06,DoS,DoS,1.0,YES,High
2026-01-06 07:27:06,U2R,U2R,1.0,YES,Critical
2026-01-06 07:27:06,DoS,DoS,1.0,YES,High
2026-01-06 07:27:06,DoS,DoS,1.0,YES,High
2026-01-06 07:27:06,U2R,U2R,1.0,YES,Critical
2026-01-06 07:27:06,DoS,DoS,1.0,YES,High
2026-01-06 07:27:06,U2R,U2R,1.0,YES,Critical
2026-01-06 07:27:06,DoS,DoS,1.0,YES,High
2026-01-06 07:27:07,Probe,Probe,1.0,YES,High
2026-01-06 07:27:07,U2R,U2R,1.0,YES,Critical
2026-01-06 07:27:07,Probe,Probe,1.0,YES,High
2026-01-06 07:27:07,DoS,DoS,1.0,YES,High
2026-01-06 07:27:07,Probe,Probe,1.0,YES,High
2026-01-06 07:27:07,U2R,U2R,1.0,YES,Critical
2026-01-06 07:27:07,DoS,DoS,1.0,YES,High
2026-01-06 07:27:07,DoS,DoS,1.0,YES,High
2026-01-06 07:27:07,DoS,DoS,1.0,YES,High
2026-01-06 07:27:07,U2R,U2R,1.0,YES,Critical
2026-01-06 07:27:07,DoS,DoS,1.0,YES,High
2026-01-06 07:27:07,U2R,U2R,1.0,YES,Critical
2026-01-06 07:27:07,U2R,U2R,1.0,YES,Critical
2026-01-06 07:27:07,U2R,U2R,1.0,YES,Critical
2026-01-06 07:27:07,U2R,U2R,1.0,YES,Critical
2026-01-06 07:27:07,DoS,DoS,1.0,YES,High
2026-01-06 07:27:07,DoS,DoS,1.0,YES,High
2026-01-06 07:27:07,R2L,R2L,1.0,YES,Medium
2026-01-06 07:27:07,DoS,DoS,1.0,YES,High
2026-01-06 07:27:07,U2R,U2R,1.0,YES,Critical
2026-01-06 07:27:07,U2R,U2R,1.0,YES,Critical
2026-01-06 07:27:07,R2L,R2L,0.995,YES,Medium
2026-01-06 07:27:07,Probe,Probe,1.0,YES,High
2026-01-06 07:27:07,R2L,R2L,1.0,YES,Medium
2026-01-06 07:27:07,DoS,DoS,1.0,YES,High
2026-01-06 07:27:07,R2L,R2L,1.0,YES,Medium
2026-01-06 07:27:07,DoS,DoS,0.955,YES,High
2026-01-06 07:27:07,U2R,U2R,1.0,YES,Critical
2026-01-06 07:27:07,R2L,R2L,1.0,YES,Medium
2026-01-06 07:27:07,DoS,DoS,1.0,YES,High
2026-01-06 07:27:07,U2R,U2R,1.0,YES,Critical
2026-01-06 07:27:07,U2R,U2R,1.0,YES,Critical
2026-01-06 07:27:07,Probe,Probe,0.995,YES,High
2026-01-06 07:27:07,Probe,Probe,1.0,YES,High
2026-01-06 07:27:07,U2R,U2R,1.0,YES,Critical
2026-01-06 07:27:07,Probe,Probe,1.0,YES,High
2026-01-06 07:27:07,Probe,Probe,1.0,YES,High
2026-01-06 07:27:07,U2R,U2R,1.0,YES,Critical
2026-01-06 07:27:07,R2L,R2L,1.0,YES,Medium
2026-01-06 07:27:07,U2R,U2R,1.0,YES,Critical
2026-01-06 07:27:07,U2R,U2R,1.0,YES,Critical
2026-01-06 07:27:07,Probe,Probe,1.0,YES,High
2026-01-06 07:27:07,Probe,Probe,0.979,YES,High
2026-01-06 07:27:07,U2R,U2R,0.995,YES,Critical
2026-01-06 07:27:07,DoS,DoS,1.0,YES,High
2026-01-06 07:27:07,Probe,Probe,1.0,YES,High
2026-01-06 07:27:07,R2L,R2L,1.0,YES,Medium
2026-01-06 07:27:07,DoS,DoS,1.0,YES,High
2026-01-06 07:27:07,U2R,U2R,1.0,YES,Critical
2026-01-06 07:27:07,R2L,R2L,1.0,YES,Medium
2026-01-06 07:27:07,DoS,DoS,1.0,YES,High
2026-01-06 07:27:07,R2L,R2L,1.0,YES,Medium
2026-01-06 07:27:07,R2L,R2L,1.0,YES,Medium
2026-01-06 07:27:07,Probe,Probe,1.0,YES,High
2026-01-06 07:27:07,U2R,U2R,1.0,YES,Critical
2026-01-06 07:27:07,DoS,DoS,1.0,YES,High
2026-01-06 07:27:07,Probe,Probe,1.0,YES,High
2026-01-06 07:27:08,DoS,DoS,1.0,YES,High
2026-01-06 07:27:08,Probe,Probe,1.0,YES,High
2026-01-06 07:27:08,R2L,R2L,1.0,YES,Medium
2026-01-06 07:27:08,U2R,U2R,1.0,YES,Critical
2026-01-06 07:27:08,R2L,R2L,1.0,YES,Medium
2026-01-06 07:27:08,Probe,Probe,1.0,YES,High
2026-01-06 07:27:08,DoS,DoS,1.0,YES,High
2026-01-06 07:27:08,DoS,DoS,1.0,YES,High
2026-01-06 07:27:08,R2L,R2L,1.0,YES,Medium
2026-01-06 07:27:08,DoS,DoS,1.0,YES,High
2026-01-06 07:27:08,DoS,DoS,1.0,YES,High
2026-01-06 07:27:08,Probe,Probe,0.995,YES,High
2026-01-06 07:27:08,DoS,DoS,1.0,YES,High
2026-01-06 07:27:08,U2R,U2R,1.0,YES,Critical
2026-01-06 07:27:08,U2R,U2R,1.0,YES,Critical
2026-01-06 07:27:08,U2R,U2R,1.0,YES,Critical
2026-01-06 07:27:08,R2L,R2L,0.995,YES,Medium
2026-01-06 07:27:08,Probe,Probe,1.0,YES,High
2026-01-06 07:27:08,DoS,DoS,0.995,YES,High
2026-01-06 07:27:08,R2L,R2L,1.0,YES,Medium
2026-01-06 07:27:08,DoS,DoS,0.992,YES,High
2026-01-06 07:27:08,DoS,DoS,1.0,YES,High
2026-01-06 07:27:08,DoS,DoS,1.0,YES,High
2026-01-06 07:27:08,DoS,DoS,1.0,YES,High
2026-01-06 07:27:08,R2L,R2L,1.0,YES,Medium
2026-01-06 07:27:08,Probe,Probe,1.0,YES,High
2026-01-06 07:27:08,Probe,Probe,0.999,YES,High
2026-01-06 07:27:08,DoS,DoS,1.0,YES,High
2026-01-06 07:27:08,R2L,R2L,1.0,YES,Medium
2026-01-06 07:27:08,DoS,DoS,1.0,YES,High
2026-01-06 07:27:08,Probe,Probe,1.0,YES,High
2026-01-06 07:27:08,DoS,DoS,1.0,YES,High
2026-01-06 07:27:08,DoS,DoS,1.0,YES,High
2026-01-06 07:27:08,R2L,R2L,1.0,YES,Medium
2026-01-06 07:27:08,U2R,U2R,1.0,YES,Critical
2026-01-06 07:27:08,U2R,U2R,1.0,YES,Critical
2026-01-06 07:27:08,Probe,Probe,1.0,YES,High
2026-01-06 07:27:08,Probe,Probe,1.0,YES,High
2026-01-06 07:27:08,R2L,R2L,1.0,YES,Medium
2026-01-06 07:27:08,U2R,U2R,1.0,YES,Critical
2026-01-06 07:27:08,U2R,U2R,1.0,YES,Critical
2026-01-06 07:27:08,DoS,DoS,1.0,YES,High
2026-01-06 07:27:08,Probe,Probe,1.0,YES,High
2026-01-06 07:27:08,U2R,U2R,1.0,YES,Critical
2026-01-06 07:27:08,U2R,U2R,1.0,YES,Critical
2026-01-06 07:27:08,DoS,DoS,1.0,YES,High
2026-01-06 07:27:08,R2L,R2L,1.0,YES,Medium
2026-01-06 07:27:08,U2R,U2R,1.0,YES,Critical
2026-01-06 07:27:08,R2L,R2L,1.0,YES,Medium
2026-01-06 07:27:08,R2L,R2L,1.0,YES,Medium
2026-01-06 07:27:08,DoS,DoS,1.0,YES,High
2026-01-06 07:27:08,Probe,Probe,1.0,YES,High
2026-01-06 07:27:08,U2R,U2R,1.0,YES,Critical
2026-01-06 07:27:08,U2R,U2R,1.0,YES,Critical
2026-01-06 07:27:08,R2L,R2L,1.0,YES,Medium
2026-01-06 07:27:08,R2L,R2L,1.0,YES,Medium
2026-01-06 07:27:08,U2R,U2R,0.995,YES,Critical
2026-01-06 07:27:08,Probe,Probe,1.0,YES,High
2026-01-06 07:27:08,DoS,DoS,1.0,YES,High
2026-01-06 07:27:08,U2R,U2R,1.0,YES,Critical
2026-01-06 07:27:08,U2R,U2R,1.0,YES,Critical
2026-01-06 07:27:08,DoS,DoS,1.0,YES,High
2026-01-06 07:27:08,R2L,R2L,0.999,YES,Medium
2026-01-06 07:27:08,Probe,Probe,0.99,YES,High
2026-01-06 07:27:09,R2L,R2L,1.0,YES,Medium
2026-01-06 07:27:09,Probe,Probe,1.0,YES,High
2026-01-06 07:27:09,U2R,U2R,1.0,YES,Critical
2026-01-06 07:27:09,R2L,R2L,1.0,YES,Medium
2026-01-06 07:27:09,DoS,DoS,0.895,YES,High
2026-01-06 07:27:09,Probe,Probe,1.0,YES,High
2026-01-06 07:27:09,U2R,U2R,1.0,YES,Critical
2026-01-06 07:27:09,U2R,U2R,1.0,YES,Critical
2026-01-06 07:27:09,U2R,U2R,1.0,YES,Critical
2026-01-06 07:27:09,U2R,U2R,1.0,YES,Critical
2026-01-06 07:27:09,Probe,Probe,1.0,YES,High
2026-01-06 07:27:09,DoS,DoS,1.0,YES,High
2026-01-06 07:27:09,R2L,R2L,1.0,YES,Medium
2026-01-06 07:27:09,Probe,Probe,1.0,YES,High
2026-01-06 07:27:09,Probe,Probe,1.0,YES,High
2026-01-06 07:27:09,DoS,DoS,1.0,YES,High
2026-01-06 07:27:09,Probe,Probe,1.0,YES,High
2026-01-06 07:27:09,Probe,Probe,1.0,YES,High
2026-01-06 07:27:09,Probe,Probe,0.954,YES,High
2026-01-06 07:27:09,R2L,R2L,0.99,YES,Medium
2026-01-06 07:27:09,DoS,DoS,1.0,YES,High
2026-01-06 07:27:09,R2L,R2L,1.0,YES,Medium
2026-01-06 07:27:09,DoS,DoS,1.0,YES,High
2026-01-06 07:27:09,R2L,R2L,1.0,YES,Medium
2026-01-06 07:27:09,R2L,R2L,1.0,YES,Medium
2026-01-06 07:27:09,DoS,DoS,1.0,YES,High
2026-01-06 07:27:09,U2R,U2R,1.0,YES,Critical
2026-01-06 07:27:09,R2L,R2L,1.0,YES,Medium
2026-01-06 07:27:09,DoS,DoS,1.0,YES,High
2026-01-06 07:27:09,Probe,Probe,1.0,YES,High
2026-01-06 07:27:09,Probe,Probe,1.0,YES,High
2026-01-06 07:27:09,U2R,U2R,1.0,YES,Critical
2026-01-06 07:27:09,R2L,R2L,1.0,YES,Medium
2026-01-06 07:27:09,DoS,DoS,1.0,YES,High
2026-01-06 07:27:09,R2L,R2L,1.0,YES,Medium
2026-01-06 07:27:09,DoS,DoS,1.0,YES,High
2026-01-06 07:27:09,Probe,Probe,1.0,YES,High
2026-01-06 07:27:09,R2L,R2L,1.0,YES,Medium
2026-01-06 07:27:09,Probe,Probe,1.0,YES,High
2026-01-06 07:27:09,Probe,Probe,1.0,YES,High
2026-01-06 07:27:09,Probe,Probe,1.0,YES,High
2026-01-06 07:27:09,R2L,R2L,1.0,YES,Medium
2026-01-06 07:27:09,Probe,Probe,1.0,YES,High
2026-01-06 07:27:09,Probe,Probe,1.0,YES,High
2026-01-06 07:27:10,R2L,R2L,1.0,YES,Medium
2026-01-06 07:27:10,R2L,R2L,1.0,YES,Medium
2026-01-06 07:27:10,R2L,R2L,1.0,YES,Medium
2026-01-06 07:27:10,DoS,DoS,1.0,YES,High
2026-01-06 07:27:10,U2R,U2R,1.0,YES,Critical
2026-01-06 07:27:10,Probe,Probe,1.0,YES,High
2026-01-06 07:27:10,U2R,U2R,1.0,YES,Critical
2026-01-06 07:27:10,R2L,R2L,1.0,YES,Medium
2026-01-06 07:27:10,U2R,U2R,1.0,YES,Critical
2026-01-06 07:27:10,R2L,R2L,1.0,YES,Medium
2026-01-06 07:27:10,Probe,Probe,1.0,YES,High
2026-01-06 07:27:10,Probe,Probe,1.0,YES,High
2026-01-06 07:27:10,R2L,R2L,0.98,YES,Medium
2026-01-06 07:27:10,Probe,Probe,1.0,YES,High
2026-01-06 07:27:10,U2R,U2R,1.0,YES,Critical
2026-01-06 07:27:10,U2R,U2R,1.0,YES,Critical
2026-01-06 07:27:10,R2L,R2L,1.0,YES,Medium
2026-01-06 07:27:10,U2R,U2R,1.0,YES,Critical
2026-01-06 07:27:10,U2R,U2R,1.0,YES,Critical
2026-01-06 07:27:10,U2R,U2R,1.0,YES,Critical
2026-01-06 07:27:10,R2L,R2L,1.0,YES,Medium
2026-01-06 07:27:10,Probe,Probe,1.0,YES,High
2026-01-06 07:27:10,U2R,U2R,1.0,YES,Critical
2026-01-06 07:27:10,Probe,Probe,1.0,YES,High
2026-01-06 07:27:10,R2L,R2L,1.0,YES,Medium
2026-01-06 07:27:10,R2L,R2L,1.0,YES,Medium
2026-01-06 07:27:10,R2L,R2L,1.0,YES,Medium
2026-01-06 07:27:10,Probe,Probe,1.0,YES,High
2026-01-06 07:27:10,DoS,DoS,1.0,YES,High
2026-01-06 07:27:10,R2L,R2L,1.0,YES,Medium
2026-01-06 07:27:10,R2L,R2L,0.995,YES,Medium
2026-01-06 07:27:10,Probe,Probe,1.0,YES,High
2026-01-06 07:27:10,R2L,R2L,1.0,YES,Medium
2026-01-06 07:27:10,U2R,U2R,1.0,YES,Critical
2026-01-06 07:27:10,Probe,Probe,1.0,YES,High
2026-01-06 07:27:10,DoS,DoS,1.0,YES,High
2026-01-06 07:27:10,DoS,DoS,1.0,YES,High
2026-01-06 07:27:10,R2L,R2L,1.0,YES,Medium
2026-01-06 07:27:11,Probe,Probe,1.0,YES,High
2026-01-06 07:27:11,Probe,Probe,1.0,YES,High
2026-01-06 07:27:11,R2L,R2L,1.0,YES,Medium
2026-01-06 07:27:11,R2L,R2L,1.0,YES,Medium
2026-01-06 07:27:11,Probe,Probe,1.0,YES,High
2026-01-06 07:27:11,R2L,R2L,1.0,YES,Medium
2026-01-06 07:27:11,DoS,DoS,1.0,YES,High
2026-01-06 07:27:11,Probe,Probe,1.0,YES,High
2026-01-06 07:27:11,Probe,Probe,1.0,YES,High
2026-01-06 07:27:11,U2R,U2R,1.0,YES,Critical
2026-01-06 07:27:11,Probe,Probe,1.0,YES,High
2026-01-06 07:27:11,DoS,DoS,1.0,YES,High
2026-01-06 07:27:11,R2L,R2L,1.0,YES,Medium
2026-01-06 07:27:11,Probe,Probe,0.955,YES,High
2026-01-06 07:27:11,R2L,R2L,1.0,YES,Medium
2026-01-06 07:27:11,Probe,Probe,1.0,YES,High
2026-01-06 07:27:11,U2R,U2R,1.0,YES,Critical
2026-01-06 07:27:11,U2R,U2R,1.0,YES,Critical
2026-01-06 07:27:11,Probe,Probe,1.0,YES,High
2026-01-06 07:27:11,Probe,Probe,1.0,YES,High
2026-01-06 07:27:11,DoS,DoS,1.0,YES,High
2026-01-06 07:27:11,Probe,Probe,1.0,YES,High
2026-01-06 07:27:11,Probe,Probe,1.0,YES,High
2026-01-06 07:27:11,R2L,R2L,0.999,YES,Medium
2026-01-06 07:27:11,DoS,DoS,1.0,YES,High
2026-01-06 07:27:11,Probe,Probe,1.0,YES,High
2026-01-06 07:27:11,R2L,R2L,1.0,YES,Medium
2026-01-06 07:27:11,R2L,R2L,1.0,YES,Medium
2026-01-06 07:27:12,DoS,DoS,1.0,YES,High
2026-01-06 07:27:12,Probe,Probe,0.979,YES,High
2026-01-06 07:27:12,U2R,U2R,1.0,YES,Critical
2026-01-06 07:27:12,U2R,U2R,1.0,YES,Critical
2026-01-06 07:27:12,Probe,Probe,1.0,YES,High
2026-01-06 07:27:12,Probe,Probe,1.0,YES,High
2026-01-06 07:27:12,R2L,R2L,1.0,YES,Medium
2026-01-06 07:27:12,R2L,R2L,1.0,YES,Medium
2026-01-06 07:27:12,DoS,DoS,1.0,YES,High
2026-01-06 07:27:12,Probe,Probe,1.0,YES,High
2026-01-06 07:27:12,DoS,DoS,1.0,YES,High
2026-01-06 07:27:12,DoS,DoS,1.0,YES,High
2026-01-06 07:27:12,DoS,DoS,1.0,YES,High
2026-01-06 07:27:12,R2L,R2L,1.0,YES,Medium
2026-01-06 07:27:12,R2L,R2L,1.0,YES,Medium
2026-01-06 07:27:12,R2L,R2L,1.0,YES,Medium
2026-01-06 07:27:12,U2R,U2R,1.0,YES,Critical
2026-01-06 07:27:12,U2R,U2R,1.0,YES,Critical
2026-01-06 07:27:12,R2L,R2L,1.0,YES,Medium
2026-01-06 07:27:12,Probe,Probe,1.0,YES,High
2026-01-06 07:27:12,Probe,Probe,1.0,YES,High
2026-01-06 07:27:12,U2R,U2R,1.0,YES,Critical
2026-01-06 07:27:12,Probe,Probe,1.0,YES,High
2026-01-06 07:27:12,DoS,DoS,1.0,YES,High
2026-01-06 07:27:12,U2R,U2R,1.0,YES,Critical
2026-01-06 07:27:12,Probe,Probe,1.0,YES,High
2026-01-06 07:27:12,U2R,U2R,1.0,YES,Critical
2026-01-06 07:27:12,Probe,Probe,1.0,YES,High
2026-01-06 07:27:12,DoS,DoS,1.0,YES,High
2026-01-06 07:27:12,DoS,DoS,1.0,YES,High
2026-01-06 07:27:12,U2R,U2R,1.0,YES,Critical
2026-01-06 07:27:12,U2R,U2R,1.0,YES,Critical
2026-01-06 07:27:12,Probe,Probe,1.0,YES,High
2026-01-06 07:27:12,Probe,Probe,1.0,YES,High
2026-01-06 07:27:12,Probe,Probe,1.0,YES,High
2026-01-06 07:27:12,Probe,Probe,1.0,YES,High
2026-01-06 07:27:12,Probe,Probe,1.0,YES,High
2026-01-06 07:27:12,DoS,DoS,1.0,YES,High
2026-01-06 07:27:12,Probe,Probe,1.0,YES,High
2026-01-06 07:27:12,R2L,R2L,1.0,YES,Medium
2026-01-06 07:27:12,R2L,R2L,1.0,YES,Medium
2026-01-06 07:27:12,Probe,Probe,1.0,YES,High
2026-01-06 07:27:12,DoS,DoS,1.0,YES,High
2026-01-06 07:27:12,DoS,DoS,1.0,YES,High
2026-01-06 07:27:12,U2R,U2R,1.0,YES,Critical
2026-01-06 07:27:12,U2R,U2R,1.0,YES,Critical
2026-01-06 07:27:12,U2R,U2R,1.0,YES,Critical
2026-01-06 07:27:12,Probe,Probe,1.0,YES,High
2026-01-06 07:27:12,Probe,Probe,1.0,YES,High
2026-01-06 07:27:12,DoS,DoS,1.0,YES,High
2026-01-06 07:27:12,U2R,U2R,1.0,YES,Critical
2026-01-06 07:27:12,DoS,DoS,1.0,YES,High
2026-01-06 07:27:12,U2R,U2R,1.0,YES,Critical
2026-01-06 07:27:12,U2R,U2R,1.0,YES,Critical
2026-01-06 07:27:12,U2R,U2R,1.0,YES,Critical
2026-01-06 07:27:12,U2R,U2R,1.0,YES,Critical
2026-01-06 07:27:13,U2R,U2R,0.995,YES,Critical
2026-01-06 07:27:13,DoS,DoS,1.0,YES,High
2026-01-06 07:27:13,DoS,DoS,1.0,YES,High
2026-01-06 07:27:13,Probe,Probe,1.0,YES,High
2026-01-06 07:27:13,Probe,Probe,1.0,YES,High
2026-01-06 07:27:13,R2L,R2L,1.0,YES,Medium
2026-01-06 07:27:13,DoS,DoS,1.0,YES,High
2026-01-06 07:27:13,R2L,R2L,1.0,YES,Medium
2026-01-06 07:27:13,U2R,U2R,1.0,YES,Critical
2026-01-06 07:27:13,DoS,DoS,1.0,YES,High
2026-01-06 07:27:13,DoS,DoS,1.0,YES,High
2026-01-06 07:27:13,Probe,Probe,1.0,YES,High
2026-01-06 07:27:13,Probe,Probe,1.0,YES,High
2026-01-06 07:27:13,U2R,U2R,1.0,YES,Critical
2026-01-06 07:27:13,R2L,R2L,1.0,YES,Medium
2026-01-06 07:27:13,R2L,R2L,1.0,YES,Medium
2026-01-06 07:27:13,U2R,U2R,1.0,YES,Critical
2026-01-06 07:27:13,Probe,Probe,1.0,YES,High
2026-01-06 07:27:13,Probe,Probe,0.995,YES,High
2026-01-06 07:27:13,Probe,Probe,1.0,YES,High
2026-01-06 07:27:13,U2R,U2R,1.0,YES,Critical
2026-01-06 07:27:13,DoS,DoS,1.0,YES,High
2026-01-06 07:27:13,R2L,R2L,1.0,YES,Medium
2026-01-06 07:27:13,DoS,DoS,1.0,YES,High
2026-01-06 07:27:13,DoS,DoS,1.0,YES,High
2026-01-06 07:27:13,Probe,Probe,1.0,YES,High
2026-01-06 07:27:13,DoS,DoS,1.0,YES,High
2026-01-06 07:27:13,Probe,Probe,1.0,YES,High
2026-01-06 07:27:13,U2R,U2R,1.0,YES,Critical
2026-01-06 07:27:13,DoS,DoS,1.0,YES,High
2026-01-06 07:27:13,Probe,Probe,1.0,YES,High
2026-01-06 07:27:13,U2R,U2R,1.0,YES,Critical
2026-01-06 07:27:13,Probe,Probe,0.995,YES,High
2026-01-06 07:27:13,R2L,R2L,1.0,YES,Medium
2026-01-06 07:27:13,DoS,DoS,1.0,YES,High
2026-01-06 07:27:13,Probe,Probe,0.86,YES,High
2026-01-06 07:27:13,DoS,DoS,1.0,YES,High
2026-01-06 07:27:13,R2L,R2L,1.0,YES,Medium
2026-01-06 07:27:13,DoS,DoS,1.0,YES,High
2026-01-06 07:27:13,R2L,R2L,0.999,YES,Medium
2026-01-06 07:27:13,DoS,DoS,1.0,YES,High
2026-01-06 07:27:13,DoS,DoS,1.0,YES,High
2026-01-06 07:27:13,DoS,DoS,0.995,YES,High
2026-01-06 07:27:13,Probe,Probe,1.0,YES,High
2026-01-06 07:27:13,DoS,DoS,1.0,YES,High
2026-01-06 07:27:13,DoS,DoS,1.0,YES,High
2026-01-06 07:27:13,U2R,U2R,1.0,YES,Critical
2026-01-06 07:27:13,R2L,R2L,1.0,YES,Medium
2026-01-06 07:27:14,Probe,Probe,1.0,YES,High
2026-01-06 07:27:14,U2R,U2R,0.995,YES,Critical
2026-01-06 07:27:14,DoS,DoS,1.0,YES,High
2026-01-06 07:27:14,R2L,R2L,1.0,YES,Medium
2026-01-06 07:27:14,R2L,R2L,1.0,YES,Medium
2026-01-06 07:27:14,U2R,U2R,1.0,YES,Critical
2026-01-06 07:27:14,R2L,R2L,1.0,YES,Medium
2026-01-06 07:27:14,U2R,U2R,1.0,YES,Critical
2026-01-06 07:27:14,DoS,DoS,1.0,YES,High
2026-01-06 07:27:14,Probe,Probe,1.0,YES,High
2026-01-06 07:27:14,U2R,U2R,0.995,YES,Critical
2026-01-06 07:27:14,Probe,Probe,1.0,YES,High
2026-01-06 07:27:14,DoS,DoS,1.0,YES,High
2026-01-06 07:27:14,R2L,R2L,0.99,YES,Medium
2026-01-06 07:27:14,U2R,U2R,1.0,YES,Critical
2026-01-06 07:27:14,U2R,U2R,1.0,YES,Critical
2026-01-06 07:27:14,DoS,DoS,1.0,YES,High
2026-01-06 07:27:14,DoS,DoS,0.99,YES,High
2026-01-06 07:27:14,U2R,U2R,1.0,YES,Critical
2026-01-06 07:27:14,DoS,DoS,1.0,YES,High
2026-01-06 07:27:14,R2L,R2L,1.0,YES,Medium
2026-01-06 07:27:14,DoS,DoS,1.0,YES,High
2026-01-06 07:27:14,DoS,DoS,1.0,YES,High
2026-01-06 07:27:14,DoS,DoS,1.0,YES,High
2026-01-06 07:27:14,DoS,DoS,1.0,YES,High
2026-01-06 07:27:14,DoS,DoS,0.965,YES,High
2026-01-06 07:27:14,Probe,Probe,1.0,YES,High
2026-01-06 07:27:14,DoS,DoS,1.0,YES,High
2026-01-06 07:27:14,R2L,R2L,1.0,YES,Medium
2026-01-06 07:27:14,U2R,U2R,1.0,YES,Critical
2026-01-06 07:27:14,R2L,R2L,1.0,YES,Medium
2026-01-06 07:27:14,DoS,DoS,1.0,YES,High
2026-01-06 07:27:14,U2R,U2R,1.0,YES,Critical
2026-01-06 07:27:14,Probe,Probe,1.0,YES,High
2026-01-06 07:27:14,U2R,U2R,1.0,YES,Critical
2026-01-06 07:27:14,U2R,U2R,1.0,YES,Critical
2026-01-06 07:27:14,R2L,R2L,1.0,YES,Medium
2026-01-06 07:27:14,U2R,U2R,1.0,YES,Critical
2026-01-06 07:27:14,R2L,R2L,1.0,YES,Medium
2026-01-06 07:27:14,Probe,Probe,1.0,YES,High
2026-01-06 07:27:14,U2R,U2R,1.0,YES,Critical
2026-01-06 07:27:14,U2R,U2R,1.0,YES,Critical
2026-01-06 07:27:14,Probe,Probe,1.0,YES,High
2026-01-06 07:27:14,R2L,R2L,0.947,YES,Medium
2026-01-06 07:27:14,R2L,R2L,1.0,YES,Medium
2026-01-06 07:27:14,R2L,R2L,0.99,YES,Medium
2026-01-06 07:27:14,DoS,DoS,1.0,YES,High
2026-01-06 07:27:14,DoS,DoS,1.0,YES,High
2026-01-06 07:27:14,Probe,Probe,1.0,YES,High
2026-01-06 07:27:14,R2L,R2L,1.0,YES,Medium
2026-01-06 07:27:14,U2R,U2R,1.0,YES,Critical
2026-01-06 07:27:14,R2L,R2L,1.0,YES,Medium
2026-01-06 07:27:14,R2L,R2L,1.0,YES,Medium
2026-01-06 07:27:15,R2L,R2L,1.0,YES,Medium
2026-01-06 07:27:15,U2R,U2R,1.0,YES,Critical
2026-01-06 07:27:15,DoS,DoS,1.0,YES,High
2026-01-06 07:27:15,R2L,R2L,0.995,YES,Medium
2026-01-06 07:27:15,U2R,U2R,1.0,YES,Critical
2026-01-06 07:27:15,U2R,U2R,1.0,YES,Critical
2026-01-06 07:27:15,DoS,DoS,1.0,YES,High
2026-01-06 07:27:15,DoS,DoS,1.0,YES,High
2026-01-06 07:27:15,U2R,U2R,1.0,YES,Critical
2026-01-06 07:27:15,U2R,U2R,1.0,YES,Critical
2026-01-06 07:27:15,U2R,U2R,1.0,YES,Critical
2026-01-06 07:27:15,DoS,DoS,1.0,YES,High
2026-01-06 07:27:15,DoS,DoS,1.0,YES,High
2026-01-06 07:27:15,U2R,U2R,1.0,YES,Critical
2026-01-06 07:27:15,R2L,R2L,1.0,YES,Medium
2026-01-06 07:27:15,U2R,U2R,1.0,YES,Critical
2026-01-06 07:27:15,DoS,DoS,1.0,YES,High
2026-01-06 07:27:15,U2R,U2R,0.995,YES,Critical
2026-01-06 07:27:15,Probe,Probe,0.989,YES,High
2026-01-06 07:27:15,R2L,R2L,1.0,YES,Medium
2026-01-06 07:27:15,Probe,Probe,1.0,YES,High
2026-01-06 07:27:15,U2R,U2R,1.0,YES,Critical
2026-01-06 07:27:15,U2R,U2R,1.0,YES,Critical
2026-01-06 07:27:15,U2R,U2R,1.0,YES,Critical
2026-01-06 07:27:15,U2R,U2R,1.0,YES,Critical
2026-01-06 07:27:15,R2L,R2L,1.0,YES,Medium
2026-01-06 07:27:15,U2R,U2R,1.0,YES,Critical
2026-01-06 07:27:15,Probe,Probe,1.0,YES,High
2026-01-06 07:27:15,Probe,Probe,1.0,YES,High
2026-01-06 07:27:15,U2R,U2R,1.0,YES,Critical
2026-01-06 07:27:15,R2L,R2L,1.0,YES,Medium
2026-01-06 07:27:15,R2L,R2L,0.98,YES,Medium
2026-01-06 07:27:15,DoS,DoS,1.0,YES,High
2026-01-06 07:27:15,U2R,U2R,1.0,YES,Critical
2026-01-06 07:27:15,Probe,Probe,0.97,YES,High
2026-01-06 07:27:15,R2L,R2L,1.0,YES,Medium
2026-01-06 07:27:15,Probe,Probe,1.0,YES,High
2026-01-06 07:27:15,U2R,U2R,1.0,YES,Critical
2026-01-06 07:27:15,R2L,R2L,1.0,YES,Medium
2026-01-06 07:27:15,DoS,DoS,1.0,YES,High
2026-01-06 07:27:15,DoS,DoS,1.0,YES,High
2026-01-06 07:27:15,U2R,U2R,1.0,YES,Critical
2026-01-06 07:27:15,Probe,Probe,1.0,YES,High
2026-01-06 07:27:15,Probe,Probe,1.0,YES,High
2026-01-06 07:27:15,DoS,DoS,1.0,YES,High
2026-01-06 07:27:15,Probe,Probe,1.0,YES,High
2026-01-06 07:27:15,DoS,DoS,1.0,YES,High
2026-01-06 07:27:15,U2R,U2R,1.0,YES,Critical
2026-01-06 07:27:15,Probe,Probe,1.0,YES,High
2026-01-06 07:27:15,Probe,Probe,1.0,YES,High
2026-01-06 07:27:15,R2L,R2L,1.0,YES,Medium
2026-01-06 07:27:15,Probe,Probe,0.995,YES,High
2026-01-06 07:27:15,DoS,DoS,1.0,YES,High
2026-01-06 07:27:15,Probe,Probe,1.0,YES,High
2026-01-06 07:27:15,Probe,Probe,1.0,YES,High
2026-01-06 07:27:15,Probe,Probe,1.0,YES,High
2026-01-06 07:27:15,Probe,Probe,1.0,YES,High
2026-01-06 07:27:15,Probe,Probe,1.0,YES,High
2026-01-06 07:27:15,R2L,R2L,0.925,YES,Medium
2026-01-06 07:27:16,U2R,U2R,1.0,YES,Critical
2026-01-06 07:27:16,DoS,DoS,1.0,YES,High
2026-01-06 07:27:16,R2L,R2L,1.0,YES,Medium
2026-01-06 07:27:16,DoS,DoS,0.935,YES,High
2026-01-06 07:27:16,U2R,U2R,1.0,YES,Critical
2026-01-06 07:27:16,U2R,U2R,1.0,YES,Critical
2026-01-06 07:27:16,U2R,U2R,1.0,YES,Critical
2026-01-06 07:27:16,R2L,R2L,1.0,YES,Medium
2026-01-06 07:27:16,DoS,DoS,1.0,YES,High
2026-01-06 07:27:16,R2L,R2L,1.0,YES,Medium
2026-01-06 07:27:16,Probe,Probe,0.905,YES,High
2026-01-06 07:27:16,R2L,R2L,1.0,YES,Medium
2026-01-06 07:27:16,DoS,DoS,1.0,YES,High
2026-01-06 07:27:16,R2L,R2L,1.0,YES,Medium
2026-01-06 07:27:16,U2R,U2R,1.0,YES,Critical
2026-01-06 07:27:16,DoS,DoS,1.0,YES,High
2026-01-06 07:27:16,U2R,U2R,0.995,YES,Critical
2026-01-06 07:27:16,Probe,Probe,1.0,YES,High
2026-01-06 07:27:16,Probe,Probe,1.0,YES,High
2026-01-06 07:27:16,DoS,DoS,1.0,YES,High
2026-01-06 07:27:16,R2L,R2L,1.0,YES,Medium
2026-01-06 07:27:16,U2R,U2R,1.0,YES,Critical
2026-01-06 07:27:16,R2L,R2L,1.0,YES,Medium
2026-01-06 07:27:16,U2R,U2R,0.995,YES,Critical
2026-01-06 07:27:16,DoS,DoS,1.0,YES,High
2026-01-06 07:27:16,Probe,Probe,1.0,YES,High
2026-01-06 07:27:16,R2L,R2L,1.0,YES,Medium
2026-01-06 07:27:16,U2R,U2R,1.0,YES,Critical
2026-01-06 07:27:16,U2R,U2R,1.0,YES,Critical
2026-01-06 07:27:16,R2L,R2L,1.0,YES,Medium
2026-01-06 07:27:16,U2R,U2R,1.0,YES,Critical
2026-01-06 07:27:16,R2L,R2L,1.0,YES,Medium
2026-01-06 07:27:16,DoS,DoS,1.0,YES,High
2026-01-06 07:27:16,U2R,U2R,1.0,YES,Critical
2026-01-06 07:27:16,R2L,R2L,1.0,YES,Medium
2026-01-06 07:27:16,Probe,Probe,0.954,YES,High
2026-01-06 07:27:16,DoS,DoS,1.0,YES,High
2026-01-06 07:27:16,Probe,Probe,0.985,YES,High
2026-01-06 07:27:16,U2R,U2R,1.0,YES,Critical
2026-01-06 07:27:16,DoS,DoS,1.0,YES,High
2026-01-06 07:27:16,Probe,Probe,1.0,YES,High
2026-01-06 07:27:16,R2L,R2L,1.0,YES,Medium
2026-01-06 07:27:16,R2L,R2L,1.0,YES,Medium
2026-01-06 07:27:16,DoS,DoS,1.0,YES,High
2026-01-06 07:27:16,U2R,U2R,1.0,YES,Critical
2026-01-06 07:27:16,R2L,R2L,1.0,YES,Medium
2026-01-06 07:27:16,U2R,U2R,1.0,YES,Critical
2026-01-06 07:27:16,DoS,DoS,1.0,YES,High
2026-01-06 07:27:16,U2R,U2R,1.0,YES,Critical
2026-01-06 07:27:16,DoS,DoS,0.995,YES,High
2026-01-06 07:27:16,U2R,U2R,1.0,YES,Critical
2026-01-06 07:27:16,Probe,Probe,1.0,YES,High
2026-01-06 07:27:16,DoS,DoS,1.0,YES,High
2026-01-06 07:27:16,DoS,DoS,1.0,YES,High
2026-01-06 07:27:16,U2R,U2R,1.0,YES,Critical
2026-01-06 07:27:16,Probe,Probe,1.0,YES,High
2026-01-06 07:27:16,DoS,DoS,1.0,YES,High
2026-01-06 07:27:17,R2L,R2L,1.0,YES,Medium
2026-01-06 07:27:17,DoS,DoS,1.0,YES,High
2026-01-06 07:27:17,Probe,Probe,1.0,YES,High
2026-01-06 07:27:17,Probe,Probe,1.0,YES,High
2026-01-06 07:27:17,Probe,Probe,1.0,YES,High
2026-01-06 07:27:17,Probe,Probe,1.0,YES,High
2026-01-06 07:27:17,Probe,Probe,1.0,YES,High
2026-01-06 07:27:17,R2L,R2L,1.0,YES,Medium
2026-01-06 07:27:17,U2R,U2R,1.0,YES,Critical
2026-01-06 07:27:17,DoS,DoS,1.0,YES,High
2026-01-06 07:27:17,DoS,DoS,1.0,YES,High
2026-01-06 07:27:17,R2L,R2L,1.0,YES,Medium
2026-01-06 07:27:17,U2R,U2R,1.0,YES,Critical
2026-01-06 07:27:17,R2L,R2L,1.0,YES,Medium
2026-01-06 07:27:17,R2L,R2L,1.0,YES,Medium
2026-01-06 07:27:17,Probe,Probe,0.995,YES,High
2026-01-06 07:27:17,R2L,R2L,0.995,YES,Medium
2026-01-06 07:27:17,U2R,U2R,1.0,YES,Critical
2026-01-06 07:27:17,U2R,U2R,1.0,YES,Critical
2026-01-06 07:27:17,Probe,Probe,1.0,YES,High
2026-01-06 07:27:17,Probe,Probe,1.0,YES,High
2026-01-06 07:27:17,DoS,DoS,1.0,YES,High
2026-01-06 07:27:17,Probe,Probe,0.995,YES,High
2026-01-06 07:27:17,R2L,R2L,0.995,YES,Medium
2026-01-06 07:27:17,R2L,R2L,1.0,YES,Medium
2026-01-06 07:27:17,U2R,U2R,1.0,YES,Critical
2026-01-06 07:27:17,DoS,DoS,1.0,YES,High
2026-01-06 07:27:17,R2L,R2L,1.0,YES,Medium
2026-01-06 07:27:17,U2R,U2R,1.0,YES,Critical
2026-01-06 07:27:17,DoS,DoS,1.0,YES,High
2026-01-06 07:27:17,Probe,Probe,1.0,YES,High
2026-01-06 07:27:17,U2R,U2R,0.99,YES,Critical
2026-01-06 07:27:17,DoS,DoS,1.0,YES,High
2026-01-06 07:27:17,U2R,U2R,1.0,YES,Critical
2026-01-06 07:27:17,Probe,Probe,1.0,YES,High
2026-01-06 07:27:17,U2R,U2R,1.0,YES,Critical
2026-01-06 07:27:17,DoS,DoS,1.0,YES,High
2026-01-06 07:27:17,Probe,Probe,1.0,YES,High
2026-01-06 07:27:17,U2R,U2R,1.0,YES,Critical
2026-01-06 07:27:17,U2R,U2R,1.0,YES,Critical
2026-01-06 07:27:17,DoS,DoS,1.0,YES,High
2026-01-06 07:27:17,U2R,U2R,1.0,YES,Critical
2026-01-06 07:27:17,Probe,Probe,1.0,YES,High
2026-01-06 07:27:17,U2R,U2R,1.0,YES,Critical
2026-01-06 07:27:17,DoS,DoS,1.0,YES,High
2026-01-06 07:27:17,Probe,Probe,1.0,YES,High
2026-01-06 07:27:17,DoS,DoS,1.0,YES,High
2026-01-06 07:27:17,DoS,DoS,1.0,YES,High
2026-01-06 07:27:17,DoS,DoS,1.0,YES,High
2026-01-06 07:27:17,U2R,U2R,1.0,YES,Critical
2026-01-06 07:27:17,U2R,U2R,1.0,YES,Critical
2026-01-06 07:27:17,Probe,Probe,0.98,YES,High
2026-01-06 07:27:17,R2L,R2L,1.0,YES,Medium
2026-01-06 07:27:17,Probe,Probe,0.994,YES,High
2026-01-06 07:27:17,U2R,U2R,1.0,YES,Critical
2026-01-06 07:27:17,U2R,U2R,1.0,YES,Critical
2026-01-06 07:27:17,Probe,Probe,0.915,YES,High
2026-01-06 07:27:17,R2L,R2L,1.0,YES,Medium
2026-01-06 07:27:18,R2L,R2L,1.0,YES,Medium
2026-01-06 07:27:18,DoS,DoS,1.0,YES,High
2026-01-06 07:27:18,U2R,U2R,1.0,YES,Critical
2026-01-06 07:27:18,R2L,R2L,1.0,YES,Medium
2026-01-06 07:27:18,U2R,U2R,1.0,YES,Critical
2026-01-06 07:27:18,Probe,Probe,0.999,YES,High
2026-01-06 07:27:18,R2L,R2L,1.0,YES,Medium
2026-01-06 07:27:18,U2R,U2R,1.0,YES,Critical
2026-01-06 07:27:18,R2L,R2L,1.0,YES,Medium
2026-01-06 07:27:18,Probe,Probe,1.0,YES,High
2026-01-06 07:27:18,R2L,R2L,1.0,YES,Medium
2026-01-06 07:27:18,Probe,Probe,1.0,YES,High
2026-01-06 07:27:18,R2L,R2L,1.0,YES,Medium
2026-01-06 07:27:18,Probe,Probe,0.99,YES,High
2026-01-06 07:27:18,Probe,Probe,1.0,YES,High
2026-01-06 07:27:18,DoS,DoS,1.0,YES,High
2026-01-06 07:27:18,Probe,Probe,1.0,YES,High
2026-01-06 07:27:18,R2L,R2L,1.0,YES,Medium
2026-01-06 07:27:18,R2L,R2L,1.0,YES,Medium
2026-01-06 07:27:18,U2R,U2R,1.0,YES,Critical
2026-01-06 07:27:18,Probe,Probe,1.0,YES,High
2026-01-06 07:27:18,Probe,Probe,0.99,YES,High
2026-01-06 07:27:18,R2L,R2L,1.0,YES,Medium
2026-01-06 07:27:18,U2R,U2R,1.0,YES,Critical
2026-01-06 07:27:18,R2L,R2L,1.0,YES,Medium
2026-01-06 07:27:18,R2L,R2L,1.0,YES,Medium
2026-01-06 07:27:18,DoS,DoS,1.0,YES,High
2026-01-06 07:27:18,U2R,U2R,1.0,YES,Critical
2026-01-06 07:27:18,Probe,Probe,0.994,YES,High
2026-01-06 07:27:18,U2R,U2R,1.0,YES,Critical
2026-01-06 07:27:18,U2R,U2R,1.0,YES,Critical
2026-01-06 07:27:18,U2R,U2R,1.0,YES,Critical
2026-01-06 07:27:18,U2R,U2R,1.0,YES,Critical
2026-01-06 07:27:18,R2L,R2L,1.0,YES,Medium
2026-01-06 07:27:18,U2R,U2R,1.0,YES,Critical
2026-01-06 07:27:18,Probe,Probe,0.994,YES,High
2026-01-06 07:27:18,U2R,U2R,1.0,YES,Critical
2026-01-06 07:27:18,U2R,U2R,1.0,YES,Critical
2026-01-06 07:27:18,Probe,Probe,1.0,YES,High
2026-01-06 07:27:18,Probe,Probe,1.0,YES,High
2026-01-06 07:27:18,U2R,U2R,1.0,YES,Critical
2026-01-06 07:27:18,R2L,R2L,0.999,YES,Medium
2026-01-06 07:27:18,U2R,U2R,1.0,YES,Critical
2026-01-06 07:27:18,DoS,DoS,1.0,YES,High
2026-01-06 07:27:18,Probe,Probe,1.0,YES,High
2026-01-06 07:27:18,DoS,DoS,1.0,YES,High
2026-01-06 07:27:18,U2R,U2R,1.0,YES,Critical
2026-01-06 07:27:18,R2L,R2L,1.0,YES,Medium
2026-01-06 07:27:18,Probe,Probe,1.0,YES,High
2026-01-06 07:27:18,R2L,R2L,1.0,YES,Medium
2026-01-06 07:27:18,U2R,U2R,1.0,YES,Critical
2026-01-06 07:27:18,R2L,R2L,1.0,YES,Medium
2026-01-06 07:27:18,DoS,DoS,1.0,YES,High
2026-01-06 07:27:18,R2L,R2L,1.0,YES,Medium
2026-01-06 07:27:18,U2R,U2R,1.0,YES,Critical
2026-01-06 07:27:18,U2R,U2R,1.0,YES,Critical
2026-01-06 07:27:18,R2L,R2L,1.0,YES,Medium
2026-01-06 07:27:18,DoS,DoS,1.0,YES,High
2026-01-06 07:27:19,Probe,Probe,1.0,YES,High
2026-01-06 07:27:19,R2L,R2L,1.0,YES,Medium
2026-01-06 07:27:19,R2L,R2L,1.0,YES,Medium
2026-01-06 07:27:19,R2L,R2L,1.0,YES,Medium
2026-01-06 07:27:19,U2R,U2R,1.0,YES,Critical
2026-01-06 07:27:19,Probe,Probe,1.0,YES,High
2026-01-06 07:27:19,Probe,Probe,1.0,YES,High
2026-01-06 07:27:19,Probe,Probe,1.0,YES,High
2026-01-06 07:27:19,Probe,Probe,1.0,YES,High
2026-01-06 07:27:19,Probe,Probe,1.0,YES,High
2026-01-06 07:27:19,DoS,DoS,1.0,YES,High
2026-01-06 07:27:19,U2R,U2R,1.0,YES,Critical
2026-01-06 07:27:19,R2L,R2L,1.0,YES,Medium
2026-01-06 07:27:19,R2L,R2L,1.0,YES,Medium
2026-01-06 07:27:19,R2L,R2L,1.0,YES,Medium
2026-01-06 07:27:19,DoS,DoS,1.0,YES,High
2026-01-06 07:27:19,R2L,R2L,1.0,YES,Medium
2026-01-06 07:27:19,U2R,U2R,1.0,YES,Critical
2026-01-06 07:27:19,U2R,U2R,1.0,YES,Critical
2026-01-06 07:27:19,DoS,DoS,1.0,YES,High
2026-01-06 07:27:19,DoS,DoS,1.0,YES,High
2026-01-06 07:27:19,U2R,U2R,1.0,YES,Critical
2026-01-06 07:27:19,U2R,U2R,1.0,YES,Critical
2026-01-06 07:27:19,DoS,DoS,1.0,YES,High
2026-01-06 07:27:19,U2R,U2R,1.0,YES,Critical
2026-01-06 07:27:19,U2R,U2R,1.0,YES,Critical
2026-01-06 07:27:19,R2L,R2L,0.996,YES,Medium
2026-01-06 07:27:19,R2L,R2L,1.0,YES,Medium
2026-01-06 07:27:19,U2R,U2R,1.0,YES,Critical
2026-01-06 07:27:19,Probe,Probe,1.0,YES,High
2026-01-06 07:27:19,U2R,U2R,1.0,YES,Critical
2026-01-06 07:27:19,Probe,Probe,1.0,YES,High
2026-01-06 07:27:19,DoS,DoS,1.0,YES,High
2026-01-06 07:27:19,DoS,DoS,0.94,YES,High
2026-01-06 07:27:19,Probe,Probe,1.0,YES,High
2026-01-06 07:27:19,U2R,U2R,1.0,YES,Critical
2026-01-06 07:27:19,U2R,U2R,1.0,YES,Critical
2026-01-06 07:27:19,R2L,R2L,1.0,YES,Medium
2026-01-06 07:27:19,R2L,R2L,1.0,YES,Medium
2026-01-06 07:27:19,U2R,U2R,1.0,YES,Critical
2026-01-06 07:27:19,DoS,DoS,1.0,YES,High
2026-01-06 07:27:19,U2R,U2R,1.0,YES,Critical
2026-01-06 07:27:19,Probe,Probe,1.0,YES,High
2026-01-06 07:27:19,Probe,Probe,0.995,YES,High
2026-01-06 07:27:19,Probe,Probe,1.0,YES,High
2026-01-06 07:27:19,DoS,DoS,1.0,YES,High
2026-01-06 07:27:19,Probe,Probe,0.995,YES,High
2026-01-06 07:27:19,Probe,Probe,1.0,YES,High
2026-01-06 07:27:19,DoS,DoS,0.995,YES,High
2026-01-06 07:27:19,R2L,R2L,1.0,YES,Medium
2026-01-06 07:27:20,Probe,Probe,1.0,YES,High
2026-01-06 07:27:20,R2L,R2L,1.0,YES,Medium
2026-01-06 07:27:20,R2L,R2L,1.0,YES,Medium
2026-01-06 07:27:20,Probe,Probe,1.0,YES,High
2026-01-06 07:27:20,DoS,DoS,1.0,YES,High
2026-01-06 07:27:20,R2L,R2L,1.0,YES,Medium
2026-01-06 07:27:20,R2L,R2L,1.0,YES,Medium
2026-01-06 07:27:20,DoS,DoS,1.0,YES,High
2026-01-06 07:27:20,Probe,Probe,1.0,YES,High
2026-01-06 07:27:20,Probe,Probe,1.0,YES,High
2026-01-06 07:27:20,DoS,DoS,1.0,YES,High
2026-01-06 07:27:20,R2L,R2L,1.0,YES,Medium
2026-01-06 07:27:20,U2R,U2R,1.0,YES,Critical
2026-01-06 07:27:20,R2L,R2L,1.0,YES,Medium
2026-01-06 07:27:20,R2L,R2L,1.0,YES,Medium
2026-01-06 07:27:20,R2L,R2L,1.0,YES,Medium
2026-01-06 07:27:20,U2R,U2R,1.0,YES,Critical
2026-01-06 07:27:20,R2L,R2L,1.0,YES,Medium
2026-01-06 07:27:20,DoS,DoS,1.0,YES,High
2026-01-06 07:27:20,U2R,U2R,1.0,YES,Critical
2026-01-06 07:27:20,U2R,U2R,1.0,YES,Critical
2026-01-06 07:27:20,U2R,U2R,1.0,YES,Critical
2026-01-06 07:27:20,Probe,Probe,1.0,YES,High
2026-01-06 07:27:20,U2R,U2R,1.0,YES,Critical
2026-01-06 07:27:20,U2R,U2R,1.0,YES,Critical
2026-01-06 07:27:20,U2R,U2R,1.0,YES,Critical
2026-01-06 07:27:20,DoS,DoS,1.0,YES,High
2026-01-06 07:27:20,Probe,Probe,1.0,YES,High
2026-01-06 07:27:20,DoS,DoS,1.0,YES,High
2026-01-06 07:27:20,DoS,DoS,1.0,YES,High
2026-01-06 07:27:20,R2L,R2L,1.0,YES,Medium
2026-01-06 07:27:20,Probe,Probe,1.0,YES,High
2026-01-06 07:27:20,DoS,DoS,1.0,YES,High
2026-01-06 07:27:20,R2L,R2L,1.0,YES,Medium
2026-01-06 07:27:20,DoS,DoS,1.0,YES,High
2026-01-06 07:27:20,Probe,Probe,0.995,YES,High
2026-01-06 07:27:20,U2R,U2R,1.0,YES,Critical
2026-01-06 07:27:20,R2L,R2L,1.0,YES,Medium
2026-01-06 07:27:20,DoS,DoS,1.0,YES,High
2026-01-06 07:27:20,R2L,R2L,0.999,YES,Medium
2026-01-06 07:27:20,Probe,Probe,1.0,YES,High
2026-01-06 07:27:20,R2L,R2L,1.0,YES,Medium
2026-01-06 07:27:20,R2L,R2L,1.0,YES,Medium
2026-01-06 07:27:20,U2R,U2R,1.0,YES,Critical
2026-01-06 07:27:20,U2R,U2R,1.0,YES,Critical
2026-01-06 07:27:20,R2L,R2L,1.0,YES,Medium
2026-01-06 07:27:20,R2L,R2L,1.0,YES,Medium
2026-01-06 07:27:20,DoS,DoS,1.0,YES,High
2026-01-06 07:27:20,Probe,Probe,1.0,YES,High
2026-01-06 07:27:20,U2R,U2R,1.0,YES,Critical
2026-01-06 07:27:20,U2R,U2R,1.0,YES,Critical
2026-01-06 07:27:20,R2L,R2L,1.0,YES,Medium
2026-01-06 07:27:20,U2R,U2R,1.0,YES,Critical
2026-01-06 07:27:21,R2L,R2L,1.0,YES,Medium
2026-01-06 07:27:21,Probe,Probe,1.0,YES,High
2026-01-06 07:27:21,DoS,DoS,0.99,YES,High
2026-01-06 07:27:21,Probe,Probe,1.0,YES,High
2026-01-06 07:27:21,U2R,U2R,1.0,YES,Critical
2026-01-06 07:27:21,DoS,DoS,1.0,YES,High
2026-01-06 07:27:21,R2L,R2L,1.0,YES,Medium
2026-01-06 07:27:21,R2L,R2L,1.0,YES,Medium
2026-01-06 07:27:21,DoS,DoS,1.0,YES,High
2026-01-06 07:27:21,U2R,U2R,0.99,YES,Critical
2026-01-06 07:27:21,DoS,DoS,1.0,YES,High
2026-01-06 07:27:21,Probe,Probe,0.99,YES,High
2026-01-06 07:27:21,DoS,DoS,1.0,YES,High
2026-01-06 07:27:21,U2R,U2R,1.0,YES,Critical
2026-01-06 07:27:21,DoS,DoS,1.0,YES,High
2026-01-06 07:27:21,U2R,U2R,1.0,YES,Critical
2026-01-06 07:27:21,Probe,Probe,1.0,YES,High
2026-01-06 07:27:21,Probe,Probe,1.0,YES,High
2026-01-06 07:27:21,Probe,Probe,0.987,YES,High
2026-01-06 07:27:21,DoS,DoS,1.0,YES,High
2026-01-06 07:27:21,U2R,U2R,1.0,YES,Critical
2026-01-06 07:27:21,DoS,DoS,1.0,YES,High
2026-01-06 07:27:21,U2R,U2R,1.0,YES,Critical
2026-01-06 07:27:21,Probe,Probe,1.0,YES,High
2026-01-06 07:27:21,R2L,R2L,0.955,YES,Medium
2026-01-06 07:27:21,DoS,DoS,1.0,YES,High
2026-01-06 07:27:21,Probe,Probe,1.0,YES,High
2026-01-06 07:27:21,DoS,DoS,1.0,YES,High
2026-01-06 07:27:21,R2L,R2L,1.0,YES,Medium
2026-01-06 07:27:21,U2R,U2R,1.0,YES,Critical
2026-01-06 07:27:21,Probe,Probe,0.993,YES,High
2026-01-06 07:27:21,R2L,R2L,1.0,YES,Medium
2026-01-06 07:27:21,DoS,DoS,1.0,YES,High
2026-01-06 07:27:21,U2R,U2R,1.0,YES,Critical
2026-01-06 07:27:21,R2L,R2L,1.0,YES,Medium
2026-01-06 07:27:21,DoS,DoS,1.0,YES,High
2026-01-06 07:27:21,R2L,R2L,1.0,YES,Medium
2026-01-06 07:27:21,R2L,R2L,0.995,YES,Medium
2026-01-06 07:27:21,DoS,DoS,1.0,YES,High
2026-01-06 07:27:21,DoS,DoS,1.0,YES,High
2026-01-06 07:27:21,Probe,Probe,1.0,YES,High
2026-01-06 07:27:21,R2L,R2L,1.0,YES,Medium
2026-01-06 07:27:21,Probe,Probe,1.0,YES,High
2026-01-06 07:27:21,DoS,DoS,1.0,YES,High
2026-01-06 07:27:21,DoS,DoS,1.0,YES,High
2026-01-06 07:27:21,R2L,R2L,1.0,YES,Medium
2026-01-06 07:27:21,DoS,DoS,1.0,YES,High
2026-01-06 07:27:21,Probe,Probe,1.0,YES,High
2026-01-06 07:27:21,U2R,U2R,1.0,YES,Critical
2026-01-06 07:27:21,U2R,U2R,1.0,YES,Critical
2026-01-06 07:27:21,DoS,DoS,1.0,YES,High
2026-01-06 07:27:21,R2L,R2L,1.0,YES,Medium
2026-01-06 07:27:21,R2L,R2L,1.0,YES,Medium
2026-01-06 07:27:22,R2L,R2L,1.0,YES,Medium
2026-01-06 07:27:22,U2R,U2R,1.0,YES,Critical
2026-01-06 07:27:22,Probe,Probe,1.0,YES,High
2026-01-06 07:27:22,U2R,U2R,1.0,YES,Critical
2026-01-06 07:27:22,R2L,R2L,1.0,YES,Medium
2026-01-06 07:27:22,DoS,DoS,1.0,YES,High
2026-01-06 07:27:22,Probe,Probe,0.998,YES,High
2026-01-06 07:27:22,U2R,U2R,1.0,YES,Critical
2026-01-06 07:27:22,U2R,U2R,1.0,YES,Critical
2026-01-06 07:27:22,U2R,U2R,1.0,YES,Critical
2026-01-06 07:27:22,DoS,DoS,1.0,YES,High
2026-01-06 07:27:22,R2L,R2L,1.0,YES,Medium
2026-01-06 07:27:22,U2R,U2R,1.0,YES,Critical
2026-01-06 07:27:22,R2L,R2L,1.0,YES,Medium
2026-01-06 07:27:22,Probe,Probe,1.0,YES,High
2026-01-06 07:27:22,Probe,Probe,0.998,YES,High
2026-01-06 07:27:22,R2L,R2L,1.0,YES,Medium
2026-01-06 07:27:22,U2R,U2R,1.0,YES,Critical
2026-01-06 07:27:22,DoS,DoS,1.0,YES,High
2026-01-06 07:27:22,Probe,Probe,1.0,YES,High
2026-01-06 07:27:22,R2L,R2L,1.0,YES,Medium
2026-01-06 07:27:22,U2R,U2R,1.0,YES,Critical
2026-01-06 07:27:22,R2L,R2L,1.0,YES,Medium
2026-01-06 07:27:22,Probe,Probe,1.0,YES,High
2026-01-06 07:27:22,U2R,U2R,1.0,YES,Critical
2026-01-06 07:27:22,Probe,Probe,1.0,YES,High
2026-01-06 07:27:22,DoS,DoS,1.0,YES,High
2026-01-06 07:27:22,U2R,U2R,1.0,YES,Critical
2026-01-06 07:27:22,U2R,U2R,1.0,YES,Critical
2026-01-06 07:27:22,DoS,DoS,1.0,YES,High
2026-01-06 07:27:22,R2L,R2L,1.0,YES,Medium
2026-01-06 07:27:22,R2L,R2L,0.995,YES,Medium
2026-01-06 07:27:22,U2R,U2R,1.0,YES,Critical
2026-01-06 07:27:22,U2R,U2R,1.0,YES,Critical
2026-01-06 07:27:22,DoS,DoS,1.0,YES,High
2026-01-06 07:27:22,DoS,DoS,1.0,YES,High
2026-01-06 07:27:22,U2R,U2R,1.0,YES,Critical
2026-01-06 07:27:22,Probe,Probe,1.0,YES,High
2026-01-06 07:27:23,Probe,Probe,1.0,YES,High
2026-01-06 07:27:23,Probe,Probe,1.0,YES,High
2026-01-06 07:27:23,R2L,R2L,1.0,YES,Medium
2026-01-06 07:27:23,Probe,Probe,1.0,YES,High
2026-01-06 07:27:23,Probe,Probe,1.0,YES,High
2026-01-06 07:27:23,Probe,Probe,1.0,YES,High
2026-01-06 07:27:23,Probe,Probe,1.0,YES,High
2026-01-06 07:27:23,R2L,R2L,1.0,YES,Medium
2026-01-06 07:27:23,R2L,R2L,1.0,YES,Medium
2026-01-06 07:27:23,DoS,DoS,1.0,YES,High
2026-01-06 07:27:23,DoS,DoS,1.0,YES,High
2026-01-06 07:27:23,U2R,U2R,1.0,YES,Critical
2026-01-06 07:27:23,U2R,U2R,1.0,YES,Critical
2026-01-06 07:27:23,R2L,R2L,1.0,YES,Medium
2026-01-06 07:27:23,U2R,U2R,0.99,YES,Critical
2026-01-06 07:27:23,R2L,R2L,1.0,YES,Medium
2026-01-06 07:27:23,Probe,Probe,1.0,YES,High
2026-01-06 07:27:23,Probe,Probe,0.978,YES,High
2026-01-06 07:27:23,DoS,DoS,1.0,YES,High
2026-01-06 07:27:23,U2R,U2R,1.0,YES,Critical
2026-01-06 07:27:23,Probe,Probe,1.0,YES,High
2026-01-06 07:27:23,DoS,DoS,1.0,YES,High
2026-01-06 07:27:23,U2R,U2R,1.0,YES,Critical
2026-01-06 07:27:23,R2L,R2L,0.999,YES,Medium
2026-01-06 07:27:23,R2L,R2L,0.995,YES,Medium
2026-01-06 07:27:23,U2R,U2R,1.0,YES,Critical
2026-01-06 07:27:23,DoS,DoS,1.0,YES,High
2026-01-06 07:27:23,U2R,U2R,1.0,YES,Critical
2026-01-06 07:27:23,Probe,Probe,1.0,YES,High
2026-01-06 07:27:23,Probe,Probe,1.0,YES,High
2026-01-06 07:27:23,DoS,DoS,1.0,YES,High
2026-01-06 07:27:23,DoS,DoS,1.0,YES,High
2026-01-06 07:27:23,U2R,U2R,1.0,YES,Critical
2026-01-06 07:27:23,U2R,U2R,1.0,YES,Critical
2026-01-06 07:27:23,Probe,Probe,1.0,YES,High
2026-01-06 07:27:23,R2L,R2L,1.0,YES,Medium
2026-01-06 07:27:23,U2R,U2R,1.0,YES,Critical
2026-01-06 07:27:24,R2L,R2L,1.0,YES,Medium
2026-01-06 07:27:24,DoS,DoS,1.0,YES,High
2026-01-06 07:27:24,R2L,R2L,1.0,YES,Medium
2026-01-06 07:27:24,R2L,R2L,1.0,YES,Medium
2026-01-06 07:27:24,U2R,U2R,1.0,YES,Critical
2026-01-06 07:27:24,DoS,DoS,1.0,YES,High
2026-01-06 07:27:24,DoS,DoS,1.0,YES,High
2026-01-06 07:27:24,R2L,R2L,1.0,YES,Medium
2026-01-06 07:27:24,Probe,Probe,1.0,YES,High
2026-01-06 07:27:24,R2L,R2L,1.0,YES,Medium
2026-01-06 07:27:24,Probe,Probe,1.0,YES,High
2026-01-06 07:27:24,R2L,R2L,1.0,YES,Medium
2026-01-06 07:27:24,R2L,R2L,1.0,YES,Medium
2026-01-06 07:27:24,DoS,DoS,1.0,YES,High
2026-01-06 07:27:24,U2R,U2R,1.0,YES,Critical
2026-01-06 07:27:24,R2L,R2L,0.999,YES,Medium
2026-01-06 07:27:24,R2L,R2L,1.0,YES,Medium
2026-01-06 07:27:24,U2R,U2R,1.0,YES,Critical
2026-01-06 07:27:24,Probe,Probe,1.0,YES,High
2026-01-06 07:27:24,Probe,Probe,1.0,YES,High
2026-01-06 07:27:24,Probe,Probe,1.0,YES,High
2026-01-06 07:27:24,R2L,R2L,1.0,YES,Medium
2026-01-06 07:27:24,DoS,DoS,1.0,YES,High
2026-01-06 07:27:24,U2R,U2R,1.0,YES,Critical
2026-01-06 07:27:24,R2L,R2L,1.0,YES,Medium
2026-01-06 07:27:24,Probe,Probe,1.0,YES,High
2026-01-06 07:27:24,R2L,R2L,0.97,YES,Medium
2026-01-06 07:27:24,U2R,U2R,1.0,YES,Critical
2026-01-06 07:27:24,DoS,DoS,1.0,YES,High
2026-01-06 07:27:24,DoS,DoS,1.0,YES,High
2026-01-06 07:27:24,R2L,R2L,1.0,YES,Medium
2026-01-06 07:27:24,Probe,Probe,1.0,YES,High
2026-01-06 07:27:24,U2R,U2R,1.0,YES,Critical
2026-01-06 07:27:24,U2R,U2R,1.0,YES,Critical
2026-01-06 07:27:24,U2R,U2R,1.0,YES,Critical
2026-01-06 07:27:24,U2R,U2R,1.0,YES,Critical
2026-01-06 07:27:24,U2R,U2R,1.0,YES,Critical
2026-01-06 07:27:24,DoS,DoS,1.0,YES,High
2026-01-06 07:27:24,DoS,DoS,1.0,YES,High
2026-01-06 07:27:24,DoS,DoS,0.995,YES,High
2026-01-06 07:27:24,R2L,R2L,1.0,YES,Medium
2026-01-06 07:27:25,U2R,U2R,1.0,YES,Critical
2026-01-06 07:27:25,U2R,U2R,1.0,YES,Critical
2026-01-06 07:27:25,U2R,U2R,1.0,YES,Critical
2026-01-06 07:27:25,U2R,U2R,1.0,YES,Critical
2026-01-06 07:27:25,DoS,DoS,1.0,YES,High
2026-01-06 07:27:25,DoS,DoS,0.995,YES,High
2026-01-06 07:27:25,U2R,U2R,1.0,YES,Critical
2026-01-06 07:27:25,Probe,Probe,1.0,YES,High
2026-01-06 07:27:25,U2R,U2R,1.0,YES,Critical
2026-01-06 07:27:25,U2R,U2R,1.0,YES,Critical
2026-01-06 07:27:25,U2R,U2R,1.0,YES,Critical
2026-01-06 07:27:25,R2L,R2L,1.0,YES,Medium
2026-01-06 07:27:25,U2R,U2R,1.0,YES,Critical
2026-01-06 07:27:25,R2L,R2L,1.0,YES,Medium
2026-01-06 07:27:25,Probe,Probe,0.995,YES,High
2026-01-06 07:27:25,DoS,DoS,1.0,YES,High
2026-01-06 07:27:25,Probe,Probe,1.0,YES,High
2026-01-06 07:27:25,Probe,Probe,1.0,YES,High
2026-01-06 07:27:25,R2L,R2L,1.0,YES,Medium
2026-01-06 07:27:25,U2R,U2R,1.0,YES,Critical
2026-01-06 07:27:25,U2R,U2R,1.0,YES,Critical
2026-01-06 07:27:25,Probe,Probe,1.0,YES,High
2026-01-06 07:27:25,DoS,DoS,1.0,YES,High
2026-01-06 07:27:25,U2R,U2R,1.0,YES,Critical
2026-01-06 07:27:25,DoS,DoS,1.0,YES,High
2026-01-06 07:27:25,R2L,R2L,1.0,YES,Medium
2026-01-06 07:27:25,R2L,R2L,1.0,YES,Medium
2026-01-06 07:27:25,R2L,R2L,1.0,YES,Medium
2026-01-06 07:27:25,R2L,R2L,1.0,YES,Medium
2026-01-06 07:27:25,U2R,U2R,1.0,YES,Critical
2026-01-06 07:27:25,R2L,R2L,1.0,YES,Medium
2026-01-06 07:27:25,R2L,R2L,1.0,YES,Medium
2026-01-06 07:27:25,DoS,DoS,0.995,YES,High
2026-01-06 07:27:25,U2R,U2R,1.0,YES,Critical
2026-01-06 07:27:25,R2L,R2L,1.0,YES,Medium
2026-01-06 07:27:25,Probe,Probe,1.0,YES,High
2026-01-06 07:27:25,U2R,U2R,1.0,YES,Critical
2026-01-06 07:27:25,R2L,R2L,1.0,YES,Medium
2026-01-06 07:27:25,Probe,Probe,1.0,YES,High
2026-01-06 07:27:25,DoS,DoS,1.0,YES,High
2026-01-06 07:27:25,Probe,Probe,1.0,YES,High
2026-01-06 07:27:25,R2L,R2L,1.0,YES,Medium
2026-01-06 07:27:25,U2R,U2R,1.0,YES,Critical
2026-01-06 07:27:25,DoS,DoS,1.0,YES,High
2026-01-06 07:27:25,Probe,Probe,1.0,YES,High
2026-01-06 07:27:25,U2R,U2R,1.0,YES,Critical
2026-01-06 07:27:25,Probe,Probe,0.999,YES,High
2026-01-06 07:27:25,DoS,DoS,1.0,YES,High
2026-01-06 07:27:25,Probe,Probe,1.0,YES,High
2026-01-06 07:27:25,U2R,U2R,1.0,YES,Critical
2026-01-06 07:27:25,R2L,R2L,1.0,YES,Medium
2026-01-06 07:27:26,Probe,Probe,1.0,YES,High
2026-01-06 07:27:26,Probe,Probe,1.0,YES,High
2026-01-06 07:27:26,U2R,U2R,1.0,YES,Critical
2026-01-06 07:27:26,DoS,DoS,0.99,YES,High
2026-01-06 07:27:26,U2R,U2R,1.0,YES,Critical
2026-01-06 07:27:26,Probe,Probe,0.998,YES,High
2026-01-06 07:27:26,U2R,U2R,1.0,YES,Critical
2026-01-06 07:27:26,DoS,DoS,0.94,YES,High
2026-01-06 07:27:26,R2L,R2L,1.0,YES,Medium
2026-01-06 07:27:26,R2L,R2L,1.0,YES,Medium
2026-01-06 07:27:26,DoS,DoS,1.0,YES,High
2026-01-06 07:27:26,R2L,R2L,1.0,YES,Medium
2026-01-06 07:27:26,Probe,Probe,1.0,YES,High
2026-01-06 07:27:26,U2R,U2R,1.0,YES,Critical
2026-01-06 07:27:26,Probe,Probe,1.0,YES,High
2026-01-06 07:27:26,DoS,DoS,1.0,YES,High
2026-01-06 07:27:26,U2R,U2R,1.0,YES,Critical
2026-01-06 07:27:26,U2R,U2R,1.0,YES,Critical
2026-01-06 07:27:26,U2R,U2R,1.0,YES,Critical
2026-01-06 07:27:26,R2L,R2L,1.0,YES,Medium
2026-01-06 07:27:26,DoS,DoS,1.0,YES,High
2026-01-06 07:27:26,R2L,R2L,1.0,YES,Medium
2026-01-06 07:27:26,Probe,Probe,0.998,YES,High
2026-01-06 07:27:26,R2L,R2L,1.0,YES,Medium
2026-01-06 07:27:26,Probe,Probe,0.935,YES,High
2026-01-06 07:27:26,R2L,R2L,1.0,YES,Medium
2026-01-06 07:27:26,R2L,R2L,1.0,YES,Medium
2026-01-06 07:27:26,U2R,U2R,1.0,YES,Critical
2026-01-06 07:27:26,Probe,Probe,1.0,YES,High
2026-01-06 07:27:26,DoS,DoS,1.0,YES,High
2026-01-06 07:27:26,R2L,R2L,1.0,YES,Medium
2026-01-06 07:27:26,R2L,R2L,1.0,YES,Medium
2026-01-06 07:27:26,DoS,DoS,1.0,YES,High
2026-01-06 07:27:26,U2R,U2R,1.0,YES,Critical
2026-01-06 07:27:26,DoS,DoS,1.0,YES,High
2026-01-06 07:27:26,Probe,Probe,0.965,YES,High
2026-01-06 07:27:26,U2R,U2R,1.0,YES,Critical
2026-01-06 07:27:26,U2R,U2R,1.0,YES,Critical
2026-01-06 07:27:26,DoS,DoS,1.0,YES,High
2026-01-06 07:27:26,U2R,U2R,1.0,YES,Critical
2026-01-06 07:27:26,DoS,DoS,1.0,YES,High
2026-01-06 07:27:26,R2L,R2L,1.0,YES,Medium
2026-01-06 07:27:26,R2L,R2L,0.999,YES,Medium
2026-01-06 07:27:26,Probe,Probe,1.0,YES,High
2026-01-06 07:27:26,DoS,DoS,1.0,YES,High
2026-01-06 07:27:26,U2R,U2R,1.0,YES,Critical
2026-01-06 07:27:26,R2L,R2L,1.0,YES,Medium
2026-01-06 07:27:26,R2L,R2L,1.0,YES,Medium
2026-01-06 07:27:26,DoS,DoS,1.0,YES,High
2026-01-06 07:27:26,U2R,U2R,1.0,YES,Critical
2026-01-06 07:27:26,U2R,U2R,1.0,YES,Critical
2026-01-06 07:27:26,Probe,Probe,1.0,YES,High
2026-01-06 07:27:26,U2R,U2R,1.0,YES,Critical
2026-01-06 07:27:26,DoS,DoS,1.0,YES,High
2026-01-06 07:27:27,R2L,R2L,1.0,YES,Medium
2026-01-06 07:27:27,U2R,U2R,1.0,YES,Critical
2026-01-06 07:27:27,Probe,Probe,1.0,YES,High
2026-01-06 07:27:27,Probe,Probe,1.0,YES,High
2026-01-06 07:27:27,Probe,Probe,1.0,YES,High
2026-01-06 07:27:27,DoS,DoS,0.955,YES,High
2026-01-06 07:27:27,U2R,U2R,1.0,YES,Critical
2026-01-06 07:27:27,U2R,U2R,1.0,YES,Critical
2026-01-06 07:27:27,DoS,DoS,1.0,YES,High
2026-01-06 07:27:27,U2R,U2R,1.0,YES,Critical
2026-01-06 07:27:27,Probe,Probe,1.0,YES,High
2026-01-06 07:27:27,DoS,DoS,0.99,YES,High
2026-01-06 07:27:27,DoS,DoS,0.935,YES,High
2026-01-06 07:27:27,DoS,DoS,1.0,YES,High
2026-01-06 07:27:27,R2L,R2L,1.0,YES,Medium
2026-01-06 07:27:27,DoS,DoS,1.0,YES,High
2026-01-06 07:27:27,R2L,R2L,0.995,YES,Medium
2026-01-06 07:27:27,U2R,U2R,0.995,YES,Critical
2026-01-06 07:27:27,DoS,DoS,1.0,YES,High
2026-01-06 07:27:27,U2R,U2R,1.0,YES,Critical
2026-01-06 07:27:27,DoS,DoS,1.0,YES,High
2026-01-06 07:27:27,Probe,Probe,0.995,YES,High
2026-01-06 07:27:27,Probe,Probe,1.0,YES,High
2026-01-06 07:27:27,Probe,Probe,0.998,YES,High
2026-01-06 07:27:27,U2R,U2R,1.0,YES,Critical
2026-01-06 07:27:27,R2L,R2L,1.0,YES,Medium
2026-01-06 07:27:27,R2L,R2L,1.0,YES,Medium
2026-01-06 07:27:27,U2R,U2R,1.0,YES,Critical
2026-01-06 07:27:27,R2L,R2L,1.0,YES,Medium
2026-01-06 07:27:27,DoS,DoS,1.0,YES,High
2026-01-06 07:27:27,U2R,U2R,1.0,YES,Critical
2026-01-06 07:27:27,Probe,Probe,1.0,YES,High
2026-01-06 07:27:27,U2R,U2R,1.0,YES,Critical
2026-01-06 07:27:27,DoS,DoS,0.99,YES,High
2026-01-06 07:27:27,DoS,DoS,1.0,YES,High
2026-01-06 07:27:27,U2R,U2R,1.0,YES,Critical
2026-01-06 07:27:27,R2L,R2L,1.0,YES,Medium
2026-01-06 07:27:27,DoS,DoS,1.0,YES,High
2026-01-06 07:27:27,DoS,DoS,0.985,YES,High
2026-01-06 07:27:27,DoS,DoS,1.0,YES,High
2026-01-06 07:27:27,R2L,R2L,1.0,YES,Medium
2026-01-06 07:27:27,Probe,Probe,1.0,YES,High
2026-01-06 07:27:27,DoS,DoS,0.995,YES,High
2026-01-06 07:27:27,DoS,DoS,1.0,YES,High
2026-01-06 07:27:27,DoS,DoS,1.0,YES,High
2026-01-06 07:27:27,R2L,R2L,1.0,YES,Medium
2026-01-06 07:27:27,DoS,DoS,0.99,YES,High
2026-01-06 07:27:27,DoS,DoS,0.925,YES,High
2026-01-06 07:27:27,DoS,DoS,1.0,YES,High
2026-01-06 07:27:27,U2R,U2R,1.0,YES,Critical
2026-01-06 07:27:27,Probe,Probe,1.0,YES,High
2026-01-06 07:27:27,U2R,U2R,1.0,YES,Critical
2026-01-06 07:27:27,R2L,R2L,1.0,YES,Medium
2026-01-06 07:27:28,U2R,U2R,1.0,YES,Critical
2026-01-06 07:27:28,R2L,R2L,1.0,YES,Medium
2026-01-06 07:27:28,Probe,Probe,0.995,YES,High
2026-01-06 07:27:28,R2L,R2L,1.0,YES,Medium
2026-01-06 07:27:28,DoS,DoS,1.0,YES,High
2026-01-06 07:27:28,R2L,R2L,1.0,YES,Medium
2026-01-06 07:27:28,Probe,Probe,1.0,YES,High
2026-01-06 07:27:28,DoS,DoS,0.985,YES,High
2026-01-06 07:27:28,Probe,Probe,1.0,YES,High
2026-01-06 07:27:28,R2L,R2L,1.0,YES,Medium
2026-01-06 07:27:28,Probe,Probe,1.0,YES,High
2026-01-06 07:27:28,U2R,U2R,1.0,YES,Critical
2026-01-06 07:27:28,DoS,DoS,1.0,YES,High
2026-01-06 07:27:28,DoS,DoS,1.0,YES,High
2026-01-06 07:27:28,U2R,U2R,1.0,YES,Critical
2026-01-06 07:27:28,R2L,R2L,0.999,YES,Medium
2026-01-06 07:27:28,Probe,Probe,1.0,YES,High
2026-01-06 07:27:28,U2R,U2R,1.0,YES,Critical
2026-01-06 07:27:28,U2R,U2R,0.995,YES,Critical
2026-01-06 07:27:28,U2R,U2R,1.0,YES,Critical
2026-01-06 07:27:28,U2R,U2R,1.0,YES,Critical
2026-01-06 07:27:28,U2R,U2R,1.0,YES,Critical
2026-01-06 07:27:28,U2R,U2R,1.0,YES,Critical
2026-01-06 07:27:28,DoS,DoS,1.0,YES,High
2026-01-06 07:27:28,R2L,R2L,1.0,YES,Medium
2026-01-06 07:27:28,R2L,R2L,1.0,YES,Medium
2026-01-06 07:27:28,R2L,R2L,1.0,YES,Medium
2026-01-06 07:27:28,DoS,DoS,1.0,YES,High
2026-01-06 07:27:28,Probe,Probe,1.0,YES,High
2026-01-06 07:27:28,U2R,U2R,1.0,YES,Critical
2026-01-06 07:27:28,DoS,DoS,1.0,YES,High
2026-01-06 07:27:28,R2L,R2L,1.0,YES,Medium
2026-01-06 07:27:28,U2R,U2R,1.0,YES,Critical
2026-01-06 07:27:28,DoS,DoS,1.0,YES,High
2026-01-06 07:27:28,U2R,U2R,1.0,YES,Critical
2026-01-06 07:27:28,R2L,R2L,0.995,YES,Medium
2026-01-06 07:27:28,U2R,U2R,1.0,YES,Critical
2026-01-06 07:27:28,Probe,Probe,0.995,YES,High
2026-01-06 07:27:28,Probe,Probe,1.0,YES,High
2026-01-06 07:27:28,U2R,U2R,1.0,YES,Critical
2026-01-06 07:27:28,U2R,U2R,1.0,YES,Critical
2026-01-06 07:27:28,DoS,DoS,1.0,YES,High
2026-01-06 07:27:28,Probe,Probe,1.0,YES,High
2026-01-06 07:27:28,R2L,R2L,1.0,YES,Medium
2026-01-06 07:27:28,U2R,U2R,1.0,YES,Critical
2026-01-06 07:27:28,R2L,R2L,1.0,YES,Medium
2026-01-06 07:27:28,R2L,R2L,1.0,YES,Medium
2026-01-06 07:27:28,U2R,U2R,1.0,YES,Critical
2026-01-06 07:27:28,U2R,U2R,1.0,YES,Critical
2026-01-06 07:27:28,U2R,U2R,1.0,YES,Critical
2026-01-06 07:27:28,Probe,Probe,0.88,YES,High
2026-01-06 07:27:28,U2R,U2R,0.995,YES,Critical
2026-01-06 07:27:28,DoS,DoS,1.0,YES,High
2026-01-06 07:27:28,R2L,R2L,0.989,YES,Medium
2026-01-06 07:27:28,Probe,Probe,1.0,YES,High
2026-01-06 07:27:28,U2R,U2R,1.0,YES,Critical
2026-01-06 07:27:28,U2R,U2R,1.0,YES,Critical
2026-01-06 07:27:28,DoS,DoS,1.0,YES,High
2026-01-06 07:27:28,U2R,U2R,1.0,YES,Critical
2026-01-06 07:27:28,U2R,U2R,1.0,YES,Critical
2026-01-06 07:27:29,U2R,U2R,1.0,YES,Critical
2026-01-06 07:27:29,DoS,DoS,1.0,YES,High
2026-01-06 07:27:29,Probe,Probe,1.0,YES,High
2026-01-06 07:27:29,R2L,R2L,1.0,YES,Medium
2026-01-06 07:27:29,U2R,U2R,1.0,YES,Critical
2026-01-06 07:27:29,Probe,Probe,0.994,YES,High
2026-01-06 07:27:29,R2L,R2L,1.0,YES,Medium
2026-01-06 07:27:29,DoS,DoS,1.0,YES,High
2026-01-06 07:27:29,DoS,DoS,1.0,YES,High
2026-01-06 07:27:29,U2R,U2R,1.0,YES,Critical
2026-01-06 07:27:29,Probe,Probe,0.995,YES,High
2026-01-06 07:27:29,DoS,DoS,1.0,YES,High
2026-01-06 07:27:29,U2R,U2R,1.0,YES,Critical
2026-01-06 07:27:29,R2L,R2L,1.0,YES,Medium
2026-01-06 07:27:29,U2R,U2R,1.0,YES,Critical
2026-01-06 07:27:29,Probe,Probe,1.0,YES,High
2026-01-06 07:27:29,DoS,DoS,1.0,YES,High
2026-01-06 07:27:29,U2R,U2R,1.0,YES,Critical
2026-01-06 07:27:29,R2L,R2L,1.0,YES,Medium
2026-01-06 07:27:29,U2R,U2R,1.0,YES,Critical
2026-01-06 07:27:29,DoS,DoS,1.0,YES,High
2026-01-06 07:27:29,DoS,DoS,1.0,YES,High
2026-01-06 07:27:29,DoS,DoS,1.0,YES,High
2026-01-06 07:27:29,U2R,U2R,1.0,YES,Critical
2026-01-06 07:27:29,U2R,U2R,1.0,YES,Critical
2026-01-06 07:27:29,U2R,U2R,1.0,YES,Critical
2026-01-06 07:27:29,Probe,Probe,1.0,YES,High
2026-01-06 07:27:29,R2L,R2L,1.0,YES,Medium
2026-01-06 07:27:29,R2L,R2L,1.0,YES,Medium
2026-01-06 07:27:29,Probe,Probe,1.0,YES,High
2026-01-06 07:27:29,DoS,DoS,1.0,YES,High
2026-01-06 07:27:29,DoS,DoS,1.0,YES,High
2026-01-06 07:27:29,Probe,Probe,1.0,YES,High
2026-01-06 07:27:29,R2L,R2L,1.0,YES,Medium
2026-01-06 07:27:29,Probe,Probe,0.99,YES,High
2026-01-06 07:27:29,U2R,U2R,1.0,YES,Critical
2026-01-06 07:27:29,R2L,R2L,0.995,YES,Medium
2026-01-06 07:27:29,R2L,R2L,1.0,YES,Medium
2026-01-06 07:27:29,Probe,Probe,0.999,YES,High
2026-01-06 07:27:29,Probe,Probe,1.0,YES,High
2026-01-06 07:27:29,R2L,R2L,1.0,YES,Medium
2026-01-06 07:27:29,U2R,U2R,1.0,YES,Critical
2026-01-06 07:27:29,R2L,R2L,1.0,YES,Medium
2026-01-06 07:27:29,U2R,U2R,1.0,YES,Critical
2026-01-06 07:27:29,Probe,Probe,1.0,YES,High
2026-01-06 07:27:29,U2R,U2R,1.0,YES,Critical
2026-01-06 07:27:29,DoS,DoS,1.0,YES,High
2026-01-06 07:27:29,DoS,DoS,1.0,YES,High
2026-01-06 07:27:29,DoS,DoS,1.0,YES,High
2026-01-06 07:27:29,Probe,Probe,1.0,YES,High
2026-01-06 07:27:29,Probe,Probe,0.99,YES,High
2026-01-06 07:27:29,Probe,Probe,1.0,YES,High
2026-01-06 07:27:29,R2L,R2L,1.0,YES,Medium
2026-01-06 07:27:30,DoS,DoS,1.0,YES,High
2026-01-06 07:27:30,Probe,Probe,1.0,YES,High
2026-01-06 07:27:30,Probe,Probe,1.0,YES,High
2026-01-06 07:27:30,U2R,U2R,1.0,YES,Critical
2026-01-06 07:27:30,U2R,U2R,1.0,YES,Critical
2026-01-06 07:27:30,R2L,R2L,1.0,YES,Medium
2026-01-06 07:27:30,Probe,Probe,1.0,YES,High
2026-01-06 07:27:30,R2L,R2L,1.0,YES,Medium
2026-01-06 07:27:30,R2L,R2L,1.0,YES,Medium
2026-01-06 07:27:30,Probe,Probe,1.0,YES,High
2026-01-06 07:27:30,DoS,DoS,1.0,YES,High
2026-01-06 07:27:30,Probe,Probe,1.0,YES,High
2026-01-06 07:27:30,R2L,R2L,1.0,YES,Medium
2026-01-06 07:27:30,DoS,DoS,1.0,YES,High
2026-01-06 07:27:30,Probe,Probe,1.0,YES,High
2026-01-06 07:27:30,Probe,Probe,1.0,YES,High
2026-01-06 07:27:30,DoS,DoS,1.0,YES,High
2026-01-06 07:27:30,R2L,R2L,1.0,YES,Medium
2026-01-06 07:27:30,Probe,Probe,0.994,YES,High
2026-01-06 07:27:30,Probe,Probe,1.0,YES,High
2026-01-06 07:27:30,Probe,Probe,1.0,YES,High
2026-01-06 07:27:30,R2L,R2L,1.0,YES,Medium
2026-01-06 07:27:30,R2L,R2L,1.0,YES,Medium
2026-01-06 07:27:30,Probe,Probe,1.0,YES,High
2026-01-06 07:27:30,DoS,DoS,0.995,YES,High
2026-01-06 07:27:30,U2R,U2R,1.0,YES,Critical
2026-01-06 07:27:30,R2L,R2L,1.0,YES,Medium
2026-01-06 07:27:30,DoS,DoS,1.0,YES,High
2026-01-06 07:27:30,Probe,Probe,1.0,YES,High
2026-01-06 07:27:30,DoS,DoS,1.0,YES,High
2026-01-06 07:27:30,R2L,R2L,1.0,YES,Medium
2026-01-06 07:27:30,DoS,DoS,1.0,YES,High
2026-01-06 07:27:30,DoS,DoS,1.0,YES,High
2026-01-06 07:27:30,U2R,U2R,1.0,YES,Critical
2026-01-06 07:27:30,DoS,DoS,1.0,YES,High
2026-01-06 07:27:30,Probe,Probe,1.0,YES,High
2026-01-06 07:27:30,U2R,U2R,1.0,YES,Critical
2026-01-06 07:27:30,U2R,U2R,1.0,YES,Critical
2026-01-06 07:27:30,U2R,U2R,1.0,YES,Critical
2026-01-06 07:27:30,R2L,R2L,1.0,YES,Medium
2026-01-06 07:27:30,Probe,Probe,1.0,YES,High
2026-01-06 07:27:30,U2R,U2R,1.0,YES,Critical
2026-01-06 07:27:30,DoS,DoS,1.0,YES,High
2026-01-06 07:27:30,DoS,DoS,1.0,YES,High
2026-01-06 07:27:30,DoS,DoS,1.0,YES,High
2026-01-06 07:27:30,R2L,R2L,1.0,YES,Medium
2026-01-06 07:27:30,Probe,Probe,1.0,YES,High
2026-01-06 07:27:30,Probe,Probe,0.995,YES,High
2026-01-06 07:27:30,U2R,U2R,1.0,YES,Critical
2026-01-06 07:27:30,Probe,Probe,0.905,YES,High
2026-01-06 07:27:30,R2L,R2L,0.99,YES,Medium
2026-01-06 07:27:30,U2R,U2R,1.0,YES,Critical
2026-01-06 07:27:30,U2R,U2R,1.0,YES,Critical
2026-01-06 07:27:30,R2L,R2L,1.0,YES,Medium
2026-01-06 07:27:30,R2L,R2L,1.0,YES,Medium
2026-01-06 07:27:30,DoS,DoS,1.0,YES,High
2026-01-06 07:27:30,DoS,DoS,1.0,YES,High
2026-01-06 07:27:31,Probe,Probe,1.0,YES,High
2026-01-06 07:27:31,U2R,U2R,1.0,YES,Critical
2026-01-06 07:27:31,U2R,U2R,1.0,YES,Critical
2026-01-06 07:27:31,R2L,R2L,1.0,YES,Medium
2026-01-06 07:27:31,R2L,R2L,1.0,YES,Medium
2026-01-06 07:27:31,DoS,DoS,1.0,YES,High
2026-01-06 07:27:31,DoS,DoS,1.0,YES,High
2026-01-06 07:27:31,R2L,R2L,1.0,YES,Medium
2026-01-06 07:27:31,Probe,Probe,1.0,YES,High
2026-01-06 07:27:31,U2R,U2R,1.0,YES,Critical
2026-01-06 07:27:31,Probe,Probe,1.0,YES,High
2026-01-06 07:27:31,U2R,U2R,1.0,YES,Critical
2026-01-06 07:27:31,R2L,R2L,1.0,YES,Medium
2026-01-06 07:27:31,R2L,R2L,1.0,YES,Medium
2026-01-06 07:27:31,DoS,DoS,1.0,YES,High
2026-01-06 07:27:31,U2R,U2R,0.995,YES,Critical
2026-01-06 07:27:31,R2L,R2L,0.995,YES,Medium
2026-01-06 07:27:31,Probe,Probe,1.0,YES,High
2026-01-06 07:27:31,DoS,DoS,1.0,YES,High
2026-01-06 07:27:31,Probe,Probe,1.0,YES,High
2026-01-06 07:27:31,DoS,DoS,1.0,YES,High
2026-01-06 07:27:31,R2L,R2L,1.0,YES,Medium
2026-01-06 07:27:31,DoS,DoS,1.0,YES,High
2026-01-06 07:27:31,R2L,R2L,1.0,YES,Medium
2026-01-06 07:27:31,U2R,U2R,1.0,YES,Critical
2026-01-06 07:27:31,U2R,U2R,1.0,YES,Critical
2026-01-06 07:27:31,U2R,U2R,1.0,YES,Critical
2026-01-06 07:27:31,DoS,DoS,1.0,YES,High
2026-01-06 07:27:31,DoS,DoS,1.0,YES,High
2026-01-06 07:27:31,Probe,Probe,1.0,YES,High
2026-01-06 07:27:31,DoS,DoS,1.0,YES,High
2026-01-06 07:27:31,U2R,U2R,1.0,YES,Critical
2026-01-06 07:27:31,DoS,DoS,1.0,YES,High
2026-01-06 07:27:31,U2R,U2R,1.0,YES,Critical
2026-01-06 07:27:31,U2R,U2R,1.0,YES,Critical
2026-01-06 07:27:31,Probe,Probe,1.0,YES,High
2026-01-06 07:27:31,R2L,R2L,1.0,YES,Medium
2026-01-06 07:27:31,DoS,DoS,1.0,YES,High
2026-01-06 07:27:31,R2L,R2L,1.0,YES,Medium
2026-01-06 07:27:31,DoS,DoS,0.989,YES,High
2026-01-06 07:27:31,R2L,R2L,1.0,YES,Medium
2026-01-06 07:27:31,R2L,R2L,1.0,YES,Medium
2026-01-06 07:27:31,U2R,U2R,1.0,YES,Critical
2026-01-06 07:27:31,Probe,Probe,1.0,YES,High
2026-01-06 07:27:31,DoS,DoS,1.0,YES,High
2026-01-06 07:27:31,R2L,R2L,1.0,YES,Medium
2026-01-06 07:27:31,R2L,R2L,1.0,YES,Medium
2026-01-06 07:27:31,Probe,Probe,1.0,YES,High
2026-01-06 07:27:31,U2R,U2R,1.0,YES,Critical
2026-01-06 07:27:31,Probe,Probe,0.985,YES,High
2026-01-06 07:27:31,U2R,U2R,1.0,YES,Critical
2026-01-06 07:27:31,U2R,U2R,1.0,YES,Critical
2026-01-06 07:27:31,Probe,Probe,1.0,YES,High
2026-01-06 07:27:32,DoS,DoS,0.999,YES,High
2026-01-06 07:27:32,U2R,U2R,1.0,YES,Critical
2026-01-06 07:27:32,R2L,R2L,1.0,YES,Medium
2026-01-06 07:27:32,U2R,U2R,1.0,YES,Critical
2026-01-06 07:27:32,R2L,R2L,1.0,YES,Medium
2026-01-06 07:27:32,DoS,DoS,1.0,YES,High
2026-01-06 07:27:32,U2R,U2R,1.0,YES,Critical
2026-01-06 07:27:32,DoS,DoS,1.0,YES,High
2026-01-06 07:27:32,DoS,DoS,1.0,YES,High
2026-01-06 07:27:32,R2L,R2L,1.0,YES,Medium
2026-01-06 07:27:32,Probe,Probe,1.0,YES,High
2026-01-06 07:27:32,Probe,Probe,0.925,YES,High
2026-01-06 07:27:32,U2R,U2R,1.0,YES,Critical
2026-01-06 07:27:32,U2R,U2R,1.0,YES,Critical
2026-01-06 07:27:32,U2R,U2R,1.0,YES,Critical
2026-01-06 07:27:32,Probe,Probe,1.0,YES,High
2026-01-06 07:27:32,Probe,Probe,1.0,YES,High
2026-01-06 07:27:32,U2R,U2R,1.0,YES,Critical
2026-01-06 07:27:32,R2L,R2L,1.0,YES,Medium
2026-01-06 07:27:32,DoS,DoS,1.0,YES,High
2026-01-06 07:27:32,R2L,R2L,1.0,YES,Medium
2026-01-06 07:27:32,DoS,DoS,1.0,YES,High
2026-01-06 07:27:32,U2R,U2R,1.0,YES,Critical
2026-01-06 07:27:32,U2R,U2R,1.0,YES,Critical
2026-01-06 07:27:32,DoS,DoS,1.0,YES,High
2026-01-06 07:27:32,Probe,Probe,0.995,YES,High
2026-01-06 07:27:32,DoS,DoS,0.84,YES,High
2026-01-06 07:27:32,Probe,Probe,1.0,YES,High
2026-01-06 07:27:32,Probe,Probe,1.0,YES,High
2026-01-06 07:27:32,Probe,Probe,0.977,YES,High
2026-01-06 07:27:32,DoS,DoS,1.0,YES,High
2026-01-06 07:27:32,Probe,Probe,1.0,YES,High
2026-01-06 07:27:32,U2R,U2R,1.0,YES,Critical
2026-01-06 07:27:32,DoS,DoS,1.0,YES,High
2026-01-06 07:27:32,U2R,U2R,1.0,YES,Critical
2026-01-06 07:27:32,U2R,U2R,1.0,YES,Critical
2026-01-06 07:27:32,Probe,Probe,1.0,YES,High
2026-01-06 07:27:32,U2R,U2R,1.0,YES,Critical
2026-01-06 07:27:32,Probe,Probe,1.0,YES,High
2026-01-06 07:27:32,R2L,R2L,1.0,YES,Medium
2026-01-06 07:27:32,R2L,R2L,1.0,YES,Medium
2026-01-06 07:27:32,U2R,U2R,1.0,YES,Critical
2026-01-06 07:27:32,Probe,Probe,1.0,YES,High
2026-01-06 07:27:32,U2R,U2R,1.0,YES,Critical
2026-01-06 07:27:32,R2L,R2L,1.0,YES,Medium
2026-01-06 07:27:32,R2L,R2L,1.0,YES,Medium
2026-01-06 07:27:32,U2R,U2R,1.0,YES,Critical
2026-01-06 07:27:32,U2R,U2R,1.0,YES,Critical
2026-01-06 07:27:32,U2R,U2R,1.0,YES,Critical
2026-01-06 07:27:32,DoS,DoS,0.985,YES,High
2026-01-06 07:27:32,Probe,Probe,1.0,YES,High
2026-01-06 07:27:32,Probe,Probe,1.0,YES,High
2026-01-06 07:27:32,U2R,U2R,1.0,YES,Critical
2026-01-06 07:27:32,DoS,DoS,1.0,YES,High
2026-01-06 07:27:33,Probe,Probe,0.999,YES,High
2026-01-06 07:27:33,R2L,R2L,1.0,YES,Medium
2026-01-06 07:27:33,R2L,R2L,1.0,YES,Medium
2026-01-06 07:27:33,DoS,DoS,1.0,YES,High
2026-01-06 07:27:33,Probe,Probe,1.0,YES,High
2026-01-06 07:27:33,U2R,U2R,1.0,YES,Critical
2026-01-06 07:27:33,DoS,DoS,1.0,YES,High
2026-01-06 07:27:33,DoS,DoS,1.0,YES,High
2026-01-06 07:27:33,R2L,R2L,1.0,YES,Medium
2026-01-06 07:27:33,DoS,DoS,1.0,YES,High
2026-01-06 07:27:33,Probe,Probe,0.995,YES,High
2026-01-06 07:27:33,DoS,DoS,1.0,YES,High
2026-01-06 07:27:33,DoS,DoS,1.0,YES,High
2026-01-06 07:27:33,Probe,Probe,0.959,YES,High
2026-01-06 07:27:33,Probe,Probe,1.0,YES,High
2026-01-06 07:27:33,U2R,U2R,1.0,YES,Critical
2026-01-06 07:27:33,R2L,R2L,1.0,YES,Medium
2026-01-06 07:27:33,Probe,Probe,1.0,YES,High
2026-01-06 07:27:33,DoS,DoS,1.0,YES,High
2026-01-06 07:27:33,R2L,R2L,1.0,YES,Medium
2026-01-06 07:27:33,R2L,R2L,1.0,YES,Medium
2026-01-06 07:27:33,Probe,Probe,1.0,YES,High
2026-01-06 07:27:33,Probe,Probe,1.0,YES,High
2026-01-06 07:27:33,R2L,R2L,0.995,YES,Medium
2026-01-06 07:27:33,U2R,U2R,1.0,YES,Critical
2026-01-06 07:27:33,R2L,R2L,1.0,YES,Medium
2026-01-06 07:27:33,R2L,R2L,0.95,YES,Medium
2026-01-06 07:27:33,R2L,R2L,1.0,YES,Medium
2026-01-06 07:27:33,R2L,R2L,1.0,YES,Medium
2026-01-06 07:27:33,R2L,R2L,1.0,YES,Medium
2026-01-06 07:27:33,U2R,U2R,1.0,YES,Critical
2026-01-06 07:27:33,U2R,U2R,1.0,YES,Critical
2026-01-06 07:27:33,R2L,R2L,1.0,YES,Medium
2026-01-06 07:27:33,U2R,U2R,1.0,YES,Critical
2026-01-06 07:27:33,Probe,Probe,1.0,YES,High
2026-01-06 07:27:33,U2R,U2R,1.0,YES,Critical
2026-01-06 07:27:33,Probe,Probe,1.0,YES,High
2026-01-06 07:27:33,U2R,U2R,0.995,YES,Critical
2026-01-06 07:27:33,U2R,U2R,1.0,YES,Critical
2026-01-06 07:27:33,U2R,U2R,1.0,YES,Critical
2026-01-06 07:27:33,Probe,Probe,1.0,YES,High
2026-01-06 07:27:33,Probe,Probe,1.0,YES,High
2026-01-06 07:27:33,DoS,DoS,1.0,YES,High
2026-01-06 07:27:33,DoS,DoS,1.0,YES,High
2026-01-06 07:27:33,U2R,U2R,1.0,YES,Critical
2026-01-06 07:27:33,R2L,R2L,1.0,YES,Medium
2026-01-06 07:27:33,R2L,R2L,1.0,YES,Medium
2026-01-06 07:27:33,U2R,U2R,1.0,YES,Critical
2026-01-06 07:27:33,R2L,R2L,1.0,YES,Medium
2026-01-06 07:27:33,R2L,R2L,1.0,YES,Medium
2026-01-06 07:27:33,R2L,R2L,1.0,YES,Medium
2026-01-06 07:27:33,R2L,R2L,1.0,YES,Medium
2026-01-06 07:27:33,Probe,Probe,1.0,YES,High
2026-01-06 07:27:33,U2R,U2R,1.0,YES,Critical
2026-01-06 07:27:34,R2L,R2L,0.99,YES,Medium
2026-01-06 07:27:34,U2R,U2R,1.0,YES,Critical
2026-01-06 07:27:34,DoS,DoS,1.0,YES,High
2026-01-06 07:27:34,R2L,R2L,1.0,YES,Medium
2026-01-06 07:27:34,U2R,U2R,1.0,YES,Critical
2026-01-06 07:27:34,Probe,Probe,1.0,YES,High
2026-01-06 07:27:34,DoS,DoS,1.0,YES,High
2026-01-06 07:27:34,U2R,U2R,1.0,YES,Critical
2026-01-06 07:27:34,DoS,DoS,0.995,YES,High
2026-01-06 07:27:34,R2L,R2L,1.0,YES,Medium
2026-01-06 07:27:34,DoS,DoS,1.0,YES,High
2026-01-06 07:27:34,U2R,U2R,1.0,YES,Critical
2026-01-06 07:27:34,DoS,DoS,1.0,YES,High
2026-01-06 07:27:34,U2R,U2R,1.0,YES,Critical
2026-01-06 07:27:34,R2L,R2L,1.0,YES,Medium
2026-01-06 07:27:34,DoS,DoS,1.0,YES,High
2026-01-06 07:27:34,R2L,R2L,1.0,YES,Medium
2026-01-06 07:27:34,Probe,Probe,1.0,YES,High
2026-01-06 07:27:34,U2R,U2R,1.0,YES,Critical
2026-01-06 07:27:34,Probe,Probe,1.0,YES,High
2026-01-06 07:27:34,Probe,Probe,1.0,YES,High
2026-01-06 07:27:34,R2L,R2L,1.0,YES,Medium
2026-01-06 07:27:34,Probe,Probe,1.0,YES,High
2026-01-06 07:27:34,R2L,R2L,1.0,YES,Medium
2026-01-06 07:27:34,U2R,U2R,1.0,YES,Critical
2026-01-06 07:27:34,Probe,Probe,1.0,YES,High
2026-01-06 07:27:34,U2R,U2R,1.0,YES,Critical
2026-01-06 07:27:34,U2R,U2R,1.0,YES,Critical
2026-01-06 07:27:34,R2L,R2L,1.0,YES,Medium
2026-01-06 07:27:34,Probe,Probe,1.0,YES,High
2026-01-06 07:27:34,DoS,DoS,1.0,YES,High
2026-01-06 07:27:34,R2L,R2L,0.995,YES,Medium
2026-01-06 07:27:34,Probe,Probe,1.0,YES,High
2026-01-06 07:27:34,R2L,R2L,1.0,YES,Medium
2026-01-06 07:27:34,Probe,Probe,1.0,YES,High
2026-01-06 07:27:34,DoS,DoS,1.0,YES,High
2026-01-06 07:27:34,Probe,Probe,1.0,YES,High
2026-01-06 07:27:34,U2R,U2R,1.0,YES,Critical
2026-01-06 07:27:34,Probe,Probe,1.0,YES,High
2026-01-06 07:27:34,Probe,Probe,1.0,YES,High
2026-01-06 07:27:34,DoS,DoS,1.0,YES,High
2026-01-06 07:27:34,R2L,R2L,1.0,YES,Medium
2026-01-06 07:27:34,DoS,DoS,1.0,YES,High
2026-01-06 07:27:34,Probe,Probe,1.0,YES,High
2026-01-06 07:27:34,R2L,R2L,1.0,YES,Medium
2026-01-06 07:27:34,Probe,Probe,1.0,YES,High
2026-01-06 07:27:34,Probe,Probe,0.985,YES,High
2026-01-06 07:27:34,Probe,Probe,1.0,YES,High
2026-01-06 07:27:34,DoS,DoS,1.0,YES,High
2026-01-06 07:27:34,R2L,R2L,1.0,YES,Medium
2026-01-06 07:27:34,Probe,Normal,0.723,YES,High
2026-01-06 07:27:34,U2R,U2R,1.0,YES,Critical
2026-01-06 07:27:34,DoS,DoS,1.0,YES,High
2026-01-06 07:27:34,DoS,DoS,1.0,YES,High
2026-01-06 07:27:34,DoS,DoS,1.0,YES,High
2026-01-06 07:27:34,U2R,U2R,1.0,YES,Critical
2026-01-06 07:27:34,DoS,DoS,1.0,YES,High
2026-01-06 07:27:34,DoS,DoS,1.0,YES,High
2026-01-06 07:27:35,U2R,U2R,1.0,YES,Critical
2026-01-06 07:27:35,U2R,U2R,1.0,YES,Critical
2026-01-06 07:27:35,Probe,Probe,1.0,YES,High
2026-01-06 07:27:35,DoS,DoS,1.0,YES,High
2026-01-06 07:27:35,U2R,U2R,1.0,YES,Critical
2026-01-06 07:27:35,R2L,R2L,1.0,YES,Medium
2026-01-06 07:27:35,DoS,DoS,1.0,YES,High
2026-01-06 07:27:35,DoS,DoS,1.0,YES,High
2026-01-06 07:27:35,DoS,DoS,1.0,YES,High
2026-01-06 07:27:35,DoS,DoS,1.0,YES,High
2026-01-06 07:27:35,DoS,DoS,0.995,YES,High
2026-01-06 07:27:35,U2R,U2R,1.0,YES,Critical
2026-01-06 07:27:35,Probe,Probe,1.0,YES,High
2026-01-06 07:27:35,DoS,DoS,1.0,YES,High
2026-01-06 07:27:35,Probe,Probe,1.0,YES,High
2026-01-06 07:27:35,R2L,R2L,1.0,YES,Medium
2026-01-06 07:27:35,U2R,U2R,1.0,YES,Critical
2026-01-06 07:27:35,R2L,R2L,0.999,YES,Medium
2026-01-06 07:27:35,DoS,DoS,1.0,YES,High
2026-01-06 07:27:35,DoS,DoS,1.0,YES,High
2026-01-06 07:27:35,U2R,U2R,0.995,YES,Critical
2026-01-06 07:27:35,R2L,R2L,1.0,YES,Medium
2026-01-06 07:27:35,Probe,Probe,1.0,YES,High
2026-01-06 07:27:35,Probe,Probe,1.0,YES,High
2026-01-06 07:27:35,U2R,U2R,1.0,YES,Critical
2026-01-06 07:27:35,DoS,DoS,1.0,YES,High
2026-01-06 07:27:35,U2R,U2R,1.0,YES,Critical
2026-01-06 07:27:35,R2L,R2L,1.0,YES,Medium
2026-01-06 07:27:35,U2R,U2R,1.0,YES,Critical
2026-01-06 07:27:35,Probe,Probe,1.0,YES,High
2026-01-06 07:27:35,R2L,R2L,1.0,YES,Medium
2026-01-06 07:27:35,Probe,Probe,1.0,YES,High
2026-01-06 07:27:35,U2R,U2R,1.0,YES,Critical
2026-01-06 07:27:35,DoS,DoS,1.0,YES,High
2026-01-06 07:27:36,DoS,DoS,1.0,YES,High
2026-01-06 07:27:36,R2L,R2L,1.0,YES,Medium
2026-01-06 07:27:36,Probe,Probe,1.0,YES,High
2026-01-06 07:27:36,Probe,Probe,0.999,YES,High
2026-01-06 07:27:36,R2L,R2L,1.0,YES,Medium
2026-01-06 07:27:36,Probe,Probe,1.0,YES,High
2026-01-06 07:27:36,R2L,R2L,1.0,YES,Medium
2026-01-06 07:27:36,DoS,DoS,1.0,YES,High
2026-01-06 07:27:36,R2L,R2L,1.0,YES,Medium
2026-01-06 07:27:36,U2R,U2R,1.0,YES,Critical
2026-01-06 07:27:36,R2L,R2L,1.0,YES,Medium
2026-01-06 07:27:36,Probe,Probe,1.0,YES,High
2026-01-06 07:27:36,DoS,DoS,1.0,YES,High
2026-01-06 07:27:36,Probe,Probe,0.959,YES,High
2026-01-06 07:27:36,U2R,U2R,1.0,YES,Critical
2026-01-06 07:27:36,DoS,DoS,0.985,YES,High
2026-01-06 07:27:36,Probe,Probe,0.999,YES,High
2026-01-06 07:27:36,U2R,U2R,1.0,YES,Critical
2026-01-06 07:27:36,R2L,R2L,1.0,YES,Medium
2026-01-06 07:27:36,DoS,DoS,1.0,YES,High
2026-01-06 07:27:36,R2L,R2L,1.0,YES,Medium
2026-01-06 07:27:36,Probe,Probe,0.999,YES,High
2026-01-06 07:27:36,Probe,Probe,0.995,YES,High
2026-01-06 07:27:36,DoS,DoS,1.0,YES,High
2026-01-06 07:27:36,R2L,R2L,1.0,YES,Medium
2026-01-06 07:27:36,U2R,U2R,1.0,YES,Critical
2026-01-06 07:27:36,DoS,DoS,0.999,YES,High
2026-01-06 07:27:36,DoS,DoS,1.0,YES,High
2026-01-06 07:27:36,U2R,U2R,1.0,YES,Critical
2026-01-06 07:27:36,R2L,R2L,1.0,YES,Medium
2026-01-06 07:27:36,Probe,Probe,1.0,YES,High
2026-01-06 07:27:36,Probe,Probe,0.99,YES,High
2026-01-06 07:27:36,R2L,R2L,1.0,YES,Medium
2026-01-06 07:27:36,DoS,DoS,0.995,YES,High
2026-01-06 07:27:36,DoS,DoS,1.0,YES,High
2026-01-06 07:27:36,R2L,R2L,1.0,YES,Medium
2026-01-06 07:27:36,R2L,R2L,0.995,YES,Medium
2026-01-06 07:27:36,U2R,U2R,1.0,YES,Critical
2026-01-06 07:27:37,DoS,DoS,0.98,YES,High
2026-01-06 07:27:37,DoS,DoS,1.0,YES,High
2026-01-06 07:27:37,DoS,DoS,1.0,YES,High
2026-01-06 07:27:37,U2R,U2R,1.0,YES,Critical
2026-01-06 07:27:37,R2L,R2L,0.99,YES,Medium
2026-01-06 07:27:37,R2L,R2L,1.0,YES,Medium
2026-01-06 07:27:37,U2R,U2R,1.0,YES,Critical
2026-01-06 07:27:37,DoS,DoS,1.0,YES,High
2026-01-06 07:27:37,R2L,R2L,1.0,YES,Medium
2026-01-06 07:27:37,Probe,Probe,1.0,YES,High
2026-01-06 07:27:37,DoS,DoS,1.0,YES,High
2026-01-06 07:27:37,R2L,R2L,1.0,YES,Medium
2026-01-06 07:27:37,U2R,U2R,1.0,YES,Critical
2026-01-06 07:27:37,R2L,R2L,1.0,YES,Medium
2026-01-06 07:27:37,U2R,U2R,1.0,YES,Critical
2026-01-06 07:27:37,Probe,Probe,1.0,YES,High
2026-01-06 07:27:37,Probe,Probe,1.0,YES,High
2026-01-06 07:27:37,U2R,U2R,1.0,YES,Critical
2026-01-06 07:27:37,Probe,Probe,0.999,YES,High
2026-01-06 07:27:37,Probe,Probe,1.0,YES,High
2026-01-06 07:27:37,R2L,R2L,1.0,YES,Medium
2026-01-06 07:27:37,DoS,DoS,1.0,YES,High
2026-01-06 07:27:37,DoS,DoS,1.0,YES,High
2026-01-06 07:27:37,U2R,U2R,1.0,YES,Critical
2026-01-06 07:27:37,U2R,U2R,1.0,YES,Critical
2026-01-06 07:27:37,R2L,R2L,1.0,YES,Medium
2026-01-06 07:27:37,DoS,DoS,1.0,YES,High
2026-01-06 07:27:37,DoS,DoS,1.0,YES,High
2026-01-06 07:27:37,Probe,Probe,0.995,YES,High
2026-01-06 07:27:37,Probe,Probe,1.0,YES,High
2026-01-06 07:27:37,Probe,Probe,1.0,YES,High
2026-01-06 07:27:37,DoS,DoS,1.0,YES,High
2026-01-06 07:27:37,DoS,DoS,1.0,YES,High
2026-01-06 07:27:37,DoS,DoS,0.985,YES,High
2026-01-06 07:27:37,R2L,R2L,1.0,YES,Medium
2026-01-06 07:27:37,DoS,DoS,1.0,YES,High
2026-01-06 07:27:37,Probe,Probe,1.0,YES,High
2026-01-06 07:27:37,R2L,R2L,1.0,YES,Medium
2026-01-06 07:27:37,DoS,DoS,1.0,YES,High
2026-01-06 07:27:37,Probe,Probe,1.0,YES,High
2026-01-06 07:27:37,R2L,R2L,1.0,YES,Medium
2026-01-06 07:27:37,DoS,DoS,1.0,YES,High
2026-01-06 07:27:37,DoS,DoS,1.0,YES,High
2026-01-06 07:27:37,R2L,R2L,1.0,YES,Medium
2026-01-06 07:27:38,Probe,Probe,1.0,YES,High
2026-01-06 07:27:38,R2L,R2L,1.0,YES,Medium
2026-01-06 07:27:38,DoS,DoS,1.0,YES,High
2026-01-06 07:27:38,U2R,U2R,1.0,YES,Critical
2026-01-06 07:27:38,Probe,Probe,1.0,YES,High
2026-01-06 07:27:38,U2R,U2R,1.0,YES,Critical
2026-01-06 07:27:38,DoS,DoS,1.0,YES,High
2026-01-06 07:27:38,DoS,DoS,1.0,YES,High
2026-01-06 07:27:38,DoS,DoS,1.0,YES,High
2026-01-06 07:27:38,DoS,DoS,0.995,YES,High
2026-01-06 07:27:38,R2L,R2L,1.0,YES,Medium
2026-01-06 07:27:38,DoS,DoS,1.0,YES,High
2026-01-06 07:27:38,Probe,Probe,1.0,YES,High
2026-01-06 07:27:38,DoS,DoS,1.0,YES,High
2026-01-06 07:27:38,R2L,R2L,1.0,YES,Medium
2026-01-06 07:27:38,DoS,DoS,1.0,YES,High
2026-01-06 07:27:38,U2R,U2R,1.0,YES,Critical
2026-01-06 07:27:38,U2R,U2R,1.0,YES,Critical
2026-01-06 07:27:38,Probe,Probe,0.988,YES,High
2026-01-06 07:27:38,R2L,R2L,1.0,YES,Medium
2026-01-06 07:27:38,U2R,U2R,1.0,YES,Critical
2026-01-06 07:27:38,R2L,R2L,1.0,YES,Medium
2026-01-06 07:27:38,Probe,Probe,0.995,YES,High
2026-01-06 07:27:38,R2L,R2L,1.0,YES,Medium
2026-01-06 07:27:38,Probe,Probe,0.995,YES,High
2026-01-06 07:27:38,U2R,U2R,1.0,YES,Critical
2026-01-06 07:27:38,DoS,DoS,1.0,YES,High
2026-01-06 07:27:38,R2L,R2L,1.0,YES,Medium
2026-01-06 07:27:38,R2L,R2L,1.0,YES,Medium
2026-01-06 07:27:38,R2L,R2L,1.0,YES,Medium
2026-01-06 07:27:38,U2R,U2R,1.0,YES,Critical
2026-01-06 07:27:38,U2R,U2R,1.0,YES,Critical
2026-01-06 07:27:38,U2R,U2R,1.0,YES,Critical
2026-01-06 07:27:38,Probe,Probe,1.0,YES,High
2026-01-06 07:27:38,R2L,R2L,1.0,YES,Medium
2026-01-06 07:27:38,R2L,R2L,1.0,YES,Medium
2026-01-06 07:27:38,R2L,R2L,1.0,YES,Medium
2026-01-06 07:27:38,Probe,Probe,1.0,YES,High
2026-01-06 07:27:38,U2R,U2R,1.0,YES,Critical
2026-01-06 07:27:38,DoS,DoS,1.0,YES,High
2026-01-06 07:27:38,R2L,R2L,1.0,YES,Medium
2026-01-06 07:27:38,Probe,Probe,1.0,YES,High
2026-01-06 07:27:38,Probe,Probe,1.0,YES,High
2026-01-06 07:27:38,DoS,DoS,1.0,YES,High
2026-01-06 07:27:38,R2L,R2L,1.0,YES,Medium
2026-01-06 07:27:38,U2R,U2R,1.0,YES,Critical
2026-01-06 07:27:38,DoS,DoS,1.0,YES,High
2026-01-06 07:27:38,U2R,U2R,1.0,YES,Critical
2026-01-06 07:27:38,DoS,DoS,1.0,YES,High
2026-01-06 07:27:38,R2L,R2L,1.0,YES,Medium
2026-01-06 07:27:39,U2R,U2R,1.0,YES,Critical
2026-01-06 07:27:39,U2R,U2R,1.0,YES,Critical
2026-01-06 07:27:39,R2L,R2L,1.0,YES,Medium
2026-01-06 07:27:39,DoS,DoS,1.0,YES,High
2026-01-06 07:27:39,U2R,U2R,1.0,YES,Critical
2026-01-06 07:27:39,Probe,Probe,0.998,YES,High
2026-01-06 07:27:39,DoS,DoS,1.0,YES,High
2026-01-06 07:27:39,U2R,U2R,1.0,YES,Critical
2026-01-06 07:27:39,U2R,U2R,1.0,YES,Critical
2026-01-06 07:27:39,DoS,DoS,1.0,YES,High
2026-01-06 07:27:39,U2R,U2R,1.0,YES,Critical
2026-01-06 07:27:39,U2R,U2R,1.0,YES,Critical
2026-01-06 07:27:39,Probe,Probe,1.0,YES,High
2026-01-06 07:27:39,Probe,Probe,1.0,YES,High
2026-01-06 07:27:39,DoS,DoS,1.0,YES,High
2026-01-06 07:27:39,R2L,R2L,1.0,YES,Medium
2026-01-06 07:27:39,DoS,DoS,1.0,YES,High
2026-01-06 07:27:39,Probe,Probe,1.0,YES,High
2026-01-06 07:27:39,DoS,DoS,1.0,YES,High
2026-01-06 07:27:39,U2R,U2R,1.0,YES,Critical
2026-01-06 07:27:39,U2R,U2R,1.0,YES,Critical
2026-01-06 07:27:39,R2L,R2L,1.0,YES,Medium
2026-01-06 07:27:39,R2L,R2L,1.0,YES,Medium
2026-01-06 07:27:39,R2L,R2L,1.0,YES,Medium
2026-01-06 07:27:39,R2L,R2L,1.0,YES,Medium
2026-01-06 07:27:39,DoS,DoS,1.0,YES,High
2026-01-06 07:27:39,U2R,U2R,1.0,YES,Critical
2026-01-06 07:27:39,U2R,U2R,1.0,YES,Critical
2026-01-06 07:27:39,DoS,DoS,1.0,YES,High
2026-01-06 07:27:39,Probe,Probe,1.0,YES,High
2026-01-06 07:27:39,U2R,U2R,1.0,YES,Critical
2026-01-06 07:27:39,R2L,R2L,1.0,YES,Medium
2026-01-06 07:27:39,U2R,U2R,1.0,YES,Critical
2026-01-06 07:27:39,Probe,Probe,1.0,YES,High
2026-01-06 07:27:39,U2R,U2R,1.0,YES,Critical
2026-01-06 07:27:39,U2R,U2R,1.0,YES,Critical
2026-01-06 07:27:39,Probe,Probe,1.0,YES,High
2026-01-06 07:27:39,DoS,DoS,1.0,YES,High
2026-01-06 07:27:39,U2R,U2R,1.0,YES,Critical
2026-01-06 07:27:39,Probe,Probe,1.0,YES,High
2026-01-06 07:27:39,R2L,R2L,1.0,YES,Medium
2026-01-06 07:27:39,U2R,U2R,1.0,YES,Critical
2026-01-06 07:27:39,Probe,Probe,1.0,YES,High
2026-01-06 07:27:39,Probe,Probe,0.965,YES,High
2026-01-06 07:27:39,DoS,DoS,1.0,YES,High
2026-01-06 07:27:39,DoS,DoS,1.0,YES,High
2026-01-06 07:27:39,U2R,U2R,1.0,YES,Critical
2026-01-06 07:27:39,U2R,U2R,1.0,YES,Critical
2026-01-06 07:27:39,Probe,Probe,1.0,YES,High
2026-01-06 07:27:39,U2R,U2R,1.0,YES,Critical
2026-01-06 07:27:39,Probe,Probe,0.995,YES,High
2026-01-06 07:27:39,Probe,Probe,1.0,YES,High
2026-01-06 07:27:39,R2L,R2L,1.0,YES,Medium
2026-01-06 07:27:39,R2L,R2L,1.0,YES,Medium
2026-01-06 07:27:39,R2L,R2L,1.0,YES,Medium
2026-01-06 07:27:39,R2L,R2L,1.0,YES,Medium
2026-01-06 07:27:39,U2R,U2R,1.0,YES,Critical
2026-01-06 07:27:39,Probe,Probe,1.0,YES,High
2026-01-06 07:27:40,Probe,Probe,1.0,YES,High
2026-01-06 07:27:40,Probe,Probe,1.0,YES,High
2026-01-06 07:27:40,Probe,Probe,1.0,YES,High
2026-01-06 07:27:40,DoS,DoS,0.985,YES,High
2026-01-06 07:27:40,DoS,DoS,1.0,YES,High
2026-01-06 07:27:40,DoS,DoS,1.0,YES,High
2026-01-06 07:27:40,R2L,R2L,1.0,YES,Medium
2026-01-06 07:27:40,U2R,U2R,1.0,YES,Critical
2026-01-06 07:27:40,U2R,U2R,1.0,YES,Critical
2026-01-06 07:27:40,R2L,R2L,1.0,YES,Medium
2026-01-06 07:27:40,DoS,DoS,1.0,YES,High
2026-01-06 07:27:40,Probe,Probe,1.0,YES,High
2026-01-06 07:27:40,Probe,Probe,1.0,YES,High
2026-01-06 07:27:40,U2R,U2R,1.0,YES,Critical
2026-01-06 07:27:40,R2L,R2L,1.0,YES,Medium
2026-01-06 07:27:40,U2R,U2R,1.0,YES,Critical
2026-01-06 07:27:40,U2R,U2R,1.0,YES,Critical
2026-01-06 07:27:40,U2R,U2R,0.995,YES,Critical
2026-01-06 07:27:40,R2L,R2L,1.0,YES,Medium
2026-01-06 07:27:40,DoS,DoS,1.0,YES,High
2026-01-06 07:27:40,Probe,Probe,1.0,YES,High
2026-01-06 07:27:40,R2L,R2L,0.999,YES,Medium
2026-01-06 07:27:40,R2L,R2L,1.0,YES,Medium
2026-01-06 07:27:40,R2L,R2L,1.0,YES,Medium
2026-01-06 07:27:40,Probe,Probe,1.0,YES,High
2026-01-06 07:27:40,Probe,Probe,1.0,YES,High
2026-01-06 07:27:40,DoS,DoS,0.995,YES,High
2026-01-06 07:27:40,U2R,U2R,1.0,YES,Critical
2026-01-06 07:27:40,DoS,DoS,0.999,YES,High
2026-01-06 07:27:40,U2R,U2R,1.0,YES,Critical
2026-01-06 07:27:40,R2L,R2L,1.0,YES,Medium
2026-01-06 07:27:40,R2L,R2L,1.0,YES,Medium
2026-01-06 07:27:40,DoS,DoS,1.0,YES,High
2026-01-06 07:27:40,DoS,DoS,0.999,YES,High
2026-01-06 07:27:40,Probe,Probe,1.0,YES,High
2026-01-06 07:27:40,Probe,Probe,1.0,YES,High
2026-01-06 07:27:40,DoS,DoS,1.0,YES,High
2026-01-06 07:27:40,R2L,R2L,1.0,YES,Medium
2026-01-06 07:27:40,U2R,U2R,1.0,YES,Critical
2026-01-06 07:27:40,DoS,DoS,1.0,YES,High
2026-01-06 07:27:40,DoS,DoS,1.0,YES,High
2026-01-06 07:27:40,Probe,Probe,1.0,YES,High
2026-01-06 07:27:40,DoS,DoS,1.0,YES,High
2026-01-06 07:27:40,U2R,U2R,1.0,YES,Critical
2026-01-06 07:27:40,R2L,R2L,1.0,YES,Medium
2026-01-06 07:27:40,Probe,Probe,1.0,YES,High
2026-01-06 07:27:40,R2L,R2L,1.0,YES,Medium
2026-01-06 07:27:40,U2R,U2R,1.0,YES,Critical
2026-01-06 07:27:40,Probe,Probe,0.993,YES,High
2026-01-06 07:27:40,DoS,DoS,1.0,YES,High
2026-01-06 07:27:40,DoS,DoS,1.0,YES,High
2026-01-06 07:27:40,U2R,U2R,1.0,YES,Critical
2026-01-06 07:27:40,U2R,U2R,1.0,YES,Critical
2026-01-06 07:27:40,Probe,Probe,1.0,YES,High
2026-01-06 07:27:41,Probe,Probe,1.0,YES,High
2026-01-06 07:27:41,U2R,U2R,1.0,YES,Critical
2026-01-06 07:27:41,R2L,R2L,1.0,YES,Medium
2026-01-06 07:27:41,U2R,U2R,1.0,YES,Critical
2026-01-06 07:27:41,Probe,Probe,0.99,YES,High
2026-01-06 07:27:41,DoS,DoS,1.0,YES,High
2026-01-06 07:27:41,DoS,DoS,1.0,YES,High
2026-01-06 07:27:41,Probe,Probe,1.0,YES,High
2026-01-06 07:27:41,DoS,DoS,1.0,YES,High
2026-01-06 07:27:41,U2R,U2R,0.99,YES,Critical
2026-01-06 07:27:41,Probe,Probe,1.0,YES,High
2026-01-06 07:27:41,Probe,Probe,1.0,YES,High
2026-01-06 07:27:41,DoS,DoS,1.0,YES,High
2026-01-06 07:27:41,R2L,R2L,1.0,YES,Medium
2026-01-06 07:27:41,Probe,Probe,0.994,YES,High
2026-01-06 07:27:41,R2L,R2L,1.0,YES,Medium
2026-01-06 07:27:41,Probe,Probe,1.0,YES,High
2026-01-06 07:27:41,Probe,Probe,0.999,YES,High
2026-01-06 07:27:41,R2L,R2L,1.0,YES,Medium
2026-01-06 07:27:41,Probe,Probe,1.0,YES,High
2026-01-06 07:27:41,R2L,R2L,1.0,YES,Medium
2026-01-06 07:27:41,Probe,Probe,0.995,YES,High
2026-01-06 07:27:41,U2R,U2R,1.0,YES,Critical
2026-01-06 07:27:41,U2R,U2R,0.995,YES,Critical
2026-01-06 07:27:41,Probe,Probe,1.0,YES,High
2026-01-06 07:27:41,Probe,Probe,1.0,YES,High
2026-01-06 07:27:41,DoS,DoS,1.0,YES,High
2026-01-06 07:27:41,R2L,R2L,1.0,YES,Medium
2026-01-06 07:27:41,R2L,R2L,1.0,YES,Medium
2026-01-06 07:27:41,R2L,R2L,1.0,YES,Medium
2026-01-06 07:27:41,U2R,U2R,1.0,YES,Critical
2026-01-06 07:27:41,Probe,Probe,1.0,YES,High
2026-01-06 07:27:41,R2L,R2L,1.0,YES,Medium
2026-01-06 07:27:41,R2L,R2L,1.0,YES,Medium
2026-01-06 07:27:41,DoS,DoS,1.0,YES,High
2026-01-06 07:27:41,R2L,R2L,1.0,YES,Medium
2026-01-06 07:27:41,Probe,Probe,1.0,YES,High
2026-01-06 07:27:41,DoS,DoS,0.982,YES,High
2026-01-06 07:27:41,R2L,R2L,0.995,YES,Medium
2026-01-06 07:27:41,DoS,DoS,1.0,YES,High
2026-01-06 07:27:41,Probe,Probe,1.0,YES,High
2026-01-06 07:27:41,R2L,R2L,1.0,YES,Medium
2026-01-06 07:27:41,Probe,Probe,0.979,YES,High
2026-01-06 07:27:41,U2R,U2R,1.0,YES,Critical
2026-01-06 07:27:41,DoS,DoS,1.0,YES,High
2026-01-06 07:27:41,U2R,U2R,1.0,YES,Critical
2026-01-06 07:27:41,DoS,DoS,1.0,YES,High
2026-01-06 07:27:41,DoS,DoS,0.995,YES,High
2026-01-06 07:27:41,U2R,U2R,1.0,YES,Critical
2026-01-06 07:27:41,Probe,Probe,0.995,YES,High
2026-01-06 07:27:41,U2R,U2R,1.0,YES,Critical
2026-01-06 07:27:41,U2R,U2R,1.0,YES,Critical
2026-01-06 07:27:41,U2R,U2R,0.995,YES,Critical
2026-01-06 07:27:41,DoS,DoS,1.0,YES,High
2026-01-06 07:27:41,R2L,R2L,0.999,YES,Medium
2026-01-06 07:27:41,DoS,DoS,1.0,YES,High
2026-01-06 07:27:42,R2L,R2L,1.0,YES,Medium
2026-01-06 07:27:42,Probe,Probe,1.0,YES,High
2026-01-06 07:27:42,R2L,R2L,1.0,YES,Medium
2026-01-06 07:27:42,U2R,U2R,1.0,YES,Critical
2026-01-06 07:27:42,U2R,U2R,1.0,YES,Critical
2026-01-06 07:27:42,U2R,U2R,1.0,YES,Critical
2026-01-06 07:27:42,DoS,DoS,1.0,YES,High
2026-01-06 07:27:42,DoS,DoS,1.0,YES,High
2026-01-06 07:27:42,Probe,Probe,1.0,YES,High
2026-01-06 07:27:42,Probe,Probe,1.0,YES,High
2026-01-06 07:27:42,U2R,U2R,1.0,YES,Critical
2026-01-06 07:27:42,R2L,R2L,1.0,YES,Medium
2026-01-06 07:27:42,Probe,Probe,1.0,YES,High
2026-01-06 07:27:42,DoS,DoS,1.0,YES,High
2026-01-06 07:27:42,DoS,DoS,1.0,YES,High
2026-01-06 07:27:42,Probe,Probe,1.0,YES,High
2026-01-06 07:27:42,Probe,Probe,1.0,YES,High
2026-01-06 07:27:42,Probe,Probe,1.0,YES,High
2026-01-06 07:27:42,Probe,Probe,1.0,YES,High
2026-01-06 07:27:42,Probe,Probe,1.0,YES,High
2026-01-06 07:27:42,R2L,R2L,1.0,YES,Medium
2026-01-06 07:27:42,DoS,DoS,1.0,YES,High
2026-01-06 07:27:42,DoS,DoS,0.995,YES,High
2026-01-06 07:27:42,R2L,R2L,0.995,YES,Medium
2026-01-06 07:27:42,R2L,R2L,1.0,YES,Medium
2026-01-06 07:27:42,DoS,DoS,0.985,YES,High
2026-01-06 07:27:42,DoS,DoS,1.0,YES,High
2026-01-06 07:27:42,DoS,DoS,1.0,YES,High
2026-01-06 07:27:42,DoS,DoS,1.0,YES,High
2026-01-06 07:27:42,Probe,Probe,1.0,YES,High
2026-01-06 07:27:42,Probe,Probe,1.0,YES,High
2026-01-06 07:27:42,DoS,DoS,1.0,YES,High
2026-01-06 07:27:42,Probe,Probe,1.0,YES,High
2026-01-06 07:27:42,DoS,DoS,1.0,YES,High
2026-01-06 07:27:42,Probe,Probe,1.0,YES,High
2026-01-06 07:27:42,R2L,R2L,1.0,YES,Medium
2026-01-06 07:27:42,DoS,DoS,1.0,YES,High
2026-01-06 07:27:42,U2R,U2R,1.0,YES,Critical
2026-01-06 07:27:42,R2L,R2L,1.0,YES,Medium
2026-01-06 07:27:42,U2R,U2R,1.0,YES,Critical
2026-01-06 07:27:42,DoS,DoS,1.0,YES,High
2026-01-06 07:27:42,R2L,R2L,1.0,YES,Medium
2026-01-06 07:27:42,DoS,DoS,1.0,YES,High
2026-01-06 07:27:42,U2R,U2R,1.0,YES,Critical
2026-01-06 07:27:42,U2R,U2R,1.0,YES,Critical
2026-01-06 07:27:42,R2L,R2L,1.0,YES,Medium
2026-01-06 07:27:42,DoS,DoS,1.0,YES,High
2026-01-06 07:27:42,Probe,Probe,1.0,YES,High
2026-01-06 07:27:42,R2L,R2L,1.0,YES,Medium
2026-01-06 07:27:42,DoS,DoS,1.0,YES,High
2026-01-06 07:27:42,R2L,R2L,1.0,YES,Medium
2026-01-06 07:27:42,Probe,Probe,1.0,YES,High
2026-01-06 07:27:42,Probe,Probe,1.0,YES,High
2026-01-06 07:27:43,U2R,U2R,1.0,YES,Critical
2026-01-06 07:27:43,DoS,DoS,1.0,YES,High
2026-01-06 07:27:43,Probe,Probe,1.0,YES,High
2026-01-06 07:27:43,Probe,Probe,1.0,YES,High
2026-01-06 07:27:43,Probe,Probe,0.995,YES,High
2026-01-06 07:27:43,U2R,U2R,1.0,YES,Critical
2026-01-06 07:27:43,U2R,U2R,0.99,YES,Critical
2026-01-06 07:27:43,U2R,U2R,1.0,YES,Critical
2026-01-06 07:27:43,Probe,Probe,1.0,YES,High
2026-01-06 07:27:43,DoS,DoS,1.0,YES,High
2026-01-06 07:27:43,DoS,DoS,1.0,YES,High
2026-01-06 07:27:43,Probe,Probe,1.0,YES,High
2026-01-06 07:27:43,U2R,U2R,1.0,YES,Critical
2026-01-06 07:27:43,R2L,R2L,0.995,YES,Medium
2026-01-06 07:27:43,U2R,U2R,0.995,YES,Critical
2026-01-06 07:27:43,U2R,U2R,1.0,YES,Critical
2026-01-06 07:27:43,DoS,DoS,0.995,YES,High
2026-01-06 07:27:43,DoS,DoS,1.0,YES,High
2026-01-06 07:27:43,Probe,Probe,1.0,YES,High
2026-01-06 07:27:43,DoS,DoS,1.0,YES,High
2026-01-06 07:27:43,Probe,Probe,0.995,YES,High
2026-01-06 07:27:43,R2L,R2L,1.0,YES,Medium
2026-01-06 07:27:43,DoS,DoS,1.0,YES,High
2026-01-06 07:27:43,DoS,DoS,0.985,YES,High
2026-01-06 07:27:43,U2R,U2R,1.0,YES,Critical
2026-01-06 07:27:43,U2R,U2R,1.0,YES,Critical
2026-01-06 07:27:43,DoS,DoS,1.0,YES,High
2026-01-06 07:27:43,DoS,DoS,1.0,YES,High
2026-01-06 07:27:43,R2L,R2L,1.0,YES,Medium
2026-01-06 07:27:43,DoS,DoS,1.0,YES,High
2026-01-06 07:27:43,R2L,R2L,1.0,YES,Medium
2026-01-06 07:27:43,Probe,Probe,1.0,YES,High
2026-01-06 07:27:43,U2R,U2R,1.0,YES,Critical
2026-01-06 07:27:43,DoS,DoS,1.0,YES,High
2026-01-06 07:27:43,Probe,Probe,0.98,YES,High
2026-01-06 07:27:43,DoS,DoS,1.0,YES,High
2026-01-06 07:27:43,DoS,DoS,1.0,YES,High
2026-01-06 07:27:43,R2L,R2L,0.999,YES,Medium
2026-01-06 07:27:43,Probe,Probe,1.0,YES,High
2026-01-06 07:27:43,DoS,DoS,0.995,YES,High
2026-01-06 07:27:43,U2R,U2R,0.995,YES,Critical
2026-01-06 07:27:43,DoS,DoS,1.0,YES,High
2026-01-06 07:27:43,U2R,U2R,1.0,YES,Critical
2026-01-06 07:27:43,U2R,U2R,1.0,YES,Critical
2026-01-06 07:27:43,R2L,R2L,1.0,YES,Medium
2026-01-06 07:27:43,U2R,U2R,1.0,YES,Critical
2026-01-06 07:27:43,R2L,R2L,1.0,YES,Medium
2026-01-06 07:27:43,DoS,DoS,1.0,YES,High
2026-01-06 07:27:43,R2L,R2L,1.0,YES,Medium
2026-01-06 07:27:43,R2L,R2L,1.0,YES,Medium
2026-01-06 07:27:43,DoS,DoS,1.0,YES,High
2026-01-06 07:27:43,R2L,R2L,1.0,YES,Medium
2026-01-06 07:27:43,Probe,Probe,1.0,YES,High
2026-01-06 07:27:43,R2L,R2L,1.0,YES,Medium
2026-01-06 07:27:43,Probe,Probe,1.0,YES,High
2026-01-06 07:27:43,DoS,DoS,1.0,YES,High
2026-01-06 07:27:43,DoS,DoS,1.0,YES,High
2026-01-06 07:27:43,R2L,R2L,0.995,YES,Medium
2026-01-06 07:27:44,R2L,R2L,1.0,YES,Medium
2026-01-06 07:27:44,R2L,R2L,1.0,YES,Medium
2026-01-06 07:27:44,U2R,U2R,1.0,YES,Critical
2026-01-06 07:27:44,U2R,U2R,1.0,YES,Critical
2026-01-06 07:27:44,U2R,U2R,1.0,YES,Critical
2026-01-06 07:27:44,R2L,R2L,1.0,YES,Medium
2026-01-06 07:27:44,Probe,Probe,1.0,YES,High
2026-01-06 07:27:44,Probe,Probe,1.0,YES,High
2026-01-06 07:27:44,Probe,Probe,1.0,YES,High
2026-01-06 07:27:44,DoS,DoS,1.0,YES,High
2026-01-06 07:27:44,R2L,R2L,1.0,YES,Medium
2026-01-06 07:27:44,U2R,U2R,1.0,YES,Critical
2026-01-06 07:27:44,U2R,U2R,1.0,YES,Critical
2026-01-06 07:27:44,DoS,DoS,1.0,YES,High
2026-01-06 07:27:44,U2R,U2R,1.0,YES,Critical
2026-01-06 07:27:44,R2L,R2L,0.995,YES,Medium
2026-01-06 07:27:44,DoS,DoS,1.0,YES,High
2026-01-06 07:27:44,DoS,DoS,1.0,YES,High
2026-01-06 07:27:44,R2L,R2L,1.0,YES,Medium
2026-01-06 07:27:44,R2L,R2L,1.0,YES,Medium
2026-01-06 07:27:44,DoS,DoS,1.0,YES,High
2026-01-06 07:27:44,U2R,U2R,1.0,YES,Critical
2026-01-06 07:27:44,R2L,R2L,1.0,YES,Medium
2026-01-06 07:27:44,DoS,DoS,1.0,YES,High
2026-01-06 07:27:44,DoS,DoS,1.0,YES,High
2026-01-06 07:27:44,U2R,U2R,1.0,YES,Critical
2026-01-06 07:27:44,U2R,U2R,1.0,YES,Critical
2026-01-06 07:27:44,Probe,Probe,0.998,YES,High
2026-01-06 07:27:44,DoS,DoS,1.0,YES,High
2026-01-06 07:27:44,R2L,R2L,1.0,YES,Medium
2026-01-06 07:27:44,DoS,DoS,1.0,YES,High
2026-01-06 07:27:44,R2L,R2L,1.0,YES,Medium
2026-01-06 07:27:44,U2R,U2R,1.0,YES,Critical
2026-01-06 07:27:44,Probe,Probe,0.995,YES,High
2026-01-06 07:27:44,U2R,U2R,1.0,YES,Critical
2026-01-06 07:27:44,Probe,Probe,1.0,YES,High
2026-01-06 07:27:44,R2L,R2L,1.0,YES,Medium
2026-01-06 07:27:44,U2R,U2R,1.0,YES,Critical
2026-01-06 07:27:44,U2R,U2R,1.0,YES,Critical
2026-01-06 07:27:44,R2L,R2L,1.0,YES,Medium
2026-01-06 07:27:44,U2R,U2R,1.0,YES,Critical
2026-01-06 07:27:44,DoS,DoS,1.0,YES,High
2026-01-06 07:27:44,Probe,Probe,1.0,YES,High
2026-01-06 07:27:44,R2L,R2L,1.0,YES,Medium
2026-01-06 07:27:44,Probe,Probe,1.0,YES,High
2026-01-06 07:27:44,U2R,U2R,1.0,YES,Critical
2026-01-06 07:27:44,R2L,R2L,1.0,YES,Medium
2026-01-06 07:27:44,R2L,R2L,1.0,YES,Medium
2026-01-06 07:27:44,DoS,DoS,1.0,YES,High
2026-01-06 07:27:44,U2R,U2R,1.0,YES,Critical
2026-01-06 07:27:44,U2R,U2R,1.0,YES,Critical
2026-01-06 07:27:44,Probe,Probe,0.995,YES,High
2026-01-06 07:27:44,U2R,U2R,1.0,YES,Critical
2026-01-06 07:27:44,U2R,U2R,1.0,YES,Critical
2026-01-06 07:27:44,DoS,DoS,1.0,YES,High
2026-01-06 07:27:44,U2R,U2R,1.0,YES,Critical
2026-01-06 07:27:45,R2L,R2L,1.0,YES,Medium
2026-01-06 07:27:45,Probe,Probe,1.0,YES,High
2026-01-06 07:27:45,DoS,DoS,1.0,YES,High
2026-01-06 07:27:45,U2R,U2R,1.0,YES,Critical
2026-01-06 07:27:45,Probe,Probe,0.999,YES,High
2026-01-06 07:27:45,Probe,Probe,1.0,YES,High
2026-01-06 07:27:45,R2L,R2L,1.0,YES,Medium
2026-01-06 07:27:45,U2R,U2R,1.0,YES,Critical
2026-01-06 07:27:45,DoS,DoS,1.0,YES,High
2026-01-06 07:27:45,U2R,U2R,0.995,YES,Critical
2026-01-06 07:27:45,DoS,DoS,0.99,YES,High
2026-01-06 07:27:45,U2R,U2R,1.0,YES,Critical
2026-01-06 07:27:45,Probe,Probe,1.0,YES,High
2026-01-06 07:27:45,R2L,R2L,0.999,YES,Medium
2026-01-06 07:27:45,R2L,R2L,1.0,YES,Medium
2026-01-06 07:27:45,Probe,Probe,0.998,YES,High
2026-01-06 07:27:45,R2L,R2L,1.0,YES,Medium
2026-01-06 07:27:45,Probe,Probe,1.0,YES,High
2026-01-06 07:27:45,U2R,U2R,1.0,YES,Critical
2026-01-06 07:27:45,U2R,U2R,1.0,YES,Critical
2026-01-06 07:27:45,DoS,DoS,1.0,YES,High
2026-01-06 07:27:45,U2R,U2R,1.0,YES,Critical
2026-01-06 07:27:45,U2R,U2R,1.0,YES,Critical
2026-01-06 07:27:45,DoS,DoS,0.995,YES,High
2026-01-06 07:27:45,R2L,R2L,0.999,YES,Medium
2026-01-06 07:27:45,DoS,DoS,1.0,YES,High
2026-01-06 07:27:45,U2R,U2R,0.99,YES,Critical
2026-01-06 07:27:45,Probe,Probe,0.995,YES,High
2026-01-06 07:27:45,Probe,Probe,1.0,YES,High
2026-01-06 07:27:45,R2L,R2L,1.0,YES,Medium
2026-01-06 07:27:45,Probe,Probe,1.0,YES,High
2026-01-06 07:27:45,Probe,Probe,0.995,YES,High
2026-01-06 07:27:45,U2R,U2R,1.0,YES,Critical
2026-01-06 07:27:45,DoS,DoS,1.0,YES,High
2026-01-06 07:27:45,U2R,U2R,1.0,YES,Critical
2026-01-06 07:27:45,Probe,Probe,1.0,YES,High
2026-01-06 07:27:45,DoS,DoS,1.0,YES,High
2026-01-06 07:27:45,R2L,R2L,1.0,YES,Medium
2026-01-06 07:27:45,U2R,U2R,1.0,YES,Critical
2026-01-06 07:27:45,R2L,R2L,1.0,YES,Medium
2026-01-06 07:27:45,U2R,U2R,1.0,YES,Critical
2026-01-06 07:27:45,U2R,U2R,1.0,YES,Critical
2026-01-06 07:27:45,DoS,DoS,1.0,YES,High
2026-01-06 07:27:45,R2L,R2L,1.0,YES,Medium
2026-01-06 07:27:45,DoS,DoS,0.98,YES,High
2026-01-06 07:27:45,DoS,DoS,1.0,YES,High
2026-01-06 07:27:45,U2R,U2R,1.0,YES,Critical
2026-01-06 07:27:45,R2L,R2L,1.0,YES,Medium
2026-01-06 07:27:45,Probe,Probe,0.975,YES,High
2026-01-06 07:27:45,U2R,U2R,1.0,YES,Critical
2026-01-06 07:27:45,R2L,R2L,1.0,YES,Medium
2026-01-06 07:27:45,U2R,U2R,1.0,YES,Critical
2026-01-06 07:27:45,R2L,R2L,0.995,YES,Medium
2026-01-06 07:27:46,DoS,DoS,1.0,YES,High
2026-01-06 07:27:46,DoS,DoS,0.995,YES,High
2026-01-06 07:27:46,R2L,R2L,1.0,YES,Medium
2026-01-06 07:27:46,R2L,R2L,1.0,YES,Medium
2026-01-06 07:27:46,DoS,DoS,1.0,YES,High
2026-01-06 07:27:46,R2L,R2L,1.0,YES,Medium
2026-01-06 07:27:46,Probe,Probe,1.0,YES,High
2026-01-06 07:27:46,Probe,Probe,1.0,YES,High
2026-01-06 07:27:46,U2R,U2R,1.0,YES,Critical
2026-01-06 07:27:46,DoS,DoS,1.0,YES,High
2026-01-06 07:27:46,U2R,U2R,1.0,YES,Critical
2026-01-06 07:27:46,DoS,DoS,1.0,YES,High
2026-01-06 07:27:46,R2L,R2L,1.0,YES,Medium
2026-01-06 07:27:46,R2L,R2L,1.0,YES,Medium
2026-01-06 07:27:46,U2R,U2R,1.0,YES,Critical
2026-01-06 07:27:46,R2L,R2L,1.0,YES,Medium
2026-01-06 07:27:46,Probe,Probe,1.0,YES,High
2026-01-06 07:27:46,Probe,Probe,1.0,YES,High
2026-01-06 07:27:46,U2R,U2R,1.0,YES,Critical
2026-01-06 07:27:46,U2R,U2R,1.0,YES,Critical
2026-01-06 07:27:46,DoS,DoS,1.0,YES,High
2026-01-06 07:27:46,U2R,U2R,1.0,YES,Critical
2026-01-06 07:27:46,U2R,U2R,1.0,YES,Critical
2026-01-06 07:27:46,R2L,R2L,0.999,YES,Medium
2026-01-06 07:27:46,U2R,U2R,1.0,YES,Critical
2026-01-06 07:27:46,DoS,DoS,1.0,YES,High
2026-01-06 07:27:46,R2L,R2L,1.0,YES,Medium
2026-01-06 07:27:46,Probe,Probe,0.995,YES,High
2026-01-06 07:27:46,Probe,Probe,0.985,YES,High
2026-01-06 07:27:46,R2L,R2L,1.0,YES,Medium
2026-01-06 07:27:46,DoS,DoS,1.0,YES,High
2026-01-06 07:27:46,R2L,R2L,1.0,YES,Medium
2026-01-06 07:27:46,R2L,R2L,1.0,YES,Medium
2026-01-06 07:27:46,U2R,U2R,1.0,YES,Critical
2026-01-06 07:27:46,DoS,DoS,1.0,YES,High
2026-01-06 07:27:46,Probe,Probe,1.0,YES,High
2026-01-06 07:27:46,Probe,Probe,1.0,YES,High
2026-01-06 07:27:46,R2L,R2L,0.999,YES,Medium
2026-01-06 07:27:46,Probe,Probe,1.0,YES,High
2026-01-06 07:27:46,U2R,U2R,1.0,YES,Critical
2026-01-06 07:27:46,R2L,R2L,1.0,YES,Medium
2026-01-06 07:27:46,U2R,U2R,1.0,YES,Critical
2026-01-06 07:27:46,U2R,U2R,1.0,YES,Critical
2026-01-06 07:27:46,Probe,Probe,1.0,YES,High
2026-01-06 07:27:46,Probe,Probe,1.0,YES,High
2026-01-06 07:27:46,R2L,R2L,0.999,YES,Medium
2026-01-06 07:27:46,DoS,DoS,1.0,YES,High
2026-01-06 07:27:46,Probe,Probe,1.0,YES,High
2026-01-06 07:27:46,Probe,Probe,0.98,YES,High
2026-01-06 07:27:46,Probe,Probe,1.0,YES,High
2026-01-06 07:27:46,DoS,DoS,1.0,YES,High
2026-01-06 07:27:46,R2L,R2L,1.0,YES,Medium
2026-01-06 07:27:46,R2L,R2L,1.0,YES,Medium
2026-01-06 07:27:47,R2L,R2L,1.0,YES,Medium
2026-01-06 07:27:47,DoS,DoS,1.0,YES,High
2026-01-06 07:27:47,DoS,DoS,1.0,YES,High
2026-01-06 07:27:47,R2L,R2L,1.0,YES,Medium
2026-01-06 07:27:47,R2L,R2L,1.0,YES,Medium
2026-01-06 07:27:47,DoS,DoS,1.0,YES,High
2026-01-06 07:27:47,R2L,R2L,1.0,YES,Medium
2026-01-06 07:27:47,DoS,DoS,1.0,YES,High
2026-01-06 07:27:47,Probe,Probe,1.0,YES,High
2026-01-06 07:27:47,Probe,Probe,0.995,YES,High
2026-01-06 07:27:47,U2R,U2R,1.0,YES,Critical
2026-01-06 07:27:47,DoS,DoS,1.0,YES,High
2026-01-06 07:27:47,Probe,Probe,1.0,YES,High
2026-01-06 07:27:47,DoS,DoS,1.0,YES,High
2026-01-06 07:27:47,R2L,R2L,1.0,YES,Medium
2026-01-06 07:27:47,DoS,DoS,1.0,YES,High
2026-01-06 07:27:47,Probe,Probe,0.995,YES,High
2026-01-06 07:27:47,R2L,R2L,1.0,YES,Medium
2026-01-06 07:27:47,U2R,U2R,1.0,YES,Critical
2026-01-06 07:27:47,R2L,R2L,1.0,YES,Medium
2026-01-06 07:27:47,Probe,Probe,1.0,YES,High
2026-01-06 07:27:47,U2R,U2R,1.0,YES,Critical
2026-01-06 07:27:47,DoS,DoS,1.0,YES,High
2026-01-06 07:27:47,Probe,Probe,1.0,YES,High
2026-01-06 07:27:47,DoS,DoS,1.0,YES,High
2026-01-06 07:27:47,R2L,R2L,1.0,YES,Medium
2026-01-06 07:27:47,R2L,R2L,1.0,YES,Medium
2026-01-06 07:27:47,Probe,Probe,1.0,YES,High
2026-01-06 07:27:47,Probe,Probe,0.999,YES,High
2026-01-06 07:27:47,Probe,Probe,1.0,YES,High
2026-01-06 07:27:47,DoS,DoS,1.0,YES,High
2026-01-06 07:27:47,R2L,R2L,1.0,YES,Medium
2026-01-06 07:27:47,R2L,R2L,1.0,YES,Medium
2026-01-06 07:27:47,U2R,U2R,1.0,YES,Critical
2026-01-06 07:27:47,Probe,Probe,1.0,YES,High
2026-01-06 07:27:47,Probe,Probe,1.0,YES,High
2026-01-06 07:27:47,DoS,DoS,0.99,YES,High
2026-01-06 07:27:47,U2R,U2R,1.0,YES,Critical
2026-01-06 07:27:47,U2R,U2R,1.0,YES,Critical
2026-01-06 07:27:47,Probe,Probe,1.0,YES,High
2026-01-06 07:27:47,DoS,DoS,1.0,YES,High
2026-01-06 07:27:47,U2R,U2R,1.0,YES,Critical
2026-01-06 07:27:47,DoS,DoS,1.0,YES,High
2026-01-06 07:27:47,U2R,U2R,1.0,YES,Critical
2026-01-06 07:27:47,DoS,DoS,1.0,YES,High
2026-01-06 07:27:47,DoS,DoS,1.0,YES,High
2026-01-06 07:27:47,R2L,R2L,1.0,YES,Medium
2026-01-06 07:27:47,Probe,Probe,1.0,YES,High
2026-01-06 07:27:47,DoS,DoS,1.0,YES,High
2026-01-06 07:27:48,DoS,DoS,1.0,YES,High
2026-01-06 07:27:48,DoS,DoS,1.0,YES,High
2026-01-06 07:27:48,DoS,DoS,1.0,YES,High
2026-01-06 07:27:48,U2R,U2R,1.0,YES,Critical
2026-01-06 07:27:48,Probe,Probe,1.0,YES,High
2026-01-06 07:27:48,U2R,U2R,1.0,YES,Critical
2026-01-06 07:27:48,DoS,DoS,1.0,YES,High
2026-01-06 07:27:48,Probe,Probe,0.995,YES,High
2026-01-06 07:27:48,R2L,R2L,1.0,YES,Medium
2026-01-06 07:27:48,R2L,R2L,1.0,YES,Medium
2026-01-06 07:27:48,Probe,Probe,1.0,YES,High
2026-01-06 07:27:48,DoS,DoS,1.0,YES,High
2026-01-06 07:27:48,R2L,R2L,1.0,YES,Medium
2026-01-06 07:27:48,R2L,R2L,1.0,YES,Medium
2026-01-06 07:27:48,R2L,R2L,1.0,YES,Medium
2026-01-06 07:27:48,DoS,DoS,1.0,YES,High
2026-01-06 07:27:48,DoS,DoS,1.0,YES,High
2026-01-06 07:27:48,DoS,DoS,1.0,YES,High
2026-01-06 07:27:48,U2R,U2R,1.0,YES,Critical
2026-01-06 07:27:48,U2R,U2R,1.0,YES,Critical
2026-01-06 07:27:48,DoS,DoS,0.975,YES,High
2026-01-06 07:27:48,DoS,DoS,0.995,YES,High
2026-01-06 07:27:48,Probe,Probe,1.0,YES,High
2026-01-06 07:27:48,DoS,DoS,1.0,YES,High
2026-01-06 07:27:48,DoS,DoS,1.0,YES,High
2026-01-06 07:27:48,U2R,U2R,1.0,YES,Critical
2026-01-06 07:27:48,DoS,DoS,1.0,YES,High
2026-01-06 07:27:48,R2L,R2L,1.0,YES,Medium
2026-01-06 07:27:48,R2L,R2L,1.0,YES,Medium
2026-01-06 07:27:48,R2L,R2L,1.0,YES,Medium
2026-01-06 07:27:48,U2R,U2R,1.0,YES,Critical
2026-01-06 07:27:48,DoS,DoS,1.0,YES,High
2026-01-06 07:27:48,U2R,U2R,1.0,YES,Critical
2026-01-06 07:27:48,Probe,Probe,1.0,YES,High
2026-01-06 07:27:48,DoS,DoS,1.0,YES,High
2026-01-06 07:27:48,R2L,R2L,1.0,YES,Medium
2026-01-06 07:27:48,DoS,DoS,1.0,YES,High
2026-01-06 07:27:48,DoS,DoS,1.0,YES,High
2026-01-06 07:27:49,U2R,U2R,1.0,YES,Critical
2026-01-06 07:27:49,DoS,DoS,1.0,YES,High
2026-01-06 07:27:49,U2R,U2R,1.0,YES,Critical
2026-01-06 07:27:49,DoS,DoS,1.0,YES,High
2026-01-06 07:27:49,R2L,R2L,1.0,YES,Medium
2026-01-06 07:27:49,Probe,Probe,0.995,YES,High
2026-01-06 07:27:49,Probe,Probe,1.0,YES,High
2026-01-06 07:27:49,Probe,Probe,1.0,YES,High
2026-01-06 07:27:49,R2L,R2L,1.0,YES,Medium
2026-01-06 07:27:49,Probe,Probe,1.0,YES,High
2026-01-06 07:27:49,R2L,R2L,1.0,YES,Medium
2026-01-06 07:27:49,U2R,U2R,1.0,YES,Critical
2026-01-06 07:27:49,R2L,R2L,0.995,YES,Medium
2026-01-06 07:27:49,Probe,Probe,1.0,YES,High
2026-01-06 07:27:49,DoS,DoS,1.0,YES,High
2026-01-06 07:27:49,U2R,U2R,1.0,YES,Critical
2026-01-06 07:27:49,R2L,R2L,1.0,YES,Medium
2026-01-06 07:27:49,Probe,Probe,1.0,YES,High
2026-01-06 07:27:49,DoS,DoS,1.0,YES,High
2026-01-06 07:27:49,DoS,DoS,1.0,YES,High
2026-01-06 07:27:49,DoS,DoS,1.0,YES,High
2026-01-06 07:27:49,DoS,DoS,1.0,YES,High
2026-01-06 07:27:49,Probe,Probe,1.0,YES,High
2026-01-06 07:27:49,DoS,DoS,1.0,YES,High
2026-01-06 07:27:49,Probe,Probe,1.0,YES,High
2026-01-06 07:27:49,R2L,R2L,1.0,YES,Medium
2026-01-06 07:27:49,U2R,U2R,1.0,YES,Critical
2026-01-06 07:27:49,Probe,Probe,1.0,YES,High
2026-01-06 07:27:49,U2R,U2R,1.0,YES,Critical
2026-01-06 07:27:49,DoS,DoS,1.0,YES,High
2026-01-06 07:27:49,Probe,Probe,0.995,YES,High
2026-01-06 07:27:49,U2R,U2R,1.0,YES,Critical
2026-01-06 07:27:49,U2R,U2R,1.0,YES,Critical
2026-01-06 07:27:49,DoS,DoS,1.0,YES,High
2026-01-06 07:27:50,DoS,DoS,1.0,YES,High
2026-01-06 07:27:50,R2L,R2L,1.0,YES,Medium
2026-01-06 07:27:50,Probe,Probe,1.0,YES,High
2026-01-06 07:27:50,DoS,DoS,1.0,YES,High
2026-01-06 07:27:50,R2L,R2L,1.0,YES,Medium
2026-01-06 07:27:50,R2L,R2L,1.0,YES,Medium
2026-01-06 07:27:50,R2L,R2L,1.0,YES,Medium
2026-01-06 07:27:50,R2L,R2L,1.0,YES,Medium
2026-01-06 07:27:50,U2R,U2R,1.0,YES,Critical
2026-01-06 07:27:50,Probe,Probe,1.0,YES,High
2026-01-06 07:27:50,R2L,R2L,1.0,YES,Medium
2026-01-06 07:27:50,U2R,U2R,1.0,YES,Critical
2026-01-06 07:27:50,U2R,U2R,1.0,YES,Critical
2026-01-06 07:27:50,R2L,R2L,1.0,YES,Medium
2026-01-06 07:27:50,Probe,Probe,1.0,YES,High
2026-01-06 07:27:50,U2R,U2R,1.0,YES,Critical
2026-01-06 07:27:50,R2L,R2L,1.0,YES,Medium
2026-01-06 07:27:50,R2L,R2L,1.0,YES,Medium
2026-01-06 07:27:50,R2L,R2L,1.0,YES,Medium
2026-01-06 07:27:50,U2R,U2R,1.0,YES,Critical
2026-01-06 07:27:50,R2L,R2L,1.0,YES,Medium
2026-01-06 07:27:50,DoS,DoS,1.0,YES,High
2026-01-06 07:27:50,Probe,Probe,1.0,YES,High
2026-01-06 07:27:50,Probe,Probe,1.0,YES,High
2026-01-06 07:27:50,U2R,U2R,1.0,YES,Critical
2026-01-06 07:27:50,Probe,Probe,1.0,YES,High
2026-01-06 07:27:50,DoS,DoS,1.0,YES,High
2026-01-06 07:27:50,DoS,DoS,1.0,YES,High
2026-01-06 07:27:50,DoS,DoS,1.0,YES,High
2026-01-06 07:27:50,R2L,R2L,1.0,YES,Medium
2026-01-06 07:27:50,DoS,DoS,1.0,YES,High
2026-01-06 07:27:50,DoS,DoS,1.0,YES,High
2026-01-06 07:27:50,U2R,U2R,1.0,YES,Critical
2026-01-06 07:27:50,R2L,R2L,1.0,YES,Medium
2026-01-06 07:27:50,U2R,U2R,1.0,YES,Critical
2026-01-06 07:27:50,U2R,U2R,1.0,YES,Critical
2026-01-06 07:27:50,U2R,U2R,1.0,YES,Critical
2026-01-06 07:27:50,U2R,U2R,1.0,YES,Critical
2026-01-06 07:27:50,Probe,Probe,1.0,YES,High
2026-01-06 07:27:51,DoS,DoS,1.0,YES,High
2026-01-06 07:27:51,U2R,U2R,1.0,YES,Critical
2026-01-06 07:27:51,Probe,Probe,1.0,YES,High
2026-01-06 07:27:51,R2L,R2L,0.99,YES,Medium
2026-01-06 07:27:51,Probe,Probe,0.995,YES,High
2026-01-06 07:27:51,Probe,Probe,1.0,YES,High
2026-01-06 07:27:51,Probe,Probe,1.0,YES,High
2026-01-06 07:27:51,Probe,Probe,1.0,YES,High
2026-01-06 07:27:51,R2L,R2L,1.0,YES,Medium
2026-01-06 07:27:51,R2L,R2L,0.996,YES,Medium
2026-01-06 07:27:51,DoS,DoS,1.0,YES,High
2026-01-06 07:27:51,DoS,DoS,1.0,YES,High
2026-01-06 07:27:51,DoS,DoS,1.0,YES,High
2026-01-06 07:27:51,Probe,Probe,1.0,YES,High
2026-01-06 07:27:51,DoS,DoS,0.995,YES,High
2026-01-06 07:27:51,Probe,Probe,1.0,YES,High
2026-01-06 07:27:51,U2R,U2R,1.0,YES,Critical
2026-01-06 07:27:51,U2R,U2R,1.0,YES,Critical
2026-01-06 07:27:51,Probe,Probe,1.0,YES,High
2026-01-06 07:27:51,R2L,R2L,1.0,YES,Medium
2026-01-06 07:27:51,R2L,R2L,1.0,YES,Medium
2026-01-06 07:27:51,DoS,DoS,1.0,YES,High
2026-01-06 07:27:51,U2R,U2R,1.0,YES,Critical
2026-01-06 07:27:51,R2L,R2L,1.0,YES,Medium
2026-01-06 07:27:51,R2L,R2L,1.0,YES,Medium
2026-01-06 07:27:51,U2R,U2R,1.0,YES,Critical
2026-01-06 07:27:51,U2R,U2R,1.0,YES,Critical
2026-01-06 07:27:51,Probe,Probe,1.0,YES,High
2026-01-06 07:27:51,Probe,Probe,1.0,YES,High
2026-01-06 07:27:51,Probe,Probe,1.0,YES,High
2026-01-06 07:27:51,U2R,U2R,1.0,YES,Critical
2026-01-06 07:27:51,Probe,Probe,1.0,YES,High
2026-01-06 07:27:51,U2R,U2R,1.0,YES,Critical
2026-01-06 07:27:51,R2L,R2L,1.0,YES,Medium
2026-01-06 07:27:51,Probe,Probe,1.0,YES,High
2026-01-06 07:27:51,Probe,Probe,1.0,YES,High
2026-01-06 07:27:51,DoS,DoS,1.0,YES,High
2026-01-06 07:27:51,R2L,R2L,1.0,YES,Medium
2026-01-06 07:27:51,DoS,DoS,1.0,YES,High
2026-01-06 07:27:51,R2L,R2L,1.0,YES,Medium
2026-01-06 07:27:51,DoS,DoS,1.0,YES,High
2026-01-06 07:27:51,DoS,DoS,1.0,YES,High
2026-01-06 07:27:51,DoS,DoS,1.0,YES,High
2026-01-06 07:27:51,R2L,R2L,1.0,YES,Medium
2026-01-06 07:27:51,R2L,R2L,1.0,YES,Medium
2026-01-06 07:27:51,DoS,DoS,1.0,YES,High
2026-01-06 07:27:51,U2R,U2R,1.0,YES,Critical
2026-01-06 07:27:51,Probe,Probe,1.0,YES,High
2026-01-06 07:27:51,DoS,DoS,1.0,YES,High
2026-01-06 07:27:51,DoS,DoS,1.0,YES,High
2026-01-06 07:27:51,DoS,DoS,1.0,YES,High
2026-01-06 07:27:51,DoS,DoS,1.0,YES,High
2026-01-06 07:27:51,Probe,Probe,1.0,YES,High
2026-01-06 07:27:51,Probe,Probe,0.995,YES,High
2026-01-06 07:27:52,R2L,R2L,0.995,YES,Medium
2026-01-06 07:27:52,U2R,U2R,1.0,YES,Critical
2026-01-06 07:27:52,U2R,U2R,1.0,YES,Critical
2026-01-06 07:27:52,DoS,DoS,0.91,YES,High
2026-01-06 07:27:52,R2L,R2L,1.0,YES,Medium
2026-01-06 07:27:52,U2R,U2R,0.84,YES,Critical
2026-01-06 07:27:52,U2R,U2R,0.99,YES,Critical
2026-01-06 07:27:52,U2R,U2R,1.0,YES,Critical
2026-01-06 07:27:52,DoS,DoS,1.0,YES,High
2026-01-06 07:27:52,DoS,DoS,1.0,YES,High
2026-01-06 07:27:52,DoS,DoS,1.0,YES,High
2026-01-06 07:27:52,U2R,U2R,1.0,YES,Critical
2026-01-06 07:27:52,U2R,U2R,1.0,YES,Critical
2026-01-06 07:27:52,Probe,Probe,1.0,YES,High
2026-01-06 07:27:52,DoS,DoS,1.0,YES,High
2026-01-06 07:27:52,R2L,R2L,1.0,YES,Medium
2026-01-06 07:27:52,DoS,DoS,1.0,YES,High
2026-01-06 07:27:52,DoS,DoS,1.0,YES,High
2026-01-06 07:27:52,Probe,Probe,1.0,YES,High
2026-01-06 07:27:52,R2L,R2L,1.0,YES,Medium
2026-01-06 07:27:52,Probe,Probe,1.0,YES,High
2026-01-06 07:27:52,Probe,Probe,1.0,YES,High
2026-01-06 07:27:52,U2R,U2R,1.0,YES,Critical
2026-01-06 07:27:52,DoS,DoS,1.0,YES,High
2026-01-06 07:27:52,U2R,U2R,1.0,YES,Critical
2026-01-06 07:27:52,U2R,U2R,1.0,YES,Critical
2026-01-06 07:27:52,Probe,Probe,0.98,YES,High
2026-01-06 07:27:52,DoS,DoS,1.0,YES,High
2026-01-06 07:27:52,DoS,DoS,1.0,YES,High
2026-01-06 07:27:52,R2L,R2L,1.0,YES,Medium
2026-01-06 07:27:52,DoS,DoS,1.0,YES,High
2026-01-06 07:27:52,Probe,Probe,1.0,YES,High
2026-01-06 07:27:52,DoS,DoS,0.98,YES,High
2026-01-06 07:27:52,Probe,Probe,0.999,YES,High
2026-01-06 07:27:52,Probe,Probe,1.0,YES,High
2026-01-06 07:27:52,R2L,R2L,1.0,YES,Medium
2026-01-06 07:27:52,R2L,R2L,1.0,YES,Medium
2026-01-06 07:27:52,DoS,DoS,1.0,YES,High
2026-01-06 07:27:52,R2L,R2L,1.0,YES,Medium
2026-01-06 07:27:52,Probe,Probe,1.0,YES,High
2026-01-06 07:27:52,DoS,DoS,1.0,YES,High
2026-01-06 07:27:52,R2L,R2L,1.0,YES,Medium
2026-01-06 07:27:52,Probe,Probe,0.999,YES,High
2026-01-06 07:27:52,Probe,Probe,1.0,YES,High
2026-01-06 07:27:52,Probe,Probe,0.999,YES,High
2026-01-06 07:27:52,Probe,Probe,1.0,YES,High
2026-01-06 07:27:52,U2R,U2R,1.0,YES,Critical
2026-01-06 07:27:52,R2L,R2L,1.0,YES,Medium
2026-01-06 07:27:52,DoS,DoS,1.0,YES,High
2026-01-06 07:27:52,DoS,DoS,0.995,YES,High
2026-01-06 07:27:52,Probe,Probe,1.0,YES,High
2026-01-06 07:27:52,R2L,R2L,0.99,YES,Medium
2026-01-06 07:27:52,Probe,Probe,1.0,YES,High
2026-01-06 07:27:52,R2L,R2L,0.97,YES,Medium
2026-01-06 07:27:52,Probe,Probe,0.999,YES,High
2026-01-06 07:27:52,U2R,U2R,1.0,YES,Critical
2026-01-06 07:27:52,R2L,R2L,1.0,YES,Medium
2026-01-06 07:27:53,DoS,DoS,1.0,YES,High
2026-01-06 07:27:53,R2L,R2L,1.0,YES,Medium
2026-01-06 07:27:53,DoS,DoS,0.995,YES,High
2026-01-06 07:27:53,U2R,U2R,1.0,YES,Critical
2026-01-06 07:27:53,R2L,R2L,1.0,YES,Medium
2026-01-06 07:27:53,R2L,R2L,1.0,YES,Medium
2026-01-06 07:27:53,Probe,Probe,1.0,YES,High
2026-01-06 07:27:53,R2L,R2L,1.0,YES,Medium
2026-01-06 07:27:53,U2R,U2R,1.0,YES,Critical
2026-01-06 07:27:53,R2L,R2L,1.0,YES,Medium
2026-01-06 07:27:53,Probe,Probe,1.0,YES,High
2026-01-06 07:27:53,R2L,R2L,1.0,YES,Medium
2026-01-06 07:27:53,U2R,U2R,1.0,YES,Critical
2026-01-06 07:27:53,U2R,U2R,1.0,YES,Critical
2026-01-06 07:27:53,DoS,DoS,1.0,YES,High
2026-01-06 07:27:53,R2L,R2L,1.0,YES,Medium
2026-01-06 07:27:53,U2R,U2R,1.0,YES,Critical
2026-01-06 07:27:53,Probe,Probe,1.0,YES,High
2026-01-06 07:27:53,R2L,R2L,1.0,YES,Medium
2026-01-06 07:27:53,R2L,R2L,1.0,YES,Medium
2026-01-06 07:27:53,U2R,U2R,1.0,YES,Critical
2026-01-06 07:27:53,Probe,Probe,1.0,YES,High
2026-01-06 07:27:53,R2L,R2L,1.0,YES,Medium
2026-01-06 07:27:53,Probe,Probe,1.0,YES,High
2026-01-06 07:27:53,R2L,R2L,1.0,YES,Medium
2026-01-06 07:27:53,U2R,U2R,1.0,YES,Critical
2026-01-06 07:27:53,R2L,R2L,1.0,YES,Medium
2026-01-06 07:27:53,U2R,U2R,1.0,YES,Critical
2026-01-06 07:27:53,Probe,Probe,1.0,YES,High
2026-01-06 07:27:53,U2R,U2R,1.0,YES,Critical
2026-01-06 07:27:53,Probe,Probe,0.99,YES,High
2026-01-06 07:27:53,R2L,R2L,1.0,YES,Medium
2026-01-06 07:27:53,R2L,R2L,0.995,YES,Medium
2026-01-06 07:27:53,DoS,DoS,0.995,YES,High
2026-01-06 07:27:53,R2L,R2L,1.0,YES,Medium
2026-01-06 07:27:53,DoS,DoS,1.0,YES,High
2026-01-06 07:27:53,U2R,U2R,1.0,YES,Critical
2026-01-06 07:27:53,U2R,U2R,1.0,YES,Critical
2026-01-06 07:27:53,U2R,U2R,1.0,YES,Critical
2026-01-06 07:27:53,DoS,DoS,0.995,YES,High
2026-01-06 07:27:53,R2L,R2L,1.0,YES,Medium
2026-01-06 07:27:53,R2L,R2L,1.0,YES,Medium
2026-01-06 07:27:53,R2L,R2L,1.0,YES,Medium
2026-01-06 07:27:53,U2R,U2R,0.9,YES,Critical
2026-01-06 07:27:53,Probe,Probe,0.995,YES,High
2026-01-06 07:27:53,DoS,DoS,1.0,YES,High
2026-01-06 07:27:53,Probe,Probe,1.0,YES,High
2026-01-06 07:27:53,U2R,U2R,1.0,YES,Critical
2026-01-06 07:27:53,R2L,R2L,1.0,YES,Medium
2026-01-06 07:27:53,U2R,U2R,1.0,YES,Critical
2026-01-06 07:27:53,DoS,DoS,1.0,YES,High
2026-01-06 07:27:53,Probe,Probe,1.0,YES,High
2026-01-06 07:27:53,R2L,R2L,1.0,YES,Medium
2026-01-06 07:27:54,R2L,R2L,0.956,YES,Medium
2026-01-06 07:27:54,Probe,Probe,1.0,YES,High
2026-01-06 07:27:54,DoS,DoS,1.0,YES,High
2026-01-06 07:27:54,DoS,DoS,1.0,YES,High
2026-01-06 07:27:54,Probe,Probe,1.0,YES,High
2026-01-06 07:27:54,U2R,U2R,1.0,YES,Critical
2026-01-06 07:27:54,Probe,Probe,1.0,YES,High
2026-01-06 07:27:54,R2L,R2L,1.0,YES,Medium
2026-01-06 07:27:54,R2L,R2L,1.0,YES,Medium
2026-01-06 07:27:54,U2R,U2R,1.0,YES,Critical
2026-01-06 07:27:54,R2L,R2L,0.992,YES,Medium
2026-01-06 07:27:54,R2L,R2L,1.0,YES,Medium
2026-01-06 07:27:54,U2R,U2R,1.0,YES,Critical
2026-01-06 07:27:54,U2R,U2R,1.0,YES,Critical
2026-01-06 07:27:54,Probe,Probe,1.0,YES,High
2026-01-06 07:27:54,R2L,R2L,1.0,YES,Medium
2026-01-06 07:27:54,DoS,DoS,1.0,YES,High
2026-01-06 07:27:54,Probe,Probe,1.0,YES,High
2026-01-06 07:27:54,Probe,Probe,1.0,YES,High
2026-01-06 07:27:54,Probe,Probe,1.0,YES,High
2026-01-06 07:27:54,R2L,R2L,1.0,YES,Medium
2026-01-06 07:27:54,U2R,U2R,1.0,YES,Critical
2026-01-06 07:27:54,Probe,Probe,1.0,YES,High
2026-01-06 07:27:54,Probe,Probe,1.0,YES,High
2026-01-06 07:27:54,DoS,DoS,1.0,YES,High
2026-01-06 07:27:54,Probe,Probe,1.0,YES,High
2026-01-06 07:27:54,U2R,U2R,1.0,YES,Critical
2026-01-06 07:27:54,R2L,R2L,1.0,YES,Medium
2026-01-06 07:27:54,Probe,Probe,1.0,YES,High
2026-01-06 07:27:54,U2R,U2R,1.0,YES,Critical
2026-01-06 07:27:54,U2R,U2R,1.0,YES,Critical
2026-01-06 07:27:54,DoS,DoS,0.985,YES,High
2026-01-06 07:27:54,U2R,U2R,1.0,YES,Critical
2026-01-06 07:27:54,DoS,DoS,1.0,YES,High
2026-01-06 07:27:54,Probe,Probe,1.0,YES,High
2026-01-06 07:27:54,U2R,U2R,1.0,YES,Critical
2026-01-06 07:27:54,U2R,U2R,1.0,YES,Critical
2026-01-06 07:27:54,R2L,R2L,1.0,YES,Medium
2026-01-06 07:27:54,DoS,DoS,1.0,YES,High
2026-01-06 07:27:54,Probe,Probe,0.994,YES,High
2026-01-06 07:27:54,Probe,Probe,1.0,YES,High
2026-01-06 07:27:54,U2R,U2R,1.0,YES,Critical
2026-01-06 07:27:54,DoS,DoS,0.995,YES,High
2026-01-06 07:27:54,DoS,DoS,1.0,YES,High
2026-01-06 07:27:54,DoS,DoS,1.0,YES,High
2026-01-06 07:27:54,R2L,R2L,1.0,YES,Medium
2026-01-06 07:27:54,Probe,Probe,1.0,YES,High
2026-01-06 07:27:54,Probe,Probe,1.0,YES,High
2026-01-06 07:27:54,Probe,Probe,1.0,YES,High
2026-01-06 07:27:54,R2L,R2L,1.0,YES,Medium
2026-01-06 07:27:54,Probe,Probe,1.0,YES,High
2026-01-06 07:27:54,Probe,Probe,1.0,YES,High
2026-01-06 07:27:54,Probe,Probe,0.995,YES,High
2026-01-06 07:27:54,R2L,R2L,1.0,YES,Medium
2026-01-06 07:27:54,U2R,U2R,1.0,YES,Critical
2026-01-06 07:27:54,R2L,R2L,1.0,YES,Medium
2026-01-06 07:27:54,DoS,DoS,1.0,YES,High
2026-01-06 07:27:54,Probe,Probe,1.0,YES,High
2026-01-06 07:27:54,R2L,R2L,1.0,YES,Medium
2026-01-06 07:27:54,Probe,Probe,0.99,YES,High
2026-01-06 07:27:55,U2R,U2R,1.0,YES,Critical
2026-01-06 07:27:55,DoS,DoS,1.0,YES,High
2026-01-06 07:27:55,DoS,DoS,0.995,YES,High
2026-01-06 07:27:55,R2L,R2L,1.0,YES,Medium
2026-01-06 07:27:55,Probe,Probe,1.0,YES,High
2026-01-06 07:27:55,R2L,R2L,1.0,YES,Medium
2026-01-06 07:27:55,U2R,U2R,1.0,YES,Critical
2026-01-06 07:27:55,Probe,Probe,1.0,YES,High
2026-01-06 07:27:55,R2L,R2L,1.0,YES,Medium
2026-01-06 07:27:55,R2L,R2L,1.0,YES,Medium
2026-01-06 07:27:55,DoS,DoS,1.0,YES,High
2026-01-06 07:27:55,R2L,R2L,1.0,YES,Medium
2026-01-06 07:27:55,DoS,DoS,1.0,YES,High
2026-01-06 07:27:55,Probe,Probe,1.0,YES,High
2026-01-06 07:27:55,DoS,DoS,0.995,YES,High
2026-01-06 07:27:55,U2R,U2R,1.0,YES,Critical
2026-01-06 07:27:55,R2L,R2L,1.0,YES,Medium
2026-01-06 07:27:55,DoS,DoS,1.0,YES,High
2026-01-06 07:27:55,R2L,R2L,1.0,YES,Medium
2026-01-06 07:27:55,DoS,DoS,1.0,YES,High
2026-01-06 07:27:55,Probe,Probe,1.0,YES,High
2026-01-06 07:27:55,R2L,R2L,1.0,YES,Medium
2026-01-06 07:27:55,R2L,R2L,1.0,YES,Medium
2026-01-06 07:27:55,R2L,R2L,1.0,YES,Medium
2026-01-06 07:27:55,R2L,R2L,1.0,YES,Medium
2026-01-06 07:27:55,R2L,R2L,1.0,YES,Medium
2026-01-06 07:27:55,R2L,R2L,1.0,YES,Medium
2026-01-06 07:27:55,U2R,U2R,1.0,YES,Critical
2026-01-06 07:27:55,U2R,U2R,1.0,YES,Critical
2026-01-06 07:27:55,DoS,DoS,0.985,YES,High
2026-01-06 07:27:55,DoS,DoS,1.0,YES,High
2026-01-06 07:27:55,R2L,R2L,1.0,YES,Medium
2026-01-06 07:27:55,DoS,DoS,1.0,YES,High
2026-01-06 07:27:55,U2R,U2R,1.0,YES,Critical
2026-01-06 07:27:55,DoS,DoS,1.0,YES,High
2026-01-06 07:27:55,R2L,R2L,0.99,YES,Medium
2026-01-06 07:27:55,U2R,U2R,1.0,YES,Critical
2026-01-06 07:27:55,U2R,U2R,1.0,YES,Critical
2026-01-06 07:27:55,U2R,U2R,1.0,YES,Critical
2026-01-06 07:27:55,R2L,R2L,1.0,YES,Medium
2026-01-06 07:27:55,U2R,U2R,1.0,YES,Critical
2026-01-06 07:27:55,R2L,R2L,1.0,YES,Medium
2026-01-06 07:27:55,R2L,R2L,0.995,YES,Medium
2026-01-06 07:27:55,U2R,U2R,1.0,YES,Critical
2026-01-06 07:27:55,Probe,Probe,1.0,YES,High
2026-01-06 07:27:55,U2R,U2R,1.0,YES,Critical
2026-01-06 07:27:55,U2R,U2R,1.0,YES,Critical
2026-01-06 07:27:55,U2R,U2R,1.0,YES,Critical
2026-01-06 07:27:55,Probe,Probe,1.0,YES,High
2026-01-06 07:27:55,DoS,DoS,1.0,YES,High
2026-01-06 07:27:55,Probe,Probe,1.0,YES,High
2026-01-06 07:27:55,R2L,R2L,0.985,YES,Medium
2026-01-06 07:27:55,U2R,U2R,1.0,YES,Critical
2026-01-06 07:27:55,DoS,DoS,1.0,YES,High
2026-01-06 07:27:55,Probe,Probe,1.0,YES,High
2026-01-06 07:27:55,U2R,U2R,1.0,YES,Critical
2026-01-06 07:27:55,Probe,Probe,1.0,YES,High
2026-01-06 07:27:55,R2L,R2L,0.995,YES,Medium
2026-01-06 07:27:55,DoS,DoS,1.0,YES,High
2026-01-06 07:27:56,R2L,R2L,0.995,YES,Medium
2026-01-06 07:27:56,U2R,U2R,1.0,YES,Critical
2026-01-06 07:27:56,Probe,Probe,0.824,YES,High
2026-01-06 07:27:56,U2R,U2R,0.995,YES,Critical
2026-01-06 07:27:56,DoS,DoS,1.0,YES,High
2026-01-06 07:27:56,Probe,Probe,1.0,YES,High
2026-01-06 07:27:56,U2R,U2R,1.0,YES,Critical
2026-01-06 07:27:56,Probe,Probe,1.0,YES,High
2026-01-06 07:27:56,U2R,U2R,1.0,YES,Critical
2026-01-06 07:27:56,Probe,Probe,1.0,YES,High
2026-01-06 07:27:56,Probe,Probe,0.999,YES,High
2026-01-06 07:27:56,U2R,U2R,1.0,YES,Critical
2026-01-06 07:27:56,Probe,Probe,1.0,YES,High
2026-01-06 07:27:56,R2L,R2L,1.0,YES,Medium
2026-01-06 07:27:56,R2L,R2L,1.0,YES,Medium
2026-01-06 07:27:56,DoS,DoS,1.0,YES,High
2026-01-06 07:27:56,DoS,DoS,1.0,YES,High
2026-01-06 07:27:56,DoS,DoS,1.0,YES,High
2026-01-06 07:27:56,R2L,R2L,1.0,YES,Medium
2026-01-06 07:27:56,R2L,R2L,1.0,YES,Medium
2026-01-06 07:27:56,DoS,DoS,1.0,YES,High
2026-01-06 07:27:56,Probe,Probe,1.0,YES,High
2026-01-06 07:27:56,DoS,DoS,1.0,YES,High
2026-01-06 07:27:56,R2L,R2L,0.995,YES,Medium
2026-01-06 07:27:56,R2L,R2L,1.0,YES,Medium
2026-01-06 07:27:56,Probe,Probe,1.0,YES,High
2026-01-06 07:27:56,R2L,R2L,0.975,YES,Medium
2026-01-06 07:27:56,Probe,Probe,0.997,YES,High
2026-01-06 07:27:56,R2L,R2L,1.0,YES,Medium
2026-01-06 07:27:56,Probe,Probe,1.0,YES,High
2026-01-06 07:27:56,U2R,U2R,1.0,YES,Critical
2026-01-06 07:27:56,DoS,DoS,1.0,YES,High
2026-01-06 07:27:56,Probe,Probe,1.0,YES,High
2026-01-06 07:27:56,R2L,R2L,1.0,YES,Medium
2026-01-06 07:27:56,U2R,U2R,1.0,YES,Critical
2026-01-06 07:27:56,Probe,Probe,1.0,YES,High
2026-01-06 07:27:56,Probe,Probe,0.999,YES,High
2026-01-06 07:27:56,U2R,U2R,1.0,YES,Critical
2026-01-06 07:27:56,Probe,Probe,1.0,YES,High
2026-01-06 07:27:56,U2R,U2R,1.0,YES,Critical
2026-01-06 07:27:56,Probe,Probe,0.995,YES,High
2026-01-06 07:27:56,Probe,Probe,0.993,YES,High
2026-01-06 07:27:56,DoS,DoS,0.99,YES,High
2026-01-06 07:27:56,Probe,Probe,1.0,YES,High
2026-01-06 07:27:56,Probe,Probe,0.999,YES,High
2026-01-06 07:27:56,U2R,U2R,0.995,YES,Critical
2026-01-06 07:27:56,Probe,Probe,1.0,YES,High
2026-01-06 07:27:56,DoS,DoS,1.0,YES,High
2026-01-06 07:27:56,DoS,DoS,1.0,YES,High
2026-01-06 07:27:56,DoS,DoS,1.0,YES,High
2026-01-06 07:27:56,U2R,U2R,1.0,YES,Critical
2026-01-06 07:27:56,DoS,DoS,1.0,YES,High
2026-01-06 07:27:56,Probe,Probe,1.0,YES,High
2026-01-06 07:27:56,U2R,U2R,0.99,YES,Critical
2026-01-06 07:27:57,Probe,Probe,1.0,YES,High
2026-01-06 07:27:57,U2R,U2R,1.0,YES,Critical
2026-01-06 07:27:57,U2R,U2R,1.0,YES,Critical
2026-01-06 07:27:57,DoS,DoS,1.0,YES,High
2026-01-06 07:27:57,DoS,DoS,1.0,YES,High
2026-01-06 07:27:57,R2L,R2L,1.0,YES,Medium
2026-01-06 07:27:57,R2L,R2L,1.0,YES,Medium
2026-01-06 07:27:57,R2L,R2L,0.999,YES,Medium
2026-01-06 07:27:57,U2R,U2R,1.0,YES,Critical
2026-01-06 07:27:57,Probe,Probe,1.0,YES,High
2026-01-06 07:27:57,U2R,U2R,1.0,YES,Critical
2026-01-06 07:27:57,Probe,Probe,1.0,YES,High
2026-01-06 07:27:57,R2L,R2L,1.0,YES,Medium
2026-01-06 07:27:57,DoS,DoS,1.0,YES,High
2026-01-06 07:27:57,Probe,Probe,1.0,YES,High
2026-01-06 07:27:57,DoS,DoS,1.0,YES,High
2026-01-06 07:27:57,DoS,DoS,1.0,YES,High
2026-01-06 07:27:57,Probe,Probe,1.0,YES,High
2026-01-06 07:27:57,DoS,DoS,1.0,YES,High
2026-01-06 07:27:57,U2R,U2R,1.0,YES,Critical
2026-01-06 07:27:57,DoS,DoS,1.0,YES,High
2026-01-06 07:27:57,R2L,R2L,1.0,YES,Medium
2026-01-06 07:27:57,R2L,R2L,1.0,YES,Medium
2026-01-06 07:27:57,DoS,DoS,1.0,YES,High
2026-01-06 07:27:57,DoS,DoS,1.0,YES,High
2026-01-06 07:27:57,DoS,DoS,1.0,YES,High
2026-01-06 07:27:57,U2R,U2R,1.0,YES,Critical
2026-01-06 07:27:57,U2R,U2R,1.0,YES,Critical
2026-01-06 07:27:57,R2L,R2L,1.0,YES,Medium
2026-01-06 07:27:57,U2R,U2R,1.0,YES,Critical
2026-01-06 07:27:57,DoS,DoS,1.0,YES,High
2026-01-06 07:27:57,R2L,R2L,1.0,YES,Medium
2026-01-06 07:27:57,DoS,DoS,1.0,YES,High
2026-01-06 07:27:57,Probe,Probe,1.0,YES,High
2026-01-06 07:27:57,DoS,DoS,1.0,YES,High
2026-01-06 07:27:57,R2L,R2L,1.0,YES,Medium
2026-01-06 07:27:57,DoS,DoS,1.0,YES,High
2026-01-06 07:27:57,U2R,U2R,1.0,YES,Critical
2026-01-06 07:27:57,DoS,DoS,1.0,YES,High
2026-01-06 07:27:57,Probe,Probe,1.0,YES,High
2026-01-06 07:27:57,R2L,R2L,1.0,YES,Medium
2026-01-06 07:27:57,U2R,U2R,1.0,YES,Critical
2026-01-06 07:27:57,U2R,U2R,1.0,YES,Critical
2026-01-06 07:27:57,R2L,R2L,1.0,YES,Medium
2026-01-06 07:27:57,U2R,U2R,1.0,YES,Critical
2026-01-06 07:27:57,DoS,DoS,1.0,YES,High
2026-01-06 07:27:57,DoS,DoS,1.0,YES,High
2026-01-06 07:27:57,DoS,DoS,1.0,YES,High
2026-01-06 07:27:57,R2L,R2L,1.0,YES,Medium
2026-01-06 07:27:57,Probe,Probe,1.0,YES,High
2026-01-06 07:27:57,U2R,U2R,1.0,YES,Critical
2026-01-06 07:27:57,DoS,DoS,1.0,YES,High
2026-01-06 07:27:57,DoS,DoS,1.0,YES,High
2026-01-06 07:27:57,R2L,R2L,1.0,YES,Medium
2026-01-06 07:27:57,DoS,DoS,1.0,YES,High
2026-01-06 07:27:57,U2R,U2R,1.0,YES,Critical
2026-01-06 07:27:57,U2R,U2R,1.0,YES,Critical
2026-01-06 07:27:57,Probe,Probe,1.0,YES,High
2026-01-06 07:27:57,R2L,R2L,1.0,YES,Medium
2026-01-06 07:27:57,Probe,Probe,0.998,YES,High
2026-01-06 07:27:57,Probe,Probe,1.0,YES,High
2026-01-06 07:27:57,R2L,R2L,1.0,YES,Medium
2026-01-06 07:27:57,DoS,DoS,1.0,YES,High
2026-01-06 07:27:57,R2L,R2L,1.0,YES,Medium
2026-01-06 07:27:57,R2L,R2L,1.0,YES,Medium
2026-01-06 07:27:57,Probe,Probe,0.985,YES,High
2026-01-06 07:27:58,DoS,DoS,1.0,YES,High
2026-01-06 07:27:58,U2R,U2R,1.0,YES,Critical
2026-01-06 07:27:58,DoS,DoS,1.0,YES,High
2026-01-06 07:27:58,Probe,Probe,1.0,YES,High
2026-01-06 07:27:58,DoS,DoS,1.0,YES,High
2026-01-06 07:27:58,DoS,DoS,1.0,YES,High
2026-01-06 07:27:58,DoS,DoS,1.0,YES,High
2026-01-06 07:27:58,R2L,R2L,1.0,YES,Medium
2026-01-06 07:27:58,Probe,Probe,0.958,YES,High
2026-01-06 07:27:58,U2R,U2R,1.0,YES,Critical
2026-01-06 07:27:58,Probe,Probe,1.0,YES,High
2026-01-06 07:27:58,DoS,DoS,1.0,YES,High
2026-01-06 07:27:58,Probe,Probe,1.0,YES,High
2026-01-06 07:27:58,Probe,Probe,1.0,YES,High
2026-01-06 07:27:58,R2L,R2L,1.0,YES,Medium
2026-01-06 07:27:58,U2R,U2R,1.0,YES,Critical
2026-01-06 07:27:58,Probe,Probe,1.0,YES,High
2026-01-06 07:27:58,Probe,Probe,1.0,YES,High
2026-01-06 07:27:58,Probe,Probe,1.0,YES,High
2026-01-06 07:27:58,U2R,U2R,1.0,YES,Critical
2026-01-06 07:27:58,R2L,R2L,1.0,YES,Medium
2026-01-06 07:27:58,R2L,R2L,1.0,YES,Medium
2026-01-06 07:27:58,Probe,Probe,1.0,YES,High
2026-01-06 07:27:58,DoS,DoS,1.0,YES,High
2026-01-06 07:27:58,U2R,U2R,1.0,YES,Critical
2026-01-06 07:27:58,R2L,R2L,1.0,YES,Medium
2026-01-06 07:27:58,R2L,R2L,1.0,YES,Medium
2026-01-06 07:27:58,R2L,R2L,1.0,YES,Medium
2026-01-06 07:27:58,U2R,U2R,1.0,YES,Critical
2026-01-06 07:27:58,DoS,DoS,1.0,YES,High
2026-01-06 07:27:58,R2L,R2L,1.0,YES,Medium
2026-01-06 07:27:58,Probe,Probe,1.0,YES,High
2026-01-06 07:27:58,U2R,U2R,1.0,YES,Critical
2026-01-06 07:27:58,R2L,R2L,1.0,YES,Medium
2026-01-06 07:27:58,DoS,DoS,1.0,YES,High
2026-01-06 07:27:58,U2R,U2R,1.0,YES,Critical
2026-01-06 07:27:58,DoS,DoS,1.0,YES,High
2026-01-06 07:27:58,DoS,DoS,0.999,YES,High
2026-01-06 07:27:58,Probe,Probe,1.0,YES,High
2026-01-06 07:27:58,DoS,DoS,1.0,YES,High
2026-01-06 07:27:58,DoS,DoS,1.0,YES,High
2026-01-06 07:27:58,U2R,U2R,1.0,YES,Critical
2026-01-06 07:27:58,DoS,DoS,1.0,YES,High
2026-01-06 07:27:58,DoS,DoS,1.0,YES,High
2026-01-06 07:27:58,Probe,Probe,0.995,YES,High
2026-01-06 07:27:58,DoS,DoS,1.0,YES,High
2026-01-06 07:27:58,U2R,U2R,1.0,YES,Critical
2026-01-06 07:27:58,R2L,R2L,1.0,YES,Medium
2026-01-06 07:27:58,Probe,Probe,1.0,YES,High
2026-01-06 07:27:58,U2R,U2R,1.0,YES,Critical
2026-01-06 07:27:58,U2R,U2R,1.0,YES,Critical
2026-01-06 07:27:58,DoS,DoS,1.0,YES,High
2026-01-06 07:27:58,DoS,DoS,1.0,YES,High
2026-01-06 07:27:58,DoS,DoS,1.0,YES,High
2026-01-06 07:27:58,DoS,DoS,0.99,YES,High
2026-01-06 07:27:58,DoS,DoS,1.0,YES,High
2026-01-06 07:27:58,U2R,U2R,1.0,YES,Critical
2026-01-06 07:27:58,Probe,Probe,0.999,YES,High
2026-01-06 07:27:59,U2R,U2R,1.0,YES,Critical
2026-01-06 07:27:59,U2R,U2R,1.0,YES,Critical
2026-01-06 07:27:59,DoS,DoS,0.995,YES,High
2026-01-06 07:27:59,R2L,R2L,1.0,YES,Medium
2026-01-06 07:27:59,Probe,Probe,1.0,YES,High
2026-01-06 07:27:59,U2R,U2R,1.0,YES,Critical
2026-01-06 07:27:59,Probe,Probe,1.0,YES,High
2026-01-06 07:27:59,R2L,R2L,1.0,YES,Medium
2026-01-06 07:27:59,R2L,R2L,1.0,YES,Medium
2026-01-06 07:27:59,U2R,U2R,1.0,YES,Critical
2026-01-06 07:27:59,R2L,R2L,1.0,YES,Medium
2026-01-06 07:27:59,Probe,Probe,1.0,YES,High
2026-01-06 07:27:59,DoS,DoS,0.995,YES,High
2026-01-06 07:27:59,U2R,U2R,1.0,YES,Critical
2026-01-06 07:27:59,U2R,U2R,1.0,YES,Critical
2026-01-06 07:27:59,Probe,Probe,1.0,YES,High
2026-01-06 07:27:59,U2R,U2R,1.0,YES,Critical
2026-01-06 07:27:59,DoS,DoS,1.0,YES,High
2026-01-06 07:27:59,Probe,Probe,0.988,YES,High
2026-01-06 07:27:59,Probe,Probe,0.875,YES,High
2026-01-06 07:27:59,U2R,U2R,1.0,YES,Critical
2026-01-06 07:27:59,DoS,DoS,1.0,YES,High
2026-01-06 07:27:59,DoS,DoS,1.0,YES,High
2026-01-06 07:27:59,Probe,Probe,1.0,YES,High
2026-01-06 07:27:59,DoS,DoS,0.995,YES,High
2026-01-06 07:27:59,R2L,R2L,1.0,YES,Medium
2026-01-06 07:27:59,DoS,DoS,0.995,YES,High
2026-01-06 07:27:59,DoS,DoS,0.999,YES,High
2026-01-06 07:27:59,U2R,U2R,1.0,YES,Critical
2026-01-06 07:27:59,DoS,DoS,1.0,YES,High
2026-01-06 07:27:59,U2R,U2R,1.0,YES,Critical
2026-01-06 07:27:59,DoS,DoS,1.0,YES,High
2026-01-06 07:27:59,R2L,R2L,1.0,YES,Medium
2026-01-06 07:27:59,U2R,U2R,1.0,YES,Critical
2026-01-06 07:27:59,R2L,R2L,1.0,YES,Medium
2026-01-06 07:27:59,R2L,R2L,1.0,YES,Medium
2026-01-06 07:27:59,DoS,DoS,1.0,YES,High
2026-01-06 07:27:59,Probe,Probe,1.0,YES,High
2026-01-06 07:27:59,DoS,DoS,1.0,YES,High
2026-01-06 07:27:59,Probe,Probe,1.0,YES,High
2026-01-06 07:27:59,DoS,DoS,1.0,YES,High
2026-01-06 07:27:59,U2R,U2R,1.0,YES,Critical
2026-01-06 07:27:59,R2L,R2L,1.0,YES,Medium
2026-01-06 07:27:59,U2R,U2R,1.0,YES,Critical
2026-01-06 07:27:59,R2L,R2L,1.0,YES,Medium
2026-01-06 07:27:59,DoS,DoS,1.0,YES,High
2026-01-06 07:27:59,U2R,U2R,1.0,YES,Critical
2026-01-06 07:28:00,U2R,U2R,1.0,YES,Critical
2026-01-06 07:28:00,DoS,DoS,0.867,YES,High
2026-01-06 07:28:00,DoS,DoS,1.0,YES,High
2026-01-06 07:28:00,DoS,DoS,1.0,YES,High
2026-01-06 07:28:00,U2R,U2R,1.0,YES,Critical
2026-01-06 07:28:00,DoS,DoS,1.0,YES,High
2026-01-06 07:28:00,DoS,DoS,1.0,YES,High
2026-01-06 07:28:00,R2L,R2L,1.0,YES,Medium
2026-01-06 07:28:00,DoS,DoS,0.995,YES,High
2026-01-06 07:28:00,R2L,R2L,1.0,YES,Medium
2026-01-06 07:28:00,DoS,DoS,1.0,YES,High
2026-01-06 07:28:00,U2R,U2R,1.0,YES,Critical
2026-01-06 07:28:00,U2R,U2R,1.0,YES,Critical
2026-01-06 07:28:00,DoS,DoS,1.0,YES,High
2026-01-06 07:28:00,Probe,Probe,1.0,YES,High
2026-01-06 07:28:00,DoS,DoS,1.0,YES,High
2026-01-06 07:28:00,U2R,U2R,1.0,YES,Critical
2026-01-06 07:28:00,Probe,Probe,1.0,YES,High
2026-01-06 07:28:00,U2R,U2R,1.0,YES,Critical
2026-01-06 07:28:00,R2L,R2L,1.0,YES,Medium
2026-01-06 07:28:00,R2L,R2L,1.0,YES,Medium
2026-01-06 07:28:00,Probe,Probe,1.0,YES,High
2026-01-06 07:28:00,Probe,Probe,0.999,YES,High
2026-01-06 07:28:00,DoS,DoS,1.0,YES,High
2026-01-06 07:28:00,U2R,U2R,1.0,YES,Critical
2026-01-06 07:28:00,U2R,U2R,1.0,YES,Critical
2026-01-06 07:28:00,R2L,R2L,1.0,YES,Medium
2026-01-06 07:28:00,DoS,DoS,1.0,YES,High
2026-01-06 07:28:00,R2L,R2L,1.0,YES,Medium
2026-01-06 07:28:00,U2R,U2R,1.0,YES,Critical
2026-01-06 07:28:00,Probe,Probe,1.0,YES,High
2026-01-06 07:28:00,U2R,U2R,1.0,YES,Critical
2026-01-06 07:28:00,U2R,U2R,1.0,YES,Critical
2026-01-06 07:28:00,U2R,U2R,1.0,YES,Critical
2026-01-06 07:28:00,U2R,U2R,1.0,YES,Critical
2026-01-06 07:28:00,Probe,Probe,1.0,YES,High
2026-01-06 07:28:00,DoS,DoS,1.0,YES,High
2026-01-06 07:28:00,Probe,Probe,0.995,YES,High
2026-01-06 07:28:00,R2L,R2L,1.0,YES,Medium
2026-01-06 07:28:00,R2L,R2L,1.0,YES,Medium
2026-01-06 07:28:00,U2R,U2R,1.0,YES,Critical
2026-01-06 07:28:00,Probe,Probe,1.0,YES,High
2026-01-06 07:28:00,U2R,U2R,1.0,YES,Critical
2026-01-06 07:28:01,R2L,R2L,1.0,YES,Medium
2026-01-06 07:28:01,R2L,R2L,1.0,YES,Medium
2026-01-06 07:28:01,U2R,U2R,1.0,YES,Critical
2026-01-06 07:28:01,DoS,DoS,1.0,YES,High
2026-01-06 07:28:01,R2L,R2L,0.99,YES,Medium
2026-01-06 07:28:01,Probe,Probe,1.0,YES,High
2026-01-06 07:28:01,R2L,R2L,1.0,YES,Medium
2026-01-06 07:28:01,U2R,U2R,1.0,YES,Critical
2026-01-06 07:28:01,U2R,U2R,1.0,YES,Critical
2026-01-06 07:28:01,R2L,R2L,1.0,YES,Medium
2026-01-06 07:28:01,DoS,DoS,1.0,YES,High
2026-01-06 07:28:01,U2R,U2R,1.0,YES,Critical
2026-01-06 07:28:01,DoS,DoS,1.0,YES,High
2026-01-06 07:28:01,R2L,R2L,1.0,YES,Medium
2026-01-06 07:28:01,U2R,U2R,1.0,YES,Critical
2026-01-06 07:28:01,U2R,U2R,1.0,YES,Critical
2026-01-06 07:28:01,R2L,R2L,1.0,YES,Medium
2026-01-06 07:28:01,R2L,R2L,1.0,YES,Medium
2026-01-06 07:28:01,DoS,DoS,1.0,YES,High
2026-01-06 07:28:01,U2R,U2R,1.0,YES,Critical
2026-01-06 07:28:01,R2L,R2L,1.0,YES,Medium
2026-01-06 07:28:01,R2L,R2L,1.0,YES,Medium
2026-01-06 07:28:01,Probe,Probe,1.0,YES,High
2026-01-06 07:28:01,DoS,DoS,1.0,YES,High
2026-01-06 07:28:01,DoS,DoS,1.0,YES,High
2026-01-06 07:28:01,DoS,DoS,1.0,YES,High
2026-01-06 07:28:01,DoS,DoS,1.0,YES,High
2026-01-06 07:28:01,Probe,Probe,1.0,YES,High
2026-01-06 07:28:01,R2L,R2L,1.0,YES,Medium
2026-01-06 07:28:01,DoS,DoS,1.0,YES,High
2026-01-06 07:28:01,U2R,U2R,1.0,YES,Critical
2026-01-06 07:28:01,R2L,R2L,1.0,YES,Medium
2026-01-06 07:28:01,U2R,U2R,1.0,YES,Critical
2026-01-06 07:28:01,DoS,DoS,1.0,YES,High
2026-01-06 07:28:01,Probe,Probe,1.0,YES,High
2026-01-06 07:28:01,DoS,DoS,1.0,YES,High
2026-01-06 07:28:01,Probe,Probe,1.0,YES,High
2026-01-06 07:28:02,DoS,DoS,1.0,YES,High
2026-01-06 07:28:02,R2L,R2L,1.0,YES,Medium
2026-01-06 07:28:02,DoS,DoS,1.0,YES,High
2026-01-06 07:28:02,R2L,R2L,0.995,YES,Medium
2026-01-06 07:28:02,DoS,DoS,0.98,YES,High
2026-01-06 07:28:02,DoS,DoS,1.0,YES,High
2026-01-06 07:28:02,DoS,DoS,1.0,YES,High
2026-01-06 07:28:02,Probe,Probe,1.0,YES,High
2026-01-06 07:28:02,DoS,DoS,1.0,YES,High
2026-01-06 07:28:02,DoS,DoS,1.0,YES,High
2026-01-06 07:28:02,Probe,Probe,1.0,YES,High
2026-01-06 07:28:02,DoS,DoS,1.0,YES,High
2026-01-06 07:28:02,Probe,Probe,0.999,YES,High
2026-01-06 07:28:02,U2R,U2R,1.0,YES,Critical
2026-01-06 07:28:02,U2R,U2R,1.0,YES,Critical
2026-01-06 07:28:02,R2L,R2L,1.0,YES,Medium
2026-01-06 07:28:02,DoS,DoS,1.0,YES,High
2026-01-06 07:28:02,Probe,Probe,1.0,YES,High
2026-01-06 07:28:02,Probe,Probe,1.0,YES,High
2026-01-06 07:28:02,U2R,U2R,1.0,YES,Critical
2026-01-06 07:28:02,R2L,R2L,1.0,YES,Medium
2026-01-06 07:28:02,R2L,R2L,1.0,YES,Medium
2026-01-06 07:28:02,R2L,R2L,1.0,YES,Medium
2026-01-06 07:28:02,DoS,DoS,0.995,YES,High
2026-01-06 07:28:02,DoS,DoS,1.0,YES,High
2026-01-06 07:28:02,R2L,R2L,0.995,YES,Medium
2026-01-06 07:28:02,U2R,U2R,1.0,YES,Critical
2026-01-06 07:28:02,R2L,R2L,1.0,YES,Medium
2026-01-06 07:28:02,DoS,DoS,1.0,YES,High
2026-01-06 07:28:02,DoS,DoS,1.0,YES,High
2026-01-06 07:28:02,DoS,DoS,1.0,YES,High
2026-01-06 07:28:02,U2R,U2R,1.0,YES,Critical
2026-01-06 07:28:02,R2L,R2L,1.0,YES,Medium
2026-01-06 07:28:02,Probe,Probe,0.946,YES,High
2026-01-06 07:28:02,DoS,DoS,1.0,YES,High
2026-01-06 07:28:02,R2L,R2L,1.0,YES,Medium
2026-01-06 07:28:02,DoS,DoS,1.0,YES,High
2026-01-06 07:28:02,Probe,Probe,1.0,YES,High
2026-01-06 07:28:03,Probe,Probe,0.92,YES,High
2026-01-06 07:28:03,DoS,DoS,1.0,YES,High
2026-01-06 07:28:03,DoS,DoS,1.0,YES,High
2026-01-06 07:28:03,R2L,R2L,1.0,YES,Medium
2026-01-06 07:28:03,Probe,Probe,1.0,YES,High
2026-01-06 07:28:03,U2R,U2R,1.0,YES,Critical
2026-01-06 07:28:03,U2R,U2R,0.995,YES,Critical
2026-01-06 07:28:03,U2R,U2R,1.0,YES,Critical
2026-01-06 07:28:03,U2R,U2R,1.0,YES,Critical
2026-01-06 07:28:03,DoS,DoS,1.0,YES,High
2026-01-06 07:28:03,DoS,DoS,0.675,YES,High
2026-01-06 07:28:03,Probe,Probe,1.0,YES,High
2026-01-06 07:28:03,Probe,Probe,1.0,YES,High
2026-01-06 07:28:03,U2R,U2R,1.0,YES,Critical
2026-01-06 07:28:03,U2R,U2R,1.0,YES,Critical
2026-01-06 07:28:03,Probe,Probe,0.995,YES,High
2026-01-06 07:28:03,Probe,Probe,1.0,YES,High
2026-01-06 07:28:03,R2L,R2L,1.0,YES,Medium
2026-01-06 07:28:03,Probe,Probe,1.0,YES,High
2026-01-06 07:28:03,R2L,R2L,1.0,YES,Medium
2026-01-06 07:28:03,Probe,Probe,1.0,YES,High
2026-01-06 07:28:03,DoS,DoS,1.0,YES,High
2026-01-06 07:28:03,U2R,U2R,1.0,YES,Critical
2026-01-06 07:28:03,R2L,R2L,1.0,YES,Medium
2026-01-06 07:28:03,DoS,DoS,0.99,YES,High
2026-01-06 07:28:03,R2L,R2L,1.0,YES,Medium
2026-01-06 07:28:03,U2R,U2R,1.0,YES,Critical
2026-01-06 07:28:03,R2L,R2L,0.999,YES,Medium
2026-01-06 07:28:03,R2L,R2L,1.0,YES,Medium
2026-01-06 07:28:03,DoS,DoS,1.0,YES,High
2026-01-06 07:28:03,R2L,R2L,1.0,YES,Medium
2026-01-06 07:28:03,Probe,Probe,1.0,YES,High
2026-01-06 07:28:03,DoS,DoS,1.0,YES,High
2026-01-06 07:28:03,DoS,DoS,1.0,YES,High
2026-01-06 07:28:03,Probe,Probe,1.0,YES,High
2026-01-06 07:28:03,R2L,R2L,1.0,YES,Medium
2026-01-06 07:28:03,Probe,Probe,0.999,YES,High
2026-01-06 07:28:03,DoS,DoS,1.0,YES,High
2026-01-06 07:28:03,DoS,DoS,1.0,YES,High
2026-01-06 07:28:03,Probe,Probe,1.0,YES,High
2026-01-06 07:28:03,R2L,R2L,1.0,YES,Medium
2026-01-06 07:28:03,DoS,DoS,1.0,YES,High
2026-01-06 07:28:03,U2R,U2R,1.0,YES,Critical
2026-01-06 07:28:03,DoS,DoS,1.0,YES,High
2026-01-06 07:28:03,R2L,R2L,0.92,YES,Medium
2026-01-06 07:28:03,DoS,DoS,1.0,YES,High
2026-01-06 07:28:03,U2R,U2R,1.0,YES,Critical
2026-01-06 07:28:03,DoS,DoS,0.98,YES,High
2026-01-06 07:28:03,R2L,R2L,1.0,YES,Medium
2026-01-06 07:28:03,DoS,DoS,1.0,YES,High
2026-01-06 07:28:03,R2L,R2L,1.0,YES,Medium
2026-01-06 07:28:03,R2L,R2L,1.0,YES,Medium
2026-01-06 07:28:03,R2L,R2L,1.0,YES,Medium
2026-01-06 07:28:03,Probe,Probe,1.0,YES,High
2026-01-06 07:28:03,R2L,R2L,1.0,YES,Medium
2026-01-06 07:28:03,R2L,R2L,1.0,YES,Medium
2026-01-06 07:28:03,R2L,R2L,1.0,YES,Medium
2026-01-06 07:28:03,DoS,DoS,1.0,YES,High
2026-01-06 07:28:03,Probe,Probe,1.0,YES,High
2026-01-06 07:28:04,U2R,U2R,0.995,YES,Critical
2026-01-06 07:28:04,Probe,Probe,1.0,YES,High
2026-01-06 07:28:04,R2L,R2L,1.0,YES,Medium
2026-01-06 07:28:04,U2R,U2R,1.0,YES,Critical
2026-01-06 07:28:04,U2R,U2R,1.0,YES,Critical
2026-01-06 07:28:04,Probe,Probe,1.0,YES,High
2026-01-06 07:28:04,Probe,Probe,1.0,YES,High
2026-01-06 07:28:04,R2L,R2L,1.0,YES,Medium
2026-01-06 07:28:04,U2R,U2R,1.0,YES,Critical
2026-01-06 07:28:04,R2L,R2L,1.0,YES,Medium
2026-01-06 07:28:04,DoS,DoS,1.0,YES,High
2026-01-06 07:28:04,DoS,DoS,1.0,YES,High
2026-01-06 07:28:04,U2R,U2R,1.0,YES,Critical
2026-01-06 07:28:04,U2R,U2R,1.0,YES,Critical
2026-01-06 07:28:04,DoS,DoS,1.0,YES,High
2026-01-06 07:28:04,Probe,Probe,1.0,YES,High
2026-01-06 07:28:04,Probe,Probe,1.0,YES,High
2026-01-06 07:28:04,R2L,R2L,0.98,YES,Medium
2026-01-06 07:28:04,R2L,R2L,0.995,YES,Medium
2026-01-06 07:28:04,Probe,Probe,1.0,YES,High
2026-01-06 07:28:04,Probe,Probe,1.0,YES,High
2026-01-06 07:28:04,DoS,DoS,1.0,YES,High
2026-01-06 07:28:04,R2L,R2L,1.0,YES,Medium
2026-01-06 07:28:04,Probe,Probe,1.0,YES,High
2026-01-06 07:28:04,U2R,U2R,1.0,YES,Critical
2026-01-06 07:28:04,Probe,Probe,0.99,YES,High
2026-01-06 07:28:04,R2L,R2L,1.0,YES,Medium
2026-01-06 07:28:04,Probe,Probe,1.0,YES,High
2026-01-06 07:28:04,DoS,DoS,1.0,YES,High
2026-01-06 07:28:04,R2L,R2L,1.0,YES,Medium
2026-01-06 07:28:04,R2L,R2L,1.0,YES,Medium
2026-01-06 07:28:04,Probe,Probe,1.0,YES,High
2026-01-06 07:28:04,U2R,U2R,1.0,YES,Critical
2026-01-06 07:28:04,U2R,U2R,1.0,YES,Critical
2026-01-06 07:28:04,U2R,U2R,1.0,YES,Critical
2026-01-06 07:28:04,U2R,U2R,1.0,YES,Critical
2026-01-06 07:28:04,R2L,R2L,1.0,YES,Medium
2026-01-06 07:28:04,R2L,R2L,1.0,YES,Medium
2026-01-06 07:28:04,Probe,Probe,1.0,YES,High
2026-01-06 07:28:04,DoS,DoS,1.0,YES,High
2026-01-06 07:28:04,DoS,DoS,1.0,YES,High
2026-01-06 07:28:04,DoS,DoS,1.0,YES,High
2026-01-06 07:28:04,DoS,DoS,0.985,YES,High
2026-01-06 07:28:04,R2L,R2L,0.94,YES,Medium
2026-01-06 07:28:04,U2R,U2R,1.0,YES,Critical
2026-01-06 07:28:04,DoS,DoS,1.0,YES,High
2026-01-06 07:28:04,U2R,U2R,1.0,YES,Critical
2026-01-06 07:28:04,R2L,R2L,1.0,YES,Medium
2026-01-06 07:28:04,DoS,DoS,1.0,YES,High
2026-01-06 07:28:04,U2R,U2R,1.0,YES,Critical
2026-01-06 07:28:04,U2R,U2R,1.0,YES,Critical
2026-01-06 07:28:04,U2R,U2R,1.0,YES,Critical
2026-01-06 07:28:04,Probe,Probe,1.0,YES,High
2026-01-06 07:28:05,U2R,U2R,1.0,YES,Critical
2026-01-06 07:28:05,DoS,DoS,1.0,YES,High
2026-01-06 07:28:05,U2R,U2R,1.0,YES,Critical
2026-01-06 07:28:05,Probe,Probe,0.995,YES,High
2026-01-06 07:28:05,R2L,R2L,1.0,YES,Medium
2026-01-06 07:28:05,DoS,DoS,1.0,YES,High
2026-01-06 07:28:05,R2L,R2L,1.0,YES,Medium
2026-01-06 07:28:05,Probe,Probe,1.0,YES,High
2026-01-06 07:28:05,DoS,DoS,1.0,YES,High
2026-01-06 07:28:05,Probe,Probe,1.0,YES,High
2026-01-06 07:28:05,U2R,U2R,1.0,YES,Critical
2026-01-06 07:28:05,U2R,U2R,1.0,YES,Critical
2026-01-06 07:28:05,Probe,Probe,1.0,YES,High
2026-01-06 07:28:05,Probe,Probe,1.0,YES,High
2026-01-06 07:28:05,DoS,DoS,1.0,YES,High
2026-01-06 07:28:05,DoS,DoS,1.0,YES,High
2026-01-06 07:28:05,Probe,Probe,1.0,YES,High
2026-01-06 07:28:05,Probe,Probe,1.0,YES,High
2026-01-06 07:28:05,U2R,U2R,1.0,YES,Critical
2026-01-06 07:28:05,U2R,U2R,1.0,YES,Critical
2026-01-06 07:28:05,R2L,R2L,1.0,YES,Medium
2026-01-06 07:28:05,Probe,Probe,1.0,YES,High
2026-01-06 07:28:05,Probe,Probe,1.0,YES,High
2026-01-06 07:28:05,DoS,DoS,1.0,YES,High
2026-01-06 07:28:05,DoS,DoS,1.0,YES,High
2026-01-06 07:28:05,Probe,Probe,0.998,YES,High
2026-01-06 07:28:05,R2L,R2L,0.995,YES,Medium
2026-01-06 07:28:05,U2R,U2R,1.0,YES,Critical
2026-01-06 07:28:05,R2L,R2L,1.0,YES,Medium
2026-01-06 07:28:05,DoS,DoS,1.0,YES,High
2026-01-06 07:28:05,Probe,Probe,1.0,YES,High
2026-01-06 07:28:05,DoS,DoS,1.0,YES,High
2026-01-06 07:28:05,DoS,DoS,1.0,YES,High
2026-01-06 07:28:05,U2R,U2R,1.0,YES,Critical
2026-01-06 07:28:05,DoS,DoS,1.0,YES,High
2026-01-06 07:28:05,Probe,Probe,1.0,YES,High
2026-01-06 07:28:05,DoS,DoS,1.0,YES,High
2026-01-06 07:28:05,DoS,DoS,1.0,YES,High
2026-01-06 07:28:05,R2L,R2L,1.0,YES,Medium
2026-01-06 07:28:05,Probe,Probe,1.0,YES,High
2026-01-06 07:28:05,Probe,Probe,0.885,YES,High
2026-01-06 07:28:05,DoS,DoS,1.0,YES,High
2026-01-06 07:28:05,Probe,Probe,1.0,YES,High
2026-01-06 07:28:05,DoS,DoS,1.0,YES,High
2026-01-06 07:28:05,DoS,DoS,1.0,YES,High
2026-01-06 07:28:05,U2R,U2R,1.0,YES,Critical
2026-01-06 07:28:05,U2R,U2R,1.0,YES,Critical
2026-01-06 07:28:05,DoS,DoS,1.0,YES,High
2026-01-06 07:28:05,Probe,Probe,1.0,YES,High
2026-01-06 07:28:05,U2R,U2R,1.0,YES,Critical
2026-01-06 07:28:05,R2L,R2L,1.0,YES,Medium
2026-01-06 07:28:05,Probe,Probe,1.0,YES,High
2026-01-06 07:28:05,U2R,U2R,1.0,YES,Critical
2026-01-06 07:28:05,R2L,R2L,1.0,YES,Medium
2026-01-06 07:28:05,R2L,R2L,1.0,YES,Medium
2026-01-06 07:28:05,DoS,DoS,1.0,YES,High
2026-01-06 07:28:05,DoS,DoS,1.0,YES,High
2026-01-06 07:28:06,U2R,U2R,1.0,YES,Critical
2026-01-06 07:28:06,R2L,R2L,1.0,YES,Medium
2026-01-06 07:28:06,Probe,Probe,0.995,YES,High
2026-01-06 07:28:06,R2L,R2L,1.0,YES,Medium
2026-01-06 07:28:06,R2L,R2L,1.0,YES,Medium
2026-01-06 07:28:06,U2R,U2R,1.0,YES,Critical
2026-01-06 07:28:06,U2R,U2R,1.0,YES,Critical
2026-01-06 07:28:06,U2R,U2R,1.0,YES,Critical
2026-01-06 07:28:06,U2R,U2R,1.0,YES,Critical
2026-01-06 07:28:06,U2R,U2R,1.0,YES,Critical
2026-01-06 07:28:06,R2L,R2L,1.0,YES,Medium
2026-01-06 07:28:06,Probe,Probe,1.0,YES,High
2026-01-06 07:28:06,U2R,U2R,1.0,YES,Critical
2026-01-06 07:28:06,U2R,U2R,1.0,YES,Critical
2026-01-06 07:28:06,U2R,U2R,1.0,YES,Critical
2026-01-06 07:28:06,DoS,DoS,1.0,YES,High
2026-01-06 07:28:06,DoS,DoS,1.0,YES,High
2026-01-06 07:28:06,Probe,Probe,1.0,YES,High
2026-01-06 07:28:06,U2R,U2R,1.0,YES,Critical
2026-01-06 07:28:06,Probe,Probe,1.0,YES,High
2026-01-06 07:28:06,R2L,R2L,1.0,YES,Medium
2026-01-06 07:28:06,U2R,U2R,1.0,YES,Critical
2026-01-06 07:28:06,R2L,R2L,1.0,YES,Medium
2026-01-06 07:28:06,Probe,Probe,1.0,YES,High
2026-01-06 07:28:06,Probe,Probe,1.0,YES,High
2026-01-06 07:28:06,R2L,R2L,1.0,YES,Medium
2026-01-06 07:28:06,R2L,R2L,1.0,YES,Medium
2026-01-06 07:28:06,DoS,DoS,1.0,YES,High
2026-01-06 07:28:06,U2R,U2R,1.0,YES,Critical
2026-01-06 07:28:06,Probe,Probe,1.0,YES,High
2026-01-06 07:28:06,DoS,DoS,0.989,YES,High
2026-01-06 07:28:06,R2L,R2L,1.0,YES,Medium
2026-01-06 07:28:06,U2R,U2R,1.0,YES,Critical
2026-01-06 07:28:06,DoS,DoS,1.0,YES,High
2026-01-06 07:28:06,U2R,U2R,1.0,YES,Critical
2026-01-06 07:28:06,R2L,R2L,1.0,YES,Medium
2026-01-06 07:28:06,DoS,DoS,1.0,YES,High
2026-01-06 07:28:06,U2R,U2R,1.0,YES,Critical
2026-01-06 07:28:06,R2L,R2L,1.0,YES,Medium
2026-01-06 07:28:06,Probe,Probe,0.995,YES,High
2026-01-06 07:28:06,R2L,R2L,1.0,YES,Medium
2026-01-06 07:28:06,Probe,Probe,1.0,YES,High
2026-01-06 07:28:06,Probe,Probe,1.0,YES,High
2026-01-06 07:28:06,Probe,Probe,1.0,YES,High
2026-01-06 07:28:06,Probe,Probe,0.995,YES,High
2026-01-06 07:28:06,U2R,U2R,1.0,YES,Critical
2026-01-06 07:28:06,Probe,Probe,1.0,YES,High
2026-01-06 07:28:06,Probe,Probe,0.995,YES,High
2026-01-06 07:28:06,U2R,U2R,1.0,YES,Critical
2026-01-06 07:28:06,U2R,U2R,1.0,YES,Critical
2026-01-06 07:28:06,DoS,DoS,1.0,YES,High
2026-01-06 07:28:06,R2L,R2L,1.0,YES,Medium
2026-01-06 07:28:06,DoS,DoS,1.0,YES,High
2026-01-06 07:28:06,R2L,R2L,1.0,YES,Medium
2026-01-06 07:28:06,R2L,R2L,1.0,YES,Medium
2026-01-06 07:28:06,R2L,R2L,1.0,YES,Medium
2026-01-06 07:28:06,R2L,R2L,1.0,YES,Medium
2026-01-06 07:28:06,Probe,Probe,1.0,YES,High
2026-01-06 07:28:06,Probe,Probe,1.0,YES,High
2026-01-06 07:28:06,R2L,R2L,1.0,YES,Medium
2026-01-06 07:28:06,DoS,DoS,0.995,YES,High
2026-01-06 07:28:06,U2R,U2R,1.0,YES,Critical
2026-01-06 07:28:07,Probe,Probe,1.0,YES,High
2026-01-06 07:28:07,U2R,U2R,1.0,YES,Critical
2026-01-06 07:28:07,U2R,U2R,1.0,YES,Critical
2026-01-06 07:28:07,R2L,R2L,0.995,YES,Medium
2026-01-06 07:28:07,Probe,Probe,0.985,YES,High
2026-01-06 07:28:07,Probe,Probe,1.0,YES,High
2026-01-06 07:28:07,R2L,R2L,1.0,YES,Medium
2026-01-06 07:28:07,U2R,U2R,1.0,YES,Critical
2026-01-06 07:28:07,R2L,R2L,1.0,YES,Medium
2026-01-06 07:28:07,R2L,R2L,1.0,YES,Medium
2026-01-06 07:28:07,R2L,R2L,0.995,YES,Medium
2026-01-06 07:28:07,R2L,R2L,1.0,YES,Medium
2026-01-06 07:28:07,DoS,DoS,1.0,YES,High
2026-01-06 07:28:07,Probe,Probe,1.0,YES,High
2026-01-06 07:28:07,R2L,R2L,1.0,YES,Medium
2026-01-06 07:28:07,R2L,R2L,1.0,YES,Medium
2026-01-06 07:28:07,DoS,DoS,1.0,YES,High
2026-01-06 07:28:07,R2L,R2L,1.0,YES,Medium
2026-01-06 07:28:07,DoS,DoS,1.0,YES,High
2026-01-06 07:28:07,U2R,U2R,1.0,YES,Critical
2026-01-06 07:28:07,Probe,Probe,1.0,YES,High
2026-01-06 07:28:07,R2L,R2L,1.0,YES,Medium
2026-01-06 07:28:07,DoS,DoS,1.0,YES,High
2026-01-06 07:28:07,DoS,DoS,1.0,YES,High
2026-01-06 07:28:07,DoS,DoS,1.0,YES,High
2026-01-06 07:28:07,Probe,Probe,1.0,YES,High
2026-01-06 07:28:07,U2R,U2R,1.0,YES,Critical
2026-01-06 07:28:07,DoS,DoS,0.995,YES,High
2026-01-06 07:28:07,DoS,DoS,1.0,YES,High
2026-01-06 07:28:07,Probe,Probe,0.985,YES,High
2026-01-06 07:28:07,R2L,R2L,1.0,YES,Medium
2026-01-06 07:28:07,R2L,R2L,1.0,YES,Medium
2026-01-06 07:28:07,U2R,U2R,1.0,YES,Critical
2026-01-06 07:28:07,U2R,U2R,1.0,YES,Critical
2026-01-06 07:28:07,U2R,U2R,1.0,YES,Critical
2026-01-06 07:28:07,U2R,U2R,1.0,YES,Critical
2026-01-06 07:28:07,R2L,R2L,1.0,YES,Medium
2026-01-06 07:28:07,U2R,U2R,1.0,YES,Critical
2026-01-06 07:28:07,Probe,Probe,1.0,YES,High
2026-01-06 07:28:07,DoS,DoS,1.0,YES,High
2026-01-06 07:28:07,Probe,Probe,1.0,YES,High
2026-01-06 07:28:07,R2L,R2L,0.995,YES,Medium
2026-01-06 07:28:07,Probe,Probe,1.0,YES,High
2026-01-06 07:28:07,U2R,U2R,1.0,YES,Critical
2026-01-06 07:28:07,U2R,U2R,1.0,YES,Critical
2026-01-06 07:28:07,R2L,R2L,1.0,YES,Medium
2026-01-06 07:28:07,R2L,R2L,0.91,YES,Medium
2026-01-06 07:28:07,U2R,U2R,1.0,YES,Critical
2026-01-06 07:28:07,Probe,Probe,1.0,YES,High
2026-01-06 07:28:07,DoS,DoS,1.0,YES,High
2026-01-06 07:28:07,R2L,R2L,1.0,YES,Medium
2026-01-06 07:28:07,DoS,DoS,1.0,YES,High
2026-01-06 07:28:07,DoS,DoS,1.0,YES,High
2026-01-06 07:28:07,R2L,R2L,1.0,YES,Medium
2026-01-06 07:28:08,R2L,R2L,1.0,YES,Medium
2026-01-06 07:28:08,DoS,DoS,1.0,YES,High
2026-01-06 07:28:08,R2L,R2L,1.0,YES,Medium
2026-01-06 07:28:08,U2R,U2R,1.0,YES,Critical
2026-01-06 07:28:08,R2L,R2L,1.0,YES,Medium
2026-01-06 07:28:08,DoS,DoS,1.0,YES,High
2026-01-06 07:28:08,R2L,R2L,1.0,YES,Medium
2026-01-06 07:28:08,Probe,Probe,1.0,YES,High
2026-01-06 07:28:08,Probe,Probe,1.0,YES,High
2026-01-06 07:28:08,R2L,R2L,1.0,YES,Medium
2026-01-06 07:28:08,R2L,R2L,1.0,YES,Medium
2026-01-06 07:28:08,U2R,U2R,1.0,YES,Critical
2026-01-06 07:28:08,Probe,Probe,1.0,YES,High
2026-01-06 07:28:08,DoS,DoS,1.0,YES,High
2026-01-06 07:28:08,Probe,Probe,1.0,YES,High
2026-01-06 07:28:08,Probe,Probe,1.0,YES,High
2026-01-06 07:28:08,U2R,U2R,1.0,YES,Critical
2026-01-06 07:28:08,R2L,R2L,1.0,YES,Medium
2026-01-06 07:28:08,Probe,Probe,1.0,YES,High
2026-01-06 07:28:08,U2R,U2R,1.0,YES,Critical
2026-01-06 07:28:08,DoS,DoS,1.0,YES,High
2026-01-06 07:28:08,Probe,Probe,1.0,YES,High
2026-01-06 07:28:08,DoS,DoS,1.0,YES,High
2026-01-06 07:28:08,R2L,R2L,1.0,YES,Medium
2026-01-06 07:28:08,R2L,R2L,1.0,YES,Medium
2026-01-06 07:28:08,R2L,R2L,1.0,YES,Medium
2026-01-06 07:28:08,DoS,DoS,1.0,YES,High
2026-01-06 07:28:08,R2L,R2L,1.0,YES,Medium
2026-01-06 07:28:08,R2L,R2L,1.0,YES,Medium
2026-01-06 07:28:08,DoS,DoS,1.0,YES,High
2026-01-06 07:28:08,R2L,R2L,0.978,YES,Medium
2026-01-06 07:28:08,U2R,U2R,1.0,YES,Critical
2026-01-06 07:28:08,R2L,R2L,1.0,YES,Medium
2026-01-06 07:28:08,DoS,DoS,1.0,YES,High
2026-01-06 07:28:08,R2L,R2L,0.995,YES,Medium
2026-01-06 07:28:08,R2L,R2L,1.0,YES,Medium
2026-01-06 07:28:08,U2R,U2R,1.0,YES,Critical
2026-01-06 07:28:08,DoS,DoS,1.0,YES,High
2026-01-06 07:28:08,R2L,R2L,1.0,YES,Medium
2026-01-06 07:28:08,R2L,R2L,1.0,YES,Medium
2026-01-06 07:28:08,U2R,U2R,1.0,YES,Critical
2026-01-06 07:28:08,DoS,DoS,1.0,YES,High
2026-01-06 07:28:08,Probe,Probe,1.0,YES,High
2026-01-06 07:28:08,R2L,R2L,1.0,YES,Medium
2026-01-06 07:28:08,Probe,Probe,1.0,YES,High
2026-01-06 07:28:08,R2L,R2L,1.0,YES,Medium
2026-01-06 07:28:08,R2L,R2L,1.0,YES,Medium
2026-01-06 07:28:08,R2L,R2L,1.0,YES,Medium
2026-01-06 07:28:08,Probe,Probe,1.0,YES,High
2026-01-06 07:28:08,U2R,U2R,1.0,YES,Critical
2026-01-06 07:28:08,Probe,Probe,1.0,YES,High
2026-01-06 07:28:08,DoS,DoS,1.0,YES,High
2026-01-06 07:28:08,Probe,Probe,1.0,YES,High
2026-01-06 07:28:08,U2R,U2R,1.0,YES,Critical
2026-01-06 07:28:08,Probe,Probe,1.0,YES,High
2026-01-06 07:28:08,U2R,U2R,1.0,YES,Critical
2026-01-06 07:28:08,R2L,R2L,1.0,YES,Medium
2026-01-06 07:28:08,DoS,DoS,0.995,YES,High
2026-01-06 07:28:08,R2L,R2L,1.0,YES,Medium
2026-01-06 07:28:09,R2L,R2L,1.0,YES,Medium
2026-01-06 07:28:09,Probe,Probe,1.0,YES,High
2026-01-06 07:28:09,U2R,U2R,1.0,YES,Critical
2026-01-06 07:28:09,R2L,R2L,1.0,YES,Medium
2026-01-06 07:28:09,DoS,DoS,1.0,YES,High
2026-01-06 07:28:09,R2L,R2L,1.0,YES,Medium
2026-01-06 07:28:09,DoS,DoS,1.0,YES,High
2026-01-06 07:28:09,Probe,Probe,1.0,YES,High
2026-01-06 07:28:09,U2R,U2R,1.0,YES,Critical
2026-01-06 07:28:09,DoS,DoS,1.0,YES,High
2026-01-06 07:28:09,DoS,DoS,1.0,YES,High
2026-01-06 07:28:09,Probe,Probe,1.0,YES,High
2026-01-06 07:28:09,R2L,R2L,1.0,YES,Medium
2026-01-06 07:28:09,R2L,R2L,1.0,YES,Medium
2026-01-06 07:28:09,U2R,U2R,1.0,YES,Critical
2026-01-06 07:28:09,R2L,R2L,1.0,YES,Medium
2026-01-06 07:28:09,R2L,R2L,1.0,YES,Medium
2026-01-06 07:28:09,Probe,Probe,1.0,YES,High
2026-01-06 07:28:09,DoS,DoS,1.0,YES,High
2026-01-06 07:28:09,U2R,U2R,1.0,YES,Critical
2026-01-06 07:28:09,U2R,U2R,1.0,YES,Critical
2026-01-06 07:28:09,DoS,DoS,0.97,YES,High
2026-01-06 07:28:09,DoS,DoS,1.0,YES,High
2026-01-06 07:28:09,U2R,U2R,1.0,YES,Critical
2026-01-06 07:28:09,DoS,DoS,1.0,YES,High
2026-01-06 07:28:09,U2R,U2R,1.0,YES,Critical
2026-01-06 07:28:09,R2L,R2L,1.0,YES,Medium
2026-01-06 07:28:09,U2R,U2R,1.0,YES,Critical
2026-01-06 07:28:09,U2R,U2R,1.0,YES,Critical
2026-01-06 07:28:09,R2L,R2L,1.0,YES,Medium
2026-01-06 07:28:09,U2R,U2R,1.0,YES,Critical
2026-01-06 07:28:09,R2L,R2L,1.0,YES,Medium
2026-01-06 07:28:09,R2L,R2L,0.985,YES,Medium
2026-01-06 07:28:09,Probe,Probe,0.999,YES,High
2026-01-06 07:28:09,Probe,Probe,0.99,YES,High
2026-01-06 07:28:09,Probe,Probe,1.0,YES,High
2026-01-06 07:28:09,Probe,Probe,1.0,YES,High
2026-01-06 07:28:09,Probe,Probe,1.0,YES,High
2026-01-06 07:28:09,R2L,R2L,1.0,YES,Medium
2026-01-06 07:28:09,R2L,R2L,1.0,YES,Medium
2026-01-06 07:28:09,Probe,Probe,1.0,YES,High
2026-01-06 07:28:09,Probe,Probe,0.998,YES,High
2026-01-06 07:28:09,DoS,DoS,1.0,YES,High
2026-01-06 07:28:09,Probe,Probe,0.995,YES,High
2026-01-06 07:28:09,DoS,DoS,1.0,YES,High
2026-01-06 07:28:09,U2R,U2R,1.0,YES,Critical
2026-01-06 07:28:09,Probe,Probe,1.0,YES,High
2026-01-06 07:28:09,Probe,Probe,1.0,YES,High
2026-01-06 07:28:09,Probe,Probe,0.994,YES,High
2026-01-06 07:28:10,R2L,R2L,1.0,YES,Medium
2026-01-06 07:28:10,R2L,R2L,1.0,YES,Medium
2026-01-06 07:28:10,U2R,U2R,1.0,YES,Critical
2026-01-06 07:28:10,Probe,Probe,1.0,YES,High
2026-01-06 07:28:10,DoS,DoS,1.0,YES,High
2026-01-06 07:28:10,R2L,R2L,1.0,YES,Medium
2026-01-06 07:28:10,R2L,R2L,1.0,YES,Medium
2026-01-06 07:28:10,Probe,Probe,0.992,YES,High
2026-01-06 07:28:10,DoS,DoS,1.0,YES,High
2026-01-06 07:28:10,Probe,Probe,1.0,YES,High
2026-01-06 07:28:10,Probe,Probe,1.0,YES,High
2026-01-06 07:28:10,DoS,DoS,1.0,YES,High
2026-01-06 07:28:10,Probe,Probe,1.0,YES,High
2026-01-06 07:28:10,DoS,DoS,1.0,YES,High
2026-01-06 07:28:10,DoS,DoS,1.0,YES,High
2026-01-06 07:28:10,R2L,R2L,1.0,YES,Medium
2026-01-06 07:28:10,U2R,U2R,1.0,YES,Critical
2026-01-06 07:28:10,U2R,U2R,1.0,YES,Critical
2026-01-06 07:28:10,U2R,U2R,1.0,YES,Critical
2026-01-06 07:28:10,R2L,R2L,1.0,YES,Medium
2026-01-06 07:28:10,DoS,DoS,0.925,YES,High
2026-01-06 07:28:10,U2R,U2R,1.0,YES,Critical
2026-01-06 07:28:10,Probe,Probe,1.0,YES,High
2026-01-06 07:28:10,Probe,Probe,1.0,YES,High
2026-01-06 07:28:10,DoS,DoS,1.0,YES,High
2026-01-06 07:28:10,Probe,Probe,1.0,YES,High
2026-01-06 07:28:10,U2R,U2R,1.0,YES,Critical
2026-01-06 07:28:10,U2R,U2R,1.0,YES,Critical
2026-01-06 07:28:10,U2R,U2R,1.0,YES,Critical
2026-01-06 07:28:10,Probe,Probe,1.0,YES,High
2026-01-06 07:28:10,R2L,R2L,1.0,YES,Medium
2026-01-06 07:28:10,U2R,U2R,1.0,YES,Critical
2026-01-06 07:28:10,U2R,U2R,1.0,YES,Critical
2026-01-06 07:28:10,R2L,R2L,1.0,YES,Medium
2026-01-06 07:28:10,DoS,DoS,1.0,YES,High
2026-01-06 07:28:10,U2R,U2R,1.0,YES,Critical
2026-01-06 07:28:10,DoS,DoS,1.0,YES,High
2026-01-06 07:28:10,Probe,Probe,1.0,YES,High
2026-01-06 07:28:10,DoS,DoS,1.0,YES,High
2026-01-06 07:28:10,U2R,U2R,1.0,YES,Critical
2026-01-06 07:28:10,U2R,U2R,1.0,YES,Critical
2026-01-06 07:28:10,R2L,R2L,1.0,YES,Medium
2026-01-06 07:28:10,DoS,DoS,1.0,YES,High
2026-01-06 07:28:10,R2L,R2L,1.0,YES,Medium
2026-01-06 07:28:10,Probe,Probe,1.0,YES,High
2026-01-06 07:28:10,U2R,U2R,1.0,YES,Critical
2026-01-06 07:28:10,U2R,U2R,1.0,YES,Critical
2026-01-06 07:28:10,DoS,DoS,1.0,YES,High
2026-01-06 07:28:10,Probe,Probe,1.0,YES,High
2026-01-06 07:28:10,R2L,R2L,1.0,YES,Medium
2026-01-06 07:28:10,DoS,DoS,1.0,YES,High
2026-01-06 07:28:10,R2L,R2L,1.0,YES,Medium
2026-01-06 07:28:10,Probe,Probe,1.0,YES,High
2026-01-06 07:28:10,Probe,Probe,1.0,YES,High
2026-01-06 07:28:10,DoS,DoS,1.0,YES,High
2026-01-06 07:28:11,R2L,R2L,1.0,YES,Medium
2026-01-06 07:28:11,U2R,U2R,1.0,YES,Critical
2026-01-06 07:28:11,R2L,R2L,1.0,YES,Medium
2026-01-06 07:28:11,U2R,U2R,1.0,YES,Critical
2026-01-06 07:28:11,U2R,U2R,1.0,YES,Critical
2026-01-06 07:28:11,DoS,DoS,1.0,YES,High
2026-01-06 07:28:11,Probe,Probe,1.0,YES,High
2026-01-06 07:28:11,Probe,Probe,0.995,YES,High
2026-01-06 07:28:11,R2L,R2L,1.0,YES,Medium
2026-01-06 07:28:11,U2R,U2R,1.0,YES,Critical
2026-01-06 07:28:11,Probe,Probe,1.0,YES,High
2026-01-06 07:28:11,DoS,DoS,1.0,YES,High
2026-01-06 07:28:11,DoS,DoS,1.0,YES,High
2026-01-06 07:28:11,R2L,R2L,1.0,YES,Medium
2026-01-06 07:28:11,R2L,R2L,0.999,YES,Medium
2026-01-06 07:28:11,Probe,Probe,1.0,YES,High
2026-01-06 07:28:11,U2R,U2R,1.0,YES,Critical
2026-01-06 07:28:11,Probe,Probe,1.0,YES,High
2026-01-06 07:28:11,U2R,U2R,1.0,YES,Critical
2026-01-06 07:28:11,R2L,R2L,1.0,YES,Medium
2026-01-06 07:28:11,R2L,R2L,1.0,YES,Medium
2026-01-06 07:28:11,DoS,DoS,1.0,YES,High
2026-01-06 07:28:11,R2L,R2L,1.0,YES,Medium
2026-01-06 07:28:11,R2L,R2L,1.0,YES,Medium
2026-01-06 07:28:11,Probe,Probe,1.0,YES,High
2026-01-06 07:28:11,DoS,DoS,0.995,YES,High
2026-01-06 07:28:11,DoS,DoS,1.0,YES,High
2026-01-06 07:28:11,DoS,DoS,1.0,YES,High
2026-01-06 07:28:11,DoS,DoS,1.0,YES,High
2026-01-06 07:28:11,DoS,DoS,1.0,YES,High
2026-01-06 07:28:11,DoS,DoS,1.0,YES,High
2026-01-06 07:28:11,DoS,DoS,1.0,YES,High
2026-01-06 07:28:11,R2L,R2L,1.0,YES,Medium
2026-01-06 07:28:11,DoS,DoS,1.0,YES,High
2026-01-06 07:28:11,R2L,R2L,1.0,YES,Medium
2026-01-06 07:28:11,Probe,Probe,0.975,YES,High
2026-01-06 07:28:11,DoS,DoS,0.995,YES,High
2026-01-06 07:28:11,Probe,Probe,1.0,YES,High
2026-01-06 07:28:11,R2L,R2L,1.0,YES,Medium
2026-01-06 07:28:11,R2L,R2L,0.999,YES,Medium
2026-01-06 07:28:11,DoS,DoS,1.0,YES,High
2026-01-06 07:28:11,R2L,R2L,1.0,YES,Medium
2026-01-06 07:28:11,Probe,Probe,1.0,YES,High
2026-01-06 07:28:11,R2L,R2L,0.999,YES,Medium
2026-01-06 07:28:11,Probe,Probe,0.99,YES,High
2026-01-06 07:28:11,U2R,U2R,1.0,YES,Critical
2026-01-06 07:28:11,Probe,Probe,1.0,YES,High
2026-01-06 07:28:11,Probe,Probe,1.0,YES,High
2026-01-06 07:28:11,R2L,R2L,1.0,YES,Medium
2026-01-06 07:28:11,DoS,DoS,1.0,YES,High
2026-01-06 07:28:11,DoS,DoS,1.0,YES,High
2026-01-06 07:28:11,R2L,R2L,1.0,YES,Medium
2026-01-06 07:28:11,R2L,R2L,1.0,YES,Medium
2026-01-06 07:28:11,R2L,R2L,1.0,YES,Medium
2026-01-06 07:28:12,Probe,Probe,0.945,YES,High
2026-01-06 07:28:12,Probe,Probe,1.0,YES,High
2026-01-06 07:28:12,R2L,R2L,1.0,YES,Medium
2026-01-06 07:28:12,DoS,DoS,1.0,YES,High
2026-01-06 07:28:12,R2L,R2L,1.0,YES,Medium
2026-01-06 07:28:12,U2R,U2R,1.0,YES,Critical
2026-01-06 07:28:12,Probe,Probe,1.0,YES,High
2026-01-06 07:28:12,DoS,DoS,1.0,YES,High
2026-01-06 07:28:12,DoS,DoS,1.0,YES,High
2026-01-06 07:28:12,DoS,DoS,1.0,YES,High
2026-01-06 07:28:12,DoS,DoS,1.0,YES,High
2026-01-06 07:28:12,DoS,DoS,1.0,YES,High
2026-01-06 07:28:12,Probe,Probe,0.96,YES,High
2026-01-06 07:28:12,Probe,Probe,1.0,YES,High
2026-01-06 07:28:12,R2L,R2L,1.0,YES,Medium
2026-01-06 07:28:12,Probe,Probe,1.0,YES,High
2026-01-06 07:28:12,DoS,DoS,1.0,YES,High
2026-01-06 07:28:12,R2L,R2L,1.0,YES,Medium
2026-01-06 07:28:12,DoS,DoS,1.0,YES,High
2026-01-06 07:28:12,R2L,R2L,1.0,YES,Medium
2026-01-06 07:28:12,U2R,U2R,1.0,YES,Critical
2026-01-06 07:28:12,DoS,DoS,0.885,YES,High
2026-01-06 07:28:12,R2L,R2L,1.0,YES,Medium
2026-01-06 07:28:12,Probe,Probe,1.0,YES,High
2026-01-06 07:28:12,DoS,DoS,1.0,YES,High
2026-01-06 07:28:12,U2R,U2R,1.0,YES,Critical
2026-01-06 07:28:12,DoS,DoS,1.0,YES,High
2026-01-06 07:28:12,U2R,U2R,1.0,YES,Critical
2026-01-06 07:28:12,DoS,DoS,1.0,YES,High
2026-01-06 07:28:12,Probe,Probe,0.884,YES,High
2026-01-06 07:28:12,U2R,U2R,1.0,YES,Critical
2026-01-06 07:28:12,U2R,U2R,1.0,YES,Critical
2026-01-06 07:28:12,DoS,DoS,1.0,YES,High
2026-01-06 07:28:12,DoS,DoS,1.0,YES,High
2026-01-06 07:28:12,DoS,DoS,1.0,YES,High
2026-01-06 07:28:12,DoS,DoS,1.0,YES,High
2026-01-06 07:28:12,Probe,Probe,0.994,YES,High
2026-01-06 07:28:12,DoS,DoS,1.0,YES,High
2026-01-06 07:28:12,Probe,Probe,1.0,YES,High
2026-01-06 07:28:12,DoS,DoS,1.0,YES,High
2026-01-06 07:28:12,DoS,DoS,1.0,YES,High
2026-01-06 07:28:12,Probe,Probe,1.0,YES,High
2026-01-06 07:28:12,R2L,R2L,1.0,YES,Medium
2026-01-06 07:28:12,DoS,DoS,1.0,YES,High
2026-01-06 07:28:12,Probe,Probe,1.0,YES,High
2026-01-06 07:28:12,R2L,R2L,1.0,YES,Medium
2026-01-06 07:28:12,DoS,DoS,1.0,YES,High
2026-01-06 07:28:12,U2R,U2R,1.0,YES,Critical
2026-01-06 07:28:12,Probe,Probe,1.0,YES,High
2026-01-06 07:28:12,DoS,DoS,1.0,YES,High
2026-01-06 07:28:12,Probe,Probe,1.0,YES,High
2026-01-06 07:28:12,R2L,R2L,1.0,YES,Medium
2026-01-06 07:28:12,DoS,DoS,1.0,YES,High
2026-01-06 07:28:12,DoS,DoS,1.0,YES,High
2026-01-06 07:28:12,R2L,R2L,1.0,YES,Medium
2026-01-06 07:28:12,Probe,Probe,1.0,YES,High
2026-01-06 07:28:13,U2R,U2R,1.0,YES,Critical
2026-01-06 07:28:13,R2L,R2L,1.0,YES,Medium
2026-01-06 07:28:13,Probe,Probe,1.0,YES,High
2026-01-06 07:28:13,DoS,DoS,1.0,YES,High
2026-01-06 07:28:13,Probe,Probe,0.994,YES,High
2026-01-06 07:28:13,U2R,U2R,1.0,YES,Critical
2026-01-06 07:28:13,R2L,R2L,1.0,YES,Medium
2026-01-06 07:28:13,Probe,Probe,1.0,YES,High
2026-01-06 07:28:13,U2R,U2R,1.0,YES,Critical
2026-01-06 07:28:13,DoS,DoS,1.0,YES,High
2026-01-06 07:28:13,R2L,R2L,1.0,YES,Medium
2026-01-06 07:28:13,U2R,U2R,1.0,YES,Critical
2026-01-06 07:28:13,DoS,DoS,1.0,YES,High
2026-01-06 07:28:13,R2L,R2L,0.995,YES,Medium
2026-01-06 07:28:13,U2R,U2R,1.0,YES,Critical
2026-01-06 07:28:13,Probe,Probe,1.0,YES,High
2026-01-06 07:28:13,Probe,Probe,1.0,YES,High
2026-01-06 07:28:13,Probe,Probe,1.0,YES,High
2026-01-06 07:28:13,R2L,R2L,1.0,YES,Medium
2026-01-06 07:28:13,R2L,R2L,1.0,YES,Medium
2026-01-06 07:28:13,DoS,DoS,1.0,YES,High
2026-01-06 07:28:13,Probe,Probe,0.995,YES,High
2026-01-06 07:28:13,U2R,U2R,1.0,YES,Critical
2026-01-06 07:28:13,Probe,Probe,1.0,YES,High
2026-01-06 07:28:13,R2L,R2L,1.0,YES,Medium
2026-01-06 07:28:13,Probe,Probe,1.0,YES,High
2026-01-06 07:28:13,DoS,DoS,1.0,YES,High
2026-01-06 07:28:13,R2L,R2L,1.0,YES,Medium
2026-01-06 07:28:13,R2L,R2L,1.0,YES,Medium
2026-01-06 07:28:13,DoS,DoS,1.0,YES,High
2026-01-06 07:28:13,Probe,Probe,1.0,YES,High
2026-01-06 07:28:13,DoS,DoS,1.0,YES,High
2026-01-06 07:28:13,U2R,U2R,1.0,YES,Critical
2026-01-06 07:28:13,DoS,DoS,1.0,YES,High
2026-01-06 07:28:13,U2R,U2R,1.0,YES,Critical
2026-01-06 07:28:13,Probe,Probe,1.0,YES,High
2026-01-06 07:28:13,Probe,Probe,1.0,YES,High
2026-01-06 07:28:13,U2R,U2R,1.0,YES,Critical
2026-01-06 07:28:13,Probe,Probe,0.995,YES,High
2026-01-06 07:28:13,DoS,DoS,1.0,YES,High
2026-01-06 07:28:14,U2R,U2R,1.0,YES,Critical
2026-01-06 07:28:14,Probe,Probe,1.0,YES,High
2026-01-06 07:28:14,DoS,DoS,1.0,YES,High
2026-01-06 07:28:14,Probe,Probe,1.0,YES,High
2026-01-06 07:28:14,DoS,DoS,1.0,YES,High
2026-01-06 07:28:14,Probe,Probe,1.0,YES,High
2026-01-06 07:28:14,DoS,DoS,1.0,YES,High
2026-01-06 07:28:14,DoS,DoS,0.999,YES,High
2026-01-06 07:28:14,U2R,U2R,1.0,YES,Critical
2026-01-06 07:28:14,U2R,U2R,1.0,YES,Critical
2026-01-06 07:28:14,U2R,U2R,1.0,YES,Critical
2026-01-06 07:28:14,R2L,R2L,1.0,YES,Medium
2026-01-06 07:28:14,Probe,Probe,1.0,YES,High
2026-01-06 07:28:14,Probe,Probe,1.0,YES,High
2026-01-06 07:28:14,Probe,Probe,1.0,YES,High
2026-01-06 07:28:14,U2R,U2R,1.0,YES,Critical
2026-01-06 07:28:14,Probe,Probe,1.0,YES,High
2026-01-06 07:28:14,DoS,DoS,1.0,YES,High
2026-01-06 07:28:14,R2L,R2L,1.0,YES,Medium
2026-01-06 07:28:14,DoS,DoS,1.0,YES,High
2026-01-06 07:28:14,U2R,U2R,1.0,YES,Critical
2026-01-06 07:28:14,U2R,U2R,1.0,YES,Critical
2026-01-06 07:28:14,Probe,Probe,0.998,YES,High
2026-01-06 07:28:14,Probe,Probe,0.974,YES,High
2026-01-06 07:28:14,Probe,Probe,1.0,YES,High
2026-01-06 07:28:14,DoS,DoS,1.0,YES,High
2026-01-06 07:28:14,Probe,Probe,1.0,YES,High
2026-01-06 07:28:14,R2L,R2L,1.0,YES,Medium
2026-01-06 07:28:14,DoS,DoS,1.0,YES,High
2026-01-06 07:28:14,Probe,Probe,1.0,YES,High
2026-01-06 07:28:14,R2L,R2L,1.0,YES,Medium
2026-01-06 07:28:14,R2L,R2L,1.0,YES,Medium
2026-01-06 07:28:14,U2R,U2R,0.995,YES,Critical
2026-01-06 07:28:14,Probe,Probe,1.0,YES,High
2026-01-06 07:28:14,Probe,Probe,0.98,YES,High
2026-01-06 07:28:15,DoS,DoS,1.0,YES,High
2026-01-06 07:28:15,R2L,R2L,1.0,YES,Medium
2026-01-06 07:28:15,R2L,R2L,1.0,YES,Medium
2026-01-06 07:28:15,U2R,U2R,1.0,YES,Critical
2026-01-06 07:28:15,DoS,DoS,1.0,YES,High
2026-01-06 07:28:15,R2L,R2L,0.999,YES,Medium
2026-01-06 07:28:15,R2L,R2L,1.0,YES,Medium
2026-01-06 07:28:15,Probe,Probe,0.995,YES,High
2026-01-06 07:28:15,R2L,R2L,1.0,YES,Medium
2026-01-06 07:28:15,R2L,R2L,1.0,YES,Medium
2026-01-06 07:28:15,U2R,U2R,1.0,YES,Critical
2026-01-06 07:28:15,Probe,Probe,1.0,YES,High
2026-01-06 07:28:15,DoS,DoS,1.0,YES,High
2026-01-06 07:28:15,Probe,Probe,1.0,YES,High
2026-01-06 07:28:15,U2R,U2R,1.0,YES,Critical
2026-01-06 07:28:15,Probe,Probe,0.989,YES,High
2026-01-06 07:28:15,Probe,Probe,1.0,YES,High
2026-01-06 07:28:15,Probe,Probe,0.998,YES,High
2026-01-06 07:28:15,U2R,U2R,1.0,YES,Critical
2026-01-06 07:28:15,R2L,R2L,1.0,YES,Medium
2026-01-06 07:28:15,U2R,U2R,1.0,YES,Critical
2026-01-06 07:28:15,DoS,DoS,1.0,YES,High
2026-01-06 07:28:15,DoS,DoS,1.0,YES,High
2026-01-06 07:28:15,R2L,R2L,1.0,YES,Medium
2026-01-06 07:28:15,R2L,R2L,1.0,YES,Medium
2026-01-06 07:28:15,U2R,U2R,1.0,YES,Critical
2026-01-06 07:28:15,DoS,DoS,1.0,YES,High
2026-01-06 07:28:15,R2L,R2L,1.0,YES,Medium
2026-01-06 07:28:15,Probe,Probe,1.0,YES,High
2026-01-06 07:28:15,U2R,U2R,1.0,YES,Critical
2026-01-06 07:28:15,R2L,R2L,0.999,YES,Medium
2026-01-06 07:28:15,DoS,DoS,1.0,YES,High
2026-01-06 07:28:15,Probe,Probe,1.0,YES,High
2026-01-06 07:28:15,Probe,Probe,1.0,YES,High
2026-01-06 07:28:15,DoS,DoS,1.0,YES,High
2026-01-06 07:28:15,R2L,R2L,1.0,YES,Medium
2026-01-06 07:28:15,DoS,DoS,1.0,YES,High
2026-01-06 07:28:15,U2R,U2R,1.0,YES,Critical
2026-01-06 07:28:15,DoS,DoS,0.995,YES,High
2026-01-06 07:28:15,Probe,Probe,0.999,YES,High
2026-01-06 07:28:15,U2R,U2R,1.0,YES,Critical
2026-01-06 07:28:15,U2R,U2R,1.0,YES,Critical
2026-01-06 07:28:16,R2L,R2L,1.0,YES,Medium
2026-01-06 07:28:16,Probe,Probe,1.0,YES,High
2026-01-06 07:28:16,DoS,DoS,1.0,YES,High
2026-01-06 07:28:16,R2L,R2L,1.0,YES,Medium
2026-01-06 07:28:16,Probe,Probe,1.0,YES,High
2026-01-06 07:28:16,Probe,Probe,0.985,YES,High
2026-01-06 07:28:16,Probe,Probe,0.999,YES,High
2026-01-06 07:28:16,R2L,R2L,1.0,YES,Medium
2026-01-06 07:28:16,U2R,U2R,1.0,YES,Critical
2026-01-06 07:28:16,Probe,Probe,0.965,YES,High
2026-01-06 07:28:16,R2L,R2L,1.0,YES,Medium
2026-01-06 07:28:16,Probe,Probe,1.0,YES,High
2026-01-06 07:28:16,U2R,U2R,1.0,YES,Critical
2026-01-06 07:28:16,R2L,R2L,1.0,YES,Medium
2026-01-06 07:28:16,Probe,Probe,1.0,YES,High
2026-01-06 07:28:16,U2R,U2R,1.0,YES,Critical
2026-01-06 07:28:16,U2R,U2R,1.0,YES,Critical
2026-01-06 07:28:16,U2R,U2R,1.0,YES,Critical
2026-01-06 07:28:16,Probe,Probe,0.99,YES,High
2026-01-06 07:28:16,Probe,Probe,1.0,YES,High
2026-01-06 07:28:16,Probe,Probe,1.0,YES,High
2026-01-06 07:28:16,DoS,DoS,1.0,YES,High
2026-01-06 07:28:16,DoS,DoS,1.0,YES,High
2026-01-06 07:28:16,DoS,DoS,1.0,YES,High
2026-01-06 07:28:16,DoS,DoS,1.0,YES,High
2026-01-06 07:28:16,R2L,R2L,1.0,YES,Medium
2026-01-06 07:28:16,R2L,R2L,1.0,YES,Medium
2026-01-06 07:28:16,Probe,Probe,1.0,YES,High
2026-01-06 07:28:16,U2R,U2R,1.0,YES,Critical
2026-01-06 07:28:16,U2R,U2R,1.0,YES,Critical
2026-01-06 07:28:16,U2R,U2R,1.0,YES,Critical
2026-01-06 07:28:16,U2R,U2R,1.0,YES,Critical
2026-01-06 07:28:16,R2L,R2L,1.0,YES,Medium
2026-01-06 07:28:16,DoS,DoS,1.0,YES,High
2026-01-06 07:28:16,DoS,DoS,1.0,YES,High
2026-01-06 07:28:16,U2R,U2R,1.0,YES,Critical
2026-01-06 07:28:16,Probe,Probe,1.0,YES,High
2026-01-06 07:28:16,DoS,DoS,1.0,YES,High
2026-01-06 07:28:16,DoS,DoS,1.0,YES,High
2026-01-06 07:28:16,DoS,DoS,1.0,YES,High
2026-01-06 07:28:16,U2R,U2R,1.0,YES,Critical
2026-01-06 07:28:16,Probe,Probe,1.0,YES,High
2026-01-06 07:28:16,U2R,U2R,1.0,YES,Critical
2026-01-06 07:28:16,R2L,R2L,0.999,YES,Medium
2026-01-06 07:28:16,U2R,U2R,1.0,YES,Critical
2026-01-06 07:28:16,Probe,Probe,1.0,YES,High
2026-01-06 07:28:16,R2L,R2L,1.0,YES,Medium
2026-01-06 07:28:16,R2L,R2L,0.995,YES,Medium
2026-01-06 07:28:16,DoS,DoS,1.0,YES,High
2026-01-06 07:28:16,DoS,DoS,1.0,YES,High
2026-01-06 07:28:16,R2L,R2L,1.0,YES,Medium
2026-01-06 07:28:16,R2L,R2L,1.0,YES,Medium
2026-01-06 07:28:16,U2R,U2R,1.0,YES,Critical
2026-01-06 07:28:16,U2R,U2R,1.0,YES,Critical
2026-01-06 07:28:16,Probe,Probe,0.995,YES,High
2026-01-06 07:28:17,DoS,DoS,1.0,YES,High
2026-01-06 07:28:17,Probe,Probe,1.0,YES,High
2026-01-06 07:28:17,Probe,Probe,1.0,YES,High
2026-01-06 07:28:17,U2R,U2R,1.0,YES,Critical
2026-01-06 07:28:17,DoS,DoS,1.0,YES,High
2026-01-06 07:28:17,DoS,DoS,1.0,YES,High
2026-01-06 07:28:17,U2R,U2R,1.0,YES,Critical
2026-01-06 07:28:17,R2L,R2L,1.0,YES,Medium
2026-01-06 07:28:17,DoS,DoS,1.0,YES,High
2026-01-06 07:28:17,Probe,Normal,0.675,YES,High
2026-01-06 07:28:17,R2L,R2L,1.0,YES,Medium
2026-01-06 07:28:17,DoS,DoS,1.0,YES,High
2026-01-06 07:28:17,DoS,DoS,1.0,YES,High
2026-01-06 07:28:17,DoS,DoS,1.0,YES,High
2026-01-06 07:28:17,U2R,U2R,0.995,YES,Critical
2026-01-06 07:28:17,DoS,DoS,1.0,YES,High
2026-01-06 07:28:17,U2R,U2R,1.0,YES,Critical
2026-01-06 07:28:17,U2R,U2R,1.0,YES,Critical
2026-01-06 07:28:17,R2L,R2L,1.0,YES,Medium
2026-01-06 07:28:17,DoS,DoS,1.0,YES,High
2026-01-06 07:28:17,DoS,DoS,1.0,YES,High
2026-01-06 07:28:17,DoS,DoS,1.0,YES,High
2026-01-06 07:28:17,U2R,U2R,1.0,YES,Critical
2026-01-06 07:28:17,Probe,Probe,1.0,YES,High
2026-01-06 07:28:17,R2L,R2L,1.0,YES,Medium
2026-01-06 07:28:17,DoS,DoS,1.0,YES,High
2026-01-06 07:28:17,DoS,DoS,1.0,YES,High
2026-01-06 07:28:17,R2L,R2L,1.0,YES,Medium
2026-01-06 07:28:17,R2L,R2L,1.0,YES,Medium
2026-01-06 07:28:17,Probe,Probe,1.0,YES,High
2026-01-06 07:28:17,DoS,DoS,1.0,YES,High
2026-01-06 07:28:17,U2R,U2R,1.0,YES,Critical
2026-01-06 07:28:17,U2R,U2R,1.0,YES,Critical
2026-01-06 07:28:17,Probe,Probe,0.975,YES,High
2026-01-06 07:28:17,DoS,DoS,1.0,YES,High
2026-01-06 07:28:17,R2L,R2L,1.0,YES,Medium
2026-01-06 07:28:17,R2L,R2L,1.0,YES,Medium
2026-01-06 07:28:17,DoS,DoS,1.0,YES,High
2026-01-06 07:28:17,U2R,U2R,1.0,YES,Critical
2026-01-06 07:28:17,Probe,Probe,1.0,YES,High
2026-01-06 07:28:17,DoS,DoS,1.0,YES,High
2026-01-06 07:28:17,DoS,DoS,1.0,YES,High
2026-01-06 07:28:17,DoS,DoS,1.0,YES,High
2026-01-06 07:28:17,R2L,R2L,1.0,YES,Medium
2026-01-06 07:28:17,U2R,U2R,1.0,YES,Critical
2026-01-06 07:28:17,R2L,R2L,1.0,YES,Medium
2026-01-06 07:28:17,R2L,R2L,1.0,YES,Medium
2026-01-06 07:28:17,U2R,U2R,1.0,YES,Critical
2026-01-06 07:28:17,R2L,R2L,1.0,YES,Medium
2026-01-06 07:28:17,R2L,R2L,1.0,YES,Medium
2026-01-06 07:28:17,R2L,R2L,1.0,YES,Medium
2026-01-06 07:28:17,R2L,R2L,1.0,YES,Medium
2026-01-06 07:28:17,Probe,Probe,1.0,YES,High
2026-01-06 07:28:17,U2R,U2R,1.0,YES,Critical
2026-01-06 07:28:17,Probe,Probe,0.999,YES,High
2026-01-06 07:28:17,R2L,R2L,1.0,YES,Medium
2026-01-06 07:28:17,R2L,R2L,1.0,YES,Medium
2026-01-06 07:28:18,Probe,Probe,1.0,YES,High
2026-01-06 07:28:18,U2R,U2R,1.0,YES,Critical
2026-01-06 07:28:18,U2R,U2R,1.0,YES,Critical
2026-01-06 07:28:18,R2L,R2L,1.0,YES,Medium
2026-01-06 07:28:18,Probe,Probe,0.985,YES,High
2026-01-06 07:28:18,R2L,R2L,1.0,YES,Medium
2026-01-06 07:28:18,Probe,Probe,1.0,YES,High
2026-01-06 07:28:18,U2R,U2R,1.0,YES,Critical
2026-01-06 07:28:18,Probe,Probe,1.0,YES,High
2026-01-06 07:28:18,U2R,U2R,1.0,YES,Critical
2026-01-06 07:28:18,DoS,DoS,1.0,YES,High
2026-01-06 07:28:18,Probe,Probe,1.0,YES,High
2026-01-06 07:28:18,R2L,R2L,1.0,YES,Medium
2026-01-06 07:28:18,R2L,R2L,1.0,YES,Medium
2026-01-06 07:28:18,U2R,U2R,1.0,YES,Critical
2026-01-06 07:28:18,Probe,Probe,1.0,YES,High
2026-01-06 07:28:18,U2R,U2R,1.0,YES,Critical
2026-01-06 07:28:18,DoS,DoS,1.0,YES,High
2026-01-06 07:28:18,Probe,Probe,1.0,YES,High
2026-01-06 07:28:18,Probe,Probe,1.0,YES,High
2026-01-06 07:28:18,DoS,DoS,1.0,YES,High
2026-01-06 07:28:18,U2R,U2R,1.0,YES,Critical
2026-01-06 07:28:18,Probe,Probe,1.0,YES,High
2026-01-06 07:28:18,Probe,Probe,1.0,YES,High
2026-01-06 07:28:18,R2L,R2L,0.985,YES,Medium
2026-01-06 07:28:18,Probe,Probe,1.0,YES,High
2026-01-06 07:28:18,U2R,U2R,1.0,YES,Critical
2026-01-06 07:28:18,Probe,Probe,1.0,YES,High
2026-01-06 07:28:18,DoS,DoS,1.0,YES,High
2026-01-06 07:28:18,DoS,DoS,1.0,YES,High
2026-01-06 07:28:18,U2R,U2R,1.0,YES,Critical
2026-01-06 07:28:18,Probe,Probe,0.979,YES,High
2026-01-06 07:28:18,R2L,R2L,1.0,YES,Medium
2026-01-06 07:28:18,DoS,DoS,1.0,YES,High
2026-01-06 07:28:18,Probe,Probe,1.0,YES,High
2026-01-06 07:28:18,R2L,R2L,1.0,YES,Medium
2026-01-06 07:28:18,DoS,DoS,1.0,YES,High
2026-01-06 07:28:18,U2R,U2R,1.0,YES,Critical
2026-01-06 07:28:18,U2R,U2R,1.0,YES,Critical
2026-01-06 07:28:18,R2L,R2L,1.0,YES,Medium
2026-01-06 07:28:18,Probe,Probe,1.0,YES,High
2026-01-06 07:28:18,U2R,U2R,0.995,YES,Critical
2026-01-06 07:28:18,R2L,R2L,1.0,YES,Medium
2026-01-06 07:28:18,R2L,R2L,1.0,YES,Medium
2026-01-06 07:28:18,R2L,R2L,1.0,YES,Medium
2026-01-06 07:28:18,R2L,R2L,1.0,YES,Medium
2026-01-06 07:28:18,Probe,Probe,1.0,YES,High
2026-01-06 07:28:18,R2L,R2L,0.995,YES,Medium
2026-01-06 07:28:18,R2L,R2L,1.0,YES,Medium
2026-01-06 07:28:18,R2L,R2L,1.0,YES,Medium
2026-01-06 07:28:18,Probe,Probe,1.0,YES,High
2026-01-06 07:28:18,U2R,U2R,1.0,YES,Critical
2026-01-06 07:28:18,DoS,DoS,1.0,YES,High
2026-01-06 07:28:18,Probe,Probe,0.994,YES,High
2026-01-06 07:28:18,DoS,DoS,1.0,YES,High
2026-01-06 07:28:18,Probe,Probe,1.0,YES,High
2026-01-06 07:28:18,DoS,DoS,0.995,YES,High
2026-01-06 07:28:18,U2R,U2R,1.0,YES,Critical
2026-01-06 07:28:19,Probe,Probe,1.0,YES,High
2026-01-06 07:28:19,Probe,Probe,0.999,YES,High
2026-01-06 07:28:19,U2R,U2R,1.0,YES,Critical
2026-01-06 07:28:19,Probe,Probe,1.0,YES,High
2026-01-06 07:28:19,R2L,R2L,1.0,YES,Medium
2026-01-06 07:28:19,R2L,R2L,1.0,YES,Medium
2026-01-06 07:28:19,R2L,R2L,1.0,YES,Medium
2026-01-06 07:28:19,DoS,DoS,1.0,YES,High
2026-01-06 07:28:19,DoS,DoS,0.68,YES,High
2026-01-06 07:28:19,U2R,U2R,1.0,YES,Critical
2026-01-06 07:28:19,R2L,R2L,1.0,YES,Medium
2026-01-06 07:28:19,Probe,Probe,1.0,YES,High
2026-01-06 07:28:19,Probe,Probe,1.0,YES,High
2026-01-06 07:28:19,DoS,DoS,1.0,YES,High
2026-01-06 07:28:19,U2R,U2R,1.0,YES,Critical
2026-01-06 07:28:19,DoS,DoS,1.0,YES,High
2026-01-06 07:28:19,R2L,R2L,1.0,YES,Medium
2026-01-06 07:28:19,Probe,Probe,0.999,YES,High
2026-01-06 07:28:19,DoS,DoS,1.0,YES,High
2026-01-06 07:28:19,DoS,DoS,0.995,YES,High
2026-01-06 07:28:19,U2R,U2R,1.0,YES,Critical
2026-01-06 07:28:19,U2R,U2R,1.0,YES,Critical
2026-01-06 07:28:19,U2R,U2R,1.0,YES,Critical
2026-01-06 07:28:19,DoS,DoS,1.0,YES,High
2026-01-06 07:28:19,R2L,R2L,1.0,YES,Medium
2026-01-06 07:28:19,U2R,U2R,1.0,YES,Critical
2026-01-06 07:28:19,Probe,Probe,0.994,YES,High
2026-01-06 07:28:19,R2L,R2L,1.0,YES,Medium
2026-01-06 07:28:19,R2L,R2L,1.0,YES,Medium
2026-01-06 07:28:19,Probe,Probe,1.0,YES,High
2026-01-06 07:28:19,DoS,DoS,1.0,YES,High
2026-01-06 07:28:19,U2R,U2R,1.0,YES,Critical
2026-01-06 07:28:19,R2L,R2L,1.0,YES,Medium
2026-01-06 07:28:19,Probe,Probe,1.0,YES,High
2026-01-06 07:28:19,Probe,Probe,1.0,YES,High
2026-01-06 07:28:19,Probe,Probe,1.0,YES,High
2026-01-06 07:28:19,Probe,Probe,1.0,YES,High
2026-01-06 07:28:19,Probe,Probe,1.0,YES,High
2026-01-06 07:28:19,Probe,Probe,1.0,YES,High
2026-01-06 07:28:19,Probe,Probe,1.0,YES,High
2026-01-06 07:28:19,R2L,R2L,1.0,YES,Medium
2026-01-06 07:28:19,Probe,Probe,1.0,YES,High
2026-01-06 07:28:19,R2L,R2L,1.0,YES,Medium
2026-01-06 07:28:19,DoS,DoS,1.0,YES,High
2026-01-06 07:28:19,R2L,R2L,1.0,YES,Medium
2026-01-06 07:28:19,DoS,DoS,1.0,YES,High
2026-01-06 07:28:19,U2R,U2R,1.0,YES,Critical
2026-01-06 07:28:19,R2L,R2L,1.0,YES,Medium
2026-01-06 07:28:19,R2L,R2L,1.0,YES,Medium
2026-01-06 07:28:19,U2R,U2R,0.905,YES,Critical
2026-01-06 07:28:19,DoS,DoS,1.0,YES,High
2026-01-06 07:28:19,DoS,DoS,1.0,YES,High
2026-01-06 07:28:19,DoS,DoS,1.0,YES,High
2026-01-06 07:28:20,DoS,DoS,1.0,YES,High
2026-01-06 07:28:20,R2L,R2L,1.0,YES,Medium
2026-01-06 07:28:20,DoS,DoS,1.0,YES,High
2026-01-06 07:28:20,U2R,U2R,1.0,YES,Critical
2026-01-06 07:28:20,R2L,R2L,1.0,YES,Medium
2026-01-06 07:28:20,R2L,R2L,1.0,YES,Medium
2026-01-06 07:28:20,DoS,DoS,1.0,YES,High
2026-01-06 07:28:20,R2L,R2L,1.0,YES,Medium
2026-01-06 07:28:20,U2R,U2R,1.0,YES,Critical
2026-01-06 07:28:20,U2R,U2R,1.0,YES,Critical
2026-01-06 07:28:20,DoS,DoS,1.0,YES,High
2026-01-06 07:28:20,R2L,R2L,0.999,YES,Medium
2026-01-06 07:28:20,Probe,Probe,1.0,YES,High
2026-01-06 07:28:20,DoS,DoS,1.0,YES,High
2026-01-06 07:28:20,R2L,R2L,1.0,YES,Medium
2026-01-06 07:28:20,R2L,R2L,1.0,YES,Medium
2026-01-06 07:28:20,DoS,DoS,1.0,YES,High
2026-01-06 07:28:20,DoS,DoS,0.995,YES,High
2026-01-06 07:28:20,Probe,Probe,1.0,YES,High
2026-01-06 07:28:20,Probe,Probe,1.0,YES,High
2026-01-06 07:28:20,R2L,R2L,1.0,YES,Medium
2026-01-06 07:28:20,R2L,R2L,1.0,YES,Medium
2026-01-06 07:28:20,U2R,U2R,0.98,YES,Critical
2026-01-06 07:28:20,R2L,R2L,1.0,YES,Medium
2026-01-06 07:28:20,DoS,DoS,1.0,YES,High
2026-01-06 07:28:20,U2R,U2R,1.0,YES,Critical
2026-01-06 07:28:20,U2R,U2R,1.0,YES,Critical
2026-01-06 07:28:20,U2R,U2R,1.0,YES,Critical
2026-01-06 07:28:20,DoS,DoS,1.0,YES,High
2026-01-06 07:28:20,Probe,Probe,0.999,YES,High
2026-01-06 07:28:20,DoS,DoS,1.0,YES,High
2026-01-06 07:28:20,U2R,U2R,1.0,YES,Critical
2026-01-06 07:28:20,R2L,R2L,1.0,YES,Medium
2026-01-06 07:28:20,Probe,Probe,1.0,YES,High
2026-01-06 07:28:20,R2L,R2L,1.0,YES,Medium
2026-01-06 07:28:20,DoS,DoS,1.0,YES,High
2026-01-06 07:28:20,R2L,R2L,0.995,YES,Medium
2026-01-06 07:28:20,R2L,R2L,1.0,YES,Medium
2026-01-06 07:28:20,R2L,R2L,1.0,YES,Medium
2026-01-06 07:28:20,DoS,DoS,0.97,YES,High
2026-01-06 07:28:20,R2L,R2L,1.0,YES,Medium
2026-01-06 07:28:20,U2R,U2R,1.0,YES,Critical
2026-01-06 07:28:20,U2R,U2R,1.0,YES,Critical
2026-01-06 07:28:20,Probe,Probe,1.0,YES,High
2026-01-06 07:28:20,DoS,DoS,1.0,YES,High
2026-01-06 07:28:20,R2L,R2L,1.0,YES,Medium
2026-01-06 07:28:20,U2R,U2R,1.0,YES,Critical
2026-01-06 07:28:20,R2L,R2L,1.0,YES,Medium
2026-01-06 07:28:20,U2R,U2R,1.0,YES,Critical
2026-01-06 07:28:20,Probe,Probe,1.0,YES,High
2026-01-06 07:28:20,U2R,U2R,1.0,YES,Critical
2026-01-06 07:28:20,R2L,R2L,0.995,YES,Medium
2026-01-06 07:28:20,U2R,U2R,1.0,YES,Critical
2026-01-06 07:28:20,Probe,Probe,0.99,YES,High
2026-01-06 07:28:20,DoS,DoS,1.0,YES,High
2026-01-06 07:28:21,DoS,DoS,1.0,YES,High
2026-01-06 07:28:21,Probe,Probe,0.999,YES,High
2026-01-06 07:28:21,DoS,DoS,1.0,YES,High
2026-01-06 07:28:21,DoS,DoS,1.0,YES,High
2026-01-06 07:28:21,DoS,DoS,1.0,YES,High
2026-01-06 07:28:21,R2L,R2L,1.0,YES,Medium
2026-01-06 07:28:21,R2L,R2L,1.0,YES,Medium
2026-01-06 07:28:21,DoS,DoS,0.995,YES,High
2026-01-06 07:28:21,U2R,U2R,1.0,YES,Critical
2026-01-06 07:28:21,DoS,DoS,1.0,YES,High
2026-01-06 07:28:21,R2L,R2L,0.995,YES,Medium
2026-01-06 07:28:21,DoS,DoS,1.0,YES,High
2026-01-06 07:28:21,Probe,Probe,1.0,YES,High
2026-01-06 07:28:21,DoS,DoS,1.0,YES,High
2026-01-06 07:28:21,DoS,DoS,1.0,YES,High
2026-01-06 07:28:21,Probe,Probe,1.0,YES,High
2026-01-06 07:28:21,U2R,U2R,1.0,YES,Critical
2026-01-06 07:28:21,U2R,U2R,1.0,YES,Critical
2026-01-06 07:28:21,U2R,U2R,1.0,YES,Critical
2026-01-06 07:28:21,U2R,U2R,1.0,YES,Critical
2026-01-06 07:28:21,Probe,Probe,1.0,YES,High
2026-01-06 07:28:21,U2R,U2R,1.0,YES,Critical
2026-01-06 07:28:21,DoS,DoS,1.0,YES,High
2026-01-06 07:28:21,Probe,Probe,1.0,YES,High
2026-01-06 07:28:21,U2R,U2R,1.0,YES,Critical
2026-01-06 07:28:21,Probe,Probe,1.0,YES,High
2026-01-06 07:28:21,U2R,U2R,1.0,YES,Critical
2026-01-06 07:28:21,DoS,DoS,1.0,YES,High
2026-01-06 07:28:21,DoS,DoS,1.0,YES,High
2026-01-06 07:28:21,R2L,R2L,1.0,YES,Medium
2026-01-06 07:28:21,U2R,U2R,1.0,YES,Critical
2026-01-06 07:28:21,DoS,DoS,1.0,YES,High
2026-01-06 07:28:21,DoS,DoS,1.0,YES,High
2026-01-06 07:28:21,R2L,R2L,1.0,YES,Medium
2026-01-06 07:28:21,DoS,DoS,1.0,YES,High
2026-01-06 07:28:21,U2R,U2R,1.0,YES,Critical
2026-01-06 07:28:21,DoS,DoS,1.0,YES,High
2026-01-06 07:28:21,R2L,R2L,0.999,YES,Medium
2026-01-06 07:28:21,U2R,U2R,1.0,YES,Critical
2026-01-06 07:28:21,R2L,R2L,1.0,YES,Medium
2026-01-06 07:28:21,R2L,R2L,1.0,YES,Medium
2026-01-06 07:28:21,R2L,R2L,1.0,YES,Medium
2026-01-06 07:28:21,DoS,DoS,1.0,YES,High
2026-01-06 07:28:21,U2R,U2R,0.995,YES,Critical
2026-01-06 07:28:21,Probe,Probe,0.995,YES,High
2026-01-06 07:28:21,R2L,R2L,1.0,YES,Medium
2026-01-06 07:28:21,Probe,Probe,1.0,YES,High
2026-01-06 07:28:21,R2L,R2L,1.0,YES,Medium
2026-01-06 07:28:21,R2L,R2L,0.999,YES,Medium
2026-01-06 07:28:21,Probe,Probe,1.0,YES,High
2026-01-06 07:28:21,DoS,DoS,0.995,YES,High
2026-01-06 07:28:21,U2R,U2R,1.0,YES,Critical
2026-01-06 07:28:21,Probe,Probe,1.0,YES,High
2026-01-06 07:28:21,R2L,R2L,1.0,YES,Medium
2026-01-06 07:28:22,DoS,DoS,1.0,YES,High
2026-01-06 07:28:22,R2L,R2L,1.0,YES,Medium
2026-01-06 07:28:22,Probe,Probe,1.0,YES,High
2026-01-06 07:28:22,U2R,U2R,1.0,YES,Critical
2026-01-06 07:28:22,Probe,Probe,1.0,YES,High
2026-01-06 07:28:22,R2L,R2L,1.0,YES,Medium
2026-01-06 07:28:22,R2L,R2L,1.0,YES,Medium
2026-01-06 07:28:22,R2L,R2L,1.0,YES,Medium
2026-01-06 07:28:22,DoS,DoS,1.0,YES,High
2026-01-06 07:28:22,Probe,Probe,1.0,YES,High
2026-01-06 07:28:22,U2R,U2R,1.0,YES,Critical
2026-01-06 07:28:22,U2R,U2R,1.0,YES,Critical
2026-01-06 07:28:22,R2L,R2L,0.999,YES,Medium
2026-01-06 07:28:22,U2R,U2R,1.0,YES,Critical
2026-01-06 07:28:22,Probe,Probe,1.0,YES,High
2026-01-06 07:28:22,U2R,U2R,1.0,YES,Critical
2026-01-06 07:28:22,DoS,DoS,1.0,YES,High
2026-01-06 07:28:22,DoS,DoS,1.0,YES,High
2026-01-06 07:28:22,R2L,R2L,1.0,YES,Medium
2026-01-06 07:28:22,U2R,U2R,1.0,YES,Critical
2026-01-06 07:28:22,R2L,R2L,1.0,YES,Medium
2026-01-06 07:28:22,U2R,U2R,1.0,YES,Critical
2026-01-06 07:28:22,R2L,R2L,0.995,YES,Medium
2026-01-06 07:28:22,U2R,U2R,1.0,YES,Critical
2026-01-06 07:28:22,DoS,DoS,1.0,YES,High
2026-01-06 07:28:22,DoS,DoS,1.0,YES,High
2026-01-06 07:28:22,R2L,R2L,1.0,YES,Medium
2026-01-06 07:28:22,R2L,R2L,1.0,YES,Medium
2026-01-06 07:28:22,DoS,DoS,1.0,YES,High
2026-01-06 07:28:22,U2R,U2R,1.0,YES,Critical
2026-01-06 07:28:22,Probe,Probe,0.985,YES,High
2026-01-06 07:28:22,DoS,DoS,1.0,YES,High
2026-01-06 07:28:22,Probe,Probe,0.995,YES,High
2026-01-06 07:28:22,DoS,DoS,1.0,YES,High
2026-01-06 07:28:22,R2L,R2L,0.995,YES,Medium
2026-01-06 07:28:22,R2L,R2L,1.0,YES,Medium
2026-01-06 07:28:22,R2L,R2L,1.0,YES,Medium
2026-01-06 07:28:22,U2R,U2R,1.0,YES,Critical
2026-01-06 07:28:22,DoS,DoS,1.0,YES,High
2026-01-06 07:28:22,U2R,U2R,1.0,YES,Critical
2026-01-06 07:28:22,R2L,R2L,1.0,YES,Medium
2026-01-06 07:28:22,U2R,U2R,1.0,YES,Critical
2026-01-06 07:28:22,DoS,DoS,1.0,YES,High
2026-01-06 07:28:22,U2R,U2R,1.0,YES,Critical
2026-01-06 07:28:22,R2L,R2L,0.999,YES,Medium
2026-01-06 07:28:22,R2L,R2L,1.0,YES,Medium
2026-01-06 07:28:22,Probe,Probe,1.0,YES,High
2026-01-06 07:28:22,DoS,DoS,1.0,YES,High
2026-01-06 07:28:22,R2L,R2L,1.0,YES,Medium
2026-01-06 07:28:22,R2L,R2L,1.0,YES,Medium
2026-01-06 07:28:22,Probe,Probe,1.0,YES,High
2026-01-06 07:28:22,DoS,DoS,0.994,YES,High
2026-01-06 07:28:22,U2R,U2R,1.0,YES,Critical
2026-01-06 07:28:22,DoS,DoS,1.0,YES,High
2026-01-06 07:28:22,U2R,U2R,1.0,YES,Critical
2026-01-06 07:28:22,DoS,DoS,1.0,YES,High
2026-01-06 07:28:23,DoS,DoS,1.0,YES,High
2026-01-06 07:28:23,Probe,Probe,0.999,YES,High
2026-01-06 07:28:23,U2R,U2R,1.0,YES,Critical
2026-01-06 07:28:23,Probe,Probe,1.0,YES,High
2026-01-06 07:28:23,DoS,DoS,1.0,YES,High
2026-01-06 07:28:23,U2R,U2R,1.0,YES,Critical
2026-01-06 07:28:23,U2R,U2R,1.0,YES,Critical
2026-01-06 07:28:23,DoS,DoS,1.0,YES,High
2026-01-06 07:28:23,DoS,DoS,1.0,YES,High
2026-01-06 07:28:23,Probe,Probe,0.999,YES,High
2026-01-06 07:28:23,U2R,U2R,1.0,YES,Critical
2026-01-06 07:28:23,DoS,DoS,0.99,YES,High
2026-01-06 07:28:23,U2R,U2R,1.0,YES,Critical
2026-01-06 07:28:23,R2L,R2L,1.0,YES,Medium
2026-01-06 07:28:23,Probe,Probe,1.0,YES,High
2026-01-06 07:28:23,R2L,R2L,1.0,YES,Medium
2026-01-06 07:28:23,U2R,U2R,1.0,YES,Critical
2026-01-06 07:28:23,U2R,U2R,1.0,YES,Critical
2026-01-06 07:28:23,R2L,R2L,1.0,YES,Medium
2026-01-06 07:28:23,Probe,Probe,1.0,YES,High
2026-01-06 07:28:23,R2L,R2L,1.0,YES,Medium
2026-01-06 07:28:23,Probe,Probe,0.999,YES,High
2026-01-06 07:28:23,R2L,R2L,1.0,YES,Medium
2026-01-06 07:28:23,R2L,R2L,1.0,YES,Medium
2026-01-06 07:28:23,R2L,R2L,1.0,YES,Medium
2026-01-06 07:28:23,Probe,Probe,1.0,YES,High
2026-01-06 07:28:23,U2R,U2R,1.0,YES,Critical
2026-01-06 07:28:23,R2L,R2L,1.0,YES,Medium
2026-01-06 07:28:23,U2R,U2R,1.0,YES,Critical
2026-01-06 07:28:23,Probe,Probe,0.999,YES,High
2026-01-06 07:28:23,R2L,R2L,1.0,YES,Medium
2026-01-06 07:28:23,DoS,DoS,1.0,YES,High
2026-01-06 07:28:23,R2L,R2L,1.0,YES,Medium
2026-01-06 07:28:23,Probe,Probe,1.0,YES,High
2026-01-06 07:28:23,U2R,U2R,1.0,YES,Critical
2026-01-06 07:28:23,DoS,DoS,1.0,YES,High
2026-01-06 07:28:23,U2R,U2R,1.0,YES,Critical
2026-01-06 07:28:23,R2L,R2L,1.0,YES,Medium
2026-01-06 07:28:23,R2L,R2L,1.0,YES,Medium
2026-01-06 07:28:23,DoS,DoS,1.0,YES,High
2026-01-06 07:28:23,R2L,R2L,1.0,YES,Medium
2026-01-06 07:28:23,R2L,R2L,1.0,YES,Medium
2026-01-06 07:28:23,Probe,Probe,1.0,YES,High
2026-01-06 07:28:23,Probe,Probe,1.0,YES,High
2026-01-06 07:28:23,Probe,Probe,1.0,YES,High
2026-01-06 07:28:23,DoS,DoS,1.0,YES,High
2026-01-06 07:28:23,DoS,DoS,1.0,YES,High
2026-01-06 07:28:23,U2R,U2R,1.0,YES,Critical
2026-01-06 07:28:23,U2R,U2R,1.0,YES,Critical
2026-01-06 07:28:23,U2R,U2R,1.0,YES,Critical
2026-01-06 07:28:23,Probe,Probe,1.0,YES,High
2026-01-06 07:28:23,Probe,Probe,1.0,YES,High
2026-01-06 07:28:23,DoS,DoS,1.0,YES,High
2026-01-06 07:28:23,DoS,DoS,1.0,YES,High
2026-01-06 07:28:23,U2R,U2R,1.0,YES,Critical
2026-01-06 07:28:23,DoS,DoS,1.0,YES,High
2026-01-06 07:28:24,Probe,Probe,1.0,YES,High
2026-01-06 07:28:24,Probe,Probe,0.995,YES,High
2026-01-06 07:28:24,U2R,U2R,1.0,YES,Critical
2026-01-06 07:28:24,DoS,DoS,0.955,YES,High
2026-01-06 07:28:24,DoS,DoS,1.0,YES,High
2026-01-06 07:28:24,DoS,DoS,1.0,YES,High
2026-01-06 07:28:24,R2L,R2L,1.0,YES,Medium
2026-01-06 07:28:24,U2R,U2R,1.0,YES,Critical
2026-01-06 07:28:24,DoS,DoS,1.0,YES,High
2026-01-06 07:28:24,Probe,Probe,0.979,YES,High
2026-01-06 07:28:24,R2L,R2L,1.0,YES,Medium
2026-01-06 07:28:24,DoS,DoS,1.0,YES,High
2026-01-06 07:28:24,U2R,U2R,1.0,YES,Critical
2026-01-06 07:28:24,Probe,Probe,1.0,YES,High
2026-01-06 07:28:24,U2R,U2R,1.0,YES,Critical
2026-01-06 07:28:24,DoS,DoS,0.995,YES,High
2026-01-06 07:28:24,DoS,DoS,1.0,YES,High
2026-01-06 07:28:24,R2L,R2L,1.0,YES,Medium
2026-01-06 07:28:24,U2R,U2R,1.0,YES,Critical
2026-01-06 07:28:24,Probe,Probe,1.0,YES,High
2026-01-06 07:28:24,Probe,Probe,1.0,YES,High
2026-01-06 07:28:24,R2L,R2L,1.0,YES,Medium
2026-01-06 07:28:24,U2R,U2R,1.0,YES,Critical
2026-01-06 07:28:24,DoS,DoS,1.0,YES,High
2026-01-06 07:28:24,U2R,U2R,1.0,YES,Critical
2026-01-06 07:28:24,U2R,U2R,1.0,YES,Critical
2026-01-06 07:28:24,DoS,DoS,1.0,YES,High
2026-01-06 07:28:24,R2L,R2L,1.0,YES,Medium
2026-01-06 07:28:24,R2L,R2L,1.0,YES,Medium
2026-01-06 07:28:24,R2L,R2L,1.0,YES,Medium
2026-01-06 07:28:24,Probe,Probe,0.995,YES,High
2026-01-06 07:28:24,Probe,Probe,1.0,YES,High
2026-01-06 07:28:24,DoS,DoS,1.0,YES,High
2026-01-06 07:28:24,U2R,U2R,1.0,YES,Critical
2026-01-06 07:28:24,Probe,Probe,1.0,YES,High
2026-01-06 07:28:24,R2L,R2L,1.0,YES,Medium
2026-01-06 07:28:24,U2R,U2R,1.0,YES,Critical
2026-01-06 07:28:24,DoS,DoS,1.0,YES,High
2026-01-06 07:28:24,R2L,R2L,0.98,YES,Medium
2026-01-06 07:28:24,DoS,DoS,1.0,YES,High
2026-01-06 07:28:24,R2L,R2L,1.0,YES,Medium
2026-01-06 07:28:24,R2L,R2L,0.999,YES,Medium
2026-01-06 07:28:24,Probe,Probe,1.0,YES,High
2026-01-06 07:28:24,U2R,U2R,1.0,YES,Critical
2026-01-06 07:28:24,DoS,DoS,1.0,YES,High
2026-01-06 07:28:24,Probe,Probe,1.0,YES,High
2026-01-06 07:28:24,DoS,DoS,1.0,YES,High
2026-01-06 07:28:24,Probe,Probe,1.0,YES,High
2026-01-06 07:28:24,R2L,R2L,1.0,YES,Medium
2026-01-06 07:28:24,Probe,Probe,0.915,YES,High
2026-01-06 07:28:24,DoS,DoS,1.0,YES,High
2026-01-06 07:28:24,R2L,R2L,1.0,YES,Medium
2026-01-06 07:28:24,U2R,U2R,1.0,YES,Critical
2026-01-06 07:28:24,U2R,U2R,1.0,YES,Critical
2026-01-06 07:28:24,U2R,U2R,1.0,YES,Critical
2026-01-06 07:28:24,U2R,U2R,1.0,YES,Critical
2026-01-06 07:28:24,Probe,Probe,1.0,YES,High
2026-01-06 07:28:25,R2L,R2L,1.0,YES,Medium
2026-01-06 07:28:25,DoS,DoS,1.0,YES,High
2026-01-06 07:28:25,U2R,U2R,0.995,YES,Critical
2026-01-06 07:28:25,Probe,Probe,1.0,YES,High
2026-01-06 07:28:25,Probe,Probe,1.0,YES,High
2026-01-06 07:28:25,DoS,DoS,1.0,YES,High
2026-01-06 07:28:25,U2R,U2R,1.0,YES,Critical
2026-01-06 07:28:25,DoS,DoS,1.0,YES,High
2026-01-06 07:28:25,Probe,Probe,1.0,YES,High
2026-01-06 07:28:25,U2R,U2R,1.0,YES,Critical
2026-01-06 07:28:25,Probe,Probe,1.0,YES,High
2026-01-06 07:28:25,Probe,Probe,1.0,YES,High
2026-01-06 07:28:25,Probe,Probe,1.0,YES,High
2026-01-06 07:28:25,U2R,U2R,1.0,YES,Critical
2026-01-06 07:28:25,Probe,Probe,1.0,YES,High
2026-01-06 07:28:25,DoS,DoS,0.99,YES,High
2026-01-06 07:28:25,Probe,Probe,1.0,YES,High
2026-01-06 07:28:25,R2L,R2L,1.0,YES,Medium
2026-01-06 07:28:25,U2R,U2R,1.0,YES,Critical
2026-01-06 07:28:25,U2R,U2R,1.0,YES,Critical
2026-01-06 07:28:25,DoS,DoS,1.0,YES,High
2026-01-06 07:28:25,U2R,U2R,1.0,YES,Critical
2026-01-06 07:28:25,R2L,R2L,1.0,YES,Medium
2026-01-06 07:28:25,U2R,U2R,1.0,YES,Critical
2026-01-06 07:28:25,DoS,DoS,1.0,YES,High
2026-01-06 07:28:25,DoS,DoS,1.0,YES,High
2026-01-06 07:28:25,Probe,Probe,1.0,YES,High
2026-01-06 07:28:25,Probe,Probe,1.0,YES,High
2026-01-06 07:28:25,Probe,Probe,1.0,YES,High
2026-01-06 07:28:25,DoS,DoS,1.0,YES,High
2026-01-06 07:28:25,DoS,DoS,1.0,YES,High
2026-01-06 07:28:25,DoS,DoS,1.0,YES,High
2026-01-06 07:28:25,U2R,U2R,1.0,YES,Critical
2026-01-06 07:28:25,U2R,U2R,1.0,YES,Critical
2026-01-06 07:28:25,Probe,Probe,1.0,YES,High
2026-01-06 07:28:25,U2R,U2R,1.0,YES,Critical
2026-01-06 07:28:25,Probe,Probe,1.0,YES,High
2026-01-06 07:28:25,R2L,R2L,1.0,YES,Medium
2026-01-06 07:28:25,Probe,Probe,0.994,YES,High
2026-01-06 07:28:25,DoS,DoS,1.0,YES,High
2026-01-06 07:28:25,DoS,DoS,1.0,YES,High
2026-01-06 07:28:26,DoS,DoS,1.0,YES,High
2026-01-06 07:28:26,R2L,R2L,1.0,YES,Medium
2026-01-06 07:28:26,Probe,Probe,1.0,YES,High
2026-01-06 07:28:26,DoS,DoS,1.0,YES,High
2026-01-06 07:28:26,U2R,U2R,1.0,YES,Critical
2026-01-06 07:28:26,R2L,R2L,1.0,YES,Medium
2026-01-06 07:28:26,Probe,Probe,1.0,YES,High
2026-01-06 07:28:26,U2R,U2R,1.0,YES,Critical
2026-01-06 07:28:26,DoS,DoS,1.0,YES,High
2026-01-06 07:28:26,Probe,Probe,1.0,YES,High
2026-01-06 07:28:26,U2R,U2R,1.0,YES,Critical
2026-01-06 07:28:26,Probe,Probe,1.0,YES,High
2026-01-06 07:28:26,Probe,Probe,1.0,YES,High
2026-01-06 07:28:26,DoS,DoS,1.0,YES,High
2026-01-06 07:28:26,DoS,DoS,1.0,YES,High
2026-01-06 07:28:26,R2L,R2L,1.0,YES,Medium
2026-01-06 07:28:26,DoS,DoS,1.0,YES,High
2026-01-06 07:28:26,U2R,U2R,1.0,YES,Critical
2026-01-06 07:28:26,DoS,DoS,1.0,YES,High
2026-01-06 07:28:26,DoS,DoS,1.0,YES,High
2026-01-06 07:28:26,Probe,Probe,1.0,YES,High
2026-01-06 07:28:26,DoS,DoS,0.969,YES,High
2026-01-06 07:28:26,Probe,Probe,1.0,YES,High
2026-01-06 07:28:26,DoS,DoS,1.0,YES,High
2026-01-06 07:28:26,R2L,R2L,1.0,YES,Medium
2026-01-06 07:28:26,Probe,Probe,0.999,YES,High
2026-01-06 07:28:26,U2R,U2R,1.0,YES,Critical
2026-01-06 07:28:26,Probe,Probe,1.0,YES,High
2026-01-06 07:28:26,Probe,Probe,1.0,YES,High
2026-01-06 07:28:26,R2L,R2L,1.0,YES,Medium
2026-01-06 07:28:26,DoS,DoS,1.0,YES,High
2026-01-06 07:28:26,U2R,U2R,1.0,YES,Critical
2026-01-06 07:28:26,R2L,R2L,1.0,YES,Medium
2026-01-06 07:28:26,DoS,DoS,1.0,YES,High
2026-01-06 07:28:27,Probe,Probe,1.0,YES,High
2026-01-06 07:28:27,DoS,DoS,1.0,YES,High
2026-01-06 07:28:27,Probe,Probe,1.0,YES,High
2026-01-06 07:28:27,DoS,DoS,1.0,YES,High
2026-01-06 07:28:27,DoS,DoS,1.0,YES,High
2026-01-06 07:28:27,DoS,DoS,1.0,YES,High
2026-01-06 07:28:27,Probe,Probe,0.995,YES,High
2026-01-06 07:28:27,Probe,Probe,0.995,YES,High
2026-01-06 07:28:27,U2R,U2R,1.0,YES,Critical
2026-01-06 07:28:27,U2R,U2R,1.0,YES,Critical
2026-01-06 07:28:27,U2R,U2R,1.0,YES,Critical
2026-01-06 07:28:27,U2R,U2R,1.0,YES,Critical
2026-01-06 07:28:27,U2R,U2R,1.0,YES,Critical
2026-01-06 07:28:27,Probe,Probe,1.0,YES,High
2026-01-06 07:28:27,U2R,U2R,1.0,YES,Critical
2026-01-06 07:28:27,U2R,U2R,1.0,YES,Critical
2026-01-06 07:28:27,Probe,Probe,1.0,YES,High
2026-01-06 07:28:27,U2R,U2R,1.0,YES,Critical
2026-01-06 07:28:27,R2L,R2L,1.0,YES,Medium
2026-01-06 07:28:27,R2L,R2L,1.0,YES,Medium
2026-01-06 07:28:27,DoS,DoS,1.0,YES,High
2026-01-06 07:28:27,Probe,Probe,1.0,YES,High
2026-01-06 07:28:27,Probe,Probe,1.0,YES,High
2026-01-06 07:28:27,U2R,U2R,0.995,YES,Critical
2026-01-06 07:28:27,DoS,DoS,0.995,YES,High
2026-01-06 07:28:27,R2L,R2L,1.0,YES,Medium
2026-01-06 07:28:27,Probe,Probe,1.0,YES,High
2026-01-06 07:28:27,U2R,U2R,1.0,YES,Critical
2026-01-06 07:28:27,U2R,U2R,1.0,YES,Critical
2026-01-06 07:28:27,DoS,DoS,1.0,YES,High
2026-01-06 07:28:27,Probe,Probe,1.0,YES,High
2026-01-06 07:28:28,DoS,DoS,1.0,YES,High
2026-01-06 07:28:28,U2R,U2R,1.0,YES,Critical
2026-01-06 07:28:28,DoS,DoS,1.0,YES,High
2026-01-06 07:28:28,DoS,DoS,1.0,YES,High
2026-01-06 07:28:28,DoS,DoS,1.0,YES,High
2026-01-06 07:28:28,U2R,U2R,1.0,YES,Critical
2026-01-06 07:28:28,R2L,R2L,1.0,YES,Medium
2026-01-06 07:28:28,R2L,R2L,0.999,YES,Medium
2026-01-06 07:28:28,Probe,Probe,1.0,YES,High
2026-01-06 07:28:28,Probe,Probe,1.0,YES,High
2026-01-06 07:28:28,Probe,Probe,1.0,YES,High
2026-01-06 07:28:28,U2R,U2R,1.0,YES,Critical
2026-01-06 07:28:28,Probe,Probe,1.0,YES,High
2026-01-06 07:28:28,U2R,U2R,1.0,YES,Critical
2026-01-06 07:28:28,R2L,R2L,1.0,YES,Medium
2026-01-06 07:28:28,U2R,U2R,1.0,YES,Critical
2026-01-06 07:28:28,U2R,U2R,1.0,YES,Critical
2026-01-06 07:28:28,DoS,DoS,1.0,YES,High
2026-01-06 07:28:28,Probe,Probe,1.0,YES,High
2026-01-06 07:28:28,R2L,R2L,1.0,YES,Medium
2026-01-06 07:28:28,U2R,U2R,1.0,YES,Critical
2026-01-06 07:28:28,Probe,Probe,1.0,YES,High
2026-01-06 07:28:28,Probe,Probe,0.999,YES,High
2026-01-06 07:28:28,DoS,DoS,1.0,YES,High
2026-01-06 07:28:28,U2R,U2R,1.0,YES,Critical
2026-01-06 07:28:28,DoS,DoS,1.0,YES,High
2026-01-06 07:28:28,Probe,Probe,1.0,YES,High
2026-01-06 07:28:28,U2R,U2R,1.0,YES,Critical
2026-01-06 07:28:28,Probe,Probe,1.0,YES,High
2026-01-06 07:28:28,Probe,Probe,1.0,YES,High
2026-01-06 07:28:28,Probe,Probe,1.0,YES,High
2026-01-06 07:28:28,Probe,Probe,1.0,YES,High
2026-01-06 07:28:28,R2L,R2L,1.0,YES,Medium
2026-01-06 07:28:28,Probe,Probe,1.0,YES,High
2026-01-06 07:28:28,R2L,R2L,1.0,YES,Medium
2026-01-06 07:28:28,DoS,DoS,1.0,YES,High
2026-01-06 07:28:28,R2L,R2L,1.0,YES,Medium
2026-01-06 07:28:28,Probe,Probe,1.0,YES,High
2026-01-06 07:28:28,U2R,U2R,1.0,YES,Critical
2026-01-06 07:28:28,U2R,U2R,1.0,YES,Critical
2026-01-06 07:28:28,R2L,R2L,1.0,YES,Medium
2026-01-06 07:28:28,DoS,DoS,1.0,YES,High
2026-01-06 07:28:28,DoS,DoS,1.0,YES,High
2026-01-06 07:28:28,R2L,R2L,1.0,YES,Medium
2026-01-06 07:28:28,R2L,R2L,1.0,YES,Medium
2026-01-06 07:28:28,R2L,R2L,1.0,YES,Medium
2026-01-06 07:28:28,DoS,DoS,1.0,YES,High
2026-01-06 07:28:29,Probe,Probe,1.0,YES,High
2026-01-06 07:28:29,R2L,R2L,1.0,YES,Medium
2026-01-06 07:28:29,Probe,Probe,0.994,YES,High
2026-01-06 07:28:29,U2R,U2R,1.0,YES,Critical
2026-01-06 07:28:29,Probe,Probe,1.0,YES,High
2026-01-06 07:28:29,Probe,Probe,1.0,YES,High
2026-01-06 07:28:29,Probe,Probe,1.0,YES,High
2026-01-06 07:28:29,R2L,R2L,1.0,YES,Medium
2026-01-06 07:28:29,DoS,DoS,1.0,YES,High
2026-01-06 07:28:29,DoS,DoS,1.0,YES,High
2026-01-06 07:28:29,U2R,U2R,1.0,YES,Critical
2026-01-06 07:28:29,Probe,Probe,1.0,YES,High
2026-01-06 07:28:29,R2L,R2L,1.0,YES,Medium
2026-01-06 07:28:29,R2L,R2L,0.825,YES,Medium
2026-01-06 07:28:29,DoS,DoS,1.0,YES,High
2026-01-06 07:28:29,DoS,DoS,1.0,YES,High
2026-01-06 07:28:29,Probe,Probe,1.0,YES,High
2026-01-06 07:28:29,DoS,DoS,1.0,YES,High
2026-01-06 07:28:29,Probe,Probe,1.0,YES,High
2026-01-06 07:28:29,DoS,DoS,1.0,YES,High
2026-01-06 07:28:29,U2R,U2R,1.0,YES,Critical
2026-01-06 07:28:29,U2R,U2R,1.0,YES,Critical
2026-01-06 07:28:29,DoS,DoS,1.0,YES,High
2026-01-06 07:28:29,U2R,U2R,1.0,YES,Critical
2026-01-06 07:28:29,Probe,Probe,0.995,YES,High
2026-01-06 07:28:29,R2L,R2L,1.0,YES,Medium
2026-01-06 07:28:29,Probe,Probe,1.0,YES,High
2026-01-06 07:28:29,U2R,U2R,1.0,YES,Critical
2026-01-06 07:28:29,R2L,R2L,1.0,YES,Medium
2026-01-06 07:28:29,DoS,DoS,1.0,YES,High
2026-01-06 07:28:29,Probe,Probe,0.995,YES,High
2026-01-06 07:28:29,R2L,R2L,1.0,YES,Medium
2026-01-06 07:28:29,DoS,DoS,1.0,YES,High
2026-01-06 07:28:29,R2L,R2L,1.0,YES,Medium
2026-01-06 07:28:29,R2L,R2L,0.995,YES,Medium
2026-01-06 07:28:29,R2L,R2L,1.0,YES,Medium
2026-01-06 07:28:29,DoS,DoS,1.0,YES,High
2026-01-06 07:28:29,U2R,U2R,1.0,YES,Critical
2026-01-06 07:28:29,Probe,Probe,1.0,YES,High
2026-01-06 07:28:29,R2L,R2L,1.0,YES,Medium
2026-01-06 07:28:29,DoS,DoS,1.0,YES,High
2026-01-06 07:28:29,R2L,R2L,1.0,YES,Medium
2026-01-06 07:28:29,DoS,DoS,1.0,YES,High
2026-01-06 07:28:29,R2L,R2L,1.0,YES,Medium
2026-01-06 07:28:29,R2L,R2L,1.0,YES,Medium
2026-01-06 07:28:29,R2L,R2L,1.0,YES,Medium
2026-01-06 07:28:29,DoS,DoS,0.965,YES,High
2026-01-06 07:28:29,U2R,U2R,1.0,YES,Critical
2026-01-06 07:28:29,Probe,Probe,1.0,YES,High
2026-01-06 07:28:29,Probe,Probe,1.0,YES,High
2026-01-06 07:28:29,U2R,U2R,1.0,YES,Critical
2026-01-06 07:28:29,DoS,DoS,1.0,YES,High
2026-01-06 07:28:29,Probe,Probe,1.0,YES,High
2026-01-06 07:28:29,Probe,Probe,0.995,YES,High
2026-01-06 07:28:29,Probe,Probe,1.0,YES,High
2026-01-06 07:28:29,U2R,U2R,1.0,YES,Critical
2026-01-06 07:28:29,DoS,DoS,1.0,YES,High
2026-01-06 07:28:29,DoS,DoS,1.0,YES,High
2026-01-06 07:28:29,Probe,Probe,1.0,YES,High
2026-01-06 07:28:29,R2L,R2L,1.0,YES,Medium
2026-01-06 07:28:30,Probe,Probe,0.829,YES,High
2026-01-06 07:28:30,DoS,DoS,1.0,YES,High
2026-01-06 07:28:30,U2R,U2R,1.0,YES,Critical
2026-01-06 07:28:30,R2L,R2L,1.0,YES,Medium
2026-01-06 07:28:30,DoS,DoS,0.995,YES,High
2026-01-06 07:28:30,U2R,U2R,1.0,YES,Critical
2026-01-06 07:28:30,U2R,U2R,1.0,YES,Critical
2026-01-06 07:28:30,R2L,R2L,1.0,YES,Medium
2026-01-06 07:28:30,DoS,DoS,1.0,YES,High
2026-01-06 07:28:30,Probe,Probe,1.0,YES,High
2026-01-06 07:28:30,DoS,DoS,1.0,YES,High
2026-01-06 07:28:30,U2R,U2R,1.0,YES,Critical
2026-01-06 07:28:30,Probe,Probe,1.0,YES,High
2026-01-06 07:28:30,U2R,U2R,1.0,YES,Critical
2026-01-06 07:28:30,DoS,DoS,1.0,YES,High
2026-01-06 07:28:30,R2L,R2L,1.0,YES,Medium
2026-01-06 07:28:30,R2L,R2L,1.0,YES,Medium
2026-01-06 07:28:30,DoS,DoS,1.0,YES,High
2026-01-06 07:28:30,U2R,U2R,1.0,YES,Critical
2026-01-06 07:28:30,Probe,Probe,1.0,YES,High
2026-01-06 07:28:30,R2L,R2L,1.0,YES,Medium
2026-01-06 07:28:30,R2L,R2L,1.0,YES,Medium
2026-01-06 07:28:30,U2R,U2R,1.0,YES,Critical
2026-01-06 07:28:30,DoS,DoS,1.0,YES,High
2026-01-06 07:28:30,U2R,U2R,0.995,YES,Critical
2026-01-06 07:28:30,Probe,Probe,1.0,YES,High
2026-01-06 07:28:30,Probe,Probe,1.0,YES,High
2026-01-06 07:28:30,Probe,Probe,1.0,YES,High
2026-01-06 07:28:30,R2L,R2L,1.0,YES,Medium
2026-01-06 07:28:30,Probe,Probe,1.0,YES,High
2026-01-06 07:28:30,R2L,R2L,1.0,YES,Medium
2026-01-06 07:28:30,R2L,R2L,1.0,YES,Medium
2026-01-06 07:28:30,Probe,Probe,0.993,YES,High
2026-01-06 07:28:30,R2L,R2L,1.0,YES,Medium
2026-01-06 07:28:30,R2L,R2L,1.0,YES,Medium
2026-01-06 07:28:30,DoS,DoS,1.0,YES,High
2026-01-06 07:28:30,Probe,Probe,1.0,YES,High
2026-01-06 07:28:30,U2R,U2R,1.0,YES,Critical
2026-01-06 07:28:30,Probe,Probe,0.995,YES,High
2026-01-06 07:28:30,R2L,R2L,1.0,YES,Medium
2026-01-06 07:28:30,U2R,U2R,1.0,YES,Critical
2026-01-06 07:28:30,DoS,DoS,0.99,YES,High
2026-01-06 07:28:30,DoS,DoS,1.0,YES,High
2026-01-06 07:28:30,U2R,U2R,1.0,YES,Critical
2026-01-06 07:28:30,R2L,R2L,1.0,YES,Medium
2026-01-06 07:28:30,Probe,Probe,1.0,YES,High
2026-01-06 07:28:30,U2R,U2R,1.0,YES,Critical
2026-01-06 07:28:30,Probe,Probe,1.0,YES,High
2026-01-06 07:28:30,U2R,U2R,1.0,YES,Critical
2026-01-06 07:28:30,U2R,U2R,1.0,YES,Critical
2026-01-06 07:28:30,DoS,DoS,1.0,YES,High
2026-01-06 07:28:30,U2R,U2R,1.0,YES,Critical
2026-01-06 07:28:30,DoS,DoS,0.965,YES,High
2026-01-06 07:28:30,R2L,R2L,1.0,YES,Medium
2026-01-06 07:28:30,R2L,R2L,1.0,YES,Medium
2026-01-06 07:28:30,DoS,DoS,1.0,YES,High
2026-01-06 07:28:31,R2L,R2L,1.0,YES,Medium
2026-01-06 07:28:31,Probe,Probe,1.0,YES,High
2026-01-06 07:28:31,R2L,R2L,1.0,YES,Medium
2026-01-06 07:28:31,U2R,U2R,1.0,YES,Critical
2026-01-06 07:28:31,U2R,U2R,1.0,YES,Critical
2026-01-06 07:28:31,U2R,U2R,1.0,YES,Critical
2026-01-06 07:28:31,U2R,U2R,1.0,YES,Critical
2026-01-06 07:28:31,R2L,R2L,0.995,YES,Medium
2026-01-06 07:28:31,U2R,U2R,1.0,YES,Critical
2026-01-06 07:28:31,DoS,DoS,1.0,YES,High
2026-01-06 07:28:31,R2L,R2L,1.0,YES,Medium
2026-01-06 07:28:31,DoS,DoS,1.0,YES,High
2026-01-06 07:28:31,Probe,Probe,1.0,YES,High
2026-01-06 07:28:31,Probe,Probe,0.995,YES,High
2026-01-06 07:28:31,DoS,DoS,1.0,YES,High
2026-01-06 07:28:31,R2L,R2L,1.0,YES,Medium
2026-01-06 07:28:31,DoS,DoS,1.0,YES,High
2026-01-06 07:28:31,U2R,U2R,1.0,YES,Critical
2026-01-06 07:28:31,U2R,U2R,1.0,YES,Critical
2026-01-06 07:28:31,Probe,Probe,1.0,YES,High
2026-01-06 07:28:31,DoS,DoS,1.0,YES,High
2026-01-06 07:28:31,Probe,Probe,1.0,YES,High
2026-01-06 07:28:31,U2R,U2R,1.0,YES,Critical
2026-01-06 07:28:31,R2L,R2L,1.0,YES,Medium
2026-01-06 07:28:31,R2L,R2L,1.0,YES,Medium
2026-01-06 07:28:31,DoS,DoS,0.995,YES,High
2026-01-06 07:28:31,R2L,R2L,1.0,YES,Medium
2026-01-06 07:28:31,Probe,Probe,1.0,YES,High
2026-01-06 07:28:31,DoS,DoS,1.0,YES,High
2026-01-06 07:28:31,DoS,DoS,1.0,YES,High
2026-01-06 07:28:31,U2R,U2R,1.0,YES,Critical
2026-01-06 07:28:31,R2L,R2L,1.0,YES,Medium
2026-01-06 07:28:31,DoS,DoS,1.0,YES,High
2026-01-06 07:28:31,R2L,R2L,1.0,YES,Medium
2026-01-06 07:28:31,R2L,R2L,1.0,YES,Medium
2026-01-06 07:28:31,Probe,Probe,1.0,YES,High
2026-01-06 07:28:31,U2R,U2R,1.0,YES,Critical
2026-01-06 07:28:31,DoS,DoS,1.0,YES,High
2026-01-06 07:28:31,U2R,U2R,1.0,YES,Critical
2026-01-06 07:28:31,DoS,DoS,1.0,YES,High
2026-01-06 07:28:31,Probe,Probe,1.0,YES,High
2026-01-06 07:28:31,R2L,R2L,1.0,YES,Medium
2026-01-06 07:28:31,Probe,Probe,1.0,YES,High
2026-01-06 07:28:31,U2R,U2R,1.0,YES,Critical
2026-01-06 07:28:31,R2L,R2L,1.0,YES,Medium
2026-01-06 07:28:31,U2R,U2R,1.0,YES,Critical
2026-01-06 07:28:31,DoS,DoS,1.0,YES,High
2026-01-06 07:28:31,Probe,Probe,0.999,YES,High
2026-01-06 07:28:31,U2R,U2R,1.0,YES,Critical
2026-01-06 07:28:31,U2R,U2R,1.0,YES,Critical
2026-01-06 07:28:31,DoS,DoS,1.0,YES,High
2026-01-06 07:28:31,DoS,DoS,1.0,YES,High
2026-01-06 07:28:31,R2L,R2L,1.0,YES,Medium
2026-01-06 07:28:32,U2R,U2R,1.0,YES,Critical
2026-01-06 07:28:32,Probe,Probe,1.0,YES,High
2026-01-06 07:28:32,Probe,Probe,1.0,YES,High
2026-01-06 07:28:32,Probe,Probe,1.0,YES,High
2026-01-06 07:28:32,DoS,DoS,1.0,YES,High
2026-01-06 07:28:32,Probe,Probe,1.0,YES,High
2026-01-06 07:28:32,Probe,Probe,0.99,YES,High
2026-01-06 07:28:32,Probe,Probe,1.0,YES,High
2026-01-06 07:28:32,R2L,R2L,1.0,YES,Medium
2026-01-06 07:28:32,Probe,Probe,1.0,YES,High
2026-01-06 07:28:32,DoS,DoS,1.0,YES,High
2026-01-06 07:28:32,DoS,DoS,0.995,YES,High
2026-01-06 07:28:32,U2R,U2R,1.0,YES,Critical
2026-01-06 07:28:32,Probe,Probe,1.0,YES,High
2026-01-06 07:28:32,R2L,R2L,1.0,YES,Medium
2026-01-06 07:28:32,Probe,Probe,1.0,YES,High
2026-01-06 07:28:32,U2R,U2R,1.0,YES,Critical
2026-01-06 07:28:32,Probe,Probe,0.999,YES,High
2026-01-06 07:28:32,R2L,R2L,1.0,YES,Medium
2026-01-06 07:28:32,R2L,R2L,1.0,YES,Medium
2026-01-06 07:28:32,DoS,DoS,1.0,YES,High
2026-01-06 07:28:32,R2L,R2L,1.0,YES,Medium
2026-01-06 07:28:32,DoS,DoS,1.0,YES,High
2026-01-06 07:28:32,R2L,R2L,1.0,YES,Medium
2026-01-06 07:28:32,R2L,R2L,1.0,YES,Medium
2026-01-06 07:28:32,R2L,R2L,1.0,YES,Medium
2026-01-06 07:28:32,DoS,DoS,1.0,YES,High
2026-01-06 07:28:32,R2L,R2L,1.0,YES,Medium
2026-01-06 07:28:32,Probe,Probe,1.0,YES,High
2026-01-06 07:28:32,Probe,Probe,1.0,YES,High
2026-01-06 07:28:32,Probe,Probe,1.0,YES,High
2026-01-06 07:28:32,U2R,U2R,1.0,YES,Critical
2026-01-06 07:28:32,DoS,DoS,1.0,YES,High
2026-01-06 07:28:32,DoS,DoS,0.995,YES,High
2026-01-06 07:28:32,Probe,Probe,0.999,YES,High
2026-01-06 07:28:32,Probe,Probe,1.0,YES,High
2026-01-06 07:28:32,Probe,Probe,0.985,YES,High
2026-01-06 07:28:32,U2R,U2R,1.0,YES,Critical
2026-01-06 07:28:32,DoS,DoS,1.0,YES,High
2026-01-06 07:28:32,U2R,U2R,1.0,YES,Critical
2026-01-06 07:28:32,R2L,R2L,1.0,YES,Medium
2026-01-06 07:28:32,Probe,Probe,1.0,YES,High
2026-01-06 07:28:32,R2L,R2L,1.0,YES,Medium
2026-01-06 07:28:32,R2L,R2L,1.0,YES,Medium
2026-01-06 07:28:32,R2L,R2L,0.997,YES,Medium
2026-01-06 07:28:32,U2R,U2R,1.0,YES,Critical
2026-01-06 07:28:32,R2L,R2L,1.0,YES,Medium
2026-01-06 07:28:32,DoS,DoS,1.0,YES,High
2026-01-06 07:28:32,DoS,DoS,1.0,YES,High
2026-01-06 07:28:32,R2L,R2L,1.0,YES,Medium
2026-01-06 07:28:32,U2R,U2R,1.0,YES,Critical
2026-01-06 07:28:32,DoS,DoS,1.0,YES,High
2026-01-06 07:28:32,U2R,U2R,1.0,YES,Critical
2026-01-06 07:28:32,U2R,U2R,1.0,YES,Critical
2026-01-06 07:28:32,R2L,R2L,0.999,YES,Medium
2026-01-06 07:28:32,Probe,Probe,1.0,YES,High
2026-01-06 07:28:33,Probe,Probe,1.0,YES,High
2026-01-06 07:28:33,R2L,R2L,0.999,YES,Medium
2026-01-06 07:28:33,U2R,U2R,1.0,YES,Critical
2026-01-06 07:28:33,R2L,R2L,1.0,YES,Medium
2026-01-06 07:28:33,Probe,Probe,1.0,YES,High
2026-01-06 07:28:33,DoS,DoS,1.0,YES,High
2026-01-06 07:28:33,R2L,R2L,1.0,YES,Medium
2026-01-06 07:28:33,DoS,DoS,1.0,YES,High
2026-01-06 07:28:33,U2R,U2R,1.0,YES,Critical
2026-01-06 07:28:33,U2R,U2R,1.0,YES,Critical
2026-01-06 07:28:33,Probe,Probe,1.0,YES,High
2026-01-06 07:28:33,Probe,Probe,1.0,YES,High
2026-01-06 07:28:33,Probe,Probe,1.0,YES,High
2026-01-06 07:28:33,Probe,Probe,0.999,YES,High
2026-01-06 07:28:33,DoS,DoS,1.0,YES,High
2026-01-06 07:28:33,DoS,DoS,1.0,YES,High
2026-01-06 07:28:33,U2R,U2R,1.0,YES,Critical
2026-01-06 07:28:33,U2R,U2R,1.0,YES,Critical
2026-01-06 07:28:33,Probe,Probe,0.96,YES,High
2026-01-06 07:28:33,Probe,Probe,1.0,YES,High
2026-01-06 07:28:33,U2R,U2R,1.0,YES,Critical
2026-01-06 07:28:33,Probe,Probe,1.0,YES,High
2026-01-06 07:28:33,Probe,Probe,0.95,YES,High
2026-01-06 07:28:33,DoS,DoS,1.0,YES,High
2026-01-06 07:28:33,U2R,U2R,1.0,YES,Critical
2026-01-06 07:28:33,Probe,Probe,1.0,YES,High
2026-01-06 07:28:33,R2L,R2L,1.0,YES,Medium
2026-01-06 07:28:33,DoS,DoS,1.0,YES,High
2026-01-06 07:28:33,Probe,Probe,1.0,YES,High
2026-01-06 07:28:33,R2L,R2L,1.0,YES,Medium
2026-01-06 07:28:33,R2L,R2L,1.0,YES,Medium
2026-01-06 07:28:33,U2R,U2R,0.995,YES,Critical
2026-01-06 07:28:33,U2R,U2R,1.0,YES,Critical
2026-01-06 07:28:33,DoS,DoS,1.0,YES,High
2026-01-06 07:28:33,DoS,DoS,1.0,YES,High
2026-01-06 07:28:33,U2R,U2R,1.0,YES,Critical
2026-01-06 07:28:33,Probe,Probe,1.0,YES,High
2026-01-06 07:28:33,Probe,Probe,1.0,YES,High
2026-01-06 07:28:33,Probe,Probe,1.0,YES,High
2026-01-06 07:28:33,R2L,R2L,0.99,YES,Medium
2026-01-06 07:28:33,U2R,U2R,1.0,YES,Critical
2026-01-06 07:28:33,U2R,U2R,1.0,YES,Critical
2026-01-06 07:28:33,DoS,DoS,1.0,YES,High
2026-01-06 07:28:33,U2R,U2R,1.0,YES,Critical
2026-01-06 07:28:33,DoS,DoS,1.0,YES,High
2026-01-06 07:28:33,Probe,Probe,1.0,YES,High
2026-01-06 07:28:33,U2R,U2R,1.0,YES,Critical
2026-01-06 07:28:33,DoS,DoS,1.0,YES,High
2026-01-06 07:28:33,Probe,Probe,1.0,YES,High
2026-01-06 07:28:33,R2L,R2L,1.0,YES,Medium
2026-01-06 07:28:33,DoS,DoS,1.0,YES,High
2026-01-06 07:28:34,Probe,Probe,1.0,YES,High
2026-01-06 07:28:34,DoS,DoS,1.0,YES,High
2026-01-06 07:28:34,R2L,R2L,1.0,YES,Medium
2026-01-06 07:28:34,U2R,U2R,1.0,YES,Critical
2026-01-06 07:28:34,Probe,Probe,1.0,YES,High
2026-01-06 07:28:34,U2R,U2R,1.0,YES,Critical
2026-01-06 07:28:34,DoS,DoS,1.0,YES,High
2026-01-06 07:28:34,Probe,Probe,1.0,YES,High
2026-01-06 07:28:34,Probe,Probe,1.0,YES,High
2026-01-06 07:28:34,DoS,DoS,1.0,YES,High
2026-01-06 07:28:34,U2R,U2R,1.0,YES,Critical
2026-01-06 07:28:34,U2R,U2R,1.0,YES,Critical
2026-01-06 07:28:34,Probe,Probe,0.998,YES,High
2026-01-06 07:28:34,Probe,Probe,0.993,YES,High
2026-01-06 07:28:34,Probe,Probe,1.0,YES,High
2026-01-06 07:28:34,DoS,DoS,1.0,YES,High
2026-01-06 07:28:34,R2L,R2L,1.0,YES,Medium
2026-01-06 07:28:34,Probe,Probe,1.0,YES,High
2026-01-06 07:28:34,DoS,DoS,1.0,YES,High
2026-01-06 07:28:34,U2R,U2R,1.0,YES,Critical
2026-01-06 07:28:34,U2R,U2R,1.0,YES,Critical
2026-01-06 07:28:34,U2R,U2R,1.0,YES,Critical
2026-01-06 07:28:34,Probe,Probe,0.995,YES,High
2026-01-06 07:28:34,DoS,DoS,1.0,YES,High
2026-01-06 07:28:34,R2L,R2L,1.0,YES,Medium
2026-01-06 07:28:34,Probe,Probe,1.0,YES,High
2026-01-06 07:28:34,R2L,R2L,1.0,YES,Medium
2026-01-06 07:28:34,Probe,Probe,0.999,YES,High
2026-01-06 07:28:34,U2R,U2R,1.0,YES,Critical
2026-01-06 07:28:34,R2L,R2L,1.0,YES,Medium
2026-01-06 07:28:34,DoS,DoS,1.0,YES,High
2026-01-06 07:28:34,R2L,R2L,1.0,YES,Medium
2026-01-06 07:28:34,DoS,DoS,0.99,YES,High
2026-01-06 07:28:34,DoS,DoS,1.0,YES,High
2026-01-06 07:28:34,R2L,R2L,1.0,YES,Medium
2026-01-06 07:28:34,U2R,U2R,1.0,YES,Critical
2026-01-06 07:28:34,R2L,R2L,1.0,YES,Medium
2026-01-06 07:28:34,R2L,R2L,1.0,YES,Medium
2026-01-06 07:28:34,DoS,DoS,1.0,YES,High
2026-01-06 07:28:34,DoS,DoS,1.0,YES,High
2026-01-06 07:28:34,Probe,Probe,0.98,YES,High
2026-01-06 07:28:34,R2L,R2L,0.985,YES,Medium
2026-01-06 07:28:34,Probe,Probe,1.0,YES,High
2026-01-06 07:28:34,U2R,U2R,1.0,YES,Critical
2026-01-06 07:28:34,DoS,DoS,1.0,YES,High
2026-01-06 07:28:34,U2R,U2R,1.0,YES,Critical
2026-01-06 07:28:34,DoS,DoS,1.0,YES,High
2026-01-06 07:28:34,DoS,DoS,1.0,YES,High
2026-01-06 07:28:34,DoS,DoS,1.0,YES,High
2026-01-06 07:28:34,Probe,Probe,0.995,YES,High
2026-01-06 07:28:34,DoS,DoS,0.995,YES,High
2026-01-06 07:28:34,R2L,R2L,1.0,YES,Medium
2026-01-06 07:28:34,R2L,R2L,1.0,YES,Medium
2026-01-06 07:28:34,Probe,Probe,1.0,YES,High
2026-01-06 07:28:34,DoS,DoS,1.0,YES,High
2026-01-06 07:28:34,DoS,DoS,1.0,YES,High
2026-01-06 07:28:34,U2R,U2R,1.0,YES,Critical
2026-01-06 07:28:35,DoS,DoS,1.0,YES,High
2026-01-06 07:28:35,U2R,U2R,1.0,YES,Critical
2026-01-06 07:28:35,U2R,U2R,1.0,YES,Critical
2026-01-06 07:28:35,DoS,DoS,1.0,YES,High
2026-01-06 07:28:35,Probe,Probe,1.0,YES,High
2026-01-06 07:28:35,DoS,DoS,1.0,YES,High
2026-01-06 07:28:35,Probe,Probe,1.0,YES,High
2026-01-06 07:28:35,U2R,U2R,1.0,YES,Critical
2026-01-06 07:28:35,Probe,Probe,1.0,YES,High
2026-01-06 07:28:35,U2R,U2R,1.0,YES,Critical
2026-01-06 07:28:35,U2R,U2R,1.0,YES,Critical
2026-01-06 07:28:35,R2L,R2L,1.0,YES,Medium
2026-01-06 07:28:35,R2L,R2L,1.0,YES,Medium
2026-01-06 07:28:35,U2R,U2R,1.0,YES,Critical
2026-01-06 07:28:35,Probe,Probe,1.0,YES,High
2026-01-06 07:28:35,DoS,DoS,1.0,YES,High
2026-01-06 07:28:35,U2R,U2R,1.0,YES,Critical
2026-01-06 07:28:35,U2R,U2R,1.0,YES,Critical
2026-01-06 07:28:35,Probe,Probe,1.0,YES,High
2026-01-06 07:28:35,Probe,Probe,1.0,YES,High
2026-01-06 07:28:35,R2L,R2L,1.0,YES,Medium
2026-01-06 07:28:35,DoS,DoS,1.0,YES,High
2026-01-06 07:28:35,U2R,U2R,1.0,YES,Critical
2026-01-06 07:28:35,U2R,U2R,1.0,YES,Critical
2026-01-06 07:28:35,Probe,Probe,1.0,YES,High
2026-01-06 07:28:35,DoS,DoS,1.0,YES,High
2026-01-06 07:28:35,Probe,Probe,1.0,YES,High
2026-01-06 07:28:35,R2L,R2L,1.0,YES,Medium
2026-01-06 07:28:35,R2L,R2L,1.0,YES,Medium
2026-01-06 07:28:35,DoS,DoS,1.0,YES,High
2026-01-06 07:28:35,DoS,DoS,1.0,YES,High
2026-01-06 07:28:35,R2L,R2L,1.0,YES,Medium
2026-01-06 07:28:35,R2L,R2L,1.0,YES,Medium
2026-01-06 07:28:35,R2L,R2L,1.0,YES,Medium
2026-01-06 07:28:35,Probe,Probe,0.999,YES,High
2026-01-06 07:28:35,Probe,Probe,0.995,YES,High
2026-01-06 07:28:35,DoS,DoS,1.0,YES,High
2026-01-06 07:28:35,DoS,DoS,1.0,YES,High
2026-01-06 07:28:35,DoS,DoS,1.0,YES,High
2026-01-06 07:28:35,U2R,U2R,1.0,YES,Critical
2026-01-06 07:28:35,R2L,R2L,0.999,YES,Medium
2026-01-06 07:28:35,R2L,R2L,1.0,YES,Medium
2026-01-06 07:28:35,R2L,R2L,1.0,YES,Medium
2026-01-06 07:28:35,DoS,DoS,1.0,YES,High
2026-01-06 07:28:35,U2R,U2R,1.0,YES,Critical
2026-01-06 07:28:35,Probe,Probe,1.0,YES,High
2026-01-06 07:28:35,Probe,Probe,1.0,YES,High
2026-01-06 07:28:35,U2R,U2R,1.0,YES,Critical
2026-01-06 07:28:35,U2R,U2R,1.0,YES,Critical
2026-01-06 07:28:35,Probe,Probe,0.995,YES,High
2026-01-06 07:28:35,DoS,DoS,1.0,YES,High
2026-01-06 07:28:35,R2L,R2L,1.0,YES,Medium
2026-01-06 07:28:35,R2L,R2L,1.0,YES,Medium
2026-01-06 07:28:35,Probe,Probe,1.0,YES,High
2026-01-06 07:28:35,R2L,R2L,0.995,YES,Medium
2026-01-06 07:28:35,U2R,U2R,1.0,YES,Critical
2026-01-06 07:28:36,Probe,Probe,1.0,YES,High
2026-01-06 07:28:36,R2L,R2L,1.0,YES,Medium
2026-01-06 07:28:36,Probe,Probe,1.0,YES,High
2026-01-06 07:28:36,Probe,Probe,1.0,YES,High
2026-01-06 07:28:36,U2R,U2R,1.0,YES,Critical
2026-01-06 07:28:36,R2L,R2L,0.999,YES,Medium
2026-01-06 07:28:36,Probe,Probe,1.0,YES,High
2026-01-06 07:28:36,Probe,Probe,0.995,YES,High
2026-01-06 07:28:36,U2R,U2R,1.0,YES,Critical
2026-01-06 07:28:36,Probe,Probe,0.995,YES,High
2026-01-06 07:28:36,U2R,U2R,1.0,YES,Critical
2026-01-06 07:28:36,Probe,Probe,1.0,YES,High
2026-01-06 07:28:36,DoS,DoS,1.0,YES,High
2026-01-06 07:28:36,DoS,DoS,1.0,YES,High
2026-01-06 07:28:36,DoS,DoS,1.0,YES,High
2026-01-06 07:28:36,Probe,Probe,0.995,YES,High
2026-01-06 07:28:36,U2R,U2R,1.0,YES,Critical
2026-01-06 07:28:36,DoS,DoS,0.97,YES,High
2026-01-06 07:28:36,Probe,Probe,0.995,YES,High
2026-01-06 07:28:36,DoS,DoS,1.0,YES,High
2026-01-06 07:28:36,R2L,R2L,1.0,YES,Medium
2026-01-06 07:28:36,DoS,DoS,1.0,YES,High
2026-01-06 07:28:36,R2L,R2L,1.0,YES,Medium
2026-01-06 07:28:36,DoS,DoS,1.0,YES,High
2026-01-06 07:28:36,DoS,DoS,1.0,YES,High
2026-01-06 07:28:36,U2R,U2R,1.0,YES,Critical
2026-01-06 07:28:36,Probe,Probe,0.995,YES,High
2026-01-06 07:28:36,U2R,U2R,1.0,YES,Critical
2026-01-06 07:28:36,DoS,DoS,1.0,YES,High
2026-01-06 07:28:36,R2L,R2L,1.0,YES,Medium
2026-01-06 07:28:36,R2L,R2L,1.0,YES,Medium
2026-01-06 07:28:36,R2L,R2L,1.0,YES,Medium
2026-01-06 07:28:36,U2R,U2R,1.0,YES,Critical
2026-01-06 07:28:36,Probe,Probe,1.0,YES,High
2026-01-06 07:28:36,Probe,Probe,1.0,YES,High
2026-01-06 07:28:36,U2R,U2R,1.0,YES,Critical
2026-01-06 07:28:36,DoS,DoS,1.0,YES,High
2026-01-06 07:28:36,R2L,R2L,1.0,YES,Medium
2026-01-06 07:28:36,U2R,U2R,1.0,YES,Critical
2026-01-06 07:28:36,Probe,Probe,1.0,YES,High
2026-01-06 07:28:36,Probe,Probe,1.0,YES,High
2026-01-06 07:28:36,Probe,Probe,1.0,YES,High
2026-01-06 07:28:36,DoS,DoS,1.0,YES,High
2026-01-06 07:28:36,R2L,R2L,1.0,YES,Medium
2026-01-06 07:28:36,U2R,U2R,1.0,YES,Critical
2026-01-06 07:28:36,DoS,DoS,1.0,YES,High
2026-01-06 07:28:36,Probe,Probe,1.0,YES,High
2026-01-06 07:28:36,R2L,R2L,1.0,YES,Medium
2026-01-06 07:28:36,U2R,U2R,1.0,YES,Critical
2026-01-06 07:28:36,R2L,R2L,1.0,YES,Medium
2026-01-06 07:28:36,DoS,DoS,1.0,YES,High
2026-01-06 07:28:36,Probe,Probe,1.0,YES,High
2026-01-06 07:28:36,U2R,U2R,1.0,YES,Critical
2026-01-06 07:28:37,U2R,U2R,1.0,YES,Critical
2026-01-06 07:28:37,R2L,R2L,1.0,YES,Medium
2026-01-06 07:28:37,U2R,U2R,1.0,YES,Critical
2026-01-06 07:28:37,U2R,U2R,1.0,YES,Critical
2026-01-06 07:28:37,DoS,DoS,0.985,YES,High
2026-01-06 07:28:37,Probe,Probe,1.0,YES,High
2026-01-06 07:28:37,R2L,R2L,1.0,YES,Medium
2026-01-06 07:28:37,DoS,DoS,1.0,YES,High
2026-01-06 07:28:37,R2L,R2L,1.0,YES,Medium
2026-01-06 07:28:37,R2L,R2L,1.0,YES,Medium
2026-01-06 07:28:37,R2L,R2L,1.0,YES,Medium
2026-01-06 07:28:37,Probe,Probe,0.995,YES,High
2026-01-06 07:28:37,U2R,U2R,1.0,YES,Critical
2026-01-06 07:28:37,R2L,R2L,1.0,YES,Medium
2026-01-06 07:28:37,Probe,Probe,1.0,YES,High
2026-01-06 07:28:37,R2L,R2L,1.0,YES,Medium
2026-01-06 07:28:37,R2L,R2L,1.0,YES,Medium
2026-01-06 07:28:37,Probe,Probe,0.98,YES,High
2026-01-06 07:28:37,DoS,DoS,1.0,YES,High
2026-01-06 07:28:37,R2L,R2L,1.0,YES,Medium
2026-01-06 07:28:37,Probe,Probe,1.0,YES,High
2026-01-06 07:28:37,Probe,Probe,1.0,YES,High
2026-01-06 07:28:37,DoS,DoS,1.0,YES,High
2026-01-06 07:28:37,DoS,DoS,1.0,YES,High
2026-01-06 07:28:37,U2R,U2R,1.0,YES,Critical
2026-01-06 07:28:37,Probe,Probe,1.0,YES,High
2026-01-06 07:28:37,Probe,Probe,0.995,YES,High
2026-01-06 07:28:37,Probe,Probe,1.0,YES,High
2026-01-06 07:28:37,Probe,Probe,0.995,YES,High
2026-01-06 07:28:37,Probe,Probe,1.0,YES,High
2026-01-06 07:28:37,R2L,R2L,1.0,YES,Medium
2026-01-06 07:28:37,DoS,DoS,1.0,YES,High
2026-01-06 07:28:37,Probe,Probe,1.0,YES,High
2026-01-06 07:28:37,Probe,Probe,1.0,YES,High
2026-01-06 07:28:37,R2L,R2L,1.0,YES,Medium
2026-01-06 07:28:37,U2R,U2R,1.0,YES,Critical
2026-01-06 07:28:37,Probe,Probe,1.0,YES,High
2026-01-06 07:28:37,U2R,U2R,1.0,YES,Critical
2026-01-06 07:28:37,R2L,R2L,1.0,YES,Medium
2026-01-06 07:28:37,U2R,U2R,1.0,YES,Critical
2026-01-06 07:28:37,Probe,Probe,1.0,YES,High
2026-01-06 07:28:37,Probe,Probe,1.0,YES,High
2026-01-06 07:28:37,Probe,Probe,1.0,YES,High
2026-01-06 07:28:37,U2R,U2R,1.0,YES,Critical
2026-01-06 07:28:37,DoS,DoS,1.0,YES,High
2026-01-06 07:28:37,DoS,DoS,1.0,YES,High
2026-01-06 07:28:37,DoS,DoS,1.0,YES,High
2026-01-06 07:28:37,Probe,Probe,1.0,YES,High
2026-01-06 07:28:37,Probe,Probe,1.0,YES,High
2026-01-06 07:28:37,U2R,U2R,0.995,YES,Critical
2026-01-06 07:28:37,Probe,Probe,1.0,YES,High
2026-01-06 07:28:37,R2L,R2L,1.0,YES,Medium
2026-01-06 07:28:37,U2R,U2R,1.0,YES,Critical
2026-01-06 07:28:37,Probe,Probe,1.0,YES,High
2026-01-06 07:28:37,R2L,R2L,1.0,YES,Medium
2026-01-06 07:28:37,Probe,Probe,1.0,YES,High
2026-01-06 07:28:37,DoS,DoS,1.0,YES,High
2026-01-06 07:28:37,R2L,R2L,1.0,YES,Medium
2026-01-06 07:28:37,R2L,R2L,1.0,YES,Medium
2026-01-06 07:28:38,Probe,Probe,1.0,YES,High
2026-01-06 07:28:38,DoS,DoS,1.0,YES,High
2026-01-06 07:28:38,DoS,DoS,1.0,YES,High
2026-01-06 07:28:38,R2L,R2L,1.0,YES,Medium
2026-01-06 07:28:38,Probe,Probe,1.0,YES,High
2026-01-06 07:28:38,U2R,U2R,1.0,YES,Critical
2026-01-06 07:28:38,DoS,DoS,0.985,YES,High
2026-01-06 07:28:38,U2R,U2R,1.0,YES,Critical
2026-01-06 07:28:38,Probe,Probe,1.0,YES,High
2026-01-06 07:28:38,U2R,U2R,1.0,YES,Critical
2026-01-06 07:28:38,DoS,DoS,1.0,YES,High
2026-01-06 07:28:38,U2R,U2R,1.0,YES,Critical
2026-01-06 07:28:38,U2R,U2R,1.0,YES,Critical
2026-01-06 07:28:38,R2L,R2L,1.0,YES,Medium
2026-01-06 07:28:38,Probe,Probe,0.975,YES,High
2026-01-06 07:28:38,R2L,R2L,1.0,YES,Medium
2026-01-06 07:28:38,U2R,U2R,1.0,YES,Critical
2026-01-06 07:28:38,U2R,U2R,1.0,YES,Critical
2026-01-06 07:28:38,R2L,R2L,1.0,YES,Medium
2026-01-06 07:28:38,U2R,U2R,1.0,YES,Critical
2026-01-06 07:28:38,R2L,R2L,1.0,YES,Medium
2026-01-06 07:28:38,R2L,R2L,1.0,YES,Medium
2026-01-06 07:28:38,U2R,U2R,1.0,YES,Critical
2026-01-06 07:28:38,U2R,U2R,1.0,YES,Critical
2026-01-06 07:28:38,R2L,R2L,1.0,YES,Medium
2026-01-06 07:28:38,U2R,U2R,1.0,YES,Critical
2026-01-06 07:28:38,DoS,DoS,1.0,YES,High
2026-01-06 07:28:38,Probe,Probe,0.995,YES,High
2026-01-06 07:28:38,U2R,U2R,1.0,YES,Critical
2026-01-06 07:28:38,U2R,U2R,1.0,YES,Critical
2026-01-06 07:28:38,R2L,R2L,1.0,YES,Medium
2026-01-06 07:28:38,R2L,R2L,1.0,YES,Medium
2026-01-06 07:28:38,U2R,U2R,1.0,YES,Critical
2026-01-06 07:28:38,Probe,Probe,0.998,YES,High
2026-01-06 07:28:38,R2L,R2L,1.0,YES,Medium
2026-01-06 07:28:38,Probe,Probe,1.0,YES,High
2026-01-06 07:28:38,U2R,U2R,1.0,YES,Critical
2026-01-06 07:28:38,Probe,Probe,1.0,YES,High
2026-01-06 07:28:38,U2R,U2R,1.0,YES,Critical
2026-01-06 07:28:38,U2R,U2R,1.0,YES,Critical
2026-01-06 07:28:38,DoS,DoS,1.0,YES,High
2026-01-06 07:28:38,R2L,R2L,1.0,YES,Medium
2026-01-06 07:28:39,Probe,Probe,1.0,YES,High
2026-01-06 07:28:39,Probe,Probe,1.0,YES,High
2026-01-06 07:28:39,Probe,Probe,1.0,YES,High
2026-01-06 07:28:39,DoS,DoS,1.0,YES,High
2026-01-06 07:28:39,U2R,U2R,1.0,YES,Critical
2026-01-06 07:28:39,U2R,U2R,1.0,YES,Critical
2026-01-06 07:28:39,R2L,R2L,1.0,YES,Medium
2026-01-06 07:28:39,Probe,Probe,1.0,YES,High
2026-01-06 07:28:39,DoS,DoS,1.0,YES,High
2026-01-06 07:28:39,U2R,U2R,1.0,YES,Critical
2026-01-06 07:28:39,Probe,Probe,1.0,YES,High
2026-01-06 07:28:39,Probe,Probe,1.0,YES,High
2026-01-06 07:28:39,U2R,U2R,1.0,YES,Critical
2026-01-06 07:28:39,Probe,Probe,0.997,YES,High
2026-01-06 07:28:39,R2L,R2L,1.0,YES,Medium
2026-01-06 07:28:39,R2L,R2L,1.0,YES,Medium
2026-01-06 07:28:39,R2L,R2L,0.985,YES,Medium
2026-01-06 07:28:39,U2R,U2R,1.0,YES,Critical
2026-01-06 07:28:39,Probe,Probe,1.0,YES,High
2026-01-06 07:28:39,Probe,Probe,1.0,YES,High
2026-01-06 07:28:39,U2R,U2R,1.0,YES,Critical
2026-01-06 07:28:39,R2L,R2L,1.0,YES,Medium
2026-01-06 07:28:39,DoS,DoS,0.65,YES,High
2026-01-06 07:28:39,R2L,R2L,1.0,YES,Medium
2026-01-06 07:28:39,Probe,Probe,0.99,YES,High
2026-01-06 07:28:39,U2R,U2R,1.0,YES,Critical
2026-01-06 07:28:39,U2R,U2R,1.0,YES,Critical
2026-01-06 07:28:39,R2L,R2L,1.0,YES,Medium
2026-01-06 07:28:39,U2R,U2R,1.0,YES,Critical
2026-01-06 07:28:39,U2R,U2R,1.0,YES,Critical
2026-01-06 07:28:39,DoS,DoS,1.0,YES,High
2026-01-06 07:28:39,U2R,U2R,1.0,YES,Critical
2026-01-06 07:28:39,Probe,Probe,1.0,YES,High
2026-01-06 07:28:39,U2R,U2R,1.0,YES,Critical
2026-01-06 07:28:39,R2L,R2L,0.995,YES,Medium
2026-01-06 07:28:39,DoS,DoS,1.0,YES,High
2026-01-06 07:28:40,U2R,U2R,1.0,YES,Critical
2026-01-06 07:28:40,U2R,U2R,1.0,YES,Critical
2026-01-06 07:28:40,DoS,DoS,1.0,YES,High
2026-01-06 07:28:40,DoS,DoS,1.0,YES,High
2026-01-06 07:28:40,Probe,Probe,1.0,YES,High
2026-01-06 07:28:40,Probe,Probe,1.0,YES,High
2026-01-06 07:28:40,Probe,Probe,1.0,YES,High
2026-01-06 07:28:40,DoS,DoS,1.0,YES,High
2026-01-06 07:28:40,U2R,U2R,1.0,YES,Critical
2026-01-06 07:28:40,Probe,Probe,1.0,YES,High
2026-01-06 07:28:40,U2R,U2R,1.0,YES,Critical
2026-01-06 07:28:40,U2R,U2R,1.0,YES,Critical
2026-01-06 07:28:40,R2L,R2L,1.0,YES,Medium
2026-01-06 07:28:40,U2R,U2R,1.0,YES,Critical
2026-01-06 07:28:40,U2R,U2R,1.0,YES,Critical
2026-01-06 07:28:40,R2L,R2L,1.0,YES,Medium
2026-01-06 07:28:40,R2L,R2L,1.0,YES,Medium
2026-01-06 07:28:40,R2L,R2L,1.0,YES,Medium
2026-01-06 07:28:40,Probe,Probe,1.0,YES,High
2026-01-06 07:28:40,R2L,R2L,1.0,YES,Medium
2026-01-06 07:28:40,DoS,DoS,1.0,YES,High
2026-01-06 07:28:40,Probe,Probe,1.0,YES,High
2026-01-06 07:28:40,R2L,R2L,1.0,YES,Medium
2026-01-06 07:28:40,Probe,Probe,1.0,YES,High
2026-01-06 07:28:40,U2R,U2R,1.0,YES,Critical
2026-01-06 07:28:40,R2L,R2L,1.0,YES,Medium
2026-01-06 07:28:40,U2R,U2R,1.0,YES,Critical
2026-01-06 07:28:40,R2L,R2L,1.0,YES,Medium
2026-01-06 07:28:40,DoS,DoS,1.0,YES,High
2026-01-06 07:28:41,U2R,U2R,1.0,YES,Critical
2026-01-06 07:28:41,Probe,Probe,0.994,YES,High
2026-01-06 07:28:41,U2R,U2R,1.0,YES,Critical
2026-01-06 07:28:41,Probe,Probe,0.975,YES,High
2026-01-06 07:28:41,U2R,U2R,1.0,YES,Critical
2026-01-06 07:28:41,R2L,R2L,1.0,YES,Medium
2026-01-06 07:28:41,R2L,R2L,1.0,YES,Medium
2026-01-06 07:28:41,R2L,R2L,1.0,YES,Medium
2026-01-06 07:28:41,DoS,DoS,0.955,YES,High
2026-01-06 07:28:41,Probe,Probe,1.0,YES,High
2026-01-06 07:28:41,DoS,DoS,1.0,YES,High
2026-01-06 07:28:41,Probe,Probe,1.0,YES,High
2026-01-06 07:28:41,DoS,DoS,1.0,YES,High
2026-01-06 07:28:41,DoS,DoS,1.0,YES,High
2026-01-06 07:28:41,Probe,Probe,0.98,YES,High
2026-01-06 07:28:41,U2R,U2R,1.0,YES,Critical
2026-01-06 07:28:41,Probe,Probe,1.0,YES,High
2026-01-06 07:28:41,R2L,R2L,1.0,YES,Medium
2026-01-06 07:28:41,R2L,R2L,1.0,YES,Medium
2026-01-06 07:28:41,R2L,R2L,1.0,YES,Medium
2026-01-06 07:28:41,U2R,U2R,1.0,YES,Critical
2026-01-06 07:28:41,Probe,Probe,1.0,YES,High
2026-01-06 07:28:41,U2R,U2R,1.0,YES,Critical
2026-01-06 07:28:41,R2L,R2L,1.0,YES,Medium
2026-01-06 07:28:41,U2R,U2R,1.0,YES,Critical
2026-01-06 07:28:41,DoS,DoS,1.0,YES,High
2026-01-06 07:28:41,DoS,DoS,1.0,YES,High
2026-01-06 07:28:41,U2R,U2R,1.0,YES,Critical
2026-01-06 07:28:41,R2L,R2L,1.0,YES,Medium
2026-01-06 07:28:41,Probe,Probe,1.0,YES,High
2026-01-06 07:28:41,DoS,DoS,1.0,YES,High
2026-01-06 07:28:41,Probe,Probe,1.0,YES,High
2026-01-06 07:28:41,DoS,DoS,1.0,YES,High
2026-01-06 07:28:41,DoS,DoS,1.0,YES,High
2026-01-06 07:28:41,U2R,U2R,1.0,YES,Critical
2026-01-06 07:28:41,U2R,U2R,1.0,YES,Critical
2026-01-06 07:28:41,Probe,Probe,1.0,YES,High
2026-01-06 07:28:41,R2L,R2L,1.0,YES,Medium
2026-01-06 07:28:41,U2R,U2R,1.0,YES,Critical
2026-01-06 07:28:41,DoS,DoS,1.0,YES,High
2026-01-06 07:28:41,Probe,Probe,1.0,YES,High
2026-01-06 07:28:41,R2L,R2L,1.0,YES,Medium
2026-01-06 07:28:41,U2R,U2R,1.0,YES,Critical
2026-01-06 07:28:41,U2R,U2R,1.0,YES,Critical
2026-01-06 07:28:41,R2L,R2L,0.999,YES,Medium
2026-01-06 07:28:41,DoS,DoS,1.0,YES,High
2026-01-06 07:28:41,R2L,R2L,1.0,YES,Medium
2026-01-06 07:28:41,U2R,U2R,1.0,YES,Critical
2026-01-06 07:28:41,DoS,DoS,1.0,YES,High
2026-01-06 07:28:41,R2L,R2L,1.0,YES,Medium
2026-01-06 07:28:41,Probe,Probe,1.0,YES,High
2026-01-06 07:28:41,U2R,U2R,1.0,YES,Critical
2026-01-06 07:28:41,DoS,DoS,1.0,YES,High
2026-01-06 07:28:41,Probe,Probe,1.0,YES,High
2026-01-06 07:28:41,R2L,R2L,1.0,YES,Medium
2026-01-06 07:28:41,Probe,Probe,0.994,YES,High
2026-01-06 07:28:42,DoS,DoS,1.0,YES,High
2026-01-06 07:28:42,U2R,U2R,1.0,YES,Critical
2026-01-06 07:28:42,U2R,U2R,1.0,YES,Critical
2026-01-06 07:28:42,R2L,R2L,1.0,YES,Medium
2026-01-06 07:28:42,R2L,R2L,1.0,YES,Medium
2026-01-06 07:28:42,R2L,R2L,1.0,YES,Medium
2026-01-06 07:28:42,DoS,DoS,1.0,YES,High
2026-01-06 07:28:42,DoS,DoS,1.0,YES,High
2026-01-06 07:28:42,U2R,U2R,1.0,YES,Critical
2026-01-06 07:28:42,U2R,U2R,1.0,YES,Critical
2026-01-06 07:28:42,DoS,DoS,1.0,YES,High
2026-01-06 07:28:42,Probe,Probe,1.0,YES,High
2026-01-06 07:28:42,Probe,Probe,1.0,YES,High
2026-01-06 07:28:42,DoS,DoS,1.0,YES,High
2026-01-06 07:28:42,R2L,R2L,1.0,YES,Medium
2026-01-06 07:28:42,DoS,DoS,1.0,YES,High
2026-01-06 07:28:42,DoS,DoS,1.0,YES,High
2026-01-06 07:28:42,U2R,U2R,1.0,YES,Critical
2026-01-06 07:28:42,R2L,R2L,1.0,YES,Medium
2026-01-06 07:28:42,R2L,R2L,1.0,YES,Medium
2026-01-06 07:28:42,U2R,U2R,1.0,YES,Critical
2026-01-06 07:28:42,U2R,U2R,1.0,YES,Critical
2026-01-06 07:28:42,U2R,U2R,1.0,YES,Critical
2026-01-06 07:28:42,Probe,Probe,1.0,YES,High
2026-01-06 07:28:42,Probe,Probe,1.0,YES,High
2026-01-06 07:28:42,U2R,U2R,1.0,YES,Critical
2026-01-06 07:28:42,DoS,DoS,1.0,YES,High
2026-01-06 07:28:42,U2R,U2R,1.0,YES,Critical
2026-01-06 07:28:42,DoS,DoS,1.0,YES,High
2026-01-06 07:28:42,R2L,R2L,1.0,YES,Medium
2026-01-06 07:28:42,R2L,R2L,1.0,YES,Medium
2026-01-06 07:28:42,DoS,DoS,1.0,YES,High
2026-01-06 07:28:42,U2R,U2R,1.0,YES,Critical
2026-01-06 07:28:42,U2R,U2R,1.0,YES,Critical
2026-01-06 07:28:42,U2R,U2R,1.0,YES,Critical
2026-01-06 07:28:42,U2R,U2R,1.0,YES,Critical
2026-01-06 07:28:42,Probe,Probe,1.0,YES,High
2026-01-06 07:28:42,U2R,U2R,1.0,YES,Critical
2026-01-06 07:28:42,DoS,DoS,1.0,YES,High
2026-01-06 07:28:42,U2R,U2R,1.0,YES,Critical
2026-01-06 07:28:42,Probe,Probe,0.999,YES,High
2026-01-06 07:28:42,U2R,U2R,1.0,YES,Critical
2026-01-06 07:28:42,U2R,U2R,1.0,YES,Critical
2026-01-06 07:28:42,R2L,R2L,0.975,YES,Medium
2026-01-06 07:28:42,R2L,R2L,1.0,YES,Medium
2026-01-06 07:28:42,R2L,R2L,1.0,YES,Medium
2026-01-06 07:28:42,Probe,Probe,1.0,YES,High
2026-01-06 07:28:42,U2R,U2R,1.0,YES,Critical
2026-01-06 07:28:42,R2L,R2L,1.0,YES,Medium
2026-01-06 07:28:42,Probe,Probe,1.0,YES,High
2026-01-06 07:28:42,R2L,R2L,1.0,YES,Medium
2026-01-06 07:28:42,Probe,Probe,1.0,YES,High
2026-01-06 07:28:42,R2L,R2L,1.0,YES,Medium
2026-01-06 07:28:43,U2R,U2R,1.0,YES,Critical
2026-01-06 07:28:43,Probe,Probe,1.0,YES,High
2026-01-06 07:28:43,DoS,DoS,1.0,YES,High
2026-01-06 07:28:43,R2L,R2L,1.0,YES,Medium
2026-01-06 07:28:43,DoS,DoS,1.0,YES,High
2026-01-06 07:28:43,Probe,Probe,1.0,YES,High
2026-01-06 07:28:43,DoS,DoS,1.0,YES,High
2026-01-06 07:28:43,R2L,R2L,1.0,YES,Medium
2026-01-06 07:28:43,U2R,U2R,1.0,YES,Critical
2026-01-06 07:28:43,Probe,Probe,0.99,YES,High
2026-01-06 07:28:43,DoS,DoS,1.0,YES,High
2026-01-06 07:28:43,U2R,U2R,1.0,YES,Critical
2026-01-06 07:28:43,R2L,R2L,1.0,YES,Medium
2026-01-06 07:28:43,Probe,Probe,1.0,YES,High
2026-01-06 07:28:43,DoS,DoS,1.0,YES,High
2026-01-06 07:28:43,Probe,Probe,1.0,YES,High
2026-01-06 07:28:43,DoS,DoS,1.0,YES,High
2026-01-06 07:28:43,R2L,R2L,1.0,YES,Medium
2026-01-06 07:28:43,U2R,U2R,1.0,YES,Critical
2026-01-06 07:28:43,DoS,DoS,1.0,YES,High
2026-01-06 07:28:43,Probe,Probe,0.995,YES,High
2026-01-06 07:28:43,Probe,Probe,1.0,YES,High
2026-01-06 07:28:43,R2L,R2L,1.0,YES,Medium
2026-01-06 07:28:43,R2L,R2L,1.0,YES,Medium
2026-01-06 07:28:43,R2L,R2L,1.0,YES,Medium
2026-01-06 07:28:43,Probe,Probe,1.0,YES,High
2026-01-06 07:28:43,U2R,U2R,1.0,YES,Critical
2026-01-06 07:28:43,DoS,DoS,1.0,YES,High
2026-01-06 07:28:43,DoS,DoS,1.0,YES,High
2026-01-06 07:28:43,U2R,U2R,1.0,YES,Critical
2026-01-06 07:28:43,R2L,R2L,0.995,YES,Medium
2026-01-06 07:28:43,DoS,DoS,1.0,YES,High
2026-01-06 07:28:43,R2L,R2L,1.0,YES,Medium
2026-01-06 07:28:43,U2R,U2R,1.0,YES,Critical
2026-01-06 07:28:43,DoS,DoS,1.0,YES,High
2026-01-06 07:28:43,U2R,U2R,1.0,YES,Critical
2026-01-06 07:28:43,Probe,Probe,1.0,YES,High
2026-01-06 07:28:43,U2R,U2R,1.0,YES,Critical
2026-01-06 07:28:43,Probe,Probe,1.0,YES,High
2026-01-06 07:28:43,DoS,DoS,1.0,YES,High
2026-01-06 07:28:43,U2R,U2R,1.0,YES,Critical
2026-01-06 07:28:43,R2L,R2L,1.0,YES,Medium
2026-01-06 07:28:43,R2L,R2L,1.0,YES,Medium
2026-01-06 07:28:43,DoS,DoS,1.0,YES,High
2026-01-06 07:28:43,DoS,DoS,1.0,YES,High
2026-01-06 07:28:43,R2L,R2L,1.0,YES,Medium
2026-01-06 07:28:43,DoS,DoS,1.0,YES,High
2026-01-06 07:28:43,DoS,DoS,1.0,YES,High
2026-01-06 07:28:43,DoS,DoS,1.0,YES,High
2026-01-06 07:28:43,DoS,DoS,1.0,YES,High
2026-01-06 07:28:43,U2R,U2R,1.0,YES,Critical
2026-01-06 07:28:43,Probe,Probe,0.995,YES,High
2026-01-06 07:28:44,R2L,R2L,1.0,YES,Medium
2026-01-06 07:28:44,DoS,DoS,1.0,YES,High
2026-01-06 07:28:44,R2L,R2L,1.0,YES,Medium
2026-01-06 07:28:44,U2R,U2R,1.0,YES,Critical
2026-01-06 07:28:44,Probe,Probe,1.0,YES,High
2026-01-06 07:28:44,Probe,Probe,1.0,YES,High
2026-01-06 07:28:44,R2L,R2L,1.0,YES,Medium
2026-01-06 07:28:44,DoS,DoS,1.0,YES,High
2026-01-06 07:28:44,Probe,Probe,1.0,YES,High
2026-01-06 07:28:44,Probe,Probe,0.983,YES,High
2026-01-06 07:28:44,DoS,DoS,0.99,YES,High
2026-01-06 07:28:44,R2L,R2L,1.0,YES,Medium
2026-01-06 07:28:44,DoS,DoS,1.0,YES,High
2026-01-06 07:28:44,Probe,Probe,0.99,YES,High
2026-01-06 07:28:44,U2R,U2R,1.0,YES,Critical
2026-01-06 07:28:44,DoS,DoS,1.0,YES,High
2026-01-06 07:28:44,DoS,DoS,1.0,YES,High
2026-01-06 07:28:44,DoS,DoS,1.0,YES,High
2026-01-06 07:28:44,U2R,U2R,1.0,YES,Critical
2026-01-06 07:28:44,Probe,Probe,0.995,YES,High
2026-01-06 07:28:44,Probe,Probe,1.0,YES,High
2026-01-06 07:28:44,R2L,R2L,1.0,YES,Medium
2026-01-06 07:28:44,R2L,R2L,1.0,YES,Medium
2026-01-06 07:28:44,U2R,U2R,1.0,YES,Critical
2026-01-06 07:28:44,DoS,DoS,1.0,YES,High
2026-01-06 07:28:44,DoS,DoS,1.0,YES,High
2026-01-06 07:28:44,R2L,R2L,1.0,YES,Medium
2026-01-06 07:28:44,R2L,R2L,1.0,YES,Medium
2026-01-06 07:28:44,Probe,Probe,1.0,YES,High
2026-01-06 07:28:44,R2L,R2L,1.0,YES,Medium
2026-01-06 07:28:44,R2L,R2L,1.0,YES,Medium
2026-01-06 07:28:44,DoS,DoS,1.0,YES,High
2026-01-06 07:28:44,U2R,U2R,1.0,YES,Critical
2026-01-06 07:28:44,U2R,U2R,1.0,YES,Critical
2026-01-06 07:28:44,Probe,Probe,0.998,YES,High
2026-01-06 07:28:44,U2R,U2R,1.0,YES,Critical
2026-01-06 07:28:44,R2L,R2L,1.0,YES,Medium
2026-01-06 07:28:44,U2R,U2R,1.0,YES,Critical
2026-01-06 07:28:44,DoS,DoS,1.0,YES,High
2026-01-06 07:28:44,R2L,R2L,1.0,YES,Medium
2026-01-06 07:28:44,U2R,U2R,1.0,YES,Critical
2026-01-06 07:28:44,DoS,DoS,1.0,YES,High
2026-01-06 07:28:44,R2L,R2L,1.0,YES,Medium
2026-01-06 07:28:44,DoS,DoS,1.0,YES,High
2026-01-06 07:28:44,DoS,DoS,1.0,YES,High
2026-01-06 07:28:44,DoS,DoS,1.0,YES,High
2026-01-06 07:28:44,Probe,Probe,1.0,YES,High
2026-01-06 07:28:44,U2R,U2R,1.0,YES,Critical
2026-01-06 07:28:44,U2R,U2R,1.0,YES,Critical
2026-01-06 07:28:44,U2R,U2R,1.0,YES,Critical
2026-01-06 07:28:44,DoS,DoS,1.0,YES,High
2026-01-06 07:28:44,Probe,Probe,1.0,YES,High
2026-01-06 07:28:44,DoS,DoS,1.0,YES,High
2026-01-06 07:28:44,U2R,U2R,1.0,YES,Critical
2026-01-06 07:28:44,R2L,R2L,1.0,YES,Medium
2026-01-06 07:28:44,U2R,U2R,1.0,YES,Critical
2026-01-06 07:28:44,DoS,DoS,1.0,YES,High
2026-01-06 07:28:44,Probe,Probe,1.0,YES,High
2026-01-06 07:28:44,R2L,R2L,1.0,YES,Medium
2026-01-06 07:28:44,Probe,Probe,1.0,YES,High
2026-01-06 07:28:45,DoS,DoS,1.0,YES,High
2026-01-06 07:28:45,U2R,U2R,1.0,YES,Critical
2026-01-06 07:28:45,DoS,DoS,0.995,YES,High
2026-01-06 07:28:45,U2R,U2R,1.0,YES,Critical
2026-01-06 07:28:45,R2L,R2L,1.0,YES,Medium
2026-01-06 07:28:45,Probe,Probe,1.0,YES,High
2026-01-06 07:28:45,R2L,R2L,1.0,YES,Medium
2026-01-06 07:28:45,Probe,Probe,1.0,YES,High
2026-01-06 07:28:45,R2L,R2L,1.0,YES,Medium
2026-01-06 07:28:45,DoS,DoS,1.0,YES,High
2026-01-06 07:28:45,Probe,Probe,1.0,YES,High
2026-01-06 07:28:45,Probe,Probe,1.0,YES,High
2026-01-06 07:28:45,Probe,Probe,1.0,YES,High
2026-01-06 07:28:45,U2R,U2R,1.0,YES,Critical
2026-01-06 07:28:45,Probe,Probe,1.0,YES,High
2026-01-06 07:28:45,U2R,U2R,1.0,YES,Critical
2026-01-06 07:28:45,Probe,Probe,1.0,YES,High
2026-01-06 07:28:45,U2R,U2R,1.0,YES,Critical
2026-01-06 07:28:45,R2L,R2L,1.0,YES,Medium
2026-01-06 07:28:45,R2L,R2L,1.0,YES,Medium
2026-01-06 07:28:45,R2L,R2L,1.0,YES,Medium
2026-01-06 07:28:45,R2L,R2L,0.995,YES,Medium
2026-01-06 07:28:45,DoS,DoS,1.0,YES,High
2026-01-06 07:28:45,U2R,U2R,1.0,YES,Critical
2026-01-06 07:28:45,U2R,U2R,1.0,YES,Critical
2026-01-06 07:28:45,U2R,U2R,1.0,YES,Critical
2026-01-06 07:28:45,DoS,DoS,1.0,YES,High
2026-01-06 07:28:45,Probe,Probe,1.0,YES,High
2026-01-06 07:28:45,U2R,U2R,1.0,YES,Critical
2026-01-06 07:28:45,Probe,Probe,1.0,YES,High
2026-01-06 07:28:45,U2R,U2R,1.0,YES,Critical
2026-01-06 07:28:45,U2R,U2R,1.0,YES,Critical
2026-01-06 07:28:45,DoS,DoS,1.0,YES,High
2026-01-06 07:28:45,U2R,U2R,1.0,YES,Critical
2026-01-06 07:28:45,DoS,DoS,1.0,YES,High
2026-01-06 07:28:45,Probe,Probe,1.0,YES,High
2026-01-06 07:28:45,R2L,R2L,1.0,YES,Medium
2026-01-06 07:28:45,Probe,Probe,1.0,YES,High
2026-01-06 07:28:45,DoS,DoS,1.0,YES,High
2026-01-06 07:28:45,R2L,R2L,1.0,YES,Medium
2026-01-06 07:28:45,R2L,R2L,1.0,YES,Medium
2026-01-06 07:28:45,R2L,R2L,1.0,YES,Medium
2026-01-06 07:28:45,DoS,DoS,1.0,YES,High
2026-01-06 07:28:45,U2R,U2R,1.0,YES,Critical
2026-01-06 07:28:45,U2R,U2R,0.995,YES,Critical
2026-01-06 07:28:45,DoS,DoS,1.0,YES,High
2026-01-06 07:28:45,Probe,Probe,1.0,YES,High
2026-01-06 07:28:45,U2R,U2R,1.0,YES,Critical
2026-01-06 07:28:46,DoS,DoS,1.0,YES,High
2026-01-06 07:28:46,Probe,Probe,1.0,YES,High
2026-01-06 07:28:46,DoS,DoS,1.0,YES,High
2026-01-06 07:28:46,R2L,R2L,1.0,YES,Medium
2026-01-06 07:28:46,Probe,Probe,0.945,YES,High
2026-01-06 07:28:46,U2R,U2R,1.0,YES,Critical
2026-01-06 07:28:46,U2R,U2R,1.0,YES,Critical
2026-01-06 07:28:46,R2L,R2L,1.0,YES,Medium
2026-01-06 07:28:46,R2L,R2L,1.0,YES,Medium
2026-01-06 07:28:46,R2L,R2L,1.0,YES,Medium
2026-01-06 07:28:46,DoS,DoS,1.0,YES,High
2026-01-06 07:28:46,U2R,U2R,1.0,YES,Critical
2026-01-06 07:28:46,DoS,DoS,1.0,YES,High
2026-01-06 07:28:46,U2R,U2R,1.0,YES,Critical
2026-01-06 07:28:46,U2R,U2R,1.0,YES,Critical
2026-01-06 07:28:46,DoS,DoS,0.98,YES,High
2026-01-06 07:28:46,R2L,R2L,1.0,YES,Medium
2026-01-06 07:28:46,DoS,DoS,1.0,YES,High
2026-01-06 07:28:46,R2L,R2L,0.995,YES,Medium
2026-01-06 07:28:46,DoS,DoS,1.0,YES,High
2026-01-06 07:28:46,DoS,DoS,1.0,YES,High
2026-01-06 07:28:46,DoS,DoS,1.0,YES,High
2026-01-06 07:28:46,R2L,R2L,1.0,YES,Medium
2026-01-06 07:28:46,DoS,DoS,1.0,YES,High
2026-01-06 07:28:46,R2L,R2L,1.0,YES,Medium
2026-01-06 07:28:46,R2L,R2L,1.0,YES,Medium
2026-01-06 07:28:46,U2R,U2R,1.0,YES,Critical
2026-01-06 07:28:46,U2R,U2R,1.0,YES,Critical
2026-01-06 07:28:46,U2R,U2R,1.0,YES,Critical
2026-01-06 07:28:46,U2R,U2R,1.0,YES,Critical
2026-01-06 07:28:46,Probe,Probe,0.995,YES,High
2026-01-06 07:28:46,Probe,Probe,0.99,YES,High
2026-01-06 07:28:46,Probe,Probe,1.0,YES,High
2026-01-06 07:28:46,R2L,R2L,0.995,YES,Medium
2026-01-06 07:28:46,Probe,Probe,1.0,YES,High
2026-01-06 07:28:46,R2L,R2L,1.0,YES,Medium
2026-01-06 07:28:46,U2R,U2R,1.0,YES,Critical
2026-01-06 07:28:46,U2R,U2R,0.995,YES,Critical
2026-01-06 07:28:46,U2R,U2R,1.0,YES,Critical
2026-01-06 07:28:46,U2R,U2R,1.0,YES,Critical
2026-01-06 07:28:46,Probe,Probe,1.0,YES,High
2026-01-06 07:28:46,U2R,U2R,1.0,YES,Critical
2026-01-06 07:28:46,U2R,U2R,1.0,YES,Critical
2026-01-06 07:28:46,Probe,Probe,1.0,YES,High
2026-01-06 07:28:46,Probe,Probe,1.0,YES,High
2026-01-06 07:28:46,Probe,Probe,1.0,YES,High
2026-01-06 07:28:46,DoS,DoS,1.0,YES,High
2026-01-06 07:28:46,DoS,DoS,1.0,YES,High
2026-01-06 07:28:46,R2L,R2L,1.0,YES,Medium
2026-01-06 07:28:46,DoS,DoS,1.0,YES,High
2026-01-06 07:28:46,R2L,R2L,1.0,YES,Medium
2026-01-06 07:28:46,Probe,Probe,1.0,YES,High
2026-01-06 07:28:46,Probe,Probe,0.995,YES,High
2026-01-06 07:28:46,U2R,U2R,1.0,YES,Critical
2026-01-06 07:28:47,Probe,Probe,0.995,YES,High
2026-01-06 07:28:47,DoS,DoS,1.0,YES,High
2026-01-06 07:28:47,DoS,DoS,1.0,YES,High
2026-01-06 07:28:47,DoS,DoS,0.995,YES,High
2026-01-06 07:28:47,Probe,Probe,0.999,YES,High
2026-01-06 07:28:47,DoS,DoS,1.0,YES,High
2026-01-06 07:28:47,Probe,Probe,1.0,YES,High
2026-01-06 07:28:47,R2L,R2L,1.0,YES,Medium
2026-01-06 07:28:47,U2R,U2R,1.0,YES,Critical
2026-01-06 07:28:47,Probe,Probe,0.999,YES,High
2026-01-06 07:28:47,DoS,DoS,1.0,YES,High
2026-01-06 07:28:47,R2L,R2L,1.0,YES,Medium
2026-01-06 07:28:47,Probe,Probe,0.995,YES,High
2026-01-06 07:28:47,DoS,DoS,1.0,YES,High
2026-01-06 07:28:47,U2R,U2R,1.0,YES,Critical
2026-01-06 07:28:47,Probe,Probe,1.0,YES,High
2026-01-06 07:28:47,Probe,Probe,1.0,YES,High
2026-01-06 07:28:47,U2R,U2R,1.0,YES,Critical
2026-01-06 07:28:47,Probe,Probe,0.995,YES,High
2026-01-06 07:28:47,U2R,U2R,1.0,YES,Critical
2026-01-06 07:28:47,U2R,U2R,1.0,YES,Critical
2026-01-06 07:28:47,DoS,DoS,1.0,YES,High
2026-01-06 07:28:47,DoS,DoS,1.0,YES,High
2026-01-06 07:28:47,U2R,U2R,1.0,YES,Critical
2026-01-06 07:28:47,Probe,Probe,1.0,YES,High
2026-01-06 07:28:47,DoS,DoS,1.0,YES,High
2026-01-06 07:28:47,Probe,Probe,1.0,YES,High
2026-01-06 07:28:47,DoS,DoS,0.99,YES,High
2026-01-06 07:28:47,U2R,U2R,1.0,YES,Critical
2026-01-06 07:28:47,DoS,DoS,1.0,YES,High
2026-01-06 07:28:47,U2R,U2R,1.0,YES,Critical
2026-01-06 07:28:47,Probe,Probe,1.0,YES,High
2026-01-06 07:28:47,DoS,DoS,1.0,YES,High
2026-01-06 07:28:47,DoS,DoS,1.0,YES,High
2026-01-06 07:28:47,DoS,DoS,1.0,YES,High
2026-01-06 07:28:47,R2L,R2L,1.0,YES,Medium
2026-01-06 07:28:47,DoS,DoS,1.0,YES,High
2026-01-06 07:28:47,DoS,DoS,1.0,YES,High
2026-01-06 07:28:47,U2R,U2R,1.0,YES,Critical
2026-01-06 07:28:47,R2L,R2L,1.0,YES,Medium
2026-01-06 07:28:47,R2L,R2L,1.0,YES,Medium
2026-01-06 07:28:47,U2R,U2R,1.0,YES,Critical
2026-01-06 07:28:47,DoS,DoS,1.0,YES,High
2026-01-06 07:28:47,U2R,U2R,1.0,YES,Critical
2026-01-06 07:28:47,U2R,U2R,1.0,YES,Critical
2026-01-06 07:28:47,R2L,R2L,1.0,YES,Medium
2026-01-06 07:28:47,U2R,U2R,1.0,YES,Critical
2026-01-06 07:28:47,Probe,Probe,1.0,YES,High
2026-01-06 07:28:47,Probe,Probe,1.0,YES,High
2026-01-06 07:28:47,DoS,DoS,1.0,YES,High
2026-01-06 07:28:47,R2L,R2L,1.0,YES,Medium
2026-01-06 07:28:47,R2L,R2L,0.999,YES,Medium
2026-01-06 07:28:47,Probe,Probe,0.999,YES,High
2026-01-06 07:28:47,U2R,U2R,1.0,YES,Critical
2026-01-06 07:28:47,DoS,DoS,1.0,YES,High
2026-01-06 07:28:47,Probe,Probe,1.0,YES,High
2026-01-06 07:28:47,U2R,U2R,1.0,YES,Critical
2026-01-06 07:28:48,R2L,R2L,1.0,YES,Medium
2026-01-06 07:28:48,Probe,Probe,1.0,YES,High
2026-01-06 07:28:48,U2R,U2R,1.0,YES,Critical
2026-01-06 07:28:48,R2L,R2L,1.0,YES,Medium
2026-01-06 07:28:48,U2R,U2R,1.0,YES,Critical
2026-01-06 07:28:48,Probe,Probe,1.0,YES,High
2026-01-06 07:28:48,R2L,R2L,1.0,YES,Medium
2026-01-06 07:28:48,R2L,R2L,1.0,YES,Medium
2026-01-06 07:28:48,R2L,R2L,1.0,YES,Medium
2026-01-06 07:28:48,DoS,DoS,1.0,YES,High
2026-01-06 07:28:48,U2R,U2R,1.0,YES,Critical
2026-01-06 07:28:48,R2L,R2L,1.0,YES,Medium
2026-01-06 07:28:48,R2L,R2L,1.0,YES,Medium
2026-01-06 07:28:48,Probe,Probe,0.955,YES,High
2026-01-06 07:28:48,R2L,R2L,1.0,YES,Medium
2026-01-06 07:28:48,U2R,U2R,1.0,YES,Critical
2026-01-06 07:28:48,R2L,R2L,1.0,YES,Medium
2026-01-06 07:28:48,R2L,R2L,1.0,YES,Medium
2026-01-06 07:28:48,DoS,DoS,1.0,YES,High
2026-01-06 07:28:48,Probe,Probe,0.999,YES,High
2026-01-06 07:28:48,DoS,DoS,1.0,YES,High
2026-01-06 07:28:48,R2L,R2L,1.0,YES,Medium
2026-01-06 07:28:48,R2L,R2L,1.0,YES,Medium
2026-01-06 07:28:48,R2L,R2L,0.995,YES,Medium
2026-01-06 07:28:48,R2L,R2L,1.0,YES,Medium
2026-01-06 07:28:48,DoS,DoS,1.0,YES,High
2026-01-06 07:28:48,DoS,DoS,0.995,YES,High
2026-01-06 07:28:48,U2R,U2R,1.0,YES,Critical
2026-01-06 07:28:48,U2R,U2R,1.0,YES,Critical
2026-01-06 07:28:48,U2R,U2R,1.0,YES,Critical
2026-01-06 07:28:48,DoS,DoS,1.0,YES,High
2026-01-06 07:28:48,U2R,U2R,0.995,YES,Critical
2026-01-06 07:28:48,R2L,R2L,1.0,YES,Medium
2026-01-06 07:28:48,Probe,Probe,1.0,YES,High
2026-01-06 07:28:48,R2L,R2L,1.0,YES,Medium
2026-01-06 07:28:48,U2R,U2R,1.0,YES,Critical
2026-01-06 07:28:48,DoS,DoS,1.0,YES,High
2026-01-06 07:28:48,DoS,DoS,1.0,YES,High
2026-01-06 07:28:48,Probe,Probe,1.0,YES,High
2026-01-06 07:28:48,DoS,DoS,1.0,YES,High
2026-01-06 07:28:48,DoS,DoS,1.0,YES,High
2026-01-06 07:28:48,Probe,Probe,1.0,YES,High
2026-01-06 07:28:48,Probe,Probe,1.0,YES,High
2026-01-06 07:28:48,U2R,U2R,1.0,YES,Critical
2026-01-06 07:28:48,DoS,DoS,1.0,YES,High
2026-01-06 07:28:48,R2L,R2L,0.995,YES,Medium
2026-01-06 07:28:48,U2R,U2R,1.0,YES,Critical
2026-01-06 07:28:48,DoS,DoS,1.0,YES,High
2026-01-06 07:28:48,DoS,DoS,1.0,YES,High
2026-01-06 07:28:48,U2R,U2R,1.0,YES,Critical
2026-01-06 07:28:48,R2L,R2L,1.0,YES,Medium
2026-01-06 07:28:48,U2R,U2R,1.0,YES,Critical
2026-01-06 07:28:48,U2R,U2R,1.0,YES,Critical
2026-01-06 07:28:48,DoS,DoS,1.0,YES,High
2026-01-06 07:28:48,Probe,Probe,1.0,YES,High
2026-01-06 07:28:48,DoS,DoS,1.0,YES,High
2026-01-06 07:28:48,U2R,U2R,1.0,YES,Critical
2026-01-06 07:28:48,R2L,R2L,0.995,YES,Medium
2026-01-06 07:28:48,Probe,Probe,1.0,YES,High
2026-01-06 07:28:49,DoS,DoS,1.0,YES,High
2026-01-06 07:28:49,R2L,R2L,1.0,YES,Medium
2026-01-06 07:28:49,Probe,Probe,1.0,YES,High
2026-01-06 07:28:49,Probe,Probe,1.0,YES,High
2026-01-06 07:28:49,U2R,U2R,1.0,YES,Critical
2026-01-06 07:28:49,DoS,DoS,1.0,YES,High
2026-01-06 07:28:49,R2L,R2L,1.0,YES,Medium
2026-01-06 07:28:49,Probe,Probe,1.0,YES,High
2026-01-06 07:28:49,Probe,Probe,1.0,YES,High
2026-01-06 07:28:49,DoS,DoS,0.975,YES,High
2026-01-06 07:28:49,R2L,R2L,1.0,YES,Medium
2026-01-06 07:28:49,U2R,U2R,1.0,YES,Critical
2026-01-06 07:28:49,DoS,DoS,1.0,YES,High
2026-01-06 07:28:49,Probe,Probe,1.0,YES,High
2026-01-06 07:28:49,U2R,U2R,1.0,YES,Critical
2026-01-06 07:28:49,DoS,DoS,1.0,YES,High
2026-01-06 07:28:49,Probe,Probe,1.0,YES,High
2026-01-06 07:28:49,Probe,Probe,0.945,YES,High
2026-01-06 07:28:49,Probe,Probe,0.979,YES,High
2026-01-06 07:28:49,R2L,R2L,1.0,YES,Medium
2026-01-06 07:28:49,R2L,R2L,1.0,YES,Medium
2026-01-06 07:28:49,R2L,R2L,1.0,YES,Medium
2026-01-06 07:28:49,DoS,DoS,1.0,YES,High
2026-01-06 07:28:49,U2R,U2R,1.0,YES,Critical
2026-01-06 07:28:49,R2L,R2L,1.0,YES,Medium
2026-01-06 07:28:49,Probe,Probe,1.0,YES,High
2026-01-06 07:28:49,U2R,U2R,1.0,YES,Critical
2026-01-06 07:28:49,DoS,DoS,1.0,YES,High
2026-01-06 07:28:49,Probe,Probe,1.0,YES,High
2026-01-06 07:28:49,DoS,DoS,1.0,YES,High
2026-01-06 07:28:49,DoS,DoS,1.0,YES,High
2026-01-06 07:28:49,R2L,R2L,1.0,YES,Medium
2026-01-06 07:28:49,U2R,U2R,1.0,YES,Critical
2026-01-06 07:28:49,DoS,DoS,1.0,YES,High
2026-01-06 07:28:49,DoS,DoS,1.0,YES,High
2026-01-06 07:28:49,DoS,DoS,1.0,YES,High
2026-01-06 07:28:49,DoS,DoS,1.0,YES,High
2026-01-06 07:28:49,DoS,DoS,1.0,YES,High
2026-01-06 07:28:49,DoS,DoS,1.0,YES,High
2026-01-06 07:28:49,U2R,U2R,1.0,YES,Critical
2026-01-06 07:28:49,Probe,Probe,1.0,YES,High
2026-01-06 07:28:49,R2L,R2L,1.0,YES,Medium
2026-01-06 07:28:49,DoS,DoS,1.0,YES,High
2026-01-06 07:28:49,Probe,Probe,0.99,YES,High
2026-01-06 07:28:49,R2L,R2L,0.89,YES,Medium
2026-01-06 07:28:49,Probe,Probe,1.0,YES,High
2026-01-06 07:28:49,Probe,Probe,1.0,YES,High
2026-01-06 07:28:49,DoS,DoS,1.0,YES,High
2026-01-06 07:28:49,U2R,U2R,1.0,YES,Critical
2026-01-06 07:28:49,R2L,R2L,1.0,YES,Medium
2026-01-06 07:28:49,R2L,R2L,1.0,YES,Medium
2026-01-06 07:28:49,U2R,U2R,1.0,YES,Critical
2026-01-06 07:28:50,Probe,Probe,1.0,YES,High
2026-01-06 07:28:50,Probe,Probe,1.0,YES,High
2026-01-06 07:28:50,DoS,DoS,1.0,YES,High
2026-01-06 07:28:50,R2L,R2L,1.0,YES,Medium
2026-01-06 07:28:50,Probe,Probe,0.999,YES,High
2026-01-06 07:28:50,DoS,DoS,1.0,YES,High
2026-01-06 07:28:50,U2R,U2R,1.0,YES,Critical
2026-01-06 07:28:50,R2L,R2L,1.0,YES,Medium
2026-01-06 07:28:50,Probe,Probe,1.0,YES,High
2026-01-06 07:28:50,R2L,R2L,1.0,YES,Medium
2026-01-06 07:28:50,Probe,Probe,1.0,YES,High
2026-01-06 07:28:50,U2R,U2R,1.0,YES,Critical
2026-01-06 07:28:50,Probe,Probe,1.0,YES,High
2026-01-06 07:28:50,Probe,Probe,1.0,YES,High
2026-01-06 07:28:50,R2L,R2L,1.0,YES,Medium
2026-01-06 07:28:50,DoS,DoS,1.0,YES,High
2026-01-06 07:28:50,R2L,R2L,0.922,YES,Medium
2026-01-06 07:28:50,DoS,DoS,1.0,YES,High
2026-01-06 07:28:50,R2L,R2L,0.99,YES,Medium
2026-01-06 07:28:50,U2R,U2R,1.0,YES,Critical
2026-01-06 07:28:50,U2R,U2R,1.0,YES,Critical
2026-01-06 07:28:50,Probe,Probe,1.0,YES,High
2026-01-06 07:28:50,DoS,DoS,1.0,YES,High
2026-01-06 07:28:50,R2L,R2L,1.0,YES,Medium
2026-01-06 07:28:50,U2R,U2R,1.0,YES,Critical
2026-01-06 07:28:50,DoS,DoS,0.995,YES,High
2026-01-06 07:28:50,R2L,R2L,1.0,YES,Medium
2026-01-06 07:28:50,U2R,U2R,1.0,YES,Critical
2026-01-06 07:28:50,R2L,R2L,0.995,YES,Medium
2026-01-06 07:28:50,R2L,R2L,1.0,YES,Medium
2026-01-06 07:28:50,R2L,R2L,1.0,YES,Medium
2026-01-06 07:28:50,Probe,Probe,1.0,YES,High
2026-01-06 07:28:50,R2L,R2L,1.0,YES,Medium
2026-01-06 07:28:50,DoS,DoS,1.0,YES,High
2026-01-06 07:28:50,DoS,DoS,1.0,YES,High
2026-01-06 07:28:50,U2R,U2R,1.0,YES,Critical
2026-01-06 07:28:50,R2L,R2L,1.0,YES,Medium
2026-01-06 07:28:50,R2L,R2L,1.0,YES,Medium
2026-01-06 07:28:50,R2L,R2L,1.0,YES,Medium
2026-01-06 07:28:50,R2L,R2L,1.0,YES,Medium
2026-01-06 07:28:50,U2R,U2R,1.0,YES,Critical
2026-01-06 07:28:50,DoS,DoS,1.0,YES,High
2026-01-06 07:28:50,DoS,DoS,1.0,YES,High
2026-01-06 07:28:50,DoS,DoS,1.0,YES,High
2026-01-06 07:28:50,R2L,R2L,1.0,YES,Medium
2026-01-06 07:28:50,R2L,R2L,1.0,YES,Medium
2026-01-06 07:28:50,R2L,R2L,1.0,YES,Medium
2026-01-06 07:28:50,DoS,DoS,1.0,YES,High
2026-01-06 07:28:50,DoS,DoS,1.0,YES,High
2026-01-06 07:28:50,R2L,R2L,1.0,YES,Medium
2026-01-06 07:28:50,R2L,R2L,1.0,YES,Medium
2026-01-06 07:28:50,U2R,U2R,1.0,YES,Critical
2026-01-06 07:28:50,R2L,R2L,1.0,YES,Medium
2026-01-06 07:28:51,DoS,DoS,1.0,YES,High
2026-01-06 07:28:51,U2R,U2R,1.0,YES,Critical
2026-01-06 07:28:51,DoS,DoS,1.0,YES,High
2026-01-06 07:28:51,Probe,Probe,0.999,YES,High
2026-01-06 07:28:51,R2L,R2L,1.0,YES,Medium
2026-01-06 07:28:51,DoS,DoS,1.0,YES,High
2026-01-06 07:28:51,DoS,DoS,1.0,YES,High
2026-01-06 07:28:51,DoS,DoS,1.0,YES,High
2026-01-06 07:28:51,U2R,U2R,1.0,YES,Critical
2026-01-06 07:28:51,R2L,R2L,1.0,YES,Medium
2026-01-06 07:28:51,R2L,R2L,1.0,YES,Medium
2026-01-06 07:28:51,DoS,DoS,1.0,YES,High
2026-01-06 07:28:51,Probe,Probe,1.0,YES,High
2026-01-06 07:28:51,U2R,U2R,1.0,YES,Critical
2026-01-06 07:28:51,Probe,Probe,1.0,YES,High
2026-01-06 07:28:51,Probe,Probe,0.99,YES,High
2026-01-06 07:28:51,DoS,DoS,1.0,YES,High
2026-01-06 07:28:51,Probe,Probe,0.95,YES,High
2026-01-06 07:28:51,R2L,R2L,0.999,YES,Medium
2026-01-06 07:28:51,R2L,R2L,1.0,YES,Medium
2026-01-06 07:28:51,R2L,R2L,1.0,YES,Medium
2026-01-06 07:28:51,DoS,DoS,1.0,YES,High
2026-01-06 07:28:51,U2R,U2R,1.0,YES,Critical
2026-01-06 07:28:51,R2L,R2L,1.0,YES,Medium
2026-01-06 07:28:51,R2L,R2L,1.0,YES,Medium
2026-01-06 07:28:51,U2R,U2R,1.0,YES,Critical
2026-01-06 07:28:51,DoS,DoS,1.0,YES,High
2026-01-06 07:28:51,R2L,R2L,1.0,YES,Medium
2026-01-06 07:28:51,U2R,U2R,1.0,YES,Critical
2026-01-06 07:28:51,DoS,DoS,1.0,YES,High
2026-01-06 07:28:51,U2R,U2R,1.0,YES,Critical
2026-01-06 07:28:51,U2R,U2R,1.0,YES,Critical
2026-01-06 07:28:51,U2R,U2R,1.0,YES,Critical
2026-01-06 07:28:51,U2R,U2R,0.985,YES,Critical
2026-01-06 07:28:51,DoS,DoS,0.995,YES,High
2026-01-06 07:28:51,R2L,R2L,1.0,YES,Medium
2026-01-06 07:28:51,U2R,U2R,1.0,YES,Critical
2026-01-06 07:28:51,DoS,DoS,0.99,YES,High
2026-01-06 07:28:51,Probe,Probe,0.999,YES,High
2026-01-06 07:28:52,Probe,Probe,1.0,YES,High
2026-01-06 07:28:52,Probe,Probe,0.999,YES,High
2026-01-06 07:28:52,R2L,R2L,1.0,YES,Medium
2026-01-06 07:28:52,U2R,U2R,1.0,YES,Critical
2026-01-06 07:28:52,U2R,U2R,1.0,YES,Critical
2026-01-06 07:28:52,Probe,Probe,1.0,YES,High
2026-01-06 07:28:52,U2R,U2R,1.0,YES,Critical
2026-01-06 07:28:52,R2L,R2L,0.999,YES,Medium
2026-01-06 07:28:52,DoS,DoS,1.0,YES,High
2026-01-06 07:28:52,Probe,Probe,1.0,YES,High
2026-01-06 07:28:52,Probe,Probe,1.0,YES,High
2026-01-06 07:28:52,DoS,DoS,1.0,YES,High
2026-01-06 07:28:52,DoS,DoS,0.99,YES,High
2026-01-06 07:28:52,DoS,DoS,1.0,YES,High
2026-01-06 07:28:52,Probe,Probe,1.0,YES,High
2026-01-06 07:28:52,U2R,U2R,1.0,YES,Critical
2026-01-06 07:28:52,R2L,R2L,1.0,YES,Medium
2026-01-06 07:28:52,DoS,DoS,1.0,YES,High
2026-01-06 07:28:52,Probe,Probe,1.0,YES,High
2026-01-06 07:28:52,DoS,DoS,1.0,YES,High
2026-01-06 07:28:52,U2R,U2R,1.0,YES,Critical
2026-01-06 07:28:52,U2R,U2R,1.0,YES,Critical
2026-01-06 07:28:52,R2L,R2L,1.0,YES,Medium
2026-01-06 07:28:52,DoS,DoS,1.0,YES,High
2026-01-06 07:28:52,R2L,R2L,1.0,YES,Medium
2026-01-06 07:28:52,R2L,R2L,1.0,YES,Medium
2026-01-06 07:28:52,Probe,Probe,1.0,YES,High
2026-01-06 07:28:52,R2L,R2L,1.0,YES,Medium
2026-01-06 07:28:52,DoS,DoS,0.97,YES,High
2026-01-06 07:28:52,R2L,R2L,1.0,YES,Medium
2026-01-06 07:28:52,DoS,DoS,1.0,YES,High
2026-01-06 07:28:52,U2R,U2R,1.0,YES,Critical
2026-01-06 07:28:52,R2L,R2L,0.999,YES,Medium
2026-01-06 07:28:52,R2L,R2L,1.0,YES,Medium
2026-01-06 07:28:53,R2L,R2L,1.0,YES,Medium
2026-01-06 07:28:53,DoS,DoS,1.0,YES,High
2026-01-06 07:28:53,R2L,R2L,1.0,YES,Medium
2026-01-06 07:28:53,DoS,DoS,1.0,YES,High
2026-01-06 07:28:53,R2L,R2L,1.0,YES,Medium
2026-01-06 07:28:53,Probe,Probe,1.0,YES,High
2026-01-06 07:28:53,U2R,U2R,1.0,YES,Critical
2026-01-06 07:28:53,DoS,DoS,0.995,YES,High
2026-01-06 07:28:53,Probe,Probe,1.0,YES,High
2026-01-06 07:28:53,R2L,R2L,1.0,YES,Medium
2026-01-06 07:28:53,Probe,Probe,0.99,YES,High
2026-01-06 07:28:53,DoS,DoS,1.0,YES,High
2026-01-06 07:28:53,R2L,R2L,1.0,YES,Medium
2026-01-06 07:28:53,Probe,Probe,1.0,YES,High
2026-01-06 07:28:53,R2L,R2L,1.0,YES,Medium
2026-01-06 07:28:53,U2R,U2R,1.0,YES,Critical
2026-01-06 07:28:53,Probe,Probe,1.0,YES,High
2026-01-06 07:28:53,U2R,U2R,1.0,YES,Critical
2026-01-06 07:28:53,DoS,DoS,1.0,YES,High
2026-01-06 07:28:53,U2R,U2R,1.0,YES,Critical
2026-01-06 07:28:53,Probe,Probe,1.0,YES,High
2026-01-06 07:28:53,U2R,U2R,1.0,YES,Critical
2026-01-06 07:28:53,DoS,DoS,0.98,YES,High
2026-01-06 07:28:53,U2R,U2R,1.0,YES,Critical
2026-01-06 07:28:53,R2L,R2L,1.0,YES,Medium
2026-01-06 07:28:53,U2R,U2R,1.0,YES,Critical
2026-01-06 07:28:53,U2R,U2R,1.0,YES,Critical
2026-01-06 07:28:53,DoS,DoS,1.0,YES,High
2026-01-06 07:28:53,U2R,U2R,1.0,YES,Critical
2026-01-06 07:28:53,R2L,R2L,0.99,YES,Medium
2026-01-06 07:28:53,R2L,R2L,1.0,YES,Medium
2026-01-06 07:28:53,U2R,U2R,1.0,YES,Critical
2026-01-06 07:28:53,DoS,DoS,1.0,YES,High
2026-01-06 07:28:53,U2R,U2R,1.0,YES,Critical
2026-01-06 07:28:53,Probe,Probe,1.0,YES,High
2026-01-06 07:28:53,DoS,DoS,1.0,YES,High
2026-01-06 07:28:53,DoS,DoS,1.0,YES,High
2026-01-06 07:28:53,DoS,DoS,1.0,YES,High
2026-01-06 07:28:53,DoS,DoS,1.0,YES,High
2026-01-06 07:28:54,R2L,R2L,1.0,YES,Medium
2026-01-06 07:28:54,U2R,U2R,1.0,YES,Critical
2026-01-06 07:28:54,R2L,R2L,1.0,YES,Medium
2026-01-06 07:28:54,Probe,Probe,1.0,YES,High
2026-01-06 07:28:54,U2R,U2R,1.0,YES,Critical
2026-01-06 07:28:54,R2L,R2L,1.0,YES,Medium
2026-01-06 07:28:54,DoS,DoS,1.0,YES,High
2026-01-06 07:28:54,Probe,Probe,1.0,YES,High
2026-01-06 07:28:54,U2R,U2R,1.0,YES,Critical
2026-01-06 07:28:54,R2L,R2L,1.0,YES,Medium
2026-01-06 07:28:54,DoS,DoS,0.97,YES,High
2026-01-06 07:28:54,U2R,U2R,1.0,YES,Critical
2026-01-06 07:28:54,R2L,R2L,0.945,YES,Medium
2026-01-06 07:28:54,Probe,Probe,1.0,YES,High
2026-01-06 07:28:54,R2L,R2L,1.0,YES,Medium
2026-01-06 07:28:54,U2R,U2R,1.0,YES,Critical
2026-01-06 07:28:54,U2R,U2R,1.0,YES,Critical
2026-01-06 07:28:54,DoS,DoS,1.0,YES,High
2026-01-06 07:28:54,DoS,DoS,1.0,YES,High
2026-01-06 07:28:54,U2R,U2R,1.0,YES,Critical
2026-01-06 07:28:54,U2R,U2R,1.0,YES,Critical
2026-01-06 07:28:54,DoS,DoS,1.0,YES,High
2026-01-06 07:28:54,Probe,Probe,0.999,YES,High
2026-01-06 07:28:54,R2L,R2L,1.0,YES,Medium
2026-01-06 07:28:54,U2R,U2R,1.0,YES,Critical
2026-01-06 07:28:54,U2R,U2R,1.0,YES,Critical
2026-01-06 07:28:54,R2L,R2L,1.0,YES,Medium
2026-01-06 07:28:54,U2R,U2R,1.0,YES,Critical
2026-01-06 07:28:54,U2R,U2R,1.0,YES,Critical
2026-01-06 07:28:54,Probe,Probe,0.995,YES,High
2026-01-06 07:28:54,DoS,DoS,1.0,YES,High
2026-01-06 07:28:54,Probe,Probe,1.0,YES,High
2026-01-06 07:28:54,U2R,U2R,1.0,YES,Critical
2026-01-06 07:28:54,U2R,U2R,1.0,YES,Critical
2026-01-06 07:28:54,U2R,U2R,1.0,YES,Critical
2026-01-06 07:28:54,Probe,Probe,1.0,YES,High
2026-01-06 07:28:54,DoS,DoS,1.0,YES,High
2026-01-06 07:28:54,Probe,Probe,1.0,YES,High
2026-01-06 07:28:54,Probe,Probe,1.0,YES,High
2026-01-06 07:28:54,U2R,U2R,1.0,YES,Critical
2026-01-06 07:28:54,DoS,DoS,1.0,YES,High
2026-01-06 07:28:54,Probe,Probe,1.0,YES,High
2026-01-06 07:28:54,U2R,U2R,1.0,YES,Critical
2026-01-06 07:28:54,R2L,R2L,1.0,YES,Medium
2026-01-06 07:28:54,Probe,Probe,0.865,YES,High
2026-01-06 07:28:54,R2L,R2L,1.0,YES,Medium
2026-01-06 07:28:54,Probe,Probe,1.0,YES,High
2026-01-06 07:28:54,R2L,R2L,1.0,YES,Medium
2026-01-06 07:28:54,Probe,Probe,1.0,YES,High
2026-01-06 07:28:54,Probe,Probe,1.0,YES,High
2026-01-06 07:28:54,U2R,U2R,1.0,YES,Critical
2026-01-06 07:28:54,Probe,Probe,1.0,YES,High
2026-01-06 07:28:54,R2L,R2L,0.995,YES,Medium
2026-01-06 07:28:54,DoS,DoS,1.0,YES,High
2026-01-06 07:28:54,Probe,Probe,0.999,YES,High
2026-01-06 07:28:54,U2R,U2R,1.0,YES,Critical
2026-01-06 07:28:54,U2R,U2R,1.0,YES,Critical
2026-01-06 07:28:54,R2L,R2L,1.0,YES,Medium
2026-01-06 07:28:54,R2L,R2L,1.0,YES,Medium
2026-01-06 07:28:54,U2R,U2R,1.0,YES,Critical
2026-01-06 07:28:55,R2L,R2L,1.0,YES,Medium
2026-01-06 07:28:55,Probe,Probe,1.0,YES,High
2026-01-06 07:28:55,U2R,U2R,1.0,YES,Critical
2026-01-06 07:28:55,U2R,U2R,1.0,YES,Critical
2026-01-06 07:28:55,R2L,R2L,1.0,YES,Medium
2026-01-06 07:28:55,R2L,R2L,1.0,YES,Medium
2026-01-06 07:28:55,U2R,U2R,0.995,YES,Critical
2026-01-06 07:28:55,U2R,U2R,1.0,YES,Critical
2026-01-06 07:28:55,Probe,Probe,1.0,YES,High
2026-01-06 07:28:55,Probe,Probe,1.0,YES,High
2026-01-06 07:28:55,R2L,R2L,1.0,YES,Medium
2026-01-06 07:28:55,U2R,U2R,1.0,YES,Critical
2026-01-06 07:28:55,Probe,Probe,1.0,YES,High
2026-01-06 07:28:55,Probe,Probe,1.0,YES,High
2026-01-06 07:28:55,Probe,Probe,1.0,YES,High
2026-01-06 07:28:55,R2L,R2L,1.0,YES,Medium
2026-01-06 07:28:55,DoS,DoS,1.0,YES,High
2026-01-06 07:28:55,R2L,R2L,1.0,YES,Medium
2026-01-06 07:28:55,R2L,R2L,1.0,YES,Medium
2026-01-06 07:28:55,DoS,DoS,1.0,YES,High
2026-01-06 07:28:55,DoS,DoS,1.0,YES,High
2026-01-06 07:28:55,DoS,DoS,1.0,YES,High
2026-01-06 07:28:55,U2R,U2R,1.0,YES,Critical
2026-01-06 07:28:55,R2L,R2L,1.0,YES,Medium
2026-01-06 07:28:55,R2L,R2L,1.0,YES,Medium
2026-01-06 07:28:55,R2L,R2L,1.0,YES,Medium
2026-01-06 07:28:55,U2R,U2R,1.0,YES,Critical
2026-01-06 07:28:55,U2R,U2R,1.0,YES,Critical
2026-01-06 07:28:55,DoS,DoS,0.99,YES,High
2026-01-06 07:28:55,R2L,R2L,1.0,YES,Medium
2026-01-06 07:28:55,DoS,DoS,1.0,YES,High
2026-01-06 07:28:55,Probe,Probe,1.0,YES,High
2026-01-06 07:28:55,DoS,DoS,1.0,YES,High
2026-01-06 07:28:55,R2L,R2L,1.0,YES,Medium
2026-01-06 07:28:55,DoS,DoS,1.0,YES,High
2026-01-06 07:28:55,DoS,DoS,1.0,YES,High
2026-01-06 07:28:55,DoS,DoS,1.0,YES,High
2026-01-06 07:28:55,R2L,R2L,1.0,YES,Medium
2026-01-06 07:28:55,Probe,Probe,1.0,YES,High
2026-01-06 07:28:55,U2R,U2R,1.0,YES,Critical
2026-01-06 07:28:55,U2R,U2R,1.0,YES,Critical
2026-01-06 07:28:55,U2R,U2R,1.0,YES,Critical
2026-01-06 07:28:55,U2R,U2R,1.0,YES,Critical
2026-01-06 07:28:55,DoS,DoS,1.0,YES,High
2026-01-06 07:28:55,U2R,U2R,1.0,YES,Critical
2026-01-06 07:28:55,Probe,Probe,1.0,YES,High
2026-01-06 07:28:55,U2R,U2R,1.0,YES,Critical
2026-01-06 07:28:55,Probe,Probe,1.0,YES,High
2026-01-06 07:28:55,Probe,Probe,1.0,YES,High
2026-01-06 07:28:55,R2L,R2L,1.0,YES,Medium
2026-01-06 07:28:55,U2R,U2R,1.0,YES,Critical
2026-01-06 07:28:56,Probe,Probe,0.985,YES,High
2026-01-06 07:28:56,Probe,Probe,1.0,YES,High
2026-01-06 07:28:56,R2L,R2L,1.0,YES,Medium
2026-01-06 07:28:56,DoS,DoS,1.0,YES,High
2026-01-06 07:28:56,Probe,Probe,1.0,YES,High
2026-01-06 07:28:56,DoS,DoS,1.0,YES,High
2026-01-06 07:28:56,R2L,R2L,1.0,YES,Medium
2026-01-06 07:28:56,R2L,R2L,1.0,YES,Medium
2026-01-06 07:28:56,DoS,DoS,1.0,YES,High
2026-01-06 07:28:56,Probe,Probe,1.0,YES,High
2026-01-06 07:28:56,U2R,U2R,1.0,YES,Critical
2026-01-06 07:28:56,R2L,R2L,1.0,YES,Medium
2026-01-06 07:28:56,Probe,Probe,1.0,YES,High
2026-01-06 07:28:56,U2R,U2R,1.0,YES,Critical
2026-01-06 07:28:56,Probe,Probe,1.0,YES,High
2026-01-06 07:28:56,Probe,Probe,1.0,YES,High
2026-01-06 07:28:56,R2L,R2L,1.0,YES,Medium
2026-01-06 07:28:56,U2R,U2R,1.0,YES,Critical
2026-01-06 07:28:56,Probe,Probe,1.0,YES,High
2026-01-06 07:28:56,R2L,R2L,1.0,YES,Medium
2026-01-06 07:28:56,Probe,Probe,0.995,YES,High
2026-01-06 07:28:56,DoS,DoS,0.995,YES,High
2026-01-06 07:28:56,Probe,Probe,1.0,YES,High
2026-01-06 07:28:56,Probe,Probe,1.0,YES,High
2026-01-06 07:28:56,U2R,U2R,1.0,YES,Critical
2026-01-06 07:28:56,DoS,DoS,1.0,YES,High
2026-01-06 07:28:56,U2R,U2R,1.0,YES,Critical
2026-01-06 07:28:56,U2R,U2R,1.0,YES,Critical
2026-01-06 07:28:56,U2R,U2R,1.0,YES,Critical
2026-01-06 07:28:56,DoS,DoS,1.0,YES,High
2026-01-06 07:28:56,U2R,U2R,1.0,YES,Critical
2026-01-06 07:28:56,Probe,Probe,1.0,YES,High
2026-01-06 07:28:56,Probe,Probe,1.0,YES,High
2026-01-06 07:28:56,R2L,R2L,1.0,YES,Medium
2026-01-06 07:28:56,U2R,U2R,1.0,YES,Critical
2026-01-06 07:28:56,Probe,Probe,1.0,YES,High
2026-01-06 07:28:56,R2L,R2L,1.0,YES,Medium
2026-01-06 07:28:56,DoS,DoS,1.0,YES,High
2026-01-06 07:28:56,U2R,U2R,1.0,YES,Critical
2026-01-06 07:28:56,DoS,DoS,1.0,YES,High
2026-01-06 07:28:56,Probe,Probe,0.95,YES,High
2026-01-06 07:28:56,R2L,R2L,1.0,YES,Medium
2026-01-06 07:28:56,R2L,R2L,1.0,YES,Medium
2026-01-06 07:28:56,DoS,DoS,1.0,YES,High
2026-01-06 07:28:56,DoS,DoS,1.0,YES,High
2026-01-06 07:28:56,R2L,R2L,1.0,YES,Medium
2026-01-06 07:28:56,U2R,U2R,1.0,YES,Critical
2026-01-06 07:28:56,Probe,Probe,1.0,YES,High
2026-01-06 07:28:56,R2L,R2L,1.0,YES,Medium
2026-01-06 07:28:56,R2L,R2L,1.0,YES,Medium
2026-01-06 07:28:56,Probe,Probe,1.0,YES,High
2026-01-06 07:28:56,R2L,R2L,1.0,YES,Medium
2026-01-06 07:28:57,DoS,DoS,1.0,YES,High
2026-01-06 07:28:57,U2R,U2R,1.0,YES,Critical
2026-01-06 07:28:57,Probe,Probe,1.0,YES,High
2026-01-06 07:28:57,R2L,R2L,1.0,YES,Medium
2026-01-06 07:28:57,Probe,Probe,1.0,YES,High
2026-01-06 07:28:57,R2L,R2L,1.0,YES,Medium
2026-01-06 07:28:57,DoS,DoS,1.0,YES,High
2026-01-06 07:28:57,U2R,U2R,1.0,YES,Critical
2026-01-06 07:28:57,Probe,Probe,1.0,YES,High
2026-01-06 07:28:57,U2R,U2R,1.0,YES,Critical
2026-01-06 07:28:57,Probe,Probe,1.0,YES,High
2026-01-06 07:28:57,Probe,Probe,1.0,YES,High
2026-01-06 07:28:57,DoS,DoS,1.0,YES,High
2026-01-06 07:28:57,U2R,U2R,1.0,YES,Critical
2026-01-06 07:28:57,R2L,R2L,1.0,YES,Medium
2026-01-06 07:28:57,DoS,DoS,1.0,YES,High
2026-01-06 07:28:57,R2L,R2L,1.0,YES,Medium
2026-01-06 07:28:57,U2R,U2R,1.0,YES,Critical
2026-01-06 07:28:57,U2R,U2R,0.985,YES,Critical
2026-01-06 07:28:57,U2R,U2R,1.0,YES,Critical
2026-01-06 07:28:57,U2R,U2R,1.0,YES,Critical
2026-01-06 07:28:57,R2L,R2L,1.0,YES,Medium
2026-01-06 07:28:57,R2L,R2L,1.0,YES,Medium
2026-01-06 07:28:57,Probe,Probe,1.0,YES,High
2026-01-06 07:28:57,R2L,R2L,1.0,YES,Medium
2026-01-06 07:28:57,R2L,R2L,1.0,YES,Medium
2026-01-06 07:28:57,DoS,DoS,1.0,YES,High
2026-01-06 07:28:57,Probe,Probe,1.0,YES,High
2026-01-06 07:28:57,DoS,DoS,1.0,YES,High
2026-01-06 07:28:57,R2L,R2L,1.0,YES,Medium
2026-01-06 07:28:57,U2R,U2R,1.0,YES,Critical
2026-01-06 07:28:57,U2R,U2R,1.0,YES,Critical
2026-01-06 07:28:57,Probe,Probe,1.0,YES,High
2026-01-06 07:28:57,Probe,Probe,1.0,YES,High
2026-01-06 07:28:57,Probe,Probe,1.0,YES,High
2026-01-06 07:28:57,DoS,DoS,1.0,YES,High
2026-01-06 07:28:57,DoS,DoS,1.0,YES,High
2026-01-06 07:28:57,DoS,DoS,1.0,YES,High
2026-01-06 07:28:57,Probe,Probe,1.0,YES,High
2026-01-06 07:28:57,DoS,DoS,1.0,YES,High
2026-01-06 07:28:57,U2R,U2R,1.0,YES,Critical
2026-01-06 07:28:57,DoS,DoS,0.98,YES,High
2026-01-06 07:28:57,DoS,DoS,1.0,YES,High
2026-01-06 07:28:57,R2L,R2L,1.0,YES,Medium
2026-01-06 07:28:57,R2L,R2L,1.0,YES,Medium
2026-01-06 07:28:57,DoS,DoS,1.0,YES,High
2026-01-06 07:28:57,DoS,DoS,0.96,YES,High
2026-01-06 07:28:57,R2L,R2L,1.0,YES,Medium
2026-01-06 07:28:57,Probe,Probe,1.0,YES,High
2026-01-06 07:28:57,R2L,R2L,1.0,YES,Medium
2026-01-06 07:28:57,Probe,Probe,1.0,YES,High
2026-01-06 07:28:57,R2L,R2L,1.0,YES,Medium
2026-01-06 07:28:57,U2R,U2R,1.0,YES,Critical
2026-01-06 07:28:57,Probe,Probe,1.0,YES,High
2026-01-06 07:28:57,Probe,Probe,1.0,YES,High
2026-01-06 07:28:57,R2L,R2L,1.0,YES,Medium
2026-01-06 07:28:57,R2L,R2L,0.99,YES,Medium
2026-01-06 07:28:57,R2L,R2L,1.0,YES,Medium
2026-01-06 07:28:57,Probe,Probe,1.0,YES,High
2026-01-06 07:28:57,DoS,DoS,0.965,YES,High
2026-01-06 07:28:57,DoS,DoS,1.0,YES,High
2026-01-06 07:28:58,U2R,U2R,1.0,YES,Critical
2026-01-06 07:28:58,R2L,R2L,1.0,YES,Medium
2026-01-06 07:28:58,R2L,R2L,1.0,YES,Medium
2026-01-06 07:28:58,Probe,Probe,1.0,YES,High
2026-01-06 07:28:58,R2L,R2L,0.995,YES,Medium
2026-01-06 07:28:58,DoS,DoS,1.0,YES,High
2026-01-06 07:28:58,DoS,DoS,1.0,YES,High
2026-01-06 07:28:58,Probe,Probe,1.0,YES,High
2026-01-06 07:28:58,R2L,R2L,1.0,YES,Medium
2026-01-06 07:28:58,Probe,Probe,1.0,YES,High
2026-01-06 07:28:58,Probe,Probe,1.0,YES,High
2026-01-06 07:28:58,DoS,DoS,0.995,YES,High
2026-01-06 07:28:58,Probe,Probe,1.0,YES,High
2026-01-06 07:28:58,Probe,Probe,1.0,YES,High
2026-01-06 07:28:58,Probe,Probe,0.999,YES,High
2026-01-06 07:28:58,DoS,DoS,1.0,YES,High
2026-01-06 07:28:58,U2R,U2R,1.0,YES,Critical
2026-01-06 07:28:58,Probe,Probe,1.0,YES,High
2026-01-06 07:28:58,DoS,DoS,1.0,YES,High
2026-01-06 07:28:58,U2R,U2R,1.0,YES,Critical
2026-01-06 07:28:58,R2L,R2L,1.0,YES,Medium
2026-01-06 07:28:58,DoS,DoS,1.0,YES,High
2026-01-06 07:28:58,U2R,U2R,1.0,YES,Critical
2026-01-06 07:28:58,R2L,R2L,1.0,YES,Medium
2026-01-06 07:28:58,DoS,DoS,1.0,YES,High
2026-01-06 07:28:58,R2L,R2L,1.0,YES,Medium
2026-01-06 07:28:58,U2R,U2R,1.0,YES,Critical
2026-01-06 07:28:58,Probe,Probe,1.0,YES,High
2026-01-06 07:28:58,Probe,Probe,1.0,YES,High
2026-01-06 07:28:58,U2R,U2R,1.0,YES,Critical
2026-01-06 07:28:58,R2L,R2L,1.0,YES,Medium
2026-01-06 07:28:58,DoS,DoS,1.0,YES,High
2026-01-06 07:28:58,Probe,Probe,1.0,YES,High
2026-01-06 07:28:58,R2L,R2L,1.0,YES,Medium
2026-01-06 07:28:58,Probe,Probe,1.0,YES,High
2026-01-06 07:28:58,DoS,DoS,1.0,YES,High
2026-01-06 07:28:58,R2L,R2L,1.0,YES,Medium
2026-01-06 07:28:58,DoS,DoS,1.0,YES,High
2026-01-06 07:28:58,DoS,DoS,1.0,YES,High
2026-01-06 07:28:58,Probe,Probe,0.995,YES,High
2026-01-06 07:28:58,DoS,DoS,1.0,YES,High
2026-01-06 07:28:58,DoS,DoS,1.0,YES,High
2026-01-06 07:28:58,Probe,Probe,1.0,YES,High
2026-01-06 07:28:58,U2R,U2R,1.0,YES,Critical
2026-01-06 07:28:58,DoS,DoS,1.0,YES,High
2026-01-06 07:28:58,R2L,R2L,1.0,YES,Medium
2026-01-06 07:28:58,Probe,Probe,1.0,YES,High
2026-01-06 07:28:58,U2R,U2R,1.0,YES,Critical
2026-01-06 07:28:59,DoS,DoS,1.0,YES,High
2026-01-06 07:28:59,R2L,R2L,1.0,YES,Medium
2026-01-06 07:28:59,DoS,DoS,1.0,YES,High
2026-01-06 07:28:59,U2R,U2R,1.0,YES,Critical
2026-01-06 07:28:59,R2L,R2L,1.0,YES,Medium
2026-01-06 07:28:59,U2R,U2R,1.0,YES,Critical
2026-01-06 07:28:59,Probe,Probe,1.0,YES,High
2026-01-06 07:28:59,R2L,R2L,0.99,YES,Medium
2026-01-06 07:28:59,Probe,Probe,1.0,YES,High
2026-01-06 07:28:59,Probe,Probe,1.0,YES,High
2026-01-06 07:28:59,U2R,U2R,1.0,YES,Critical
2026-01-06 07:28:59,Probe,Probe,0.995,YES,High
2026-01-06 07:28:59,U2R,U2R,1.0,YES,Critical
2026-01-06 07:28:59,U2R,U2R,1.0,YES,Critical
2026-01-06 07:28:59,U2R,U2R,1.0,YES,Critical
2026-01-06 07:28:59,R2L,R2L,1.0,YES,Medium
2026-01-06 07:28:59,Probe,Probe,1.0,YES,High
2026-01-06 07:28:59,R2L,R2L,1.0,YES,Medium
2026-01-06 07:28:59,U2R,U2R,1.0,YES,Critical
2026-01-06 07:28:59,Probe,Probe,1.0,YES,High
2026-01-06 07:28:59,R2L,R2L,1.0,YES,Medium
2026-01-06 07:28:59,Probe,Probe,1.0,YES,High
2026-01-06 07:28:59,U2R,U2R,1.0,YES,Critical
2026-01-06 07:28:59,Probe,Probe,1.0,YES,High
2026-01-06 07:28:59,Probe,Probe,0.995,YES,High
2026-01-06 07:28:59,U2R,U2R,1.0,YES,Critical
2026-01-06 07:28:59,U2R,U2R,1.0,YES,Critical
2026-01-06 07:28:59,DoS,DoS,1.0,YES,High
2026-01-06 07:28:59,Probe,Probe,1.0,YES,High
2026-01-06 07:28:59,DoS,DoS,1.0,YES,High
2026-01-06 07:28:59,U2R,U2R,1.0,YES,Critical
2026-01-06 07:28:59,R2L,R2L,0.995,YES,Medium
2026-01-06 07:28:59,Probe,Probe,1.0,YES,High
2026-01-06 07:28:59,R2L,R2L,1.0,YES,Medium
2026-01-06 07:28:59,Probe,Probe,1.0,YES,High
2026-01-06 07:28:59,U2R,U2R,1.0,YES,Critical
2026-01-06 07:28:59,DoS,DoS,1.0,YES,High
2026-01-06 07:28:59,Probe,Probe,1.0,YES,High
2026-01-06 07:28:59,Probe,Probe,1.0,YES,High
2026-01-06 07:28:59,U2R,U2R,1.0,YES,Critical
2026-01-06 07:28:59,DoS,DoS,1.0,YES,High
2026-01-06 07:28:59,Probe,Probe,1.0,YES,High
2026-01-06 07:28:59,U2R,U2R,1.0,YES,Critical
2026-01-06 07:28:59,DoS,DoS,1.0,YES,High
2026-01-06 07:28:59,U2R,U2R,1.0,YES,Critical
2026-01-06 07:28:59,U2R,U2R,1.0,YES,Critical
2026-01-06 07:28:59,DoS,DoS,1.0,YES,High
2026-01-06 07:28:59,Probe,Probe,1.0,YES,High
2026-01-06 07:28:59,Probe,Probe,1.0,YES,High
2026-01-06 07:28:59,Probe,Probe,1.0,YES,High
2026-01-06 07:28:59,R2L,R2L,1.0,YES,Medium
2026-01-06 07:28:59,Probe,Probe,1.0,YES,High
2026-01-06 07:28:59,R2L,R2L,1.0,YES,Medium
2026-01-06 07:29:00,DoS,DoS,1.0,YES,High
2026-01-06 07:29:00,DoS,DoS,1.0,YES,High
2026-01-06 07:29:00,R2L,R2L,1.0,YES,Medium
2026-01-06 07:29:00,DoS,DoS,1.0,YES,High
2026-01-06 07:29:00,U2R,U2R,1.0,YES,Critical
2026-01-06 07:29:00,Probe,Probe,1.0,YES,High
2026-01-06 07:29:00,R2L,R2L,0.995,YES,Medium
2026-01-06 07:29:00,R2L,R2L,1.0,YES,Medium
2026-01-06 07:29:00,U2R,U2R,1.0,YES,Critical
2026-01-06 07:29:00,DoS,DoS,1.0,YES,High
2026-01-06 07:29:00,R2L,R2L,1.0,YES,Medium
2026-01-06 07:29:00,R2L,R2L,1.0,YES,Medium
2026-01-06 07:29:00,U2R,U2R,1.0,YES,Critical
2026-01-06 07:29:00,Probe,Probe,1.0,YES,High
2026-01-06 07:29:00,R2L,R2L,1.0,YES,Medium
2026-01-06 07:29:00,R2L,R2L,1.0,YES,Medium
2026-01-06 07:29:00,U2R,U2R,1.0,YES,Critical
2026-01-06 07:29:00,DoS,DoS,1.0,YES,High
2026-01-06 07:29:00,Probe,Probe,1.0,YES,High
2026-01-06 07:29:00,U2R,U2R,1.0,YES,Critical
2026-01-06 07:29:00,R2L,R2L,1.0,YES,Medium
2026-01-06 07:29:00,R2L,R2L,0.998,YES,Medium
2026-01-06 07:29:00,DoS,DoS,1.0,YES,High
2026-01-06 07:29:00,U2R,U2R,1.0,YES,Critical
2026-01-06 07:29:00,U2R,U2R,1.0,YES,Critical
2026-01-06 07:29:00,Probe,Probe,1.0,YES,High
2026-01-06 07:29:00,U2R,U2R,1.0,YES,Critical
2026-01-06 07:29:00,Probe,Probe,1.0,YES,High
2026-01-06 07:29:00,Probe,Probe,0.985,YES,High
2026-01-06 07:29:00,DoS,DoS,1.0,YES,High
2026-01-06 07:29:00,DoS,DoS,1.0,YES,High
2026-01-06 07:29:00,U2R,U2R,1.0,YES,Critical
2026-01-06 07:29:00,U2R,U2R,1.0,YES,Critical
2026-01-06 07:29:00,Probe,Probe,1.0,YES,High
2026-01-06 07:29:00,R2L,R2L,1.0,YES,Medium
2026-01-06 07:29:00,R2L,R2L,1.0,YES,Medium
2026-01-06 07:29:00,DoS,DoS,1.0,YES,High
2026-01-06 07:29:00,R2L,R2L,0.97,YES,Medium
2026-01-06 07:29:00,R2L,R2L,0.999,YES,Medium
2026-01-06 07:29:00,U2R,U2R,1.0,YES,Critical
2026-01-06 07:29:00,DoS,DoS,1.0,YES,High
2026-01-06 07:29:00,DoS,DoS,0.995,YES,High
2026-01-06 07:29:00,R2L,R2L,0.995,YES,Medium
2026-01-06 07:29:00,U2R,U2R,1.0,YES,Critical
2026-01-06 07:29:00,U2R,U2R,1.0,YES,Critical
2026-01-06 07:29:00,Probe,Probe,1.0,YES,High
2026-01-06 07:29:00,DoS,DoS,1.0,YES,High
2026-01-06 07:29:00,Probe,Probe,1.0,YES,High
2026-01-06 07:29:00,U2R,U2R,1.0,YES,Critical
2026-01-06 07:29:00,R2L,R2L,1.0,YES,Medium
2026-01-06 07:29:00,Probe,Probe,1.0,YES,High
2026-01-06 07:29:00,DoS,DoS,0.99,YES,High
2026-01-06 07:29:00,U2R,U2R,1.0,YES,Critical
2026-01-06 07:29:00,DoS,DoS,1.0,YES,High
2026-01-06 07:29:01,U2R,U2R,1.0,YES,Critical
2026-01-06 07:29:01,U2R,U2R,1.0,YES,Critical
2026-01-06 07:29:01,U2R,U2R,1.0,YES,Critical
2026-01-06 07:29:01,R2L,R2L,1.0,YES,Medium
2026-01-06 07:29:01,DoS,DoS,1.0,YES,High
2026-01-06 07:29:01,DoS,DoS,1.0,YES,High
2026-01-06 07:29:01,R2L,R2L,0.949,YES,Medium
2026-01-06 07:29:01,Probe,Probe,1.0,YES,High
2026-01-06 07:29:01,U2R,U2R,1.0,YES,Critical
2026-01-06 07:29:01,U2R,U2R,1.0,YES,Critical
2026-01-06 07:29:01,Probe,Probe,0.97,YES,High
2026-01-06 07:29:01,Probe,Probe,1.0,YES,High
2026-01-06 07:29:01,U2R,U2R,1.0,YES,Critical
2026-01-06 07:29:01,DoS,DoS,1.0,YES,High
2026-01-06 07:29:01,Probe,Probe,0.994,YES,High
2026-01-06 07:29:01,R2L,R2L,1.0,YES,Medium
2026-01-06 07:29:01,U2R,U2R,1.0,YES,Critical
2026-01-06 07:29:01,R2L,R2L,1.0,YES,Medium
2026-01-06 07:29:01,Probe,Probe,1.0,YES,High
2026-01-06 07:29:01,U2R,U2R,1.0,YES,Critical
2026-01-06 07:29:01,U2R,U2R,1.0,YES,Critical
2026-01-06 07:29:01,DoS,DoS,1.0,YES,High
2026-01-06 07:29:01,R2L,R2L,0.99,YES,Medium
2026-01-06 07:29:01,U2R,U2R,1.0,YES,Critical
2026-01-06 07:29:01,R2L,R2L,1.0,YES,Medium
2026-01-06 07:29:01,U2R,U2R,1.0,YES,Critical
2026-01-06 07:29:01,R2L,R2L,1.0,YES,Medium
2026-01-06 07:29:01,R2L,R2L,0.999,YES,Medium
2026-01-06 07:29:01,DoS,DoS,1.0,YES,High
2026-01-06 07:29:01,R2L,R2L,1.0,YES,Medium
2026-01-06 07:29:01,DoS,DoS,1.0,YES,High
2026-01-06 07:29:01,Probe,Probe,1.0,YES,High
2026-01-06 07:29:01,R2L,R2L,1.0,YES,Medium
2026-01-06 07:29:01,Probe,Probe,1.0,YES,High
2026-01-06 07:29:01,U2R,U2R,1.0,YES,Critical
2026-01-06 07:29:01,U2R,U2R,1.0,YES,Critical
2026-01-06 07:29:01,U2R,U2R,1.0,YES,Critical
2026-01-06 07:29:01,DoS,DoS,1.0,YES,High
2026-01-06 07:29:01,U2R,U2R,1.0,YES,Critical
2026-01-06 07:29:01,R2L,R2L,1.0,YES,Medium
2026-01-06 07:29:01,Probe,Probe,1.0,YES,High
2026-01-06 07:29:01,Probe,Probe,1.0,YES,High
2026-01-06 07:29:01,U2R,U2R,1.0,YES,Critical
2026-01-06 07:29:01,R2L,R2L,1.0,YES,Medium
2026-01-06 07:29:01,DoS,DoS,1.0,YES,High
2026-01-06 07:29:01,DoS,DoS,1.0,YES,High
2026-01-06 07:29:01,Probe,Probe,1.0,YES,High
2026-01-06 07:29:01,R2L,R2L,1.0,YES,Medium
2026-01-06 07:29:01,Probe,Probe,1.0,YES,High
2026-01-06 07:29:01,Probe,Probe,1.0,YES,High
2026-01-06 07:29:01,U2R,U2R,1.0,YES,Critical
2026-01-06 07:29:01,DoS,DoS,1.0,YES,High
2026-01-06 07:29:01,DoS,DoS,1.0,YES,High
2026-01-06 07:29:01,DoS,DoS,1.0,YES,High
2026-01-06 07:29:01,R2L,R2L,1.0,YES,Medium
2026-01-06 07:29:01,Probe,Probe,0.979,YES,High
2026-01-06 07:29:02,DoS,DoS,1.0,YES,High
2026-01-06 07:29:02,R2L,R2L,1.0,YES,Medium
2026-01-06 07:29:02,Probe,Probe,1.0,YES,High
2026-01-06 07:29:02,DoS,DoS,1.0,YES,High
2026-01-06 07:29:02,R2L,R2L,0.995,YES,Medium
2026-01-06 07:29:02,R2L,R2L,1.0,YES,Medium
2026-01-06 07:29:02,Probe,Probe,0.999,YES,High
2026-01-06 07:29:02,DoS,DoS,1.0,YES,High
2026-01-06 07:29:02,U2R,U2R,1.0,YES,Critical
2026-01-06 07:29:02,U2R,U2R,1.0,YES,Critical
2026-01-06 07:29:02,Probe,Probe,1.0,YES,High
2026-01-06 07:29:02,Probe,Probe,1.0,YES,High
2026-01-06 07:29:02,DoS,DoS,1.0,YES,High
2026-01-06 07:29:02,Probe,Probe,1.0,YES,High
2026-01-06 07:29:02,U2R,U2R,1.0,YES,Critical
2026-01-06 07:29:02,R2L,R2L,1.0,YES,Medium
2026-01-06 07:29:02,DoS,DoS,1.0,YES,High
2026-01-06 07:29:02,U2R,U2R,1.0,YES,Critical
2026-01-06 07:29:02,DoS,DoS,1.0,YES,High
2026-01-06 07:29:02,Probe,Probe,1.0,YES,High
2026-01-06 07:29:02,DoS,DoS,1.0,YES,High
2026-01-06 07:29:02,U2R,U2R,1.0,YES,Critical
2026-01-06 07:29:02,Probe,Probe,1.0,YES,High
2026-01-06 07:29:02,DoS,DoS,1.0,YES,High
2026-01-06 07:29:02,R2L,R2L,0.995,YES,Medium
2026-01-06 07:29:02,DoS,DoS,1.0,YES,High
2026-01-06 07:29:02,DoS,DoS,1.0,YES,High
2026-01-06 07:29:02,DoS,DoS,1.0,YES,High
2026-01-06 07:29:02,DoS,DoS,1.0,YES,High
2026-01-06 07:29:02,DoS,DoS,1.0,YES,High
2026-01-06 07:29:02,R2L,R2L,1.0,YES,Medium
2026-01-06 07:29:02,Probe,Probe,1.0,YES,High
2026-01-06 07:29:02,Probe,Probe,1.0,YES,High
2026-01-06 07:29:02,Probe,Probe,1.0,YES,High
2026-01-06 07:29:02,R2L,R2L,1.0,YES,Medium
2026-01-06 07:29:02,DoS,DoS,1.0,YES,High
2026-01-06 07:29:02,R2L,R2L,1.0,YES,Medium
2026-01-06 07:29:02,R2L,R2L,1.0,YES,Medium
2026-01-06 07:29:02,DoS,DoS,1.0,YES,High
2026-01-06 07:29:02,U2R,U2R,1.0,YES,Critical
2026-01-06 07:29:02,R2L,R2L,1.0,YES,Medium
2026-01-06 07:29:02,U2R,U2R,1.0,YES,Critical
2026-01-06 07:29:02,R2L,R2L,1.0,YES,Medium
2026-01-06 07:29:02,R2L,R2L,1.0,YES,Medium
2026-01-06 07:29:02,DoS,DoS,1.0,YES,High
2026-01-06 07:29:02,Probe,Probe,1.0,YES,High
2026-01-06 07:29:02,Probe,Probe,1.0,YES,High
2026-01-06 07:29:02,DoS,DoS,1.0,YES,High
2026-01-06 07:29:02,U2R,U2R,1.0,YES,Critical
2026-01-06 07:29:02,DoS,DoS,1.0,YES,High
2026-01-06 07:29:02,R2L,R2L,1.0,YES,Medium
2026-01-06 07:29:02,U2R,U2R,1.0,YES,Critical
2026-01-06 07:29:02,DoS,DoS,1.0,YES,High
2026-01-06 07:29:02,Probe,Probe,1.0,YES,High
2026-01-06 07:29:02,DoS,DoS,1.0,YES,High
2026-01-06 07:29:02,Probe,Probe,1.0,YES,High
2026-01-06 07:29:02,R2L,R2L,1.0,YES,Medium
2026-01-06 07:29:02,U2R,U2R,1.0,YES,Critical
2026-01-06 07:29:02,Probe,Probe,0.915,YES,High
2026-01-06 07:29:03,Probe,Probe,1.0,YES,High
2026-01-06 07:29:03,R2L,R2L,1.0,YES,Medium
2026-01-06 07:29:03,DoS,DoS,1.0,YES,High
2026-01-06 07:29:03,U2R,U2R,1.0,YES,Critical
2026-01-06 07:29:03,Probe,Probe,1.0,YES,High
2026-01-06 07:29:03,R2L,R2L,0.985,YES,Medium
2026-01-06 07:29:03,DoS,DoS,0.995,YES,High
2026-01-06 07:29:03,U2R,U2R,1.0,YES,Critical
2026-01-06 07:29:03,Probe,Probe,1.0,YES,High
2026-01-06 07:29:03,R2L,R2L,1.0,YES,Medium
2026-01-06 07:29:03,R2L,R2L,0.995,YES,Medium
2026-01-06 07:29:03,DoS,DoS,1.0,YES,High
2026-01-06 07:29:03,R2L,R2L,1.0,YES,Medium
2026-01-06 07:29:03,DoS,DoS,1.0,YES,High
2026-01-06 07:29:03,U2R,U2R,1.0,YES,Critical
2026-01-06 07:29:03,DoS,DoS,1.0,YES,High
2026-01-06 07:29:03,R2L,R2L,1.0,YES,Medium
2026-01-06 07:29:03,Probe,Probe,1.0,YES,High
2026-01-06 07:29:03,DoS,DoS,0.98,YES,High
2026-01-06 07:29:03,DoS,DoS,1.0,YES,High
2026-01-06 07:29:03,DoS,DoS,1.0,YES,High
2026-01-06 07:29:03,U2R,U2R,1.0,YES,Critical
2026-01-06 07:29:03,R2L,R2L,1.0,YES,Medium
2026-01-06 07:29:03,Probe,Probe,1.0,YES,High
2026-01-06 07:29:03,R2L,R2L,1.0,YES,Medium
2026-01-06 07:29:03,DoS,DoS,1.0,YES,High
2026-01-06 07:29:03,Probe,Probe,1.0,YES,High
2026-01-06 07:29:03,Probe,Probe,1.0,YES,High
2026-01-06 07:29:03,R2L,R2L,1.0,YES,Medium
2026-01-06 07:29:03,R2L,R2L,1.0,YES,Medium
2026-01-06 07:29:03,DoS,DoS,1.0,YES,High
2026-01-06 07:29:03,Probe,Probe,1.0,YES,High
2026-01-06 07:29:03,Probe,Probe,0.995,YES,High
2026-01-06 07:29:03,Probe,Probe,1.0,YES,High
2026-01-06 07:29:03,Probe,Probe,1.0,YES,High
2026-01-06 07:29:03,Probe,Probe,1.0,YES,High
2026-01-06 07:29:03,U2R,U2R,1.0,YES,Critical
2026-01-06 07:29:03,U2R,U2R,1.0,YES,Critical
2026-01-06 07:29:03,DoS,DoS,1.0,YES,High
2026-01-06 07:29:03,R2L,R2L,1.0,YES,Medium
2026-01-06 07:29:03,R2L,R2L,1.0,YES,Medium
2026-01-06 07:29:03,Probe,Probe,0.955,YES,High
2026-01-06 07:29:03,DoS,DoS,0.995,YES,High
2026-01-06 07:29:03,R2L,R2L,1.0,YES,Medium
2026-01-06 07:29:03,R2L,R2L,1.0,YES,Medium
2026-01-06 07:29:03,Probe,Probe,0.91,YES,High
2026-01-06 07:29:03,R2L,R2L,1.0,YES,Medium
2026-01-06 07:29:03,U2R,U2R,1.0,YES,Critical
2026-01-06 07:29:03,DoS,DoS,1.0,YES,High
2026-01-06 07:29:03,U2R,U2R,1.0,YES,Critical
2026-01-06 07:29:03,R2L,R2L,1.0,YES,Medium
2026-01-06 07:29:04,U2R,U2R,1.0,YES,Critical
2026-01-06 07:29:04,DoS,DoS,1.0,YES,High
2026-01-06 07:29:04,Probe,Probe,0.995,YES,High
2026-01-06 07:29:04,DoS,DoS,1.0,YES,High
2026-01-06 07:29:04,Probe,Probe,0.935,YES,High
2026-01-06 07:29:04,R2L,R2L,1.0,YES,Medium
2026-01-06 07:29:04,U2R,U2R,1.0,YES,Critical
2026-01-06 07:29:04,DoS,DoS,1.0,YES,High
2026-01-06 07:29:04,Probe,Probe,1.0,YES,High
2026-01-06 07:29:04,R2L,R2L,0.999,YES,Medium
2026-01-06 07:29:04,U2R,U2R,1.0,YES,Critical
2026-01-06 07:29:04,R2L,R2L,1.0,YES,Medium
2026-01-06 07:29:04,U2R,U2R,1.0,YES,Critical
2026-01-06 07:29:04,U2R,U2R,1.0,YES,Critical
2026-01-06 07:29:04,U2R,U2R,1.0,YES,Critical
2026-01-06 07:29:04,U2R,U2R,1.0,YES,Critical
2026-01-06 07:29:04,Probe,Probe,1.0,YES,High
2026-01-06 07:29:04,Probe,Probe,1.0,YES,High
2026-01-06 07:29:04,U2R,U2R,1.0,YES,Critical
2026-01-06 07:29:04,DoS,DoS,1.0,YES,High
2026-01-06 07:29:04,U2R,U2R,1.0,YES,Critical
2026-01-06 07:29:04,U2R,U2R,1.0,YES,Critical
2026-01-06 07:29:04,R2L,R2L,1.0,YES,Medium
2026-01-06 07:29:04,U2R,U2R,1.0,YES,Critical
2026-01-06 07:29:04,Probe,Probe,0.97,YES,High
2026-01-06 07:29:04,DoS,DoS,1.0,YES,High
2026-01-06 07:29:04,DoS,DoS,1.0,YES,High
2026-01-06 07:29:04,Probe,Probe,0.98,YES,High
2026-01-06 07:29:04,R2L,R2L,1.0,YES,Medium
2026-01-06 07:29:04,Probe,Probe,1.0,YES,High
2026-01-06 07:29:04,Probe,Probe,1.0,YES,High
2026-01-06 07:29:04,DoS,DoS,1.0,YES,High
2026-01-06 07:29:04,DoS,DoS,0.97,YES,High
2026-01-06 07:29:04,Probe,Probe,0.999,YES,High
2026-01-06 07:29:04,Probe,Probe,1.0,YES,High
2026-01-06 07:29:04,Probe,Probe,1.0,YES,High
2026-01-06 07:29:04,DoS,DoS,1.0,YES,High
2026-01-06 07:29:04,U2R,U2R,1.0,YES,Critical
2026-01-06 07:29:05,R2L,R2L,1.0,YES,Medium
2026-01-06 07:29:05,DoS,DoS,1.0,YES,High
2026-01-06 07:29:05,DoS,DoS,1.0,YES,High
2026-01-06 07:29:05,R2L,R2L,1.0,YES,Medium
2026-01-06 07:29:05,DoS,DoS,1.0,YES,High
2026-01-06 07:29:05,R2L,R2L,1.0,YES,Medium
2026-01-06 07:29:05,Probe,Probe,1.0,YES,High
2026-01-06 07:29:05,U2R,U2R,1.0,YES,Critical
2026-01-06 07:29:05,U2R,U2R,1.0,YES,Critical
2026-01-06 07:29:05,R2L,R2L,1.0,YES,Medium
2026-01-06 07:29:05,U2R,U2R,1.0,YES,Critical
2026-01-06 07:29:05,U2R,U2R,1.0,YES,Critical
2026-01-06 07:29:05,Probe,Probe,1.0,YES,High
2026-01-06 07:29:05,U2R,U2R,1.0,YES,Critical
2026-01-06 07:29:05,R2L,R2L,0.995,YES,Medium
2026-01-06 07:29:05,Probe,Probe,1.0,YES,High
2026-01-06 07:29:05,Probe,Probe,1.0,YES,High
2026-01-06 07:29:05,R2L,R2L,1.0,YES,Medium
2026-01-06 07:29:05,R2L,R2L,1.0,YES,Medium
2026-01-06 07:29:05,Probe,Probe,1.0,YES,High
2026-01-06 07:29:05,U2R,U2R,1.0,YES,Critical
2026-01-06 07:29:05,Probe,Probe,1.0,YES,High
2026-01-06 07:29:05,R2L,R2L,1.0,YES,Medium
2026-01-06 07:29:05,Probe,Probe,1.0,YES,High
2026-01-06 07:29:05,R2L,R2L,0.995,YES,Medium
2026-01-06 07:29:05,U2R,U2R,1.0,YES,Critical
2026-01-06 07:29:05,R2L,R2L,1.0,YES,Medium
2026-01-06 07:29:05,Probe,Probe,1.0,YES,High
2026-01-06 07:29:05,Probe,Probe,1.0,YES,High
2026-01-06 07:29:05,U2R,U2R,1.0,YES,Critical
2026-01-06 07:29:05,U2R,U2R,1.0,YES,Critical
2026-01-06 07:29:06,DoS,DoS,0.995,YES,High
2026-01-06 07:29:06,Probe,Probe,1.0,YES,High
2026-01-06 07:29:06,Probe,Probe,0.999,YES,High
2026-01-06 07:29:06,R2L,R2L,1.0,YES,Medium
2026-01-06 07:29:06,U2R,U2R,1.0,YES,Critical
2026-01-06 07:29:06,Probe,Probe,1.0,YES,High
2026-01-06 07:29:06,R2L,R2L,1.0,YES,Medium
2026-01-06 07:29:06,U2R,U2R,1.0,YES,Critical
2026-01-06 07:29:06,R2L,R2L,0.995,YES,Medium
2026-01-06 07:29:06,DoS,DoS,1.0,YES,High
2026-01-06 07:29:06,R2L,R2L,1.0,YES,Medium
2026-01-06 07:29:06,R2L,R2L,1.0,YES,Medium
2026-01-06 07:29:06,Probe,Probe,1.0,YES,High
2026-01-06 07:29:06,DoS,DoS,1.0,YES,High
2026-01-06 07:29:06,R2L,R2L,1.0,YES,Medium
2026-01-06 07:29:06,U2R,U2R,1.0,YES,Critical
2026-01-06 07:29:06,U2R,U2R,1.0,YES,Critical
2026-01-06 07:29:06,R2L,R2L,1.0,YES,Medium
2026-01-06 07:29:06,Probe,Probe,0.664,YES,High
2026-01-06 07:29:06,R2L,R2L,1.0,YES,Medium
2026-01-06 07:29:06,R2L,R2L,1.0,YES,Medium
2026-01-06 07:29:06,DoS,DoS,1.0,YES,High
2026-01-06 07:29:06,U2R,U2R,1.0,YES,Critical
2026-01-06 07:29:06,DoS,DoS,1.0,YES,High
2026-01-06 07:29:06,DoS,DoS,1.0,YES,High
2026-01-06 07:29:06,U2R,U2R,1.0,YES,Critical
2026-01-06 07:29:06,DoS,DoS,1.0,YES,High
2026-01-06 07:29:06,U2R,U2R,1.0,YES,Critical
2026-01-06 07:29:06,R2L,R2L,1.0,YES,Medium
2026-01-06 07:29:06,DoS,DoS,1.0,YES,High
2026-01-06 07:29:06,Probe,Probe,1.0,YES,High
2026-01-06 07:29:06,DoS,DoS,1.0,YES,High
2026-01-06 07:29:06,DoS,DoS,1.0,YES,High
2026-01-06 07:29:06,DoS,DoS,1.0,YES,High
2026-01-06 07:29:06,DoS,DoS,1.0,YES,High
2026-01-06 07:29:06,DoS,DoS,0.995,YES,High
2026-01-06 07:29:06,Probe,Probe,1.0,YES,High
2026-01-06 07:29:06,Probe,Probe,0.96,YES,High
2026-01-06 07:29:06,U2R,U2R,1.0,YES,Critical
2026-01-06 07:29:06,R2L,R2L,1.0,YES,Medium
2026-01-06 07:29:06,DoS,DoS,1.0,YES,High
2026-01-06 07:29:06,R2L,R2L,0.93,YES,Medium
2026-01-06 07:29:06,Probe,Probe,1.0,YES,High
2026-01-06 07:29:06,Probe,Probe,1.0,YES,High
2026-01-06 07:29:06,U2R,U2R,1.0,YES,Critical
2026-01-06 07:29:06,U2R,U2R,1.0,YES,Critical
2026-01-06 07:29:06,DoS,DoS,1.0,YES,High
2026-01-06 07:29:06,Probe,Probe,1.0,YES,High
2026-01-06 07:29:07,U2R,U2R,1.0,YES,Critical
2026-01-06 07:29:07,DoS,DoS,1.0,YES,High
2026-01-06 07:29:07,Probe,Probe,1.0,YES,High
2026-01-06 07:29:07,Probe,Normal,0.887,YES,High
2026-01-06 07:29:07,DoS,DoS,1.0,YES,High
2026-01-06 07:29:07,DoS,DoS,1.0,YES,High
2026-01-06 07:29:07,DoS,DoS,1.0,YES,High
2026-01-06 07:29:07,U2R,U2R,1.0,YES,Critical
2026-01-06 07:29:07,R2L,R2L,1.0,YES,Medium
2026-01-06 07:29:07,Probe,Probe,1.0,YES,High
2026-01-06 07:29:07,U2R,U2R,1.0,YES,Critical
2026-01-06 07:29:07,U2R,U2R,1.0,YES,Critical
2026-01-06 07:29:07,U2R,U2R,1.0,YES,Critical
2026-01-06 07:29:07,DoS,DoS,1.0,YES,High
2026-01-06 07:29:07,U2R,U2R,1.0,YES,Critical
2026-01-06 07:29:07,R2L,R2L,1.0,YES,Medium
2026-01-06 07:29:07,DoS,DoS,1.0,YES,High
2026-01-06 07:29:07,U2R,U2R,1.0,YES,Critical
2026-01-06 07:29:07,U2R,U2R,1.0,YES,Critical
2026-01-06 07:29:07,Probe,Probe,0.985,YES,High
2026-01-06 07:29:07,R2L,R2L,0.999,YES,Medium
2026-01-06 07:29:07,Probe,Probe,1.0,YES,High
2026-01-06 07:29:07,R2L,R2L,1.0,YES,Medium
2026-01-06 07:29:07,DoS,DoS,1.0,YES,High
2026-01-06 07:29:07,R2L,R2L,0.995,YES,Medium
2026-01-06 07:29:07,Probe,Probe,1.0,YES,High
2026-01-06 07:29:07,U2R,U2R,1.0,YES,Critical
2026-01-06 07:29:07,U2R,U2R,1.0,YES,Critical
2026-01-06 07:29:07,DoS,DoS,1.0,YES,High
2026-01-06 07:29:07,Probe,Probe,0.998,YES,High
2026-01-06 07:29:07,R2L,R2L,1.0,YES,Medium
2026-01-06 07:29:07,DoS,DoS,1.0,YES,High
2026-01-06 07:29:07,DoS,DoS,1.0,YES,High
2026-01-06 07:29:07,U2R,U2R,1.0,YES,Critical
2026-01-06 07:29:07,R2L,R2L,0.999,YES,Medium
2026-01-06 07:29:07,U2R,U2R,1.0,YES,Critical
2026-01-06 07:29:07,R2L,R2L,1.0,YES,Medium
2026-01-06 07:29:07,U2R,U2R,1.0,YES,Critical
2026-01-06 07:29:07,U2R,U2R,1.0,YES,Critical
2026-01-06 07:29:07,Probe,Probe,1.0,YES,High
2026-01-06 07:29:07,Probe,Probe,1.0,YES,High
2026-01-06 07:29:07,DoS,DoS,1.0,YES,High
2026-01-06 07:29:07,U2R,U2R,1.0,YES,Critical
2026-01-06 07:29:07,Probe,Probe,1.0,YES,High
2026-01-06 07:29:07,U2R,U2R,1.0,YES,Critical
2026-01-06 07:29:07,Probe,Probe,1.0,YES,High
2026-01-06 07:29:07,DoS,DoS,0.995,YES,High
2026-01-06 07:29:07,DoS,DoS,1.0,YES,High
2026-01-06 07:29:07,Probe,Probe,1.0,YES,High
2026-01-06 07:29:07,U2R,U2R,1.0,YES,Critical
2026-01-06 07:29:07,Probe,Probe,1.0,YES,High
2026-01-06 07:29:07,DoS,DoS,1.0,YES,High
2026-01-06 07:29:07,R2L,R2L,1.0,YES,Medium
2026-01-06 07:29:07,Probe,Probe,1.0,YES,High
2026-01-06 07:29:07,R2L,R2L,1.0,YES,Medium
2026-01-06 07:29:07,U2R,U2R,1.0,YES,Critical
2026-01-06 07:29:07,DoS,DoS,1.0,YES,High
2026-01-06 07:29:08,R2L,R2L,1.0,YES,Medium
2026-01-06 07:29:08,DoS,DoS,1.0,YES,High
2026-01-06 07:29:08,R2L,R2L,1.0,YES,Medium
2026-01-06 07:29:08,Probe,Probe,1.0,YES,High
2026-01-06 07:29:08,U2R,U2R,1.0,YES,Critical
2026-01-06 07:29:08,U2R,U2R,1.0,YES,Critical
2026-01-06 07:29:08,U2R,U2R,1.0,YES,Critical
2026-01-06 07:29:08,Probe,Probe,1.0,YES,High
2026-01-06 07:29:08,Probe,Probe,1.0,YES,High
2026-01-06 07:29:08,DoS,DoS,1.0,YES,High
2026-01-06 07:29:08,U2R,U2R,1.0,YES,Critical
2026-01-06 07:29:08,R2L,R2L,1.0,YES,Medium
2026-01-06 07:29:08,Probe,Probe,1.0,YES,High
2026-01-06 07:29:08,R2L,R2L,1.0,YES,Medium
2026-01-06 07:29:08,U2R,U2R,1.0,YES,Critical
2026-01-06 07:29:08,Probe,Probe,0.98,YES,High
2026-01-06 07:29:08,U2R,U2R,1.0,YES,Critical
2026-01-06 07:29:08,U2R,U2R,1.0,YES,Critical
2026-01-06 07:29:08,R2L,R2L,1.0,YES,Medium
2026-01-06 07:29:08,DoS,DoS,1.0,YES,High
2026-01-06 07:29:08,Probe,Probe,1.0,YES,High
2026-01-06 07:29:08,Probe,Probe,0.999,YES,High
2026-01-06 07:29:08,Probe,Probe,1.0,YES,High
2026-01-06 07:29:08,R2L,R2L,1.0,YES,Medium
2026-01-06 07:29:08,U2R,U2R,1.0,YES,Critical
2026-01-06 07:29:08,DoS,DoS,1.0,YES,High
2026-01-06 07:29:08,Probe,Probe,1.0,YES,High
2026-01-06 07:29:08,Probe,Probe,1.0,YES,High
2026-01-06 07:29:08,R2L,R2L,1.0,YES,Medium
2026-01-06 07:29:08,U2R,U2R,1.0,YES,Critical
2026-01-06 07:29:08,R2L,R2L,1.0,YES,Medium
2026-01-06 07:29:08,U2R,U2R,1.0,YES,Critical
2026-01-06 07:29:08,DoS,DoS,1.0,YES,High
2026-01-06 07:29:08,Probe,Probe,1.0,YES,High
2026-01-06 07:29:08,Probe,Probe,0.994,YES,High
2026-01-06 07:29:08,U2R,U2R,1.0,YES,Critical
2026-01-06 07:29:08,DoS,DoS,1.0,YES,High
2026-01-06 07:29:08,DoS,DoS,1.0,YES,High
2026-01-06 07:29:08,DoS,DoS,1.0,YES,High
2026-01-06 07:29:08,DoS,DoS,1.0,YES,High
2026-01-06 07:29:08,DoS,DoS,1.0,YES,High
2026-01-06 07:29:08,U2R,U2R,1.0,YES,Critical
2026-01-06 07:29:08,R2L,R2L,1.0,YES,Medium
2026-01-06 07:29:08,R2L,R2L,1.0,YES,Medium
2026-01-06 07:29:08,R2L,R2L,1.0,YES,Medium
2026-01-06 07:29:08,R2L,R2L,1.0,YES,Medium
2026-01-06 07:29:08,DoS,DoS,1.0,YES,High
2026-01-06 07:29:08,Probe,Probe,1.0,YES,High
2026-01-06 07:29:08,Probe,Probe,1.0,YES,High
2026-01-06 07:29:08,DoS,DoS,1.0,YES,High
2026-01-06 07:29:08,R2L,R2L,1.0,YES,Medium
2026-01-06 07:29:08,R2L,R2L,1.0,YES,Medium
2026-01-06 07:29:08,Probe,Probe,1.0,YES,High
2026-01-06 07:29:08,Probe,Probe,1.0,YES,High
2026-01-06 07:29:08,Probe,Probe,1.0,YES,High
2026-01-06 07:29:08,U2R,U2R,1.0,YES,Critical
2026-01-06 07:29:09,Probe,Probe,1.0,YES,High
2026-01-06 07:29:09,R2L,R2L,1.0,YES,Medium
2026-01-06 07:29:09,Probe,Probe,1.0,YES,High
2026-01-06 07:29:09,U2R,U2R,1.0,YES,Critical
2026-01-06 07:29:09,R2L,R2L,1.0,YES,Medium
2026-01-06 07:29:09,DoS,DoS,1.0,YES,High
2026-01-06 07:29:09,Probe,Probe,1.0,YES,High
2026-01-06 07:29:09,DoS,DoS,1.0,YES,High
2026-01-06 07:29:09,U2R,U2R,1.0,YES,Critical
2026-01-06 07:29:09,DoS,DoS,1.0,YES,High
2026-01-06 07:29:09,R2L,R2L,1.0,YES,Medium
2026-01-06 07:29:09,R2L,R2L,0.995,YES,Medium
2026-01-06 07:29:09,Probe,Probe,1.0,YES,High
2026-01-06 07:29:09,Probe,Probe,0.999,YES,High
2026-01-06 07:29:09,Probe,Probe,1.0,YES,High
2026-01-06 07:29:09,Probe,Probe,0.995,YES,High
2026-01-06 07:29:09,Probe,Probe,0.955,YES,High
2026-01-06 07:29:09,U2R,U2R,1.0,YES,Critical
2026-01-06 07:29:09,Probe,Probe,1.0,YES,High
2026-01-06 07:29:09,DoS,DoS,1.0,YES,High
2026-01-06 07:29:09,DoS,DoS,1.0,YES,High
2026-01-06 07:29:09,Probe,Probe,1.0,YES,High
2026-01-06 07:29:09,R2L,R2L,1.0,YES,Medium
2026-01-06 07:29:09,R2L,R2L,1.0,YES,Medium
2026-01-06 07:29:09,Probe,Probe,1.0,YES,High
2026-01-06 07:29:09,DoS,DoS,1.0,YES,High
2026-01-06 07:29:09,DoS,DoS,0.995,YES,High
2026-01-06 07:29:09,Probe,Probe,1.0,YES,High
2026-01-06 07:29:09,DoS,DoS,1.0,YES,High
2026-01-06 07:29:09,Probe,Probe,1.0,YES,High
2026-01-06 07:29:09,DoS,DoS,1.0,YES,High
2026-01-06 07:29:09,R2L,R2L,1.0,YES,Medium
2026-01-06 07:29:09,Probe,Probe,1.0,YES,High
2026-01-06 07:29:09,R2L,R2L,0.985,YES,Medium
2026-01-06 07:29:09,R2L,R2L,1.0,YES,Medium
2026-01-06 07:29:09,DoS,DoS,1.0,YES,High
2026-01-06 07:29:09,DoS,DoS,1.0,YES,High
2026-01-06 07:29:09,DoS,DoS,1.0,YES,High
2026-01-06 07:29:09,DoS,DoS,1.0,YES,High
2026-01-06 07:29:09,R2L,R2L,1.0,YES,Medium
2026-01-06 07:29:09,Probe,Probe,1.0,YES,High
2026-01-06 07:29:09,Probe,Probe,1.0,YES,High
2026-01-06 07:29:09,DoS,DoS,1.0,YES,High
2026-01-06 07:29:09,U2R,U2R,1.0,YES,Critical
2026-01-06 07:29:09,R2L,R2L,1.0,YES,Medium
2026-01-06 07:29:09,R2L,R2L,1.0,YES,Medium
2026-01-06 07:29:09,Probe,Probe,1.0,YES,High
2026-01-06 07:29:09,U2R,U2R,1.0,YES,Critical
2026-01-06 07:29:09,R2L,R2L,1.0,YES,Medium
2026-01-06 07:29:09,Probe,Probe,1.0,YES,High
2026-01-06 07:29:09,DoS,DoS,1.0,YES,High
2026-01-06 07:29:09,U2R,U2R,1.0,YES,Critical
2026-01-06 07:29:09,Probe,Probe,1.0,YES,High
2026-01-06 07:29:09,U2R,U2R,1.0,YES,Critical
2026-01-06 07:29:09,Probe,Probe,1.0,YES,High
2026-01-06 07:29:10,R2L,R2L,1.0,YES,Medium
2026-01-06 07:29:10,DoS,DoS,0.999,YES,High
2026-01-06 07:29:10,U2R,U2R,1.0,YES,Critical
2026-01-06 07:29:10,Probe,Probe,1.0,YES,High
2026-01-06 07:29:10,Probe,Probe,1.0,YES,High
2026-01-06 07:29:10,Probe,Probe,1.0,YES,High
2026-01-06 07:29:10,DoS,DoS,1.0,YES,High
2026-01-06 07:29:10,Probe,Probe,1.0,YES,High
2026-01-06 07:29:10,Probe,Probe,1.0,YES,High
2026-01-06 07:29:10,DoS,DoS,1.0,YES,High
2026-01-06 07:29:10,DoS,DoS,0.995,YES,High
2026-01-06 07:29:10,DoS,DoS,1.0,YES,High
2026-01-06 07:29:10,U2R,U2R,1.0,YES,Critical
2026-01-06 07:29:10,U2R,U2R,1.0,YES,Critical
2026-01-06 07:29:10,U2R,U2R,1.0,YES,Critical
2026-01-06 07:29:10,Probe,Probe,0.995,YES,High
2026-01-06 07:29:10,DoS,DoS,1.0,YES,High
2026-01-06 07:29:10,Probe,Probe,1.0,YES,High
2026-01-06 07:29:10,DoS,DoS,1.0,YES,High
2026-01-06 07:29:10,U2R,U2R,1.0,YES,Critical
2026-01-06 07:29:10,Probe,Probe,1.0,YES,High
2026-01-06 07:29:10,DoS,DoS,1.0,YES,High
2026-01-06 07:29:10,Probe,Probe,0.995,YES,High
2026-01-06 07:29:10,U2R,U2R,1.0,YES,Critical
2026-01-06 07:29:10,R2L,R2L,1.0,YES,Medium
2026-01-06 07:29:10,DoS,DoS,1.0,YES,High
2026-01-06 07:29:10,DoS,DoS,1.0,YES,High
2026-01-06 07:29:10,DoS,DoS,1.0,YES,High
2026-01-06 07:29:10,Probe,Probe,1.0,YES,High
2026-01-06 07:29:10,DoS,DoS,1.0,YES,High
2026-01-06 07:29:10,R2L,R2L,1.0,YES,Medium
2026-01-06 07:29:10,R2L,R2L,1.0,YES,Medium
2026-01-06 07:29:10,Probe,Probe,1.0,YES,High
2026-01-06 07:29:10,Probe,Probe,1.0,YES,High
2026-01-06 07:29:10,Probe,Probe,1.0,YES,High
2026-01-06 07:29:10,U2R,U2R,1.0,YES,Critical
2026-01-06 07:29:10,DoS,DoS,0.925,YES,High
2026-01-06 07:29:10,DoS,DoS,1.0,YES,High
2026-01-06 07:29:10,Probe,Probe,1.0,YES,High
2026-01-06 07:29:10,R2L,R2L,1.0,YES,Medium
2026-01-06 07:29:10,Probe,Probe,0.99,YES,High
2026-01-06 07:29:10,Probe,Probe,1.0,YES,High
2026-01-06 07:29:10,DoS,DoS,1.0,YES,High
2026-01-06 07:29:10,DoS,DoS,1.0,YES,High
2026-01-06 07:29:10,DoS,DoS,1.0,YES,High
2026-01-06 07:29:10,U2R,U2R,1.0,YES,Critical
2026-01-06 07:29:10,U2R,U2R,1.0,YES,Critical
2026-01-06 07:29:10,DoS,DoS,1.0,YES,High
2026-01-06 07:29:10,U2R,U2R,1.0,YES,Critical
2026-01-06 07:29:10,R2L,R2L,1.0,YES,Medium
2026-01-06 07:29:10,R2L,R2L,1.0,YES,Medium
2026-01-06 07:29:10,U2R,U2R,1.0,YES,Critical
2026-01-06 07:29:10,R2L,R2L,1.0,YES,Medium
2026-01-06 07:29:10,Probe,Probe,1.0,YES,High
2026-01-06 07:29:10,Probe,Probe,1.0,YES,High
2026-01-06 07:29:10,Probe,Probe,0.999,YES,High
2026-01-06 07:29:11,R2L,R2L,1.0,YES,Medium
2026-01-06 07:29:11,R2L,R2L,1.0,YES,Medium
2026-01-06 07:29:11,DoS,DoS,0.995,YES,High
2026-01-06 07:29:11,Probe,Probe,1.0,YES,High
2026-01-06 07:29:11,DoS,DoS,1.0,YES,High
2026-01-06 07:29:11,R2L,R2L,1.0,YES,Medium
2026-01-06 07:29:11,Probe,Probe,1.0,YES,High
2026-01-06 07:29:11,Probe,Probe,1.0,YES,High
2026-01-06 07:29:11,R2L,R2L,1.0,YES,Medium
2026-01-06 07:29:11,U2R,U2R,1.0,YES,Critical
2026-01-06 07:29:11,DoS,DoS,1.0,YES,High
2026-01-06 07:29:11,DoS,DoS,1.0,YES,High
2026-01-06 07:29:11,Probe,Probe,1.0,YES,High
2026-01-06 07:29:11,Probe,Probe,1.0,YES,High
2026-01-06 07:29:11,Probe,Probe,1.0,YES,High
2026-01-06 07:29:11,DoS,DoS,1.0,YES,High
2026-01-06 07:29:11,DoS,DoS,1.0,YES,High
2026-01-06 07:29:11,U2R,U2R,1.0,YES,Critical
2026-01-06 07:29:11,DoS,DoS,1.0,YES,High
2026-01-06 07:29:11,U2R,U2R,1.0,YES,Critical
2026-01-06 07:29:11,R2L,R2L,1.0,YES,Medium
2026-01-06 07:29:11,U2R,U2R,1.0,YES,Critical
2026-01-06 07:29:11,Probe,Probe,1.0,YES,High
2026-01-06 07:29:11,R2L,R2L,1.0,YES,Medium
2026-01-06 07:29:11,R2L,R2L,1.0,YES,Medium
2026-01-06 07:29:11,Probe,Probe,1.0,YES,High
2026-01-06 07:29:11,U2R,U2R,1.0,YES,Critical
2026-01-06 07:29:11,DoS,DoS,1.0,YES,High
2026-01-06 07:29:11,R2L,R2L,1.0,YES,Medium
2026-01-06 07:29:11,U2R,U2R,1.0,YES,Critical
2026-01-06 07:29:11,R2L,R2L,1.0,YES,Medium
2026-01-06 07:29:11,Probe,Probe,1.0,YES,High
2026-01-06 07:29:11,DoS,DoS,1.0,YES,High
2026-01-06 07:29:11,R2L,R2L,1.0,YES,Medium
2026-01-06 07:29:11,DoS,DoS,1.0,YES,High
2026-01-06 07:29:11,DoS,DoS,1.0,YES,High
2026-01-06 07:29:11,DoS,DoS,1.0,YES,High
2026-01-06 07:29:11,DoS,DoS,0.995,YES,High
2026-01-06 07:29:11,DoS,DoS,1.0,YES,High
2026-01-06 07:29:11,U2R,U2R,1.0,YES,Critical
2026-01-06 07:29:11,Probe,Probe,1.0,YES,High
2026-01-06 07:29:11,DoS,DoS,1.0,YES,High
2026-01-06 07:29:11,Probe,Probe,1.0,YES,High
2026-01-06 07:29:11,R2L,R2L,1.0,YES,Medium
2026-01-06 07:29:11,R2L,R2L,1.0,YES,Medium
2026-01-06 07:29:11,DoS,DoS,1.0,YES,High
2026-01-06 07:29:11,U2R,U2R,1.0,YES,Critical
2026-01-06 07:29:11,Probe,Probe,1.0,YES,High
2026-01-06 07:29:11,R2L,R2L,1.0,YES,Medium
2026-01-06 07:29:11,Probe,Probe,1.0,YES,High
2026-01-06 07:29:11,U2R,U2R,1.0,YES,Critical
2026-01-06 07:29:11,Probe,Probe,1.0,YES,High
2026-01-06 07:29:11,R2L,R2L,1.0,YES,Medium
2026-01-06 07:29:11,DoS,DoS,1.0,YES,High
2026-01-06 07:29:12,R2L,R2L,1.0,YES,Medium
2026-01-06 07:29:12,U2R,U2R,1.0,YES,Critical
2026-01-06 07:29:12,R2L,R2L,0.995,YES,Medium
2026-01-06 07:29:12,DoS,DoS,1.0,YES,High
2026-01-06 07:29:12,R2L,R2L,1.0,YES,Medium
2026-01-06 07:29:12,Probe,Probe,1.0,YES,High
2026-01-06 07:29:12,U2R,U2R,1.0,YES,Critical
2026-01-06 07:29:12,R2L,R2L,0.995,YES,Medium
2026-01-06 07:29:12,U2R,U2R,1.0,YES,Critical
2026-01-06 07:29:12,DoS,DoS,0.995,YES,High
2026-01-06 07:29:12,Probe,Probe,1.0,YES,High
2026-01-06 07:29:12,R2L,R2L,1.0,YES,Medium
2026-01-06 07:29:12,DoS,DoS,1.0,YES,High
2026-01-06 07:29:12,Probe,Probe,1.0,YES,High
2026-01-06 07:29:12,DoS,DoS,1.0,YES,High
2026-01-06 07:29:12,R2L,R2L,1.0,YES,Medium
2026-01-06 07:29:12,R2L,R2L,1.0,YES,Medium
2026-01-06 07:29:12,Probe,Probe,1.0,YES,High
2026-01-06 07:29:12,Probe,Probe,1.0,YES,High
2026-01-06 07:29:12,Probe,Probe,1.0,YES,High
2026-01-06 07:29:12,R2L,R2L,1.0,YES,Medium
2026-01-06 07:29:12,R2L,R2L,1.0,YES,Medium
2026-01-06 07:29:12,DoS,DoS,1.0,YES,High
2026-01-06 07:29:12,DoS,DoS,0.995,YES,High
2026-01-06 07:29:12,DoS,DoS,1.0,YES,High
2026-01-06 07:29:12,U2R,U2R,1.0,YES,Critical
2026-01-06 07:29:12,R2L,R2L,1.0,YES,Medium
2026-01-06 07:29:12,R2L,R2L,0.89,YES,Medium
2026-01-06 07:29:12,DoS,DoS,1.0,YES,High
2026-01-06 07:29:12,Probe,Probe,1.0,YES,High
2026-01-06 07:29:12,Probe,Probe,1.0,YES,High
2026-01-06 07:29:12,U2R,U2R,1.0,YES,Critical
2026-01-06 07:29:12,Probe,Probe,1.0,YES,High
2026-01-06 07:29:12,U2R,U2R,1.0,YES,Critical
2026-01-06 07:29:12,DoS,DoS,1.0,YES,High
2026-01-06 07:29:12,Probe,Probe,1.0,YES,High
2026-01-06 07:29:12,DoS,DoS,1.0,YES,High
2026-01-06 07:29:12,U2R,U2R,1.0,YES,Critical
2026-01-06 07:29:12,R2L,R2L,1.0,YES,Medium
2026-01-06 07:29:12,U2R,U2R,1.0,YES,Critical
2026-01-06 07:29:12,R2L,R2L,1.0,YES,Medium
2026-01-06 07:29:12,Probe,Probe,1.0,YES,High
2026-01-06 07:29:12,U2R,U2R,1.0,YES,Critical
2026-01-06 07:29:12,Probe,Probe,1.0,YES,High
2026-01-06 07:29:12,R2L,R2L,1.0,YES,Medium
2026-01-06 07:29:12,R2L,R2L,1.0,YES,Medium
2026-01-06 07:29:12,DoS,DoS,1.0,YES,High
2026-01-06 07:29:12,DoS,DoS,1.0,YES,High
2026-01-06 07:29:12,DoS,DoS,0.995,YES,High
2026-01-06 07:29:12,U2R,U2R,1.0,YES,Critical
2026-01-06 07:29:12,R2L,R2L,1.0,YES,Medium
2026-01-06 07:29:12,Probe,Probe,1.0,YES,High
2026-01-06 07:29:12,R2L,R2L,1.0,YES,Medium
2026-01-06 07:29:12,U2R,U2R,1.0,YES,Critical
2026-01-06 07:29:12,U2R,U2R,1.0,YES,Critical
2026-01-06 07:29:12,R2L,R2L,1.0,YES,Medium
2026-01-06 07:29:12,DoS,DoS,1.0,YES,High
2026-01-06 07:29:13,R2L,R2L,1.0,YES,Medium
2026-01-06 07:29:13,DoS,DoS,1.0,YES,High
2026-01-06 07:29:13,U2R,U2R,1.0,YES,Critical
2026-01-06 07:29:13,Probe,Probe,1.0,YES,High
2026-01-06 07:29:13,R2L,R2L,1.0,YES,Medium
2026-01-06 07:29:13,Probe,Probe,1.0,YES,High
2026-01-06 07:29:13,Probe,Probe,1.0,YES,High
2026-01-06 07:29:13,U2R,U2R,1.0,YES,Critical
2026-01-06 07:29:13,Probe,Probe,1.0,YES,High
2026-01-06 07:29:13,DoS,DoS,1.0,YES,High
2026-01-06 07:29:13,DoS,DoS,1.0,YES,High
2026-01-06 07:29:13,Probe,Probe,1.0,YES,High
2026-01-06 07:29:13,U2R,U2R,1.0,YES,Critical
2026-01-06 07:29:13,DoS,DoS,0.995,YES,High
2026-01-06 07:29:13,U2R,U2R,1.0,YES,Critical
2026-01-06 07:29:13,U2R,U2R,1.0,YES,Critical
2026-01-06 07:29:13,U2R,U2R,1.0,YES,Critical
2026-01-06 07:29:13,DoS,DoS,1.0,YES,High
2026-01-06 07:29:13,Probe,Probe,1.0,YES,High
2026-01-06 07:29:13,U2R,U2R,1.0,YES,Critical
2026-01-06 07:29:13,R2L,R2L,1.0,YES,Medium
2026-01-06 07:29:13,Probe,Probe,1.0,YES,High
2026-01-06 07:29:13,U2R,U2R,1.0,YES,Critical
2026-01-06 07:29:13,R2L,R2L,1.0,YES,Medium
2026-01-06 07:29:13,U2R,U2R,1.0,YES,Critical
2026-01-06 07:29:13,Probe,Probe,1.0,YES,High
2026-01-06 07:29:13,DoS,DoS,1.0,YES,High
2026-01-06 07:29:13,DoS,DoS,1.0,YES,High
2026-01-06 07:29:13,Probe,Probe,1.0,YES,High
2026-01-06 07:29:13,Probe,Probe,1.0,YES,High
2026-01-06 07:29:13,DoS,DoS,1.0,YES,High
2026-01-06 07:29:13,DoS,DoS,1.0,YES,High
2026-01-06 07:29:13,U2R,U2R,1.0,YES,Critical
2026-01-06 07:29:13,Probe,Probe,1.0,YES,High
2026-01-06 07:29:13,DoS,DoS,1.0,YES,High
2026-01-06 07:29:13,U2R,U2R,1.0,YES,Critical
2026-01-06 07:29:13,U2R,U2R,1.0,YES,Critical
2026-01-06 07:29:13,Probe,Probe,1.0,YES,High
2026-01-06 07:29:13,U2R,U2R,0.995,YES,Critical
2026-01-06 07:29:13,DoS,DoS,1.0,YES,High
2026-01-06 07:29:13,DoS,DoS,1.0,YES,High
2026-01-06 07:29:13,U2R,U2R,1.0,YES,Critical
2026-01-06 07:29:13,Probe,Probe,1.0,YES,High
2026-01-06 07:29:13,Probe,Probe,1.0,YES,High
2026-01-06 07:29:13,U2R,U2R,1.0,YES,Critical
2026-01-06 07:29:13,R2L,R2L,0.99,YES,Medium
2026-01-06 07:29:13,Probe,Probe,1.0,YES,High
2026-01-06 07:29:13,R2L,R2L,1.0,YES,Medium
2026-01-06 07:29:13,U2R,U2R,1.0,YES,Critical
2026-01-06 07:29:13,R2L,R2L,1.0,YES,Medium
2026-01-06 07:29:13,R2L,R2L,1.0,YES,Medium
2026-01-06 07:29:14,R2L,R2L,1.0,YES,Medium
2026-01-06 07:29:14,R2L,R2L,1.0,YES,Medium
2026-01-06 07:29:14,Probe,Probe,1.0,YES,High
2026-01-06 07:29:14,R2L,R2L,1.0,YES,Medium
2026-01-06 07:29:14,Probe,Probe,1.0,YES,High
2026-01-06 07:29:14,Probe,Probe,1.0,YES,High
2026-01-06 07:29:14,R2L,R2L,0.999,YES,Medium
2026-01-06 07:29:14,R2L,R2L,1.0,YES,Medium
2026-01-06 07:29:14,R2L,R2L,1.0,YES,Medium
2026-01-06 07:29:14,DoS,DoS,0.98,YES,High
2026-01-06 07:29:14,Probe,Probe,0.995,YES,High
2026-01-06 07:29:14,U2R,U2R,1.0,YES,Critical
2026-01-06 07:29:14,U2R,U2R,1.0,YES,Critical
2026-01-06 07:29:14,DoS,DoS,1.0,YES,High
2026-01-06 07:29:14,Probe,Probe,0.995,YES,High
2026-01-06 07:29:14,DoS,DoS,1.0,YES,High
2026-01-06 07:29:14,DoS,DoS,1.0,YES,High
2026-01-06 07:29:14,Probe,Probe,1.0,YES,High
2026-01-06 07:29:14,R2L,R2L,1.0,YES,Medium
2026-01-06 07:29:14,R2L,R2L,1.0,YES,Medium
2026-01-06 07:29:14,U2R,U2R,1.0,YES,Critical
2026-01-06 07:29:14,R2L,R2L,1.0,YES,Medium
2026-01-06 07:29:14,Probe,Probe,0.995,YES,High
2026-01-06 07:29:14,Probe,Probe,1.0,YES,High
2026-01-06 07:29:14,R2L,R2L,1.0,YES,Medium
2026-01-06 07:29:14,R2L,R2L,1.0,YES,Medium
2026-01-06 07:29:14,Probe,Probe,0.99,YES,High
2026-01-06 07:29:14,DoS,DoS,1.0,YES,High
2026-01-06 07:29:14,DoS,DoS,1.0,YES,High
2026-01-06 07:29:14,Probe,Probe,1.0,YES,High
2026-01-06 07:29:14,R2L,R2L,1.0,YES,Medium
2026-01-06 07:29:14,R2L,R2L,1.0,YES,Medium
2026-01-06 07:29:14,U2R,U2R,1.0,YES,Critical
2026-01-06 07:29:14,R2L,R2L,1.0,YES,Medium
2026-01-06 07:29:14,Probe,Probe,1.0,YES,High
2026-01-06 07:29:14,R2L,R2L,1.0,YES,Medium
2026-01-06 07:29:14,R2L,R2L,1.0,YES,Medium
2026-01-06 07:29:14,R2L,R2L,1.0,YES,Medium
2026-01-06 07:29:14,R2L,R2L,1.0,YES,Medium
2026-01-06 07:29:14,U2R,U2R,1.0,YES,Critical
2026-01-06 07:29:14,DoS,DoS,1.0,YES,High
2026-01-06 07:29:14,U2R,U2R,1.0,YES,Critical
2026-01-06 07:29:14,U2R,U2R,1.0,YES,Critical
2026-01-06 07:29:14,Probe,Probe,1.0,YES,High
2026-01-06 07:29:14,R2L,R2L,1.0,YES,Medium
2026-01-06 07:29:14,DoS,DoS,1.0,YES,High
2026-01-06 07:29:14,Probe,Probe,1.0,YES,High
2026-01-06 07:29:14,R2L,R2L,1.0,YES,Medium
2026-01-06 07:29:15,DoS,DoS,1.0,YES,High
2026-01-06 07:29:15,R2L,R2L,1.0,YES,Medium
2026-01-06 07:29:15,U2R,U2R,1.0,YES,Critical
2026-01-06 07:29:15,Probe,Probe,1.0,YES,High
2026-01-06 07:29:15,Probe,Probe,1.0,YES,High
2026-01-06 07:29:15,U2R,U2R,1.0,YES,Critical
2026-01-06 07:29:15,Probe,Probe,1.0,YES,High
2026-01-06 07:29:15,U2R,U2R,1.0,YES,Critical
2026-01-06 07:29:15,R2L,R2L,0.995,YES,Medium
2026-01-06 07:29:15,DoS,DoS,1.0,YES,High
2026-01-06 07:29:15,Probe,Probe,1.0,YES,High
2026-01-06 07:29:15,U2R,U2R,1.0,YES,Critical
2026-01-06 07:29:15,Probe,Probe,1.0,YES,High
2026-01-06 07:29:15,R2L,R2L,1.0,YES,Medium
2026-01-06 07:29:15,U2R,U2R,1.0,YES,Critical
2026-01-06 07:29:15,Probe,Probe,0.989,YES,High
2026-01-06 07:29:15,DoS,DoS,1.0,YES,High
2026-01-06 07:29:15,U2R,U2R,1.0,YES,Critical
2026-01-06 07:29:15,Probe,Probe,1.0,YES,High
2026-01-06 07:29:15,Probe,Probe,1.0,YES,High
2026-01-06 07:29:15,R2L,R2L,1.0,YES,Medium
2026-01-06 07:29:15,R2L,R2L,1.0,YES,Medium
2026-01-06 07:29:15,R2L,R2L,1.0,YES,Medium
2026-01-06 07:29:15,U2R,U2R,1.0,YES,Critical
2026-01-06 07:29:15,DoS,DoS,1.0,YES,High
2026-01-06 07:29:15,DoS,DoS,0.995,YES,High
2026-01-06 07:29:15,R2L,R2L,1.0,YES,Medium
2026-01-06 07:29:15,U2R,U2R,1.0,YES,Critical
2026-01-06 07:29:15,DoS,DoS,1.0,YES,High
2026-01-06 07:29:15,R2L,R2L,1.0,YES,Medium
2026-01-06 07:29:15,DoS,DoS,1.0,YES,High
2026-01-06 07:29:15,Probe,Probe,1.0,YES,High
2026-01-06 07:29:15,Probe,Probe,1.0,YES,High
2026-01-06 07:29:15,U2R,U2R,1.0,YES,Critical
2026-01-06 07:29:15,U2R,U2R,1.0,YES,Critical
2026-01-06 07:29:15,R2L,R2L,1.0,YES,Medium
2026-01-06 07:29:15,Probe,Probe,1.0,YES,High
2026-01-06 07:29:15,DoS,DoS,1.0,YES,High
2026-01-06 07:29:15,Probe,Probe,0.995,YES,High
2026-01-06 07:29:15,R2L,R2L,1.0,YES,Medium
2026-01-06 07:29:15,R2L,R2L,1.0,YES,Medium
2026-01-06 07:29:15,Probe,Probe,1.0,YES,High
2026-01-06 07:29:15,R2L,R2L,1.0,YES,Medium
2026-01-06 07:29:15,R2L,R2L,1.0,YES,Medium
2026-01-06 07:29:15,DoS,DoS,1.0,YES,High
2026-01-06 07:29:15,Probe,Probe,1.0,YES,High
2026-01-06 07:29:15,R2L,R2L,1.0,YES,Medium
2026-01-06 07:29:15,DoS,DoS,1.0,YES,High
2026-01-06 07:29:15,U2R,U2R,1.0,YES,Critical
2026-01-06 07:29:15,R2L,R2L,1.0,YES,Medium
2026-01-06 07:29:15,U2R,U2R,1.0,YES,Critical
2026-01-06 07:29:15,DoS,DoS,1.0,YES,High
2026-01-06 07:29:16,DoS,DoS,1.0,YES,High
2026-01-06 07:29:16,R2L,R2L,1.0,YES,Medium
2026-01-06 07:29:16,U2R,U2R,1.0,YES,Critical
2026-01-06 07:29:16,Probe,Probe,1.0,YES,High
2026-01-06 07:29:16,DoS,DoS,1.0,YES,High
2026-01-06 07:29:16,Probe,Probe,0.985,YES,High
2026-01-06 07:29:16,DoS,DoS,1.0,YES,High
2026-01-06 07:29:16,U2R,U2R,1.0,YES,Critical
2026-01-06 07:29:16,R2L,R2L,1.0,YES,Medium
2026-01-06 07:29:16,Probe,Probe,1.0,YES,High
2026-01-06 07:29:16,DoS,DoS,1.0,YES,High
2026-01-06 07:29:16,U2R,U2R,1.0,YES,Critical
2026-01-06 07:29:16,R2L,R2L,1.0,YES,Medium
2026-01-06 07:29:16,R2L,R2L,1.0,YES,Medium
2026-01-06 07:29:16,DoS,DoS,0.994,YES,High
2026-01-06 07:29:16,R2L,R2L,1.0,YES,Medium
2026-01-06 07:29:16,DoS,DoS,1.0,YES,High
2026-01-06 07:29:16,Probe,Probe,1.0,YES,High
2026-01-06 07:29:16,R2L,R2L,1.0,YES,Medium
2026-01-06 07:29:16,R2L,R2L,1.0,YES,Medium
2026-01-06 07:29:16,DoS,DoS,1.0,YES,High
2026-01-06 07:29:16,Probe,Probe,1.0,YES,High
2026-01-06 07:29:16,U2R,U2R,1.0,YES,Critical
2026-01-06 07:29:16,DoS,DoS,1.0,YES,High
2026-01-06 07:29:16,R2L,R2L,1.0,YES,Medium
2026-01-06 07:29:16,U2R,U2R,1.0,YES,Critical
2026-01-06 07:29:16,R2L,R2L,1.0,YES,Medium
2026-01-06 07:29:16,R2L,R2L,1.0,YES,Medium
2026-01-06 07:29:16,R2L,R2L,1.0,YES,Medium
2026-01-06 07:29:16,DoS,DoS,1.0,YES,High
2026-01-06 07:29:16,DoS,DoS,1.0,YES,High
2026-01-06 07:29:16,Probe,Probe,1.0,YES,High
2026-01-06 07:29:16,R2L,R2L,1.0,YES,Medium
2026-01-06 07:29:16,U2R,U2R,1.0,YES,Critical
2026-01-06 07:29:16,R2L,R2L,1.0,YES,Medium
2026-01-06 07:29:16,R2L,R2L,1.0,YES,Medium
2026-01-06 07:29:16,U2R,U2R,1.0,YES,Critical
2026-01-06 07:29:16,R2L,R2L,1.0,YES,Medium
2026-01-06 07:29:16,Probe,Probe,1.0,YES,High
2026-01-06 07:29:16,Probe,Probe,0.995,YES,High
2026-01-06 07:29:16,Probe,Probe,1.0,YES,High
2026-01-06 07:29:16,DoS,DoS,1.0,YES,High
2026-01-06 07:29:16,Probe,Probe,1.0,YES,High
2026-01-06 07:29:16,DoS,DoS,1.0,YES,High
2026-01-06 07:29:16,DoS,DoS,1.0,YES,High
2026-01-06 07:29:16,Probe,Probe,1.0,YES,High
2026-01-06 07:29:16,Probe,Probe,0.845,YES,High
2026-01-06 07:29:17,U2R,U2R,1.0,YES,Critical
2026-01-06 07:29:17,Probe,Probe,0.979,YES,High
2026-01-06 07:29:17,U2R,U2R,1.0,YES,Critical
2026-01-06 07:29:17,U2R,U2R,1.0,YES,Critical
2026-01-06 07:29:17,U2R,U2R,1.0,YES,Critical
2026-01-06 07:29:17,U2R,U2R,1.0,YES,Critical
2026-01-06 07:29:17,Probe,Probe,1.0,YES,High
2026-01-06 07:29:17,U2R,U2R,1.0,YES,Critical
2026-01-06 07:29:17,R2L,R2L,1.0,YES,Medium
2026-01-06 07:29:17,DoS,DoS,1.0,YES,High
2026-01-06 07:29:17,U2R,U2R,1.0,YES,Critical
2026-01-06 07:29:17,U2R,U2R,1.0,YES,Critical
2026-01-06 07:29:17,Probe,Probe,1.0,YES,High
2026-01-06 07:29:17,Probe,Probe,1.0,YES,High
2026-01-06 07:29:17,DoS,DoS,1.0,YES,High
2026-01-06 07:29:17,Probe,Probe,1.0,YES,High
2026-01-06 07:29:17,R2L,R2L,1.0,YES,Medium
2026-01-06 07:29:17,R2L,R2L,1.0,YES,Medium
2026-01-06 07:29:17,DoS,DoS,1.0,YES,High
2026-01-06 07:29:17,R2L,R2L,1.0,YES,Medium
2026-01-06 07:29:17,U2R,U2R,1.0,YES,Critical
2026-01-06 07:29:17,R2L,R2L,1.0,YES,Medium
2026-01-06 07:29:17,U2R,U2R,1.0,YES,Critical
2026-01-06 07:29:17,DoS,DoS,1.0,YES,High
2026-01-06 07:29:17,Probe,Probe,1.0,YES,High
2026-01-06 07:29:17,DoS,DoS,0.995,YES,High
2026-01-06 07:29:17,Probe,Probe,1.0,YES,High
2026-01-06 07:29:17,U2R,U2R,1.0,YES,Critical
2026-01-06 07:29:17,R2L,R2L,1.0,YES,Medium
2026-01-06 07:29:17,DoS,DoS,1.0,YES,High
2026-01-06 07:29:17,U2R,U2R,1.0,YES,Critical
2026-01-06 07:29:17,U2R,U2R,1.0,YES,Critical
2026-01-06 07:29:17,Probe,Probe,1.0,YES,High
2026-01-06 07:29:17,R2L,R2L,1.0,YES,Medium
2026-01-06 07:29:17,R2L,R2L,0.995,YES,Medium
2026-01-06 07:29:17,DoS,DoS,1.0,YES,High
2026-01-06 07:29:18,Probe,Probe,1.0,YES,High
2026-01-06 07:29:18,DoS,DoS,1.0,YES,High
2026-01-06 07:29:18,U2R,U2R,1.0,YES,Critical
2026-01-06 07:29:18,DoS,DoS,1.0,YES,High
2026-01-06 07:29:18,U2R,U2R,1.0,YES,Critical
2026-01-06 07:29:18,U2R,U2R,0.995,YES,Critical
2026-01-06 07:29:18,Probe,Probe,1.0,YES,High
2026-01-06 07:29:18,U2R,U2R,1.0,YES,Critical
2026-01-06 07:29:18,DoS,DoS,1.0,YES,High
2026-01-06 07:29:18,DoS,DoS,1.0,YES,High
2026-01-06 07:29:18,U2R,U2R,0.995,YES,Critical
2026-01-06 07:29:18,U2R,U2R,1.0,YES,Critical
2026-01-06 07:29:18,Probe,Probe,1.0,YES,High
2026-01-06 07:29:18,DoS,DoS,1.0,YES,High
2026-01-06 07:29:18,U2R,U2R,1.0,YES,Critical
2026-01-06 07:29:18,Probe,Probe,1.0,YES,High
2026-01-06 07:29:18,Probe,Probe,1.0,YES,High
2026-01-06 07:29:18,U2R,U2R,1.0,YES,Critical
2026-01-06 07:29:18,DoS,DoS,1.0,YES,High
2026-01-06 07:29:18,Probe,Probe,1.0,YES,High
2026-01-06 07:29:18,DoS,DoS,1.0,YES,High
2026-01-06 07:29:18,Probe,Probe,1.0,YES,High
2026-01-06 07:29:18,R2L,R2L,1.0,YES,Medium
2026-01-06 07:29:18,DoS,DoS,1.0,YES,High
2026-01-06 07:29:18,R2L,R2L,1.0,YES,Medium
2026-01-06 07:29:18,U2R,U2R,1.0,YES,Critical
2026-01-06 07:29:18,Probe,Probe,1.0,YES,High
2026-01-06 07:29:18,Probe,Probe,1.0,YES,High
2026-01-06 07:29:18,Probe,Probe,1.0,YES,High
2026-01-06 07:29:18,U2R,U2R,1.0,YES,Critical
2026-01-06 07:29:18,R2L,R2L,1.0,YES,Medium
2026-01-06 07:29:18,Probe,Probe,0.998,YES,High
2026-01-06 07:29:18,R2L,R2L,1.0,YES,Medium
2026-01-06 07:29:18,U2R,U2R,1.0,YES,Critical
2026-01-06 07:29:18,DoS,DoS,1.0,YES,High
2026-01-06 07:29:18,Probe,Probe,1.0,YES,High
2026-01-06 07:29:18,Probe,Probe,1.0,YES,High
2026-01-06 07:29:18,DoS,DoS,0.975,YES,High
2026-01-06 07:29:18,R2L,R2L,1.0,YES,Medium
2026-01-06 07:29:19,Probe,Probe,1.0,YES,High
2026-01-06 07:29:19,DoS,DoS,1.0,YES,High
2026-01-06 07:29:19,DoS,DoS,1.0,YES,High
2026-01-06 07:29:19,Probe,Probe,1.0,YES,High
2026-01-06 07:29:19,U2R,U2R,1.0,YES,Critical
2026-01-06 07:29:19,Probe,Probe,1.0,YES,High
2026-01-06 07:29:19,R2L,R2L,1.0,YES,Medium
2026-01-06 07:29:19,Probe,Probe,0.995,YES,High
2026-01-06 07:29:19,Probe,Probe,1.0,YES,High
2026-01-06 07:29:19,Probe,Probe,1.0,YES,High
2026-01-06 07:29:19,R2L,R2L,1.0,YES,Medium
2026-01-06 07:29:19,Probe,Probe,0.995,YES,High
2026-01-06 07:29:19,DoS,DoS,1.0,YES,High
2026-01-06 07:29:19,DoS,DoS,1.0,YES,High
2026-01-06 07:29:19,U2R,U2R,1.0,YES,Critical
2026-01-06 07:29:19,DoS,DoS,0.77,YES,High
2026-01-06 07:29:19,U2R,U2R,1.0,YES,Critical
2026-01-06 07:29:19,U2R,U2R,1.0,YES,Critical
2026-01-06 07:29:19,DoS,DoS,1.0,YES,High
2026-01-06 07:29:19,DoS,DoS,1.0,YES,High
2026-01-06 07:29:19,U2R,U2R,1.0,YES,Critical
2026-01-06 07:29:19,DoS,DoS,1.0,YES,High
2026-01-06 07:29:19,DoS,DoS,1.0,YES,High
2026-01-06 07:29:19,DoS,DoS,0.999,YES,High
2026-01-06 07:29:19,R2L,R2L,1.0,YES,Medium
2026-01-06 07:29:19,U2R,U2R,1.0,YES,Critical
2026-01-06 07:29:19,Probe,Probe,0.988,YES,High
2026-01-06 07:29:19,Probe,Probe,1.0,YES,High
2026-01-06 07:29:19,U2R,U2R,1.0,YES,Critical
2026-01-06 07:29:19,Probe,Probe,1.0,YES,High
2026-01-06 07:29:19,U2R,U2R,1.0,YES,Critical
2026-01-06 07:29:19,U2R,U2R,1.0,YES,Critical
2026-01-06 07:29:19,DoS,DoS,1.0,YES,High
2026-01-06 07:29:19,Probe,Probe,1.0,YES,High
2026-01-06 07:29:19,Probe,Probe,1.0,YES,High
2026-01-06 07:29:19,R2L,R2L,1.0,YES,Medium
2026-01-06 07:29:19,DoS,DoS,1.0,YES,High
2026-01-06 07:29:19,Probe,Probe,1.0,YES,High
2026-01-06 07:29:19,Probe,Probe,0.995,YES,High
2026-01-06 07:29:19,Probe,Probe,1.0,YES,High
2026-01-06 07:29:19,R2L,R2L,0.995,YES,Medium
2026-01-06 07:29:19,DoS,DoS,1.0,YES,High
2026-01-06 07:29:19,R2L,R2L,1.0,YES,Medium
2026-01-06 07:29:19,U2R,U2R,1.0,YES,Critical
2026-01-06 07:29:20,U2R,U2R,1.0,YES,Critical
2026-01-06 07:29:20,R2L,R2L,1.0,YES,Medium
2026-01-06 07:29:20,DoS,DoS,1.0,YES,High
2026-01-06 07:29:20,DoS,DoS,1.0,YES,High
2026-01-06 07:29:20,U2R,U2R,1.0,YES,Critical
2026-01-06 07:29:20,R2L,R2L,1.0,YES,Medium
2026-01-06 07:29:20,R2L,R2L,1.0,YES,Medium
2026-01-06 07:29:20,Probe,Probe,0.945,YES,High
2026-01-06 07:29:20,DoS,DoS,0.99,YES,High
2026-01-06 07:29:20,R2L,R2L,1.0,YES,Medium
2026-01-06 07:29:20,R2L,R2L,1.0,YES,Medium
2026-01-06 07:29:20,Probe,Probe,1.0,YES,High
2026-01-06 07:29:20,DoS,DoS,1.0,YES,High
2026-01-06 07:29:20,R2L,R2L,0.99,YES,Medium
2026-01-06 07:29:20,R2L,R2L,1.0,YES,Medium
2026-01-06 07:29:20,U2R,U2R,1.0,YES,Critical
2026-01-06 07:29:20,Probe,Probe,1.0,YES,High
2026-01-06 07:29:20,R2L,R2L,1.0,YES,Medium
2026-01-06 07:29:20,U2R,U2R,1.0,YES,Critical
2026-01-06 07:29:20,R2L,R2L,1.0,YES,Medium
2026-01-06 07:29:20,Probe,Probe,1.0,YES,High
2026-01-06 07:29:20,DoS,DoS,1.0,YES,High
2026-01-06 07:29:20,Probe,Probe,1.0,YES,High
2026-01-06 07:29:20,Probe,Probe,1.0,YES,High
2026-01-06 07:29:20,Probe,Probe,1.0,YES,High
2026-01-06 07:29:20,Probe,Probe,1.0,YES,High
2026-01-06 07:29:20,Probe,Probe,1.0,YES,High
2026-01-06 07:29:20,DoS,DoS,1.0,YES,High
2026-01-06 07:29:20,DoS,DoS,1.0,YES,High
2026-01-06 07:29:20,R2L,R2L,1.0,YES,Medium
2026-01-06 07:29:20,DoS,DoS,1.0,YES,High
2026-01-06 07:29:20,R2L,R2L,1.0,YES,Medium
2026-01-06 07:29:20,Probe,Probe,1.0,YES,High
2026-01-06 07:29:20,DoS,DoS,1.0,YES,High
2026-01-06 07:29:20,Probe,Probe,1.0,YES,High
2026-01-06 07:29:20,R2L,R2L,1.0,YES,Medium
2026-01-06 07:29:20,U2R,U2R,1.0,YES,Critical
2026-01-06 07:29:20,U2R,U2R,1.0,YES,Critical
2026-01-06 07:29:20,R2L,R2L,1.0,YES,Medium
2026-01-06 07:29:20,DoS,DoS,1.0,YES,High
2026-01-06 07:29:20,R2L,R2L,1.0,YES,Medium
2026-01-06 07:29:20,DoS,DoS,1.0,YES,High
2026-01-06 07:29:20,DoS,DoS,1.0,YES,High
2026-01-06 07:29:20,U2R,U2R,1.0,YES,Critical
2026-01-06 07:29:20,U2R,U2R,1.0,YES,Critical
2026-01-06 07:29:20,Probe,Probe,1.0,YES,High
2026-01-06 07:29:20,Probe,Probe,1.0,YES,High
2026-01-06 07:29:20,DoS,DoS,1.0,YES,High
2026-01-06 07:29:20,U2R,U2R,1.0,YES,Critical
2026-01-06 07:29:20,R2L,R2L,1.0,YES,Medium
2026-01-06 07:29:20,R2L,R2L,1.0,YES,Medium
2026-01-06 07:29:20,R2L,R2L,1.0,YES,Medium
2026-01-06 07:29:21,Probe,Probe,1.0,YES,High
2026-01-06 07:29:21,U2R,U2R,1.0,YES,Critical
2026-01-06 07:29:21,U2R,U2R,1.0,YES,Critical
2026-01-06 07:29:21,U2R,U2R,1.0,YES,Critical
2026-01-06 07:29:21,U2R,U2R,1.0,YES,Critical
2026-01-06 07:29:21,U2R,U2R,1.0,YES,Critical
2026-01-06 07:29:21,DoS,DoS,1.0,YES,High
2026-01-06 07:29:21,DoS,DoS,1.0,YES,High
2026-01-06 07:29:21,DoS,DoS,1.0,YES,High
2026-01-06 07:29:21,U2R,U2R,1.0,YES,Critical
2026-01-06 07:29:21,Probe,Probe,0.99,YES,High
2026-01-06 07:29:21,Probe,Probe,1.0,YES,High
2026-01-06 07:29:21,U2R,U2R,1.0,YES,Critical
2026-01-06 07:29:21,Probe,Probe,1.0,YES,High
2026-01-06 07:29:21,DoS,DoS,1.0,YES,High
2026-01-06 07:29:21,U2R,U2R,1.0,YES,Critical
2026-01-06 07:29:21,Probe,Probe,1.0,YES,High
2026-01-06 07:29:21,U2R,U2R,1.0,YES,Critical
2026-01-06 07:29:21,DoS,DoS,1.0,YES,High
2026-01-06 07:29:21,Probe,Probe,1.0,YES,High
2026-01-06 07:29:21,R2L,R2L,1.0,YES,Medium
2026-01-06 07:29:21,DoS,DoS,0.775,YES,High
2026-01-06 07:29:21,Probe,Probe,1.0,YES,High
2026-01-06 07:29:21,DoS,DoS,1.0,YES,High
2026-01-06 07:29:21,DoS,DoS,0.99,YES,High
2026-01-06 07:29:21,U2R,U2R,1.0,YES,Critical
2026-01-06 07:29:21,DoS,DoS,1.0,YES,High
2026-01-06 07:29:21,Probe,Probe,1.0,YES,High
2026-01-06 07:29:21,DoS,DoS,1.0,YES,High
2026-01-06 07:29:21,DoS,DoS,1.0,YES,High
2026-01-06 07:29:21,U2R,U2R,1.0,YES,Critical
2026-01-06 07:29:21,DoS,DoS,0.995,YES,High
2026-01-06 07:29:21,U2R,U2R,1.0,YES,Critical
2026-01-06 07:29:21,DoS,DoS,1.0,YES,High
2026-01-06 07:29:21,Probe,Probe,1.0,YES,High
2026-01-06 07:29:21,U2R,U2R,1.0,YES,Critical
2026-01-06 07:29:21,Probe,Probe,1.0,YES,High
2026-01-06 07:29:21,R2L,R2L,0.999,YES,Medium
2026-01-06 07:29:21,U2R,U2R,1.0,YES,Critical
2026-01-06 07:29:21,R2L,R2L,1.0,YES,Medium
2026-01-06 07:29:21,Probe,Probe,1.0,YES,High
2026-01-06 07:29:21,Probe,Probe,1.0,YES,High
2026-01-06 07:29:21,Probe,Probe,0.999,YES,High
2026-01-06 07:29:21,R2L,R2L,1.0,YES,Medium
2026-01-06 07:29:21,DoS,DoS,1.0,YES,High
2026-01-06 07:29:21,U2R,U2R,1.0,YES,Critical
2026-01-06 07:29:21,DoS,DoS,1.0,YES,High
2026-01-06 07:29:21,Probe,Probe,1.0,YES,High
2026-01-06 07:29:21,U2R,U2R,1.0,YES,Critical
2026-01-06 07:29:21,R2L,R2L,1.0,YES,Medium
2026-01-06 07:29:21,Probe,Probe,0.94,YES,High
2026-01-06 07:29:21,DoS,DoS,0.995,YES,High
2026-01-06 07:29:21,R2L,R2L,1.0,YES,Medium
2026-01-06 07:29:22,DoS,DoS,1.0,YES,High
2026-01-06 07:29:22,U2R,U2R,1.0,YES,Critical
2026-01-06 07:29:22,R2L,R2L,1.0,YES,Medium
2026-01-06 07:29:22,DoS,DoS,1.0,YES,High
2026-01-06 07:29:22,R2L,R2L,1.0,YES,Medium
2026-01-06 07:29:22,Probe,Probe,0.995,YES,High
2026-01-06 07:29:22,R2L,R2L,1.0,YES,Medium
2026-01-06 07:29:22,Probe,Probe,1.0,YES,High
2026-01-06 07:29:22,Probe,Probe,1.0,YES,High
2026-01-06 07:29:22,U2R,U2R,1.0,YES,Critical
2026-01-06 07:29:22,Probe,Probe,1.0,YES,High
2026-01-06 07:29:22,R2L,R2L,1.0,YES,Medium
2026-01-06 07:29:22,Probe,Probe,1.0,YES,High
2026-01-06 07:29:22,DoS,DoS,1.0,YES,High
2026-01-06 07:29:22,Probe,Probe,1.0,YES,High
2026-01-06 07:29:22,R2L,R2L,1.0,YES,Medium
2026-01-06 07:29:22,U2R,U2R,1.0,YES,Critical
2026-01-06 07:29:22,R2L,R2L,1.0,YES,Medium
2026-01-06 07:29:22,R2L,R2L,1.0,YES,Medium
2026-01-06 07:29:22,DoS,DoS,1.0,YES,High
2026-01-06 07:29:22,R2L,R2L,1.0,YES,Medium
2026-01-06 07:29:22,U2R,U2R,1.0,YES,Critical
2026-01-06 07:29:22,Probe,Probe,1.0,YES,High
2026-01-06 07:29:22,Probe,Probe,0.995,YES,High
2026-01-06 07:29:22,Probe,Probe,1.0,YES,High
2026-01-06 07:29:22,Probe,Probe,1.0,YES,High
2026-01-06 07:29:22,DoS,DoS,1.0,YES,High
2026-01-06 07:29:22,Probe,Probe,1.0,YES,High
2026-01-06 07:29:22,R2L,R2L,0.999,YES,Medium
2026-01-06 07:29:22,DoS,DoS,1.0,YES,High
2026-01-06 07:29:22,Probe,Probe,1.0,YES,High
2026-01-06 07:29:22,Probe,Probe,1.0,YES,High
2026-01-06 07:29:22,U2R,U2R,1.0,YES,Critical
2026-01-06 07:29:22,Probe,Probe,1.0,YES,High
2026-01-06 07:29:22,R2L,R2L,0.995,YES,Medium
2026-01-06 07:29:22,R2L,R2L,1.0,YES,Medium
2026-01-06 07:29:22,Probe,Probe,1.0,YES,High
2026-01-06 07:29:22,Probe,Probe,1.0,YES,High
2026-01-06 07:29:22,Probe,Probe,1.0,YES,High
2026-01-06 07:29:22,U2R,U2R,1.0,YES,Critical
2026-01-06 07:29:22,U2R,U2R,1.0,YES,Critical
2026-01-06 07:29:22,R2L,R2L,1.0,YES,Medium
2026-01-06 07:29:22,R2L,R2L,1.0,YES,Medium
2026-01-06 07:29:22,U2R,U2R,1.0,YES,Critical
2026-01-06 07:29:22,U2R,U2R,1.0,YES,Critical
2026-01-06 07:29:22,U2R,U2R,1.0,YES,Critical
2026-01-06 07:29:22,U2R,U2R,1.0,YES,Critical
2026-01-06 07:29:22,Probe,Probe,1.0,YES,High
2026-01-06 07:29:22,U2R,U2R,1.0,YES,Critical
2026-01-06 07:29:22,DoS,DoS,1.0,YES,High
2026-01-06 07:29:22,U2R,U2R,1.0,YES,Critical
2026-01-06 07:29:22,R2L,R2L,1.0,YES,Medium
2026-01-06 07:29:22,Probe,Probe,1.0,YES,High
2026-01-06 07:29:22,U2R,U2R,1.0,YES,Critical
2026-01-06 07:29:22,R2L,R2L,1.0,YES,Medium
2026-01-06 07:29:22,U2R,U2R,1.0,YES,Critical
2026-01-06 07:29:22,R2L,R2L,0.999,YES,Medium
2026-01-06 07:29:22,DoS,DoS,1.0,YES,High
2026-01-06 07:29:22,R2L,R2L,1.0,YES,Medium
2026-01-06 07:29:22,DoS,DoS,1.0,YES,High
2026-01-06 07:29:23,DoS,DoS,0.99,YES,High
2026-01-06 07:29:23,Probe,Probe,1.0,YES,High
2026-01-06 07:29:23,Probe,Probe,1.0,YES,High
2026-01-06 07:29:23,R2L,R2L,1.0,YES,Medium
2026-01-06 07:29:23,DoS,DoS,1.0,YES,High
2026-01-06 07:29:23,Probe,Probe,0.99,YES,High
2026-01-06 07:29:23,DoS,DoS,1.0,YES,High
2026-01-06 07:29:23,R2L,R2L,1.0,YES,Medium
2026-01-06 07:29:23,DoS,DoS,1.0,YES,High
2026-01-06 07:29:23,R2L,R2L,1.0,YES,Medium
2026-01-06 07:29:23,U2R,U2R,1.0,YES,Critical
2026-01-06 07:29:23,R2L,R2L,0.999,YES,Medium
2026-01-06 07:29:23,DoS,DoS,1.0,YES,High
2026-01-06 07:29:23,R2L,R2L,1.0,YES,Medium
2026-01-06 07:29:23,U2R,U2R,1.0,YES,Critical
2026-01-06 07:29:23,R2L,R2L,1.0,YES,Medium
2026-01-06 07:29:23,DoS,DoS,1.0,YES,High
2026-01-06 07:29:23,Probe,Probe,1.0,YES,High
2026-01-06 07:29:23,DoS,DoS,1.0,YES,High
2026-01-06 07:29:23,DoS,DoS,1.0,YES,High
2026-01-06 07:29:23,U2R,U2R,1.0,YES,Critical
2026-01-06 07:29:23,R2L,R2L,1.0,YES,Medium
2026-01-06 07:29:23,DoS,DoS,1.0,YES,High
2026-01-06 07:29:23,DoS,DoS,1.0,YES,High
2026-01-06 07:29:23,Probe,Probe,1.0,YES,High
2026-01-06 07:29:23,Probe,Probe,1.0,YES,High
2026-01-06 07:29:23,U2R,U2R,1.0,YES,Critical
2026-01-06 07:29:23,Probe,Probe,1.0,YES,High
2026-01-06 07:29:23,Probe,Probe,0.98,YES,High
2026-01-06 07:29:23,R2L,R2L,1.0,YES,Medium
2026-01-06 07:29:23,Probe,Probe,1.0,YES,High
2026-01-06 07:29:23,Probe,Probe,1.0,YES,High
2026-01-06 07:29:23,DoS,DoS,1.0,YES,High
2026-01-06 07:29:23,U2R,U2R,1.0,YES,Critical
2026-01-06 07:29:23,U2R,U2R,1.0,YES,Critical
2026-01-06 07:29:23,U2R,U2R,1.0,YES,Critical
2026-01-06 07:29:23,Probe,Probe,1.0,YES,High
2026-01-06 07:29:23,R2L,R2L,1.0,YES,Medium
2026-01-06 07:29:23,R2L,R2L,1.0,YES,Medium
2026-01-06 07:29:23,R2L,R2L,1.0,YES,Medium
2026-01-06 07:29:23,U2R,U2R,1.0,YES,Critical
2026-01-06 07:29:23,R2L,R2L,1.0,YES,Medium
2026-01-06 07:29:23,Probe,Probe,1.0,YES,High
2026-01-06 07:29:23,U2R,U2R,1.0,YES,Critical
2026-01-06 07:29:23,U2R,U2R,1.0,YES,Critical
2026-01-06 07:29:23,U2R,U2R,1.0,YES,Critical
2026-01-06 07:29:23,Probe,Probe,1.0,YES,High
2026-01-06 07:29:23,R2L,R2L,1.0,YES,Medium
2026-01-06 07:29:23,DoS,DoS,1.0,YES,High
2026-01-06 07:29:23,R2L,R2L,1.0,YES,Medium
2026-01-06 07:29:23,DoS,DoS,1.0,YES,High
2026-01-06 07:29:23,U2R,U2R,1.0,YES,Critical
2026-01-06 07:29:23,DoS,DoS,1.0,YES,High
2026-01-06 07:29:23,DoS,DoS,1.0,YES,High
2026-01-06 07:29:23,DoS,DoS,1.0,YES,High
2026-01-06 07:29:24,U2R,U2R,1.0,YES,Critical
2026-01-06 07:29:24,R2L,R2L,0.941,YES,Medium
2026-01-06 07:29:24,U2R,U2R,1.0,YES,Critical
2026-01-06 07:29:24,DoS,DoS,1.0,YES,High
2026-01-06 07:29:24,U2R,U2R,1.0,YES,Critical
2026-01-06 07:29:24,R2L,R2L,1.0,YES,Medium
2026-01-06 07:29:24,DoS,DoS,1.0,YES,High
2026-01-06 07:29:24,U2R,U2R,1.0,YES,Critical
2026-01-06 07:29:24,DoS,DoS,1.0,YES,High
2026-01-06 07:29:24,Probe,Probe,1.0,YES,High
2026-01-06 07:29:24,R2L,R2L,0.995,YES,Medium
2026-01-06 07:29:24,Probe,Probe,1.0,YES,High
2026-01-06 07:29:24,Probe,Probe,1.0,YES,High
2026-01-06 07:29:24,R2L,R2L,1.0,YES,Medium
2026-01-06 07:29:24,DoS,DoS,0.996,YES,High
2026-01-06 07:29:24,U2R,U2R,1.0,YES,Critical
2026-01-06 07:29:24,R2L,R2L,1.0,YES,Medium
2026-01-06 07:29:24,R2L,R2L,1.0,YES,Medium
2026-01-06 07:29:24,R2L,R2L,1.0,YES,Medium
2026-01-06 07:29:24,Probe,Probe,0.995,YES,High
2026-01-06 07:29:24,Probe,Probe,1.0,YES,High
2026-01-06 07:29:24,U2R,U2R,1.0,YES,Critical
2026-01-06 07:29:24,R2L,R2L,1.0,YES,Medium
2026-01-06 07:29:24,DoS,DoS,1.0,YES,High
2026-01-06 07:29:24,R2L,R2L,1.0,YES,Medium
2026-01-06 07:29:24,U2R,U2R,1.0,YES,Critical
2026-01-06 07:29:24,Probe,Probe,0.97,YES,High
2026-01-06 07:29:24,R2L,R2L,1.0,YES,Medium
2026-01-06 07:29:24,U2R,U2R,1.0,YES,Critical
2026-01-06 07:29:24,U2R,U2R,1.0,YES,Critical
2026-01-06 07:29:24,U2R,U2R,1.0,YES,Critical
2026-01-06 07:29:24,Probe,Probe,1.0,YES,High
2026-01-06 07:29:24,U2R,U2R,1.0,YES,Critical
2026-01-06 07:29:24,Probe,Probe,0.999,YES,High
2026-01-06 07:29:24,U2R,U2R,1.0,YES,Critical
2026-01-06 07:29:24,R2L,R2L,1.0,YES,Medium
2026-01-06 07:29:24,R2L,R2L,1.0,YES,Medium
2026-01-06 07:29:24,U2R,U2R,1.0,YES,Critical
2026-01-06 07:29:24,DoS,DoS,0.985,YES,High
2026-01-06 07:29:24,U2R,U2R,1.0,YES,Critical
2026-01-06 07:29:24,U2R,U2R,1.0,YES,Critical
2026-01-06 07:29:24,DoS,DoS,1.0,YES,High
2026-01-06 07:29:24,DoS,DoS,0.99,YES,High
2026-01-06 07:29:24,DoS,DoS,1.0,YES,High
2026-01-06 07:29:24,R2L,R2L,1.0,YES,Medium
2026-01-06 07:29:24,U2R,U2R,1.0,YES,Critical
2026-01-06 07:29:24,U2R,U2R,1.0,YES,Critical
2026-01-06 07:29:24,R2L,R2L,1.0,YES,Medium
2026-01-06 07:29:24,Probe,Probe,0.99,YES,High
2026-01-06 07:29:24,U2R,U2R,1.0,YES,Critical
2026-01-06 07:29:24,Probe,Probe,0.988,YES,High
2026-01-06 07:29:24,DoS,DoS,1.0,YES,High
2026-01-06 07:29:24,R2L,R2L,1.0,YES,Medium
2026-01-06 07:29:24,DoS,DoS,1.0,YES,High
2026-01-06 07:29:24,DoS,DoS,1.0,YES,High
2026-01-06 07:29:24,DoS,DoS,1.0,YES,High
2026-01-06 07:29:24,Probe,Probe,0.999,YES,High
2026-01-06 07:29:25,Probe,Probe,1.0,YES,High
2026-01-06 07:29:25,U2R,U2R,1.0,YES,Critical
2026-01-06 07:29:25,U2R,U2R,1.0,YES,Critical
2026-01-06 07:29:25,Probe,Probe,1.0,YES,High
2026-01-06 07:29:25,R2L,R2L,1.0,YES,Medium
2026-01-06 07:29:25,R2L,R2L,0.86,YES,Medium
2026-01-06 07:29:25,R2L,R2L,1.0,YES,Medium
2026-01-06 07:29:25,Probe,Probe,1.0,YES,High
2026-01-06 07:29:25,R2L,R2L,1.0,YES,Medium
2026-01-06 07:29:25,Probe,Probe,0.995,YES,High
2026-01-06 07:29:25,DoS,DoS,0.995,YES,High
2026-01-06 07:29:25,U2R,U2R,1.0,YES,Critical
2026-01-06 07:29:25,U2R,U2R,1.0,YES,Critical
2026-01-06 07:29:25,DoS,DoS,1.0,YES,High
2026-01-06 07:29:25,R2L,R2L,1.0,YES,Medium
2026-01-06 07:29:25,U2R,U2R,1.0,YES,Critical
2026-01-06 07:29:25,U2R,U2R,1.0,YES,Critical
2026-01-06 07:29:25,U2R,U2R,1.0,YES,Critical
2026-01-06 07:29:25,R2L,R2L,1.0,YES,Medium
2026-01-06 07:29:25,Probe,Probe,0.995,YES,High
2026-01-06 07:29:25,U2R,U2R,1.0,YES,Critical
2026-01-06 07:29:25,Probe,Probe,1.0,YES,High
2026-01-06 07:29:25,R2L,R2L,1.0,YES,Medium
2026-01-06 07:29:25,R2L,R2L,1.0,YES,Medium
2026-01-06 07:29:25,R2L,R2L,0.985,YES,Medium
2026-01-06 07:29:25,DoS,DoS,1.0,YES,High
2026-01-06 07:29:25,DoS,DoS,1.0,YES,High
2026-01-06 07:29:25,Probe,Probe,1.0,YES,High
2026-01-06 07:29:25,Probe,Probe,1.0,YES,High
2026-01-06 07:29:25,DoS,DoS,1.0,YES,High
2026-01-06 07:29:25,DoS,DoS,0.995,YES,High
2026-01-06 07:29:25,U2R,U2R,1.0,YES,Critical
2026-01-06 07:29:25,U2R,U2R,1.0,YES,Critical
2026-01-06 07:29:25,DoS,DoS,1.0,YES,High
2026-01-06 07:29:25,DoS,DoS,1.0,YES,High
2026-01-06 07:29:25,R2L,R2L,1.0,YES,Medium
2026-01-06 07:29:25,DoS,DoS,1.0,YES,High
2026-01-06 07:29:25,Probe,Probe,1.0,YES,High
2026-01-06 07:29:25,DoS,DoS,1.0,YES,High
2026-01-06 07:29:25,Probe,Probe,1.0,YES,High
2026-01-06 07:29:25,U2R,U2R,1.0,YES,Critical
2026-01-06 07:29:25,R2L,R2L,1.0,YES,Medium
2026-01-06 07:29:25,R2L,R2L,1.0,YES,Medium
2026-01-06 07:29:25,Probe,Probe,0.99,YES,High
2026-01-06 07:29:25,R2L,R2L,1.0,YES,Medium
2026-01-06 07:29:25,DoS,DoS,0.999,YES,High
2026-01-06 07:29:25,Probe,Probe,1.0,YES,High
2026-01-06 07:29:25,Probe,Probe,1.0,YES,High
2026-01-06 07:29:25,R2L,R2L,0.995,YES,Medium
2026-01-06 07:29:25,R2L,R2L,1.0,YES,Medium
2026-01-06 07:29:25,U2R,U2R,1.0,YES,Critical
2026-01-06 07:29:25,DoS,DoS,1.0,YES,High
2026-01-06 07:29:25,R2L,R2L,1.0,YES,Medium
2026-01-06 07:29:26,Probe,Probe,1.0,YES,High
2026-01-06 07:29:26,R2L,R2L,1.0,YES,Medium
2026-01-06 07:29:26,DoS,DoS,1.0,YES,High
2026-01-06 07:29:26,Probe,Probe,0.993,YES,High
2026-01-06 07:29:26,DoS,DoS,1.0,YES,High
2026-01-06 07:29:26,R2L,R2L,1.0,YES,Medium
2026-01-06 07:29:26,Probe,Probe,0.995,YES,High
2026-01-06 07:29:26,Probe,Probe,1.0,YES,High
2026-01-06 07:29:26,U2R,U2R,1.0,YES,Critical
2026-01-06 07:29:26,DoS,DoS,0.974,YES,High
2026-01-06 07:29:26,R2L,R2L,1.0,YES,Medium
2026-01-06 07:29:26,DoS,DoS,1.0,YES,High
2026-01-06 07:29:26,Probe,Probe,1.0,YES,High
2026-01-06 07:29:26,DoS,DoS,1.0,YES,High
2026-01-06 07:29:26,Probe,Probe,1.0,YES,High
2026-01-06 07:29:26,DoS,DoS,1.0,YES,High
2026-01-06 07:29:26,U2R,U2R,1.0,YES,Critical
2026-01-06 07:29:26,DoS,DoS,1.0,YES,High
2026-01-06 07:29:26,R2L,R2L,1.0,YES,Medium
2026-01-06 07:29:26,R2L,R2L,1.0,YES,Medium
2026-01-06 07:29:26,Probe,Probe,0.995,YES,High
2026-01-06 07:29:26,R2L,R2L,1.0,YES,Medium
2026-01-06 07:29:26,Probe,Probe,1.0,YES,High
2026-01-06 07:29:26,Probe,Probe,0.98,YES,High
2026-01-06 07:29:26,Probe,Probe,1.0,YES,High
2026-01-06 07:29:26,DoS,DoS,1.0,YES,High
2026-01-06 07:29:26,R2L,R2L,1.0,YES,Medium
2026-01-06 07:29:26,DoS,DoS,1.0,YES,High
2026-01-06 07:29:26,U2R,U2R,1.0,YES,Critical
2026-01-06 07:29:26,Probe,Probe,0.98,YES,High
2026-01-06 07:29:26,R2L,R2L,0.93,YES,Medium
2026-01-06 07:29:26,Probe,Probe,1.0,YES,High
2026-01-06 07:29:26,U2R,U2R,1.0,YES,Critical
2026-01-06 07:29:26,DoS,DoS,1.0,YES,High
2026-01-06 07:29:26,DoS,DoS,1.0,YES,High
2026-01-06 07:29:26,DoS,DoS,0.99,YES,High
2026-01-06 07:29:26,R2L,R2L,1.0,YES,Medium
2026-01-06 07:29:26,Probe,Probe,1.0,YES,High
2026-01-06 07:29:26,U2R,U2R,1.0,YES,Critical
2026-01-06 07:29:26,U2R,U2R,1.0,YES,Critical
2026-01-06 07:29:26,R2L,R2L,0.989,YES,Medium
2026-01-06 07:29:26,Probe,Probe,1.0,YES,High
2026-01-06 07:29:26,DoS,DoS,1.0,YES,High
2026-01-06 07:29:26,DoS,DoS,1.0,YES,High
2026-01-06 07:29:26,U2R,U2R,1.0,YES,Critical
2026-01-06 07:29:26,R2L,R2L,1.0,YES,Medium
2026-01-06 07:29:26,R2L,R2L,1.0,YES,Medium
2026-01-06 07:29:26,U2R,U2R,1.0,YES,Critical
2026-01-06 07:29:26,DoS,DoS,1.0,YES,High
2026-01-06 07:29:26,Probe,Probe,1.0,YES,High
2026-01-06 07:29:26,U2R,U2R,1.0,YES,Critical
2026-01-06 07:29:26,U2R,U2R,1.0,YES,Critical
2026-01-06 07:29:26,DoS,DoS,1.0,YES,High
2026-01-06 07:29:26,Probe,Probe,1.0,YES,High
2026-01-06 07:29:26,Probe,Probe,0.99,YES,High
2026-01-06 07:29:26,DoS,DoS,1.0,YES,High
2026-01-06 07:29:27,U2R,U2R,1.0,YES,Critical
2026-01-06 07:29:27,DoS,DoS,0.995,YES,High
2026-01-06 07:29:27,R2L,R2L,1.0,YES,Medium
2026-01-06 07:29:27,R2L,R2L,1.0,YES,Medium
2026-01-06 07:29:27,R2L,R2L,1.0,YES,Medium
2026-01-06 07:29:27,DoS,DoS,1.0,YES,High
2026-01-06 07:29:27,Probe,Probe,0.98,YES,High
2026-01-06 07:29:27,U2R,U2R,1.0,YES,Critical
2026-01-06 07:29:27,R2L,R2L,1.0,YES,Medium
2026-01-06 07:29:27,R2L,R2L,1.0,YES,Medium
2026-01-06 07:29:27,U2R,U2R,1.0,YES,Critical
2026-01-06 07:29:27,DoS,DoS,1.0,YES,High
2026-01-06 07:29:27,DoS,DoS,1.0,YES,High
2026-01-06 07:29:27,DoS,DoS,1.0,YES,High
2026-01-06 07:29:27,R2L,R2L,1.0,YES,Medium
2026-01-06 07:29:27,Probe,Probe,1.0,YES,High
2026-01-06 07:29:27,U2R,U2R,1.0,YES,Critical
2026-01-06 07:29:27,R2L,R2L,1.0,YES,Medium
2026-01-06 07:29:27,R2L,R2L,0.995,YES,Medium
2026-01-06 07:29:27,U2R,U2R,1.0,YES,Critical
2026-01-06 07:29:27,R2L,R2L,1.0,YES,Medium
2026-01-06 07:29:27,U2R,U2R,1.0,YES,Critical
2026-01-06 07:29:27,Probe,Probe,1.0,YES,High
2026-01-06 07:29:27,DoS,DoS,1.0,YES,High
2026-01-06 07:29:27,DoS,DoS,1.0,YES,High
2026-01-06 07:29:27,R2L,R2L,0.999,YES,Medium
2026-01-06 07:29:27,DoS,DoS,1.0,YES,High
2026-01-06 07:29:27,U2R,U2R,1.0,YES,Critical
2026-01-06 07:29:27,R2L,R2L,0.999,YES,Medium
2026-01-06 07:29:27,R2L,R2L,1.0,YES,Medium
2026-01-06 07:29:27,Probe,Probe,1.0,YES,High
2026-01-06 07:29:27,DoS,DoS,1.0,YES,High
2026-01-06 07:29:27,Probe,Probe,1.0,YES,High
2026-01-06 07:29:27,Probe,Probe,0.99,YES,High
2026-01-06 07:29:27,U2R,U2R,1.0,YES,Critical
2026-01-06 07:29:27,DoS,DoS,1.0,YES,High
2026-01-06 07:29:27,Probe,Probe,1.0,YES,High
2026-01-06 07:29:27,U2R,U2R,1.0,YES,Critical
2026-01-06 07:29:27,R2L,R2L,1.0,YES,Medium
2026-01-06 07:29:27,R2L,R2L,1.0,YES,Medium
2026-01-06 07:29:27,Probe,Probe,1.0,YES,High
2026-01-06 07:29:27,Probe,Probe,1.0,YES,High
2026-01-06 07:29:27,DoS,DoS,1.0,YES,High
2026-01-06 07:29:27,U2R,U2R,1.0,YES,Critical
2026-01-06 07:29:27,Probe,Probe,0.98,YES,High
2026-01-06 07:29:27,DoS,DoS,1.0,YES,High
2026-01-06 07:29:27,R2L,R2L,1.0,YES,Medium
2026-01-06 07:29:27,U2R,U2R,1.0,YES,Critical
2026-01-06 07:29:27,Probe,Probe,1.0,YES,High
2026-01-06 07:29:27,DoS,DoS,1.0,YES,High
2026-01-06 07:29:28,R2L,R2L,0.995,YES,Medium
2026-01-06 07:29:28,R2L,R2L,1.0,YES,Medium
2026-01-06 07:29:28,R2L,R2L,1.0,YES,Medium
2026-01-06 07:29:28,Probe,Probe,1.0,YES,High
2026-01-06 07:29:28,U2R,U2R,1.0,YES,Critical
2026-01-06 07:29:28,DoS,DoS,1.0,YES,High
2026-01-06 07:29:28,U2R,U2R,1.0,YES,Critical
2026-01-06 07:29:28,Probe,Probe,1.0,YES,High
2026-01-06 07:29:28,Probe,Probe,1.0,YES,High
2026-01-06 07:29:28,Probe,Probe,0.999,YES,High
2026-01-06 07:29:28,Probe,Probe,1.0,YES,High
2026-01-06 07:29:28,DoS,DoS,0.995,YES,High
2026-01-06 07:29:28,DoS,DoS,1.0,YES,High
2026-01-06 07:29:28,DoS,DoS,0.995,YES,High
2026-01-06 07:29:28,Probe,Probe,1.0,YES,High
2026-01-06 07:29:28,U2R,U2R,1.0,YES,Critical
2026-01-06 07:29:28,U2R,U2R,1.0,YES,Critical
2026-01-06 07:29:28,R2L,R2L,1.0,YES,Medium
2026-01-06 07:29:28,R2L,R2L,1.0,YES,Medium
2026-01-06 07:29:28,Probe,Probe,1.0,YES,High
2026-01-06 07:29:28,R2L,R2L,1.0,YES,Medium
2026-01-06 07:29:28,DoS,DoS,1.0,YES,High
2026-01-06 07:29:28,DoS,DoS,1.0,YES,High
2026-01-06 07:29:28,R2L,R2L,1.0,YES,Medium
2026-01-06 07:29:28,Probe,Probe,0.999,YES,High
2026-01-06 07:29:28,DoS,DoS,1.0,YES,High
2026-01-06 07:29:28,U2R,U2R,1.0,YES,Critical
2026-01-06 07:29:28,DoS,DoS,1.0,YES,High
2026-01-06 07:29:28,Probe,Probe,1.0,YES,High
2026-01-06 07:29:28,Probe,Probe,1.0,YES,High
2026-01-06 07:29:28,R2L,R2L,1.0,YES,Medium
2026-01-06 07:29:28,DoS,DoS,0.95,YES,High
2026-01-06 07:29:28,Probe,Probe,1.0,YES,High
2026-01-06 07:29:28,DoS,DoS,1.0,YES,High
2026-01-06 07:29:28,DoS,DoS,1.0,YES,High
2026-01-06 07:29:28,DoS,DoS,1.0,YES,High
2026-01-06 07:29:28,Probe,Probe,1.0,YES,High
2026-01-06 07:29:28,Probe,Probe,0.96,YES,High
2026-01-06 07:29:28,R2L,R2L,1.0,YES,Medium
2026-01-06 07:29:28,R2L,R2L,1.0,YES,Medium
2026-01-06 07:29:28,R2L,R2L,1.0,YES,Medium
2026-01-06 07:29:28,U2R,U2R,1.0,YES,Critical
2026-01-06 07:29:28,U2R,U2R,1.0,YES,Critical
2026-01-06 07:29:28,U2R,U2R,1.0,YES,Critical
2026-01-06 07:29:28,R2L,R2L,1.0,YES,Medium
2026-01-06 07:29:28,U2R,U2R,1.0,YES,Critical
2026-01-06 07:29:28,DoS,DoS,1.0,YES,High
2026-01-06 07:29:28,DoS,DoS,1.0,YES,High
2026-01-06 07:29:28,DoS,DoS,1.0,YES,High
2026-01-06 07:29:28,U2R,U2R,1.0,YES,Critical
2026-01-06 07:29:28,Probe,Probe,1.0,YES,High
2026-01-06 07:29:28,U2R,U2R,1.0,YES,Critical
2026-01-06 07:29:28,R2L,R2L,1.0,YES,Medium
2026-01-06 07:29:28,Probe,Probe,1.0,YES,High
2026-01-06 07:29:28,Probe,Probe,1.0,YES,High
2026-01-06 07:29:28,U2R,U2R,1.0,YES,Critical
2026-01-06 07:29:28,R2L,R2L,1.0,YES,Medium
2026-01-06 07:29:28,DoS,DoS,1.0,YES,High
2026-01-06 07:29:28,Probe,Probe,1.0,YES,High
2026-01-06 07:29:29,Probe,Probe,1.0,YES,High
2026-01-06 07:29:29,U2R,U2R,1.0,YES,Critical
2026-01-06 07:29:29,DoS,DoS,1.0,YES,High
2026-01-06 07:29:29,DoS,DoS,1.0,YES,High
2026-01-06 07:29:29,Probe,Probe,1.0,YES,High
2026-01-06 07:29:29,DoS,DoS,1.0,YES,High
2026-01-06 07:29:29,DoS,DoS,1.0,YES,High
2026-01-06 07:29:29,DoS,DoS,1.0,YES,High
2026-01-06 07:29:29,DoS,DoS,1.0,YES,High
2026-01-06 07:29:29,DoS,DoS,1.0,YES,High
2026-01-06 07:29:29,DoS,DoS,1.0,YES,High
2026-01-06 07:29:29,DoS,DoS,1.0,YES,High
2026-01-06 07:29:29,R2L,R2L,1.0,YES,Medium
2026-01-06 07:29:29,DoS,DoS,1.0,YES,High
2026-01-06 07:29:29,R2L,R2L,1.0,YES,Medium
2026-01-06 07:29:29,DoS,DoS,1.0,YES,High
2026-01-06 07:29:29,R2L,R2L,1.0,YES,Medium
2026-01-06 07:29:29,Probe,Probe,0.99,YES,High
2026-01-06 07:29:29,R2L,R2L,0.995,YES,Medium
2026-01-06 07:29:29,DoS,DoS,1.0,YES,High
2026-01-06 07:29:29,U2R,U2R,1.0,YES,Critical
2026-01-06 07:29:29,DoS,DoS,1.0,YES,High
2026-01-06 07:29:29,U2R,U2R,1.0,YES,Critical
2026-01-06 07:29:29,R2L,R2L,1.0,YES,Medium
2026-01-06 07:29:29,R2L,R2L,1.0,YES,Medium
2026-01-06 07:29:29,Probe,Probe,1.0,YES,High
2026-01-06 07:29:29,U2R,U2R,1.0,YES,Critical
2026-01-06 07:29:29,Probe,Probe,1.0,YES,High
2026-01-06 07:29:29,Probe,Probe,1.0,YES,High
2026-01-06 07:29:29,R2L,R2L,1.0,YES,Medium
2026-01-06 07:29:29,U2R,U2R,1.0,YES,Critical
2026-01-06 07:29:29,Probe,Probe,1.0,YES,High
2026-01-06 07:29:29,U2R,U2R,1.0,YES,Critical
2026-01-06 07:29:29,Probe,Probe,1.0,YES,High
2026-01-06 07:29:29,U2R,U2R,1.0,YES,Critical
2026-01-06 07:29:29,R2L,R2L,1.0,YES,Medium
2026-01-06 07:29:29,Probe,Probe,0.99,YES,High
2026-01-06 07:29:29,R2L,R2L,1.0,YES,Medium
2026-01-06 07:29:29,R2L,R2L,1.0,YES,Medium
2026-01-06 07:29:29,DoS,DoS,1.0,YES,High
2026-01-06 07:29:29,U2R,U2R,1.0,YES,Critical
2026-01-06 07:29:29,U2R,U2R,1.0,YES,Critical
2026-01-06 07:29:29,Probe,Probe,0.995,YES,High
2026-01-06 07:29:30,DoS,DoS,1.0,YES,High
2026-01-06 07:29:30,U2R,U2R,1.0,YES,Critical
2026-01-06 07:29:30,U2R,U2R,1.0,YES,Critical
2026-01-06 07:29:30,Probe,Probe,1.0,YES,High
2026-01-06 07:29:30,DoS,DoS,1.0,YES,High
2026-01-06 07:29:30,Probe,Probe,1.0,YES,High
2026-01-06 07:29:30,R2L,R2L,1.0,YES,Medium
2026-01-06 07:29:30,Probe,Probe,1.0,YES,High
2026-01-06 07:29:30,R2L,R2L,1.0,YES,Medium
2026-01-06 07:29:30,U2R,U2R,1.0,YES,Critical
2026-01-06 07:29:30,DoS,DoS,1.0,YES,High
2026-01-06 07:29:30,DoS,DoS,0.995,YES,High
2026-01-06 07:29:30,R2L,R2L,1.0,YES,Medium
2026-01-06 07:29:30,Probe,Probe,1.0,YES,High
2026-01-06 07:29:30,DoS,DoS,1.0,YES,High
2026-01-06 07:29:30,Probe,Probe,1.0,YES,High
2026-01-06 07:29:30,DoS,DoS,1.0,YES,High
2026-01-06 07:29:30,R2L,R2L,1.0,YES,Medium
2026-01-06 07:29:30,U2R,U2R,1.0,YES,Critical
2026-01-06 07:29:30,DoS,DoS,1.0,YES,High
2026-01-06 07:29:30,U2R,U2R,1.0,YES,Critical
2026-01-06 07:29:30,R2L,R2L,1.0,YES,Medium
2026-01-06 07:29:30,DoS,DoS,1.0,YES,High
2026-01-06 07:29:30,U2R,U2R,1.0,YES,Critical
2026-01-06 07:29:30,DoS,DoS,1.0,YES,High
2026-01-06 07:29:30,R2L,R2L,1.0,YES,Medium
2026-01-06 07:29:30,U2R,U2R,1.0,YES,Critical
2026-01-06 07:29:30,R2L,R2L,0.995,YES,Medium
2026-01-06 07:29:30,DoS,DoS,1.0,YES,High
2026-01-06 07:29:30,R2L,R2L,1.0,YES,Medium
2026-01-06 07:29:30,Probe,Probe,1.0,YES,High
2026-01-06 07:29:30,DoS,DoS,1.0,YES,High
2026-01-06 07:29:31,DoS,DoS,1.0,YES,High
2026-01-06 07:29:31,Probe,Probe,1.0,YES,High
2026-01-06 07:29:31,DoS,DoS,1.0,YES,High
2026-01-06 07:29:31,U2R,U2R,1.0,YES,Critical
2026-01-06 07:29:31,U2R,U2R,1.0,YES,Critical
2026-01-06 07:29:31,Probe,Probe,1.0,YES,High
2026-01-06 07:29:31,Probe,Probe,0.995,YES,High
2026-01-06 07:29:31,Probe,Probe,1.0,YES,High
2026-01-06 07:29:31,DoS,DoS,1.0,YES,High
2026-01-06 07:29:31,R2L,R2L,1.0,YES,Medium
2026-01-06 07:29:31,R2L,R2L,1.0,YES,Medium
2026-01-06 07:29:31,U2R,U2R,1.0,YES,Critical
2026-01-06 07:29:31,DoS,DoS,1.0,YES,High
2026-01-06 07:29:31,R2L,R2L,1.0,YES,Medium
2026-01-06 07:29:31,Probe,Probe,0.995,YES,High
2026-01-06 07:29:31,R2L,R2L,1.0,YES,Medium
2026-01-06 07:29:31,U2R,U2R,1.0,YES,Critical
2026-01-06 07:29:31,DoS,DoS,1.0,YES,High
2026-01-06 07:29:31,Probe,Probe,0.965,YES,High
2026-01-06 07:29:31,U2R,U2R,1.0,YES,Critical
2026-01-06 07:29:31,Probe,Probe,1.0,YES,High
2026-01-06 07:29:31,Probe,Probe,1.0,YES,High
2026-01-06 07:29:31,DoS,DoS,1.0,YES,High
2026-01-06 07:29:31,U2R,U2R,1.0,YES,Critical
2026-01-06 07:29:31,R2L,R2L,1.0,YES,Medium
2026-01-06 07:29:31,DoS,DoS,1.0,YES,High
2026-01-06 07:29:31,U2R,U2R,1.0,YES,Critical
2026-01-06 07:29:31,U2R,U2R,1.0,YES,Critical
2026-01-06 07:29:31,R2L,R2L,1.0,YES,Medium
2026-01-06 07:29:31,DoS,DoS,1.0,YES,High
2026-01-06 07:29:31,Probe,Probe,0.99,YES,High
2026-01-06 07:29:31,R2L,R2L,1.0,YES,Medium
2026-01-06 07:29:31,U2R,U2R,1.0,YES,Critical
2026-01-06 07:29:31,R2L,R2L,1.0,YES,Medium
2026-01-06 07:29:31,Probe,Probe,1.0,YES,High
2026-01-06 07:29:31,U2R,U2R,1.0,YES,Critical
2026-01-06 07:29:32,Probe,Probe,0.939,YES,High
2026-01-06 07:29:32,Probe,Probe,1.0,YES,High
2026-01-06 07:29:32,U2R,U2R,1.0,YES,Critical
2026-01-06 07:29:32,Probe,Probe,1.0,YES,High
2026-01-06 07:29:32,DoS,DoS,1.0,YES,High
2026-01-06 07:29:32,R2L,R2L,1.0,YES,Medium
2026-01-06 07:29:32,DoS,DoS,1.0,YES,High
2026-01-06 07:29:32,DoS,DoS,1.0,YES,High
2026-01-06 07:29:32,Probe,Probe,1.0,YES,High
2026-01-06 07:29:32,U2R,U2R,1.0,YES,Critical
2026-01-06 07:29:32,Probe,Probe,0.995,YES,High
2026-01-06 07:29:32,U2R,U2R,1.0,YES,Critical
2026-01-06 07:29:32,U2R,U2R,1.0,YES,Critical
2026-01-06 07:29:32,R2L,R2L,1.0,YES,Medium
2026-01-06 07:29:32,R2L,R2L,1.0,YES,Medium
2026-01-06 07:29:32,R2L,R2L,1.0,YES,Medium
2026-01-06 07:29:32,DoS,DoS,1.0,YES,High
2026-01-06 07:29:32,U2R,U2R,1.0,YES,Critical
2026-01-06 07:29:32,U2R,U2R,1.0,YES,Critical
2026-01-06 07:29:32,Probe,Probe,0.99,YES,High
2026-01-06 07:29:32,R2L,R2L,1.0,YES,Medium
2026-01-06 07:29:32,DoS,DoS,1.0,YES,High
2026-01-06 07:29:32,Probe,Probe,1.0,YES,High
2026-01-06 07:29:32,R2L,R2L,1.0,YES,Medium
2026-01-06 07:29:32,DoS,DoS,1.0,YES,High
2026-01-06 07:29:32,U2R,U2R,1.0,YES,Critical
2026-01-06 07:29:32,Probe,Probe,1.0,YES,High
2026-01-06 07:29:32,U2R,U2R,1.0,YES,Critical
2026-01-06 07:29:32,Probe,Probe,1.0,YES,High
2026-01-06 07:29:32,Probe,Probe,0.995,YES,High
2026-01-06 07:29:32,Probe,Probe,1.0,YES,High
2026-01-06 07:29:32,R2L,R2L,1.0,YES,Medium
2026-01-06 07:29:32,U2R,U2R,1.0,YES,Critical
2026-01-06 07:29:32,Probe,Probe,1.0,YES,High
2026-01-06 07:29:32,Probe,Probe,1.0,YES,High
2026-01-06 07:29:32,U2R,U2R,1.0,YES,Critical
2026-01-06 07:29:32,U2R,U2R,1.0,YES,Critical
2026-01-06 07:29:32,Probe,Probe,0.999,YES,High
2026-01-06 07:29:32,DoS,DoS,1.0,YES,High
2026-01-06 07:29:32,Probe,Probe,0.999,YES,High
2026-01-06 07:29:32,U2R,U2R,1.0,YES,Critical
2026-01-06 07:29:32,Probe,Probe,1.0,YES,High
2026-01-06 07:29:32,R2L,R2L,1.0,YES,Medium
2026-01-06 07:29:32,U2R,U2R,1.0,YES,Critical
2026-01-06 07:29:32,DoS,DoS,1.0,YES,High
2026-01-06 07:29:32,DoS,DoS,1.0,YES,High
2026-01-06 07:29:32,Probe,Probe,1.0,YES,High
2026-01-06 07:29:32,R2L,R2L,1.0,YES,Medium
2026-01-06 07:29:32,R2L,R2L,1.0,YES,Medium
2026-01-06 07:29:32,R2L,R2L,1.0,YES,Medium
2026-01-06 07:29:32,Probe,Probe,1.0,YES,High
2026-01-06 07:29:32,Probe,Probe,1.0,YES,High
2026-01-06 07:29:32,Probe,Probe,1.0,YES,High
2026-01-06 07:29:33,DoS,DoS,1.0,YES,High
2026-01-06 07:29:33,Probe,Probe,1.0,YES,High
2026-01-06 07:29:33,U2R,U2R,1.0,YES,Critical
2026-01-06 07:29:33,Probe,Probe,1.0,YES,High
2026-01-06 07:29:33,R2L,R2L,1.0,YES,Medium
2026-01-06 07:29:33,DoS,DoS,1.0,YES,High
2026-01-06 07:29:33,DoS,DoS,1.0,YES,High
2026-01-06 07:29:33,R2L,R2L,1.0,YES,Medium
2026-01-06 07:29:33,DoS,DoS,1.0,YES,High
2026-01-06 07:29:33,DoS,DoS,1.0,YES,High
2026-01-06 07:29:33,R2L,R2L,1.0,YES,Medium
2026-01-06 07:29:33,Probe,Probe,1.0,YES,High
2026-01-06 07:29:33,R2L,R2L,0.99,YES,Medium
2026-01-06 07:29:33,R2L,R2L,1.0,YES,Medium
2026-01-06 07:29:33,Probe,Probe,1.0,YES,High
2026-01-06 07:29:33,U2R,U2R,1.0,YES,Critical
2026-01-06 07:29:33,R2L,R2L,1.0,YES,Medium
2026-01-06 07:29:33,Probe,Probe,1.0,YES,High
2026-01-06 07:29:33,DoS,DoS,1.0,YES,High
2026-01-06 07:29:33,Probe,Probe,0.99,YES,High
2026-01-06 07:29:33,R2L,R2L,1.0,YES,Medium
2026-01-06 07:29:33,U2R,U2R,1.0,YES,Critical
2026-01-06 07:29:33,R2L,R2L,1.0,YES,Medium
2026-01-06 07:29:33,DoS,DoS,1.0,YES,High
2026-01-06 07:29:33,Probe,Probe,1.0,YES,High
2026-01-06 07:29:33,U2R,U2R,1.0,YES,Critical
2026-01-06 07:29:33,R2L,R2L,1.0,YES,Medium
2026-01-06 07:29:33,U2R,U2R,1.0,YES,Critical
2026-01-06 07:29:33,Probe,Probe,1.0,YES,High
2026-01-06 07:29:33,Probe,Probe,1.0,YES,High
2026-01-06 07:29:33,DoS,DoS,1.0,YES,High
2026-01-06 07:29:33,Probe,Probe,0.998,YES,High
2026-01-06 07:29:33,Probe,Probe,1.0,YES,High
2026-01-06 07:29:33,Probe,Probe,0.999,YES,High
2026-01-06 07:29:33,Probe,Probe,1.0,YES,High
2026-01-06 07:29:33,DoS,DoS,1.0,YES,High
2026-01-06 07:29:33,Probe,Probe,1.0,YES,High
2026-01-06 07:29:33,U2R,U2R,1.0,YES,Critical
2026-01-06 07:29:33,U2R,U2R,1.0,YES,Critical
2026-01-06 07:29:33,U2R,U2R,1.0,YES,Critical
2026-01-06 07:29:33,DoS,DoS,1.0,YES,High
2026-01-06 07:29:33,U2R,U2R,1.0,YES,Critical
2026-01-06 07:29:33,Probe,Probe,0.984,YES,High
2026-01-06 07:29:33,Probe,Probe,1.0,YES,High
2026-01-06 07:29:33,R2L,R2L,1.0,YES,Medium
2026-01-06 07:29:33,R2L,R2L,1.0,YES,Medium
2026-01-06 07:29:33,R2L,R2L,1.0,YES,Medium
2026-01-06 07:29:33,DoS,DoS,0.995,YES,High
2026-01-06 07:29:33,U2R,U2R,1.0,YES,Critical
2026-01-06 07:29:33,Probe,Probe,1.0,YES,High
2026-01-06 07:29:33,R2L,R2L,0.99,YES,Medium
2026-01-06 07:29:33,R2L,R2L,0.999,YES,Medium
2026-01-06 07:29:33,Probe,Probe,1.0,YES,High
2026-01-06 07:29:33,DoS,DoS,1.0,YES,High
2026-01-06 07:29:33,DoS,DoS,1.0,YES,High
2026-01-06 07:29:34,R2L,R2L,1.0,YES,Medium
2026-01-06 07:29:34,U2R,U2R,1.0,YES,Critical
2026-01-06 07:29:34,Probe,Probe,1.0,YES,High
2026-01-06 07:29:34,DoS,DoS,1.0,YES,High
2026-01-06 07:29:34,U2R,U2R,1.0,YES,Critical
2026-01-06 07:29:34,Probe,Probe,0.995,YES,High
2026-01-06 07:29:34,U2R,U2R,1.0,YES,Critical
2026-01-06 07:29:34,DoS,DoS,1.0,YES,High
2026-01-06 07:29:34,DoS,DoS,1.0,YES,High
2026-01-06 07:29:34,U2R,U2R,1.0,YES,Critical
2026-01-06 07:29:34,U2R,U2R,1.0,YES,Critical
2026-01-06 07:29:34,R2L,R2L,1.0,YES,Medium
2026-01-06 07:29:34,Probe,Probe,1.0,YES,High
2026-01-06 07:29:34,DoS,DoS,1.0,YES,High
2026-01-06 07:29:34,Probe,Probe,1.0,YES,High
2026-01-06 07:29:34,DoS,DoS,1.0,YES,High
2026-01-06 07:29:34,R2L,R2L,1.0,YES,Medium
2026-01-06 07:29:34,DoS,DoS,1.0,YES,High
2026-01-06 07:29:34,DoS,DoS,1.0,YES,High
2026-01-06 07:29:34,DoS,DoS,0.955,YES,High
2026-01-06 07:29:34,U2R,U2R,1.0,YES,Critical
2026-01-06 07:29:34,R2L,R2L,1.0,YES,Medium
2026-01-06 07:29:34,DoS,DoS,1.0,YES,High
2026-01-06 07:29:34,U2R,U2R,1.0,YES,Critical
2026-01-06 07:29:34,Probe,Probe,1.0,YES,High
2026-01-06 07:29:34,R2L,R2L,1.0,YES,Medium
2026-01-06 07:29:34,U2R,U2R,1.0,YES,Critical
2026-01-06 07:29:34,Probe,Probe,1.0,YES,High
2026-01-06 07:29:34,Probe,Probe,1.0,YES,High
2026-01-06 07:29:34,Probe,Probe,0.999,YES,High
2026-01-06 07:29:34,DoS,DoS,0.995,YES,High
2026-01-06 07:29:34,Probe,Probe,1.0,YES,High
2026-01-06 07:29:34,U2R,U2R,1.0,YES,Critical
2026-01-06 07:29:34,Probe,Probe,0.997,YES,High
2026-01-06 07:29:34,Probe,Probe,1.0,YES,High
2026-01-06 07:29:34,Probe,Probe,1.0,YES,High
2026-01-06 07:29:34,U2R,U2R,1.0,YES,Critical
2026-01-06 07:29:34,DoS,DoS,1.0,YES,High
2026-01-06 07:29:34,U2R,U2R,1.0,YES,Critical
2026-01-06 07:29:34,Probe,Probe,0.995,YES,High
2026-01-06 07:29:34,U2R,U2R,1.0,YES,Critical
2026-01-06 07:29:34,DoS,DoS,1.0,YES,High
2026-01-06 07:29:34,U2R,U2R,1.0,YES,Critical
2026-01-06 07:29:34,U2R,U2R,1.0,YES,Critical
2026-01-06 07:29:34,DoS,DoS,1.0,YES,High
2026-01-06 07:29:34,U2R,U2R,1.0,YES,Critical
2026-01-06 07:29:34,U2R,U2R,1.0,YES,Critical
2026-01-06 07:29:34,Probe,Probe,1.0,YES,High
2026-01-06 07:29:34,U2R,U2R,1.0,YES,Critical
2026-01-06 07:29:34,DoS,DoS,1.0,YES,High
2026-01-06 07:29:34,Probe,Probe,1.0,YES,High
2026-01-06 07:29:34,DoS,DoS,1.0,YES,High
2026-01-06 07:29:34,R2L,R2L,1.0,YES,Medium
2026-01-06 07:29:34,Probe,Probe,1.0,YES,High
2026-01-06 07:29:34,R2L,R2L,1.0,YES,Medium
2026-01-06 07:29:34,Probe,Probe,0.999,YES,High
2026-01-06 07:29:34,U2R,U2R,1.0,YES,Critical
2026-01-06 07:29:35,U2R,U2R,1.0,YES,Critical
2026-01-06 07:29:35,R2L,R2L,0.955,YES,Medium
2026-01-06 07:29:35,Probe,Probe,1.0,YES,High
2026-01-06 07:29:35,Probe,Probe,0.985,YES,High
2026-01-06 07:29:35,R2L,R2L,1.0,YES,Medium
2026-01-06 07:29:35,R2L,R2L,1.0,YES,Medium
2026-01-06 07:29:35,R2L,R2L,1.0,YES,Medium
2026-01-06 07:29:35,Probe,Probe,1.0,YES,High
2026-01-06 07:29:35,Probe,Probe,1.0,YES,High
2026-01-06 07:29:35,R2L,R2L,1.0,YES,Medium
2026-01-06 07:29:35,R2L,R2L,0.99,YES,Medium
2026-01-06 07:29:35,U2R,U2R,1.0,YES,Critical
2026-01-06 07:29:35,U2R,U2R,1.0,YES,Critical
2026-01-06 07:29:35,Probe,Probe,1.0,YES,High
2026-01-06 07:29:35,U2R,U2R,1.0,YES,Critical
2026-01-06 07:29:35,DoS,DoS,1.0,YES,High
2026-01-06 07:29:35,Probe,Probe,1.0,YES,High
2026-01-06 07:29:35,Probe,Probe,1.0,YES,High
2026-01-06 07:29:35,Probe,Probe,1.0,YES,High
2026-01-06 07:29:35,DoS,DoS,1.0,YES,High
2026-01-06 07:29:35,R2L,R2L,1.0,YES,Medium
2026-01-06 07:29:35,R2L,R2L,0.995,YES,Medium
2026-01-06 07:29:35,R2L,R2L,1.0,YES,Medium
2026-01-06 07:29:35,R2L,R2L,1.0,YES,Medium
2026-01-06 07:29:35,U2R,U2R,1.0,YES,Critical
2026-01-06 07:29:35,U2R,U2R,0.995,YES,Critical
2026-01-06 07:29:35,R2L,R2L,1.0,YES,Medium
2026-01-06 07:29:35,DoS,DoS,1.0,YES,High
2026-01-06 07:29:35,R2L,R2L,0.98,YES,Medium
2026-01-06 07:29:35,Probe,Probe,1.0,YES,High
2026-01-06 07:29:35,Probe,Probe,1.0,YES,High
2026-01-06 07:29:35,DoS,DoS,1.0,YES,High
2026-01-06 07:29:35,R2L,R2L,1.0,YES,Medium
2026-01-06 07:29:35,U2R,U2R,1.0,YES,Critical
2026-01-06 07:29:35,U2R,U2R,1.0,YES,Critical
2026-01-06 07:29:35,Probe,Probe,1.0,YES,High
2026-01-06 07:29:35,Probe,Probe,0.99,YES,High
2026-01-06 07:29:35,DoS,DoS,1.0,YES,High
2026-01-06 07:29:35,DoS,DoS,1.0,YES,High
2026-01-06 07:29:35,R2L,R2L,0.912,YES,Medium
2026-01-06 07:29:35,DoS,DoS,1.0,YES,High
2026-01-06 07:29:35,R2L,R2L,1.0,YES,Medium
2026-01-06 07:29:35,DoS,DoS,1.0,YES,High
2026-01-06 07:29:35,Probe,Probe,1.0,YES,High
2026-01-06 07:29:35,U2R,U2R,1.0,YES,Critical
2026-01-06 07:29:35,R2L,R2L,1.0,YES,Medium
2026-01-06 07:29:35,R2L,R2L,1.0,YES,Medium
2026-01-06 07:29:35,Probe,Probe,1.0,YES,High
2026-01-06 07:29:35,R2L,R2L,1.0,YES,Medium
2026-01-06 07:29:35,Probe,Normal,0.682,YES,High
2026-01-06 07:29:35,R2L,R2L,1.0,YES,Medium
2026-01-06 07:29:35,R2L,R2L,1.0,YES,Medium
2026-01-06 07:29:35,R2L,R2L,1.0,YES,Medium
2026-01-06 07:29:35,DoS,DoS,1.0,YES,High
2026-01-06 07:29:35,Probe,Probe,0.999,YES,High
2026-01-06 07:29:36,U2R,U2R,1.0,YES,Critical
2026-01-06 07:29:36,R2L,R2L,1.0,YES,Medium
2026-01-06 07:29:36,Probe,Probe,1.0,YES,High
2026-01-06 07:29:36,DoS,DoS,1.0,YES,High
2026-01-06 07:29:36,U2R,U2R,1.0,YES,Critical
2026-01-06 07:29:36,R2L,R2L,1.0,YES,Medium
2026-01-06 07:29:36,R2L,R2L,1.0,YES,Medium
2026-01-06 07:29:36,DoS,DoS,1.0,YES,High
2026-01-06 07:29:36,R2L,R2L,1.0,YES,Medium
2026-01-06 07:29:36,R2L,R2L,0.985,YES,Medium
2026-01-06 07:29:36,DoS,DoS,1.0,YES,High
2026-01-06 07:29:36,U2R,U2R,1.0,YES,Critical
2026-01-06 07:29:36,R2L,R2L,1.0,YES,Medium
2026-01-06 07:29:36,U2R,U2R,1.0,YES,Critical
2026-01-06 07:29:36,Probe,Probe,1.0,YES,High
2026-01-06 07:29:36,Probe,Probe,1.0,YES,High
2026-01-06 07:29:36,R2L,R2L,1.0,YES,Medium
2026-01-06 07:29:36,Probe,Probe,1.0,YES,High
2026-01-06 07:29:36,DoS,DoS,1.0,YES,High
2026-01-06 07:29:36,U2R,U2R,1.0,YES,Critical
2026-01-06 07:29:36,DoS,DoS,0.995,YES,High
2026-01-06 07:29:36,R2L,R2L,1.0,YES,Medium
2026-01-06 07:29:36,DoS,DoS,1.0,YES,High
2026-01-06 07:29:36,U2R,U2R,1.0,YES,Critical
2026-01-06 07:29:36,U2R,U2R,1.0,YES,Critical
2026-01-06 07:29:36,Probe,Probe,1.0,YES,High
2026-01-06 07:29:36,R2L,R2L,1.0,YES,Medium
2026-01-06 07:29:36,Probe,Probe,1.0,YES,High
2026-01-06 07:29:36,U2R,U2R,1.0,YES,Critical
2026-01-06 07:29:36,DoS,DoS,0.97,YES,High
2026-01-06 07:29:36,U2R,U2R,1.0,YES,Critical
2026-01-06 07:29:36,DoS,DoS,1.0,YES,High
2026-01-06 07:29:36,DoS,DoS,1.0,YES,High
2026-01-06 07:29:36,Probe,Probe,0.965,YES,High
2026-01-06 07:29:36,U2R,U2R,1.0,YES,Critical
2026-01-06 07:29:36,R2L,R2L,0.987,YES,Medium
2026-01-06 07:29:36,Probe,Probe,1.0,YES,High
2026-01-06 07:29:36,R2L,R2L,1.0,YES,Medium
2026-01-06 07:29:36,U2R,U2R,1.0,YES,Critical
2026-01-06 07:29:36,DoS,DoS,0.655,YES,High
2026-01-06 07:29:36,U2R,U2R,1.0,YES,Critical
2026-01-06 07:29:36,R2L,R2L,0.995,YES,Medium
2026-01-06 07:29:36,U2R,U2R,1.0,YES,Critical
2026-01-06 07:29:36,U2R,U2R,1.0,YES,Critical
2026-01-06 07:29:36,DoS,DoS,1.0,YES,High
2026-01-06 07:29:36,U2R,U2R,1.0,YES,Critical
2026-01-06 07:29:36,DoS,DoS,1.0,YES,High
2026-01-06 07:29:36,Probe,Probe,1.0,YES,High
2026-01-06 07:29:37,Probe,Probe,1.0,YES,High
2026-01-06 07:29:37,U2R,U2R,1.0,YES,Critical
2026-01-06 07:29:37,U2R,U2R,1.0,YES,Critical
2026-01-06 07:29:37,Probe,Probe,1.0,YES,High
2026-01-06 07:29:37,Probe,Probe,1.0,YES,High
2026-01-06 07:29:37,Probe,Probe,1.0,YES,High
2026-01-06 07:29:37,R2L,R2L,1.0,YES,Medium
2026-01-06 07:29:37,U2R,U2R,1.0,YES,Critical
2026-01-06 07:29:37,U2R,U2R,1.0,YES,Critical
2026-01-06 07:29:37,DoS,DoS,1.0,YES,High
2026-01-06 07:29:37,DoS,DoS,1.0,YES,High
2026-01-06 07:29:37,DoS,DoS,1.0,YES,High
2026-01-06 07:29:37,Probe,Probe,1.0,YES,High
2026-01-06 07:29:37,U2R,U2R,1.0,YES,Critical
2026-01-06 07:29:37,DoS,DoS,1.0,YES,High
2026-01-06 07:29:37,DoS,DoS,0.995,YES,High
2026-01-06 07:29:37,R2L,R2L,1.0,YES,Medium
2026-01-06 07:29:37,Probe,Probe,1.0,YES,High
2026-01-06 07:29:37,DoS,DoS,1.0,YES,High
2026-01-06 07:29:37,U2R,U2R,1.0,YES,Critical
2026-01-06 07:29:37,Probe,Probe,1.0,YES,High
2026-01-06 07:29:37,DoS,DoS,1.0,YES,High
2026-01-06 07:29:37,DoS,DoS,1.0,YES,High
2026-01-06 07:29:37,Probe,Probe,0.995,YES,High
2026-01-06 07:29:37,Probe,Probe,1.0,YES,High
2026-01-06 07:29:37,U2R,U2R,1.0,YES,Critical
2026-01-06 07:29:37,DoS,DoS,1.0,YES,High
2026-01-06 07:29:37,DoS,DoS,1.0,YES,High
2026-01-06 07:29:37,R2L,R2L,1.0,YES,Medium
2026-01-06 07:29:37,R2L,R2L,1.0,YES,Medium
2026-01-06 07:29:37,U2R,U2R,1.0,YES,Critical
2026-01-06 07:29:37,R2L,R2L,1.0,YES,Medium
2026-01-06 07:29:37,Probe,Probe,1.0,YES,High
2026-01-06 07:29:37,Probe,Probe,1.0,YES,High
2026-01-06 07:29:37,DoS,DoS,1.0,YES,High
2026-01-06 07:29:37,R2L,R2L,1.0,YES,Medium
2026-01-06 07:29:37,U2R,U2R,1.0,YES,Critical
2026-01-06 07:29:37,R2L,R2L,1.0,YES,Medium
2026-01-06 07:29:37,R2L,R2L,1.0,YES,Medium
2026-01-06 07:29:37,Probe,Probe,1.0,YES,High
2026-01-06 07:29:37,DoS,DoS,1.0,YES,High
2026-01-06 07:29:37,R2L,R2L,1.0,YES,Medium
2026-01-06 07:29:37,Probe,Probe,1.0,YES,High
2026-01-06 07:29:37,U2R,U2R,1.0,YES,Critical
2026-01-06 07:29:37,U2R,U2R,1.0,YES,Critical
2026-01-06 07:29:37,U2R,U2R,1.0,YES,Critical
2026-01-06 07:29:37,U2R,U2R,1.0,YES,Critical
2026-01-06 07:29:37,R2L,R2L,1.0,YES,Medium
2026-01-06 07:29:37,DoS,DoS,1.0,YES,High
2026-01-06 07:29:37,U2R,U2R,1.0,YES,Critical
2026-01-06 07:29:37,R2L,R2L,1.0,YES,Medium
2026-01-06 07:29:37,DoS,DoS,1.0,YES,High
2026-01-06 07:29:37,Probe,Probe,1.0,YES,High
2026-01-06 07:29:37,U2R,U2R,1.0,YES,Critical
2026-01-06 07:29:37,R2L,R2L,1.0,YES,Medium
2026-01-06 07:29:37,U2R,U2R,1.0,YES,Critical
2026-01-06 07:29:37,Probe,Probe,1.0,YES,High
2026-01-06 07:29:37,U2R,U2R,1.0,YES,Critical
2026-01-06 07:29:37,U2R,U2R,1.0,YES,Critical
2026-01-06 07:29:38,U2R,U2R,1.0,YES,Critical
2026-01-06 07:29:38,U2R,U2R,1.0,YES,Critical
2026-01-06 07:29:38,R2L,R2L,0.995,YES,Medium
2026-01-06 07:29:38,R2L,R2L,1.0,YES,Medium
2026-01-06 07:29:38,DoS,DoS,1.0,YES,High
2026-01-06 07:29:38,Probe,Probe,0.995,YES,High
2026-01-06 07:29:38,Probe,Probe,1.0,YES,High
2026-01-06 07:29:38,DoS,DoS,1.0,YES,High
2026-01-06 07:29:38,Probe,Probe,1.0,YES,High
2026-01-06 07:29:38,R2L,R2L,1.0,YES,Medium
2026-01-06 07:29:38,DoS,DoS,1.0,YES,High
2026-01-06 07:29:38,DoS,DoS,1.0,YES,High
2026-01-06 07:29:38,Probe,Probe,0.99,YES,High
2026-01-06 07:29:38,Probe,Probe,1.0,YES,High
2026-01-06 07:29:38,U2R,U2R,1.0,YES,Critical
2026-01-06 07:29:38,DoS,DoS,1.0,YES,High
2026-01-06 07:29:38,R2L,R2L,1.0,YES,Medium
2026-01-06 07:29:38,DoS,DoS,1.0,YES,High
2026-01-06 07:29:38,DoS,DoS,1.0,YES,High
2026-01-06 07:29:38,Probe,Probe,1.0,YES,High
2026-01-06 07:29:38,Probe,Probe,1.0,YES,High
2026-01-06 07:29:38,Probe,Probe,0.995,YES,High
2026-01-06 07:29:38,U2R,U2R,1.0,YES,Critical
2026-01-06 07:29:38,R2L,R2L,1.0,YES,Medium
2026-01-06 07:29:38,Probe,Probe,1.0,YES,High
2026-01-06 07:29:38,U2R,U2R,1.0,YES,Critical
2026-01-06 07:29:38,DoS,DoS,1.0,YES,High
2026-01-06 07:29:38,U2R,U2R,1.0,YES,Critical
2026-01-06 07:29:38,U2R,U2R,1.0,YES,Critical
2026-01-06 07:29:38,Probe,Probe,1.0,YES,High
2026-01-06 07:29:38,DoS,DoS,1.0,YES,High
2026-01-06 07:29:38,U2R,U2R,1.0,YES,Critical
2026-01-06 07:29:38,R2L,R2L,1.0,YES,Medium
2026-01-06 07:29:38,Probe,Probe,1.0,YES,High
2026-01-06 07:29:38,R2L,R2L,1.0,YES,Medium
2026-01-06 07:29:38,Probe,Probe,0.998,YES,High
2026-01-06 07:29:38,U2R,U2R,1.0,YES,Critical
2026-01-06 07:29:38,U2R,U2R,1.0,YES,Critical
2026-01-06 07:29:38,U2R,U2R,1.0,YES,Critical
2026-01-06 07:29:38,R2L,R2L,1.0,YES,Medium
2026-01-06 07:29:38,R2L,R2L,0.94,YES,Medium
2026-01-06 07:29:38,DoS,DoS,1.0,YES,High
2026-01-06 07:29:38,Probe,Probe,0.989,YES,High
2026-01-06 07:29:38,DoS,DoS,0.95,YES,High
2026-01-06 07:29:38,DoS,DoS,1.0,YES,High
2026-01-06 07:29:38,U2R,U2R,1.0,YES,Critical
2026-01-06 07:29:38,Probe,Probe,1.0,YES,High
2026-01-06 07:29:38,R2L,R2L,1.0,YES,Medium
2026-01-06 07:29:38,Probe,Probe,0.78,YES,High
2026-01-06 07:29:38,Probe,Probe,1.0,YES,High
2026-01-06 07:29:38,U2R,U2R,1.0,YES,Critical
2026-01-06 07:29:38,Probe,Probe,1.0,YES,High
2026-01-06 07:29:38,DoS,DoS,1.0,YES,High
2026-01-06 07:29:38,U2R,U2R,1.0,YES,Critical
2026-01-06 07:29:38,DoS,DoS,1.0,YES,High
2026-01-06 07:29:38,R2L,R2L,1.0,YES,Medium
2026-01-06 07:29:39,R2L,R2L,1.0,YES,Medium
2026-01-06 07:29:39,R2L,R2L,1.0,YES,Medium
2026-01-06 07:29:39,Probe,Probe,1.0,YES,High
2026-01-06 07:29:39,Probe,Probe,1.0,YES,High
2026-01-06 07:29:39,U2R,U2R,1.0,YES,Critical
2026-01-06 07:29:39,Probe,Probe,1.0,YES,High
2026-01-06 07:29:39,R2L,R2L,1.0,YES,Medium
2026-01-06 07:29:39,U2R,U2R,1.0,YES,Critical
2026-01-06 07:29:39,R2L,R2L,1.0,YES,Medium
2026-01-06 07:29:39,U2R,U2R,1.0,YES,Critical
2026-01-06 07:29:39,Probe,Probe,0.999,YES,High
2026-01-06 07:29:39,R2L,R2L,0.999,YES,Medium
2026-01-06 07:29:39,DoS,DoS,0.99,YES,High
2026-01-06 07:29:39,R2L,R2L,1.0,YES,Medium
2026-01-06 07:29:39,U2R,U2R,1.0,YES,Critical
2026-01-06 07:29:39,DoS,DoS,1.0,YES,High
2026-01-06 07:29:39,U2R,U2R,1.0,YES,Critical
2026-01-06 07:29:39,R2L,R2L,1.0,YES,Medium
2026-01-06 07:29:39,R2L,R2L,0.995,YES,Medium
2026-01-06 07:29:39,Probe,Probe,0.984,YES,High
2026-01-06 07:29:39,U2R,U2R,1.0,YES,Critical
2026-01-06 07:29:39,Probe,Probe,0.995,YES,High
2026-01-06 07:29:39,R2L,R2L,1.0,YES,Medium
2026-01-06 07:29:39,Probe,Probe,1.0,YES,High
2026-01-06 07:29:39,Probe,Probe,1.0,YES,High
2026-01-06 07:29:39,R2L,R2L,1.0,YES,Medium
2026-01-06 07:29:39,R2L,R2L,1.0,YES,Medium
2026-01-06 07:29:39,U2R,U2R,1.0,YES,Critical
2026-01-06 07:29:39,Probe,Probe,0.975,YES,High
2026-01-06 07:29:39,U2R,U2R,1.0,YES,Critical
2026-01-06 07:29:39,U2R,U2R,1.0,YES,Critical
2026-01-06 07:29:39,DoS,DoS,1.0,YES,High
2026-01-06 07:29:39,R2L,R2L,1.0,YES,Medium
2026-01-06 07:29:39,DoS,DoS,1.0,YES,High
2026-01-06 07:29:39,U2R,U2R,1.0,YES,Critical
2026-01-06 07:29:39,R2L,R2L,1.0,YES,Medium
2026-01-06 07:29:39,R2L,R2L,1.0,YES,Medium
2026-01-06 07:29:39,Probe,Probe,1.0,YES,High
2026-01-06 07:29:39,U2R,U2R,1.0,YES,Critical
2026-01-06 07:29:39,U2R,U2R,1.0,YES,Critical
2026-01-06 07:29:39,Probe,Probe,0.999,YES,High
2026-01-06 07:29:39,Probe,Probe,0.995,YES,High
2026-01-06 07:29:39,U2R,U2R,1.0,YES,Critical
2026-01-06 07:29:39,R2L,R2L,1.0,YES,Medium
2026-01-06 07:29:39,DoS,DoS,1.0,YES,High
2026-01-06 07:29:39,R2L,R2L,1.0,YES,Medium
2026-01-06 07:29:39,U2R,U2R,1.0,YES,Critical
2026-01-06 07:29:39,Probe,Probe,0.999,YES,High
2026-01-06 07:29:39,R2L,R2L,1.0,YES,Medium
2026-01-06 07:29:39,R2L,R2L,1.0,YES,Medium
2026-01-06 07:29:39,U2R,U2R,1.0,YES,Critical
2026-01-06 07:29:39,U2R,U2R,1.0,YES,Critical
2026-01-06 07:29:39,DoS,DoS,1.0,YES,High
2026-01-06 07:29:39,R2L,R2L,1.0,YES,Medium
2026-01-06 07:29:39,Probe,Probe,1.0,YES,High
2026-01-06 07:29:39,U2R,U2R,1.0,YES,Critical
2026-01-06 07:29:40,R2L,R2L,1.0,YES,Medium
2026-01-06 07:29:40,Probe,Probe,1.0,YES,High
2026-01-06 07:29:40,U2R,U2R,1.0,YES,Critical
2026-01-06 07:29:40,Probe,Probe,1.0,YES,High
2026-01-06 07:29:40,R2L,R2L,1.0,YES,Medium
2026-01-06 07:29:40,U2R,U2R,1.0,YES,Critical
2026-01-06 07:29:40,U2R,U2R,1.0,YES,Critical
2026-01-06 07:29:40,R2L,R2L,1.0,YES,Medium
2026-01-06 07:29:40,U2R,U2R,1.0,YES,Critical
2026-01-06 07:29:40,U2R,U2R,1.0,YES,Critical
2026-01-06 07:29:40,DoS,DoS,1.0,YES,High
2026-01-06 07:29:40,DoS,DoS,0.99,YES,High
2026-01-06 07:29:40,DoS,DoS,1.0,YES,High
2026-01-06 07:29:40,Probe,Probe,1.0,YES,High
2026-01-06 07:29:40,R2L,R2L,1.0,YES,Medium
2026-01-06 07:29:40,Probe,Probe,0.999,YES,High
2026-01-06 07:29:40,Probe,Probe,1.0,YES,High
2026-01-06 07:29:40,R2L,R2L,1.0,YES,Medium
2026-01-06 07:29:40,R2L,R2L,0.999,YES,Medium
2026-01-06 07:29:40,U2R,U2R,1.0,YES,Critical
2026-01-06 07:29:40,Probe,Probe,1.0,YES,High
2026-01-06 07:29:40,DoS,DoS,1.0,YES,High
2026-01-06 07:29:40,U2R,U2R,1.0,YES,Critical
2026-01-06 07:29:40,U2R,U2R,1.0,YES,Critical
2026-01-06 07:29:40,R2L,R2L,1.0,YES,Medium
2026-01-06 07:29:40,DoS,DoS,0.995,YES,High
2026-01-06 07:29:40,U2R,U2R,1.0,YES,Critical
2026-01-06 07:29:40,Probe,Probe,1.0,YES,High
2026-01-06 07:29:40,Probe,Probe,1.0,YES,High
2026-01-06 07:29:40,Probe,Probe,1.0,YES,High
2026-01-06 07:29:40,DoS,DoS,1.0,YES,High
2026-01-06 07:29:40,U2R,U2R,1.0,YES,Critical
2026-01-06 07:29:40,DoS,DoS,0.995,YES,High
2026-01-06 07:29:40,U2R,U2R,1.0,YES,Critical
2026-01-06 07:29:40,Probe,Probe,0.994,YES,High
2026-01-06 07:29:40,Probe,Probe,1.0,YES,High
2026-01-06 07:29:40,R2L,R2L,1.0,YES,Medium
2026-01-06 07:29:40,U2R,U2R,1.0,YES,Critical
2026-01-06 07:29:40,DoS,DoS,1.0,YES,High
2026-01-06 07:29:40,U2R,U2R,1.0,YES,Critical
2026-01-06 07:29:40,Probe,Probe,1.0,YES,High
2026-01-06 07:29:40,DoS,DoS,1.0,YES,High
2026-01-06 07:29:40,DoS,DoS,1.0,YES,High
2026-01-06 07:29:40,DoS,DoS,1.0,YES,High
2026-01-06 07:29:40,DoS,DoS,1.0,YES,High
2026-01-06 07:29:40,U2R,U2R,1.0,YES,Critical
2026-01-06 07:29:40,DoS,DoS,1.0,YES,High
2026-01-06 07:29:40,Probe,Probe,1.0,YES,High
2026-01-06 07:29:40,R2L,R2L,1.0,YES,Medium
2026-01-06 07:29:40,DoS,DoS,1.0,YES,High
2026-01-06 07:29:40,DoS,DoS,1.0,YES,High
2026-01-06 07:29:40,DoS,DoS,1.0,YES,High
2026-01-06 07:29:40,U2R,U2R,1.0,YES,Critical
2026-01-06 07:29:41,R2L,R2L,1.0,YES,Medium
2026-01-06 07:29:41,DoS,DoS,0.995,YES,High
2026-01-06 07:29:41,DoS,DoS,1.0,YES,High
2026-01-06 07:29:41,U2R,U2R,1.0,YES,Critical
2026-01-06 07:29:41,U2R,U2R,1.0,YES,Critical
2026-01-06 07:29:41,U2R,U2R,1.0,YES,Critical
2026-01-06 07:29:41,DoS,DoS,1.0,YES,High
2026-01-06 07:29:41,DoS,DoS,0.995,YES,High
2026-01-06 07:29:41,Probe,Probe,1.0,YES,High
2026-01-06 07:29:41,DoS,DoS,1.0,YES,High
2026-01-06 07:29:41,R2L,R2L,1.0,YES,Medium
2026-01-06 07:29:41,U2R,U2R,1.0,YES,Critical
2026-01-06 07:29:41,DoS,DoS,1.0,YES,High
2026-01-06 07:29:41,U2R,U2R,1.0,YES,Critical
2026-01-06 07:29:41,DoS,DoS,1.0,YES,High
2026-01-06 07:29:41,R2L,R2L,0.995,YES,Medium
2026-01-06 07:29:41,Probe,Probe,1.0,YES,High
2026-01-06 07:29:41,U2R,U2R,1.0,YES,Critical
2026-01-06 07:29:41,R2L,R2L,1.0,YES,Medium
2026-01-06 07:29:41,Probe,Probe,0.984,YES,High
2026-01-06 07:29:41,DoS,DoS,1.0,YES,High
2026-01-06 07:29:41,U2R,U2R,1.0,YES,Critical
2026-01-06 07:29:41,R2L,R2L,0.97,YES,Medium
2026-01-06 07:29:41,R2L,R2L,1.0,YES,Medium
2026-01-06 07:29:41,DoS,DoS,1.0,YES,High
2026-01-06 07:29:41,Probe,Probe,0.999,YES,High
2026-01-06 07:29:41,Probe,Probe,1.0,YES,High
2026-01-06 07:29:41,Probe,Probe,1.0,YES,High
2026-01-06 07:29:41,DoS,DoS,1.0,YES,High
2026-01-06 07:29:41,R2L,R2L,1.0,YES,Medium
2026-01-06 07:29:41,U2R,U2R,1.0,YES,Critical
2026-01-06 07:29:41,Probe,Probe,1.0,YES,High
2026-01-06 07:29:41,U2R,U2R,1.0,YES,Critical
2026-01-06 07:29:41,U2R,U2R,1.0,YES,Critical
2026-01-06 07:29:41,R2L,R2L,1.0,YES,Medium
2026-01-06 07:29:41,R2L,R2L,1.0,YES,Medium
2026-01-06 07:29:41,Probe,Probe,1.0,YES,High
2026-01-06 07:29:41,Probe,Probe,1.0,YES,High
2026-01-06 07:29:41,Probe,Probe,1.0,YES,High
2026-01-06 07:29:41,R2L,R2L,1.0,YES,Medium
2026-01-06 07:29:41,Probe,Probe,1.0,YES,High
2026-01-06 07:29:41,DoS,DoS,1.0,YES,High
2026-01-06 07:29:41,U2R,U2R,1.0,YES,Critical
2026-01-06 07:29:41,R2L,R2L,1.0,YES,Medium
2026-01-06 07:29:41,R2L,R2L,1.0,YES,Medium
2026-01-06 07:29:41,DoS,DoS,1.0,YES,High
2026-01-06 07:29:41,Probe,Probe,1.0,YES,High
2026-01-06 07:29:41,Probe,Probe,0.993,YES,High
2026-01-06 07:29:41,DoS,DoS,1.0,YES,High
2026-01-06 07:29:41,Probe,Probe,1.0,YES,High
2026-01-06 07:29:41,DoS,DoS,1.0,YES,High
2026-01-06 07:29:41,R2L,R2L,1.0,YES,Medium
2026-01-06 07:29:42,R2L,R2L,1.0,YES,Medium
2026-01-06 07:29:42,U2R,U2R,0.99,YES,Critical
2026-01-06 07:29:42,R2L,R2L,1.0,YES,Medium
2026-01-06 07:29:42,R2L,R2L,1.0,YES,Medium
2026-01-06 07:29:42,Probe,Probe,1.0,YES,High
2026-01-06 07:29:42,DoS,DoS,1.0,YES,High
2026-01-06 07:29:42,DoS,DoS,1.0,YES,High
2026-01-06 07:29:42,R2L,R2L,1.0,YES,Medium
2026-01-06 07:29:42,DoS,DoS,1.0,YES,High
2026-01-06 07:29:42,R2L,R2L,1.0,YES,Medium
2026-01-06 07:29:42,R2L,R2L,1.0,YES,Medium
2026-01-06 07:29:42,Probe,Probe,0.98,YES,High
2026-01-06 07:29:42,DoS,DoS,1.0,YES,High
2026-01-06 07:29:42,Probe,Probe,1.0,YES,High
2026-01-06 07:29:42,Probe,Probe,1.0,YES,High
2026-01-06 07:29:42,R2L,R2L,1.0,YES,Medium
2026-01-06 07:29:42,DoS,DoS,1.0,YES,High
2026-01-06 07:29:42,DoS,DoS,1.0,YES,High
2026-01-06 07:29:42,Probe,Probe,1.0,YES,High
2026-01-06 07:29:42,DoS,DoS,1.0,YES,High
2026-01-06 07:29:42,Probe,Probe,1.0,YES,High
2026-01-06 07:29:42,U2R,U2R,1.0,YES,Critical
2026-01-06 07:29:42,U2R,U2R,1.0,YES,Critical
2026-01-06 07:29:42,R2L,R2L,1.0,YES,Medium
2026-01-06 07:29:42,U2R,U2R,1.0,YES,Critical
2026-01-06 07:29:42,R2L,R2L,1.0,YES,Medium
2026-01-06 07:29:42,Probe,Probe,1.0,YES,High
2026-01-06 07:29:42,U2R,U2R,1.0,YES,Critical
2026-01-06 07:29:42,U2R,U2R,1.0,YES,Critical
2026-01-06 07:29:42,Probe,Probe,0.995,YES,High
2026-01-06 07:29:42,U2R,U2R,1.0,YES,Critical
2026-01-06 07:29:42,R2L,R2L,1.0,YES,Medium
2026-01-06 07:29:42,R2L,R2L,1.0,YES,Medium
2026-01-06 07:29:42,R2L,R2L,1.0,YES,Medium
2026-01-06 07:29:42,Probe,Probe,1.0,YES,High
2026-01-06 07:29:43,Probe,Probe,1.0,YES,High
2026-01-06 07:29:43,DoS,DoS,1.0,YES,High
2026-01-06 07:29:43,U2R,U2R,1.0,YES,Critical
2026-01-06 07:29:43,Probe,Probe,1.0,YES,High
2026-01-06 07:29:43,Probe,Probe,1.0,YES,High
2026-01-06 07:29:43,R2L,R2L,1.0,YES,Medium
2026-01-06 07:29:43,DoS,DoS,1.0,YES,High
2026-01-06 07:29:43,R2L,R2L,1.0,YES,Medium
2026-01-06 07:29:43,R2L,R2L,1.0,YES,Medium
2026-01-06 07:29:43,Probe,Probe,1.0,YES,High
2026-01-06 07:29:43,DoS,DoS,1.0,YES,High
2026-01-06 07:29:43,U2R,U2R,1.0,YES,Critical
2026-01-06 07:29:43,Probe,Probe,0.999,YES,High
2026-01-06 07:29:43,Probe,Probe,1.0,YES,High
2026-01-06 07:29:43,Probe,Probe,0.999,YES,High
2026-01-06 07:29:43,DoS,DoS,1.0,YES,High
2026-01-06 07:29:43,U2R,U2R,1.0,YES,Critical
2026-01-06 07:29:43,DoS,DoS,1.0,YES,High
2026-01-06 07:29:43,R2L,R2L,1.0,YES,Medium
2026-01-06 07:29:43,Probe,Probe,0.999,YES,High
2026-01-06 07:29:43,U2R,U2R,1.0,YES,Critical
2026-01-06 07:29:43,Probe,Probe,1.0,YES,High
2026-01-06 07:29:43,Probe,Probe,1.0,YES,High
2026-01-06 07:29:43,U2R,U2R,1.0,YES,Critical
2026-01-06 07:29:43,Probe,Probe,1.0,YES,High
2026-01-06 07:29:43,DoS,DoS,1.0,YES,High
2026-01-06 07:29:43,U2R,U2R,1.0,YES,Critical
2026-01-06 07:29:43,U2R,U2R,1.0,YES,Critical
2026-01-06 07:29:43,R2L,R2L,1.0,YES,Medium
2026-01-06 07:29:43,Probe,Probe,0.999,YES,High
2026-01-06 07:29:43,Probe,Probe,1.0,YES,High
2026-01-06 07:29:43,Probe,Probe,1.0,YES,High
2026-01-06 07:29:43,U2R,U2R,1.0,YES,Critical
2026-01-06 07:29:43,Probe,Probe,0.999,YES,High
2026-01-06 07:29:43,DoS,DoS,1.0,YES,High
2026-01-06 07:29:43,DoS,DoS,1.0,YES,High
2026-01-06 07:29:43,Probe,Probe,1.0,YES,High
2026-01-06 07:29:43,R2L,R2L,1.0,YES,Medium
2026-01-06 07:29:44,DoS,DoS,1.0,YES,High
2026-01-06 07:29:44,U2R,U2R,1.0,YES,Critical
2026-01-06 07:29:44,R2L,R2L,1.0,YES,Medium
2026-01-06 07:29:44,DoS,DoS,1.0,YES,High
2026-01-06 07:29:44,R2L,R2L,1.0,YES,Medium
2026-01-06 07:29:44,R2L,R2L,1.0,YES,Medium
2026-01-06 07:29:44,Probe,Probe,0.988,YES,High
2026-01-06 07:29:44,Probe,Probe,1.0,YES,High
2026-01-06 07:29:44,Probe,Probe,1.0,YES,High
2026-01-06 07:29:44,R2L,R2L,1.0,YES,Medium
2026-01-06 07:29:44,U2R,U2R,1.0,YES,Critical
2026-01-06 07:29:44,R2L,R2L,1.0,YES,Medium
2026-01-06 07:29:44,Probe,Probe,1.0,YES,High
2026-01-06 07:29:44,DoS,DoS,1.0,YES,High
2026-01-06 07:29:44,R2L,R2L,1.0,YES,Medium
2026-01-06 07:29:44,Probe,Probe,0.995,YES,High
2026-01-06 07:29:44,R2L,R2L,1.0,YES,Medium
2026-01-06 07:29:44,U2R,U2R,1.0,YES,Critical
2026-01-06 07:29:44,DoS,DoS,1.0,YES,High
2026-01-06 07:29:44,U2R,U2R,1.0,YES,Critical
2026-01-06 07:29:44,Probe,Probe,1.0,YES,High
2026-01-06 07:29:44,Probe,Probe,0.999,YES,High
2026-01-06 07:29:44,U2R,U2R,1.0,YES,Critical
2026-01-06 07:29:44,DoS,DoS,1.0,YES,High
2026-01-06 07:29:44,Probe,Probe,0.985,YES,High
2026-01-06 07:29:44,R2L,R2L,1.0,YES,Medium
2026-01-06 07:29:44,Probe,Probe,1.0,YES,High
2026-01-06 07:29:44,DoS,DoS,1.0,YES,High
2026-01-06 07:29:44,U2R,U2R,1.0,YES,Critical
2026-01-06 07:29:44,DoS,DoS,1.0,YES,High
2026-01-06 07:29:44,DoS,DoS,1.0,YES,High
2026-01-06 07:29:44,Probe,Probe,1.0,YES,High
2026-01-06 07:29:44,DoS,DoS,1.0,YES,High
2026-01-06 07:29:44,U2R,U2R,1.0,YES,Critical
2026-01-06 07:29:44,DoS,DoS,1.0,YES,High
2026-01-06 07:29:44,R2L,R2L,1.0,YES,Medium
2026-01-06 07:29:44,DoS,DoS,1.0,YES,High
2026-01-06 07:29:44,U2R,U2R,1.0,YES,Critical
2026-01-06 07:29:45,R2L,R2L,1.0,YES,Medium
2026-01-06 07:29:45,DoS,DoS,1.0,YES,High
2026-01-06 07:29:45,U2R,U2R,1.0,YES,Critical
2026-01-06 07:29:45,Probe,Probe,1.0,YES,High
2026-01-06 07:29:45,DoS,DoS,1.0,YES,High
2026-01-06 07:29:45,Probe,Probe,1.0,YES,High
2026-01-06 07:29:45,DoS,DoS,1.0,YES,High
2026-01-06 07:29:45,R2L,R2L,1.0,YES,Medium
2026-01-06 07:29:45,U2R,U2R,1.0,YES,Critical
2026-01-06 07:29:45,U2R,U2R,1.0,YES,Critical
2026-01-06 07:29:45,DoS,DoS,1.0,YES,High
2026-01-06 07:29:45,R2L,R2L,1.0,YES,Medium
2026-01-06 07:29:45,R2L,R2L,1.0,YES,Medium
2026-01-06 07:29:45,U2R,U2R,1.0,YES,Critical
2026-01-06 07:29:45,R2L,R2L,1.0,YES,Medium
2026-01-06 07:29:45,R2L,R2L,1.0,YES,Medium
2026-01-06 07:29:45,Probe,Probe,1.0,YES,High
2026-01-06 07:29:45,Probe,Probe,1.0,YES,High
2026-01-06 07:29:45,R2L,R2L,1.0,YES,Medium
2026-01-06 07:29:45,R2L,R2L,1.0,YES,Medium
2026-01-06 07:29:45,Probe,Probe,1.0,YES,High
2026-01-06 07:29:45,DoS,DoS,1.0,YES,High
2026-01-06 07:29:45,DoS,DoS,1.0,YES,High
2026-01-06 07:29:45,DoS,DoS,1.0,YES,High
2026-01-06 07:29:45,Probe,Probe,1.0,YES,High
2026-01-06 07:29:45,R2L,R2L,0.985,YES,Medium
2026-01-06 07:29:45,U2R,U2R,1.0,YES,Critical
2026-01-06 07:29:45,R2L,R2L,1.0,YES,Medium
2026-01-06 07:29:45,U2R,U2R,1.0,YES,Critical
2026-01-06 07:29:45,R2L,R2L,1.0,YES,Medium
2026-01-06 07:29:45,Probe,Probe,1.0,YES,High
2026-01-06 07:29:45,U2R,U2R,1.0,YES,Critical
2026-01-06 07:29:45,R2L,R2L,1.0,YES,Medium
2026-01-06 07:29:45,U2R,U2R,1.0,YES,Critical
2026-01-06 07:29:45,U2R,U2R,1.0,YES,Critical
2026-01-06 07:29:45,Probe,Probe,1.0,YES,High
2026-01-06 07:29:45,DoS,DoS,1.0,YES,High
2026-01-06 07:29:45,R2L,R2L,1.0,YES,Medium
2026-01-06 07:29:45,U2R,U2R,1.0,YES,Critical
2026-01-06 07:29:45,R2L,R2L,0.985,YES,Medium
2026-01-06 07:29:45,DoS,DoS,1.0,YES,High
2026-01-06 07:29:45,DoS,DoS,1.0,YES,High
2026-01-06 07:29:45,Probe,Probe,1.0,YES,High
2026-01-06 07:29:45,R2L,R2L,1.0,YES,Medium
2026-01-06 07:29:45,R2L,R2L,1.0,YES,Medium
2026-01-06 07:29:45,R2L,R2L,1.0,YES,Medium
2026-01-06 07:29:45,DoS,DoS,1.0,YES,High
2026-01-06 07:29:45,U2R,U2R,1.0,YES,Critical
2026-01-06 07:29:45,DoS,DoS,1.0,YES,High
2026-01-06 07:29:45,R2L,R2L,0.985,YES,Medium
2026-01-06 07:29:45,R2L,R2L,0.995,YES,Medium
2026-01-06 07:29:45,U2R,U2R,1.0,YES,Critical
2026-01-06 07:29:45,Probe,Probe,0.999,YES,High
2026-01-06 07:29:45,R2L,R2L,1.0,YES,Medium
2026-01-06 07:29:46,R2L,R2L,1.0,YES,Medium
2026-01-06 07:29:46,R2L,R2L,1.0,YES,Medium
2026-01-06 07:29:46,U2R,U2R,1.0,YES,Critical
2026-01-06 07:29:46,R2L,R2L,1.0,YES,Medium
2026-01-06 07:29:46,Probe,Probe,1.0,YES,High
2026-01-06 07:29:46,Probe,Probe,1.0,YES,High
2026-01-06 07:29:46,Probe,Probe,1.0,YES,High
2026-01-06 07:29:46,U2R,U2R,1.0,YES,Critical
2026-01-06 07:29:46,R2L,R2L,1.0,YES,Medium
2026-01-06 07:29:46,R2L,R2L,1.0,YES,Medium
2026-01-06 07:29:46,R2L,R2L,1.0,YES,Medium
2026-01-06 07:29:46,R2L,R2L,1.0,YES,Medium
2026-01-06 07:29:46,R2L,R2L,1.0,YES,Medium
2026-01-06 07:29:46,Probe,Probe,1.0,YES,High
2026-01-06 07:29:46,Probe,Probe,1.0,YES,High
2026-01-06 07:29:46,DoS,DoS,1.0,YES,High
2026-01-06 07:29:46,R2L,R2L,1.0,YES,Medium
2026-01-06 07:29:46,Probe,Probe,0.965,YES,High
2026-01-06 07:29:46,Probe,Probe,1.0,YES,High
2026-01-06 07:29:46,U2R,U2R,1.0,YES,Critical
2026-01-06 07:29:46,R2L,R2L,1.0,YES,Medium
2026-01-06 07:29:46,DoS,DoS,1.0,YES,High
2026-01-06 07:29:46,DoS,DoS,1.0,YES,High
2026-01-06 07:29:46,Probe,Probe,1.0,YES,High
2026-01-06 07:29:46,U2R,U2R,1.0,YES,Critical
2026-01-06 07:29:46,Probe,Probe,1.0,YES,High
2026-01-06 07:29:46,U2R,U2R,1.0,YES,Critical
2026-01-06 07:29:46,Probe,Probe,1.0,YES,High
2026-01-06 07:29:46,DoS,DoS,1.0,YES,High
2026-01-06 07:29:46,R2L,R2L,1.0,YES,Medium
2026-01-06 07:29:46,DoS,DoS,1.0,YES,High
2026-01-06 07:29:46,R2L,R2L,1.0,YES,Medium
2026-01-06 07:29:46,Probe,Probe,1.0,YES,High
2026-01-06 07:29:46,U2R,U2R,1.0,YES,Critical
2026-01-06 07:29:46,Probe,Probe,0.99,YES,High
2026-01-06 07:29:46,U2R,U2R,1.0,YES,Critical
2026-01-06 07:29:46,U2R,U2R,1.0,YES,Critical
2026-01-06 07:29:46,Probe,Probe,1.0,YES,High
2026-01-06 07:29:46,R2L,R2L,1.0,YES,Medium
2026-01-06 07:29:46,U2R,U2R,1.0,YES,Critical
2026-01-06 07:29:46,R2L,R2L,1.0,YES,Medium
2026-01-06 07:29:46,Probe,Probe,1.0,YES,High
2026-01-06 07:29:46,R2L,R2L,1.0,YES,Medium
2026-01-06 07:29:46,DoS,DoS,1.0,YES,High
2026-01-06 07:29:46,DoS,DoS,1.0,YES,High
2026-01-06 07:29:46,R2L,R2L,1.0,YES,Medium
2026-01-06 07:29:46,R2L,R2L,1.0,YES,Medium
2026-01-06 07:29:46,R2L,R2L,1.0,YES,Medium
2026-01-06 07:29:46,Probe,Probe,0.994,YES,High
2026-01-06 07:29:46,U2R,U2R,1.0,YES,Critical
2026-01-06 07:29:46,Probe,Probe,1.0,YES,High
2026-01-06 07:29:46,U2R,U2R,1.0,YES,Critical
2026-01-06 07:29:46,U2R,U2R,1.0,YES,Critical
2026-01-06 07:29:46,Probe,Probe,1.0,YES,High
2026-01-06 07:29:46,U2R,U2R,1.0,YES,Critical
2026-01-06 07:29:47,Probe,Probe,0.995,YES,High
2026-01-06 07:29:47,DoS,DoS,1.0,YES,High
2026-01-06 07:29:47,R2L,R2L,1.0,YES,Medium
2026-01-06 07:29:47,U2R,U2R,1.0,YES,Critical
2026-01-06 07:29:47,DoS,DoS,1.0,YES,High
2026-01-06 07:29:47,U2R,U2R,1.0,YES,Critical
2026-01-06 07:29:47,R2L,R2L,1.0,YES,Medium
2026-01-06 07:29:47,Probe,Probe,1.0,YES,High
2026-01-06 07:29:47,U2R,U2R,1.0,YES,Critical
2026-01-06 07:29:47,Probe,Probe,1.0,YES,High
2026-01-06 07:29:47,DoS,DoS,1.0,YES,High
2026-01-06 07:29:47,DoS,DoS,1.0,YES,High
2026-01-06 07:29:47,DoS,DoS,1.0,YES,High
2026-01-06 07:29:47,R2L,R2L,1.0,YES,Medium
2026-01-06 07:29:47,R2L,R2L,1.0,YES,Medium
2026-01-06 07:29:47,Probe,Probe,0.994,YES,High
2026-01-06 07:29:47,Probe,Probe,0.979,YES,High
2026-01-06 07:29:47,Probe,Probe,1.0,YES,High
2026-01-06 07:29:47,R2L,R2L,1.0,YES,Medium
2026-01-06 07:29:47,R2L,R2L,1.0,YES,Medium
2026-01-06 07:29:47,DoS,DoS,1.0,YES,High
2026-01-06 07:29:47,U2R,U2R,1.0,YES,Critical
2026-01-06 07:29:47,U2R,U2R,1.0,YES,Critical
2026-01-06 07:29:47,R2L,R2L,1.0,YES,Medium
2026-01-06 07:29:47,DoS,DoS,1.0,YES,High
2026-01-06 07:29:47,R2L,R2L,1.0,YES,Medium
2026-01-06 07:29:47,R2L,R2L,1.0,YES,Medium
2026-01-06 07:29:47,U2R,U2R,1.0,YES,Critical
2026-01-06 07:29:47,R2L,R2L,1.0,YES,Medium
2026-01-06 07:29:47,DoS,DoS,1.0,YES,High
2026-01-06 07:29:47,DoS,DoS,0.995,YES,High
2026-01-06 07:29:47,U2R,U2R,1.0,YES,Critical
2026-01-06 07:29:47,DoS,DoS,0.985,YES,High
2026-01-06 07:29:47,R2L,R2L,1.0,YES,Medium
2026-01-06 07:29:47,U2R,U2R,1.0,YES,Critical
2026-01-06 07:29:47,R2L,R2L,1.0,YES,Medium
2026-01-06 07:29:47,U2R,U2R,1.0,YES,Critical
2026-01-06 07:29:47,R2L,R2L,1.0,YES,Medium
2026-01-06 07:29:47,R2L,R2L,1.0,YES,Medium
2026-01-06 07:29:47,DoS,DoS,1.0,YES,High
2026-01-06 07:29:47,DoS,DoS,1.0,YES,High
2026-01-06 07:29:47,U2R,U2R,1.0,YES,Critical
2026-01-06 07:29:47,DoS,DoS,1.0,YES,High
2026-01-06 07:29:47,DoS,DoS,1.0,YES,High
2026-01-06 07:29:47,DoS,DoS,1.0,YES,High
2026-01-06 07:29:47,Probe,Probe,0.999,YES,High
2026-01-06 07:29:47,R2L,R2L,1.0,YES,Medium
2026-01-06 07:29:47,R2L,R2L,1.0,YES,Medium
2026-01-06 07:29:47,U2R,U2R,1.0,YES,Critical
2026-01-06 07:29:47,R2L,R2L,1.0,YES,Medium
2026-01-06 07:29:47,DoS,DoS,1.0,YES,High
2026-01-06 07:29:47,R2L,R2L,0.995,YES,Medium
2026-01-06 07:29:47,DoS,DoS,1.0,YES,High
2026-01-06 07:29:47,DoS,DoS,1.0,YES,High
2026-01-06 07:29:47,DoS,DoS,1.0,YES,High
2026-01-06 07:29:47,R2L,R2L,1.0,YES,Medium
2026-01-06 07:29:48,DoS,DoS,1.0,YES,High
2026-01-06 07:29:48,R2L,R2L,1.0,YES,Medium
2026-01-06 07:29:48,DoS,DoS,1.0,YES,High
2026-01-06 07:29:48,U2R,U2R,1.0,YES,Critical
2026-01-06 07:29:48,Probe,Probe,1.0,YES,High
2026-01-06 07:29:48,R2L,R2L,1.0,YES,Medium
2026-01-06 07:29:48,U2R,U2R,1.0,YES,Critical
2026-01-06 07:29:48,U2R,U2R,1.0,YES,Critical
2026-01-06 07:29:48,R2L,R2L,1.0,YES,Medium
2026-01-06 07:29:48,U2R,U2R,1.0,YES,Critical
2026-01-06 07:29:48,R2L,R2L,1.0,YES,Medium
2026-01-06 07:29:48,DoS,DoS,1.0,YES,High
2026-01-06 07:29:48,Probe,Probe,1.0,YES,High
2026-01-06 07:29:48,U2R,U2R,1.0,YES,Critical
2026-01-06 07:29:48,R2L,R2L,1.0,YES,Medium
2026-01-06 07:29:48,R2L,R2L,0.995,YES,Medium
2026-01-06 07:29:48,Probe,Probe,1.0,YES,High
2026-01-06 07:29:48,DoS,DoS,1.0,YES,High
2026-01-06 07:29:48,U2R,U2R,1.0,YES,Critical
2026-01-06 07:29:48,Probe,Probe,1.0,YES,High
2026-01-06 07:29:48,U2R,U2R,1.0,YES,Critical
2026-01-06 07:29:48,Probe,Probe,0.995,YES,High
2026-01-06 07:29:48,Probe,Probe,1.0,YES,High
2026-01-06 07:29:48,R2L,R2L,1.0,YES,Medium
2026-01-06 07:29:48,U2R,U2R,1.0,YES,Critical
2026-01-06 07:29:48,Probe,Probe,1.0,YES,High
2026-01-06 07:29:48,U2R,U2R,1.0,YES,Critical
2026-01-06 07:29:48,U2R,U2R,1.0,YES,Critical
2026-01-06 07:29:48,U2R,U2R,1.0,YES,Critical
2026-01-06 07:29:48,DoS,DoS,1.0,YES,High
2026-01-06 07:29:48,R2L,R2L,1.0,YES,Medium
2026-01-06 07:29:48,Probe,Probe,0.995,YES,High
2026-01-06 07:29:48,U2R,U2R,1.0,YES,Critical
2026-01-06 07:29:48,R2L,R2L,1.0,YES,Medium
2026-01-06 07:29:48,DoS,DoS,1.0,YES,High
2026-01-06 07:29:48,Probe,Probe,0.995,YES,High
2026-01-06 07:29:48,U2R,U2R,1.0,YES,Critical
2026-01-06 07:29:48,R2L,R2L,0.995,YES,Medium
2026-01-06 07:29:48,U2R,U2R,1.0,YES,Critical
2026-01-06 07:29:48,U2R,U2R,0.995,YES,Critical
2026-01-06 07:29:48,U2R,U2R,1.0,YES,Critical
2026-01-06 07:29:48,Probe,Probe,1.0,YES,High
2026-01-06 07:29:48,U2R,U2R,1.0,YES,Critical
2026-01-06 07:29:48,Probe,Probe,1.0,YES,High
2026-01-06 07:29:48,U2R,U2R,1.0,YES,Critical
2026-01-06 07:29:48,Probe,Probe,1.0,YES,High
2026-01-06 07:29:48,Probe,Probe,0.98,YES,High
2026-01-06 07:29:48,DoS,DoS,0.99,YES,High
2026-01-06 07:29:48,Probe,Probe,1.0,YES,High
2026-01-06 07:29:48,U2R,U2R,1.0,YES,Critical
2026-01-06 07:29:48,DoS,DoS,1.0,YES,High
2026-01-06 07:29:48,DoS,DoS,1.0,YES,High
2026-01-06 07:29:48,DoS,DoS,1.0,YES,High
2026-01-06 07:29:48,Probe,Probe,1.0,YES,High
2026-01-06 07:29:48,U2R,U2R,1.0,YES,Critical
2026-01-06 07:29:48,Probe,Probe,1.0,YES,High
2026-01-06 07:29:48,R2L,R2L,1.0,YES,Medium
2026-01-06 07:29:48,U2R,U2R,1.0,YES,Critical
2026-01-06 07:29:49,DoS,DoS,1.0,YES,High
2026-01-06 07:29:49,DoS,DoS,1.0,YES,High
2026-01-06 07:29:49,R2L,R2L,1.0,YES,Medium
2026-01-06 07:29:49,R2L,R2L,1.0,YES,Medium
2026-01-06 07:29:49,U2R,U2R,1.0,YES,Critical
2026-01-06 07:29:49,R2L,R2L,1.0,YES,Medium
2026-01-06 07:29:49,R2L,R2L,1.0,YES,Medium
2026-01-06 07:29:49,DoS,DoS,1.0,YES,High
2026-01-06 07:29:49,U2R,U2R,1.0,YES,Critical
2026-01-06 07:29:49,U2R,U2R,1.0,YES,Critical
2026-01-06 07:29:49,R2L,R2L,0.995,YES,Medium
2026-01-06 07:29:49,R2L,R2L,1.0,YES,Medium
2026-01-06 07:29:49,Probe,Probe,1.0,YES,High
2026-01-06 07:29:49,U2R,U2R,1.0,YES,Critical
2026-01-06 07:29:49,U2R,U2R,1.0,YES,Critical
2026-01-06 07:29:49,Probe,Probe,1.0,YES,High
2026-01-06 07:29:49,U2R,U2R,1.0,YES,Critical
2026-01-06 07:29:49,U2R,U2R,1.0,YES,Critical
2026-01-06 07:29:49,Probe,Probe,0.999,YES,High
2026-01-06 07:29:49,DoS,DoS,1.0,YES,High
2026-01-06 07:29:49,Probe,Probe,1.0,YES,High
2026-01-06 07:29:49,Probe,Probe,1.0,YES,High
2026-01-06 07:29:49,U2R,U2R,1.0,YES,Critical
2026-01-06 07:29:49,R2L,R2L,1.0,YES,Medium
2026-01-06 07:29:49,U2R,U2R,1.0,YES,Critical
2026-01-06 07:29:49,DoS,DoS,0.965,YES,High
2026-01-06 07:29:49,U2R,U2R,1.0,YES,Critical
2026-01-06 07:29:49,R2L,R2L,1.0,YES,Medium
2026-01-06 07:29:49,Probe,Probe,1.0,YES,High
2026-01-06 07:29:49,U2R,U2R,1.0,YES,Critical
2026-01-06 07:29:49,Probe,Probe,1.0,YES,High
2026-01-06 07:29:49,U2R,U2R,1.0,YES,Critical
2026-01-06 07:29:49,U2R,U2R,1.0,YES,Critical
2026-01-06 07:29:49,U2R,U2R,1.0,YES,Critical
2026-01-06 07:29:49,R2L,R2L,1.0,YES,Medium
2026-01-06 07:29:49,R2L,R2L,1.0,YES,Medium
2026-01-06 07:29:49,R2L,R2L,1.0,YES,Medium
2026-01-06 07:29:49,U2R,U2R,1.0,YES,Critical
2026-01-06 07:29:49,U2R,U2R,1.0,YES,Critical
2026-01-06 07:29:49,DoS,DoS,1.0,YES,High
2026-01-06 07:29:49,U2R,U2R,1.0,YES,Critical
2026-01-06 07:29:49,Probe,Probe,1.0,YES,High
2026-01-06 07:29:49,Probe,Probe,0.995,YES,High
2026-01-06 07:29:49,R2L,R2L,1.0,YES,Medium
2026-01-06 07:29:49,DoS,DoS,1.0,YES,High
2026-01-06 07:29:49,U2R,U2R,1.0,YES,Critical
2026-01-06 07:29:50,Probe,Probe,1.0,YES,High
2026-01-06 07:29:50,R2L,R2L,1.0,YES,Medium
2026-01-06 07:29:50,R2L,R2L,0.995,YES,Medium
2026-01-06 07:29:50,U2R,U2R,1.0,YES,Critical
2026-01-06 07:29:50,DoS,DoS,0.99,YES,High
2026-01-06 07:29:50,Probe,Probe,1.0,YES,High
2026-01-06 07:29:50,DoS,DoS,0.97,YES,High
2026-01-06 07:29:50,U2R,U2R,0.995,YES,Critical
2026-01-06 07:29:50,R2L,R2L,1.0,YES,Medium
2026-01-06 07:29:50,DoS,DoS,1.0,YES,High
2026-01-06 07:29:50,R2L,R2L,1.0,YES,Medium
2026-01-06 07:29:50,DoS,DoS,0.995,YES,High
2026-01-06 07:29:50,DoS,DoS,1.0,YES,High
2026-01-06 07:29:50,DoS,DoS,1.0,YES,High
2026-01-06 07:29:50,Probe,Probe,1.0,YES,High
2026-01-06 07:29:50,Probe,Probe,0.995,YES,High
2026-01-06 07:29:50,R2L,R2L,1.0,YES,Medium
2026-01-06 07:29:50,U2R,U2R,1.0,YES,Critical
2026-01-06 07:29:50,DoS,DoS,1.0,YES,High
2026-01-06 07:29:50,Probe,Probe,0.998,YES,High
2026-01-06 07:29:50,R2L,R2L,1.0,YES,Medium
2026-01-06 07:29:50,R2L,R2L,1.0,YES,Medium
2026-01-06 07:29:50,DoS,DoS,1.0,YES,High
2026-01-06 07:29:50,U2R,U2R,1.0,YES,Critical
2026-01-06 07:29:50,Probe,Probe,1.0,YES,High
2026-01-06 07:29:50,DoS,DoS,1.0,YES,High
2026-01-06 07:29:50,DoS,DoS,1.0,YES,High
2026-01-06 07:29:50,Probe,Probe,0.995,YES,High
2026-01-06 07:29:50,DoS,DoS,1.0,YES,High
2026-01-06 07:29:50,U2R,U2R,1.0,YES,Critical
2026-01-06 07:29:50,DoS,DoS,1.0,YES,High
2026-01-06 07:29:50,U2R,U2R,1.0,YES,Critical
2026-01-06 07:29:50,U2R,U2R,1.0,YES,Critical
2026-01-06 07:29:50,DoS,DoS,1.0,YES,High
2026-01-06 07:29:50,R2L,R2L,1.0,YES,Medium
2026-01-06 07:29:50,R2L,R2L,1.0,YES,Medium
2026-01-06 07:29:50,U2R,U2R,1.0,YES,Critical
2026-01-06 07:29:50,R2L,R2L,1.0,YES,Medium
2026-01-06 07:29:50,Probe,Probe,0.995,YES,High
2026-01-06 07:29:50,Probe,Probe,1.0,YES,High
2026-01-06 07:29:50,Probe,Probe,1.0,YES,High
2026-01-06 07:29:50,Probe,Probe,1.0,YES,High
2026-01-06 07:29:50,Probe,Probe,1.0,YES,High
2026-01-06 07:29:50,Probe,Probe,1.0,YES,High
2026-01-06 07:29:50,DoS,DoS,1.0,YES,High
2026-01-06 07:29:50,DoS,DoS,1.0,YES,High
2026-01-06 07:29:50,R2L,R2L,1.0,YES,Medium
2026-01-06 07:29:50,DoS,DoS,0.995,YES,High
2026-01-06 07:29:50,DoS,DoS,1.0,YES,High
2026-01-06 07:29:50,Probe,Probe,1.0,YES,High
2026-01-06 07:29:50,R2L,R2L,1.0,YES,Medium
2026-01-06 07:29:50,U2R,U2R,1.0,YES,Critical
2026-01-06 07:29:50,U2R,U2R,1.0,YES,Critical
2026-01-06 07:29:51,R2L,R2L,1.0,YES,Medium
2026-01-06 07:29:51,Probe,Probe,1.0,YES,High
2026-01-06 07:29:51,DoS,DoS,1.0,YES,High
2026-01-06 07:29:51,DoS,DoS,1.0,YES,High
2026-01-06 07:29:51,DoS,DoS,1.0,YES,High
2026-01-06 07:29:51,Probe,Probe,1.0,YES,High
2026-01-06 07:29:51,U2R,U2R,1.0,YES,Critical
2026-01-06 07:29:51,U2R,U2R,1.0,YES,Critical
2026-01-06 07:29:51,U2R,U2R,1.0,YES,Critical
2026-01-06 07:29:51,R2L,R2L,1.0,YES,Medium
2026-01-06 07:29:51,Probe,Probe,1.0,YES,High
2026-01-06 07:29:51,R2L,R2L,1.0,YES,Medium
2026-01-06 07:29:51,U2R,U2R,1.0,YES,Critical
2026-01-06 07:29:51,R2L,R2L,1.0,YES,Medium
2026-01-06 07:29:51,Probe,Probe,1.0,YES,High
2026-01-06 07:29:51,Probe,Probe,1.0,YES,High
2026-01-06 07:29:51,U2R,U2R,1.0,YES,Critical
2026-01-06 07:29:51,R2L,R2L,1.0,YES,Medium
2026-01-06 07:29:51,U2R,U2R,1.0,YES,Critical
2026-01-06 07:29:51,Probe,Probe,1.0,YES,High
2026-01-06 07:29:51,DoS,DoS,1.0,YES,High
2026-01-06 07:29:51,Probe,Probe,1.0,YES,High
2026-01-06 07:29:51,DoS,DoS,1.0,YES,High
2026-01-06 07:29:51,DoS,DoS,1.0,YES,High
2026-01-06 07:29:51,DoS,DoS,1.0,YES,High
2026-01-06 07:29:51,U2R,U2R,1.0,YES,Critical
2026-01-06 07:29:51,R2L,R2L,1.0,YES,Medium
2026-01-06 07:29:51,U2R,U2R,1.0,YES,Critical
2026-01-06 07:29:51,U2R,U2R,1.0,YES,Critical
2026-01-06 07:29:51,R2L,R2L,1.0,YES,Medium
2026-01-06 07:29:51,U2R,U2R,1.0,YES,Critical
2026-01-06 07:29:51,R2L,R2L,1.0,YES,Medium
2026-01-06 07:29:51,DoS,DoS,1.0,YES,High
2026-01-06 07:29:51,R2L,R2L,1.0,YES,Medium
2026-01-06 07:29:51,U2R,U2R,1.0,YES,Critical
2026-01-06 07:29:51,R2L,R2L,1.0,YES,Medium
2026-01-06 07:29:51,Probe,Probe,1.0,YES,High
2026-01-06 07:29:51,Probe,Probe,1.0,YES,High
2026-01-06 07:29:51,DoS,DoS,1.0,YES,High
2026-01-06 07:29:51,U2R,U2R,1.0,YES,Critical
2026-01-06 07:29:51,U2R,U2R,1.0,YES,Critical
2026-01-06 07:29:51,R2L,R2L,1.0,YES,Medium
2026-01-06 07:29:51,U2R,U2R,1.0,YES,Critical
2026-01-06 07:29:51,U2R,U2R,1.0,YES,Critical
2026-01-06 07:29:51,U2R,U2R,1.0,YES,Critical
2026-01-06 07:29:51,DoS,DoS,1.0,YES,High
2026-01-06 07:29:51,DoS,DoS,1.0,YES,High
2026-01-06 07:29:51,DoS,DoS,1.0,YES,High
2026-01-06 07:29:51,R2L,R2L,1.0,YES,Medium
2026-01-06 07:29:51,R2L,R2L,1.0,YES,Medium
2026-01-06 07:29:51,R2L,R2L,1.0,YES,Medium
2026-01-06 07:29:51,DoS,DoS,0.99,YES,High
2026-01-06 07:29:51,U2R,U2R,1.0,YES,Critical
2026-01-06 07:29:52,R2L,R2L,1.0,YES,Medium
2026-01-06 07:29:52,DoS,DoS,0.995,YES,High
2026-01-06 07:29:52,Probe,Probe,0.999,YES,High
2026-01-06 07:29:52,U2R,U2R,1.0,YES,Critical
2026-01-06 07:29:52,Probe,Probe,1.0,YES,High
2026-01-06 07:29:52,DoS,DoS,1.0,YES,High
2026-01-06 07:29:52,R2L,R2L,1.0,YES,Medium
2026-01-06 07:29:52,Probe,Probe,1.0,YES,High
2026-01-06 07:29:52,R2L,R2L,1.0,YES,Medium
2026-01-06 07:29:52,DoS,DoS,1.0,YES,High
2026-01-06 07:29:52,U2R,U2R,1.0,YES,Critical
2026-01-06 07:29:52,Probe,Probe,1.0,YES,High
2026-01-06 07:29:52,U2R,U2R,1.0,YES,Critical
2026-01-06 07:29:52,Probe,Probe,1.0,YES,High
2026-01-06 07:29:52,U2R,U2R,1.0,YES,Critical
2026-01-06 07:29:52,U2R,U2R,1.0,YES,Critical
2026-01-06 07:29:52,U2R,U2R,1.0,YES,Critical
2026-01-06 07:29:52,R2L,R2L,0.999,YES,Medium
2026-01-06 07:29:52,U2R,U2R,1.0,YES,Critical
2026-01-06 07:29:52,DoS,DoS,1.0,YES,High
2026-01-06 07:29:52,Probe,Probe,1.0,YES,High
2026-01-06 07:29:52,U2R,U2R,1.0,YES,Critical
2026-01-06 07:29:52,Probe,Probe,1.0,YES,High
2026-01-06 07:29:52,R2L,R2L,1.0,YES,Medium
2026-01-06 07:29:52,Probe,Probe,1.0,YES,High
2026-01-06 07:29:52,R2L,R2L,1.0,YES,Medium
2026-01-06 07:29:52,Probe,Probe,1.0,YES,High
2026-01-06 07:29:52,R2L,R2L,1.0,YES,Medium
2026-01-06 07:29:52,R2L,R2L,1.0,YES,Medium
2026-01-06 07:29:52,U2R,U2R,1.0,YES,Critical
2026-01-06 07:29:52,U2R,U2R,1.0,YES,Critical
2026-01-06 07:29:52,R2L,R2L,1.0,YES,Medium
2026-01-06 07:29:52,DoS,DoS,1.0,YES,High
2026-01-06 07:29:52,Probe,Probe,0.874,YES,High
2026-01-06 07:29:52,DoS,DoS,1.0,YES,High
2026-01-06 07:29:52,R2L,R2L,1.0,YES,Medium
2026-01-06 07:29:52,R2L,R2L,1.0,YES,Medium
2026-01-06 07:29:52,U2R,U2R,1.0,YES,Critical
2026-01-06 07:29:52,Probe,Probe,1.0,YES,High
2026-01-06 07:29:52,Probe,Probe,1.0,YES,High
2026-01-06 07:29:52,R2L,R2L,1.0,YES,Medium
2026-01-06 07:29:52,Probe,Probe,1.0,YES,High
2026-01-06 07:29:52,Probe,Probe,1.0,YES,High
2026-01-06 07:29:52,Probe,Probe,1.0,YES,High
2026-01-06 07:29:52,U2R,U2R,1.0,YES,Critical
2026-01-06 07:29:52,Probe,Probe,1.0,YES,High
2026-01-06 07:29:52,U2R,U2R,1.0,YES,Critical
2026-01-06 07:29:52,R2L,R2L,1.0,YES,Medium
2026-01-06 07:29:52,DoS,DoS,1.0,YES,High
2026-01-06 07:29:52,DoS,DoS,0.8,YES,High
2026-01-06 07:29:52,U2R,U2R,1.0,YES,Critical
2026-01-06 07:29:52,R2L,R2L,1.0,YES,Medium
2026-01-06 07:29:52,DoS,DoS,1.0,YES,High
2026-01-06 07:29:52,U2R,U2R,1.0,YES,Critical
2026-01-06 07:29:52,DoS,DoS,1.0,YES,High
2026-01-06 07:29:53,U2R,U2R,1.0,YES,Critical
2026-01-06 07:29:53,R2L,R2L,1.0,YES,Medium
2026-01-06 07:29:53,Probe,Probe,1.0,YES,High
2026-01-06 07:29:53,R2L,R2L,1.0,YES,Medium
2026-01-06 07:29:53,DoS,DoS,0.995,YES,High
2026-01-06 07:29:53,U2R,U2R,1.0,YES,Critical
2026-01-06 07:29:53,Probe,Probe,0.995,YES,High
2026-01-06 07:29:53,Probe,Probe,1.0,YES,High
2026-01-06 07:29:53,DoS,DoS,0.994,YES,High
2026-01-06 07:29:53,Probe,Probe,1.0,YES,High
2026-01-06 07:29:53,U2R,U2R,1.0,YES,Critical
2026-01-06 07:29:53,DoS,DoS,1.0,YES,High
2026-01-06 07:29:53,Probe,Probe,1.0,YES,High
2026-01-06 07:29:53,U2R,U2R,1.0,YES,Critical
2026-01-06 07:29:53,U2R,U2R,1.0,YES,Critical
2026-01-06 07:29:53,DoS,DoS,1.0,YES,High
2026-01-06 07:29:53,DoS,DoS,1.0,YES,High
2026-01-06 07:29:53,DoS,DoS,1.0,YES,High
2026-01-06 07:29:53,U2R,U2R,1.0,YES,Critical
2026-01-06 07:29:53,Probe,Probe,1.0,YES,High
2026-01-06 07:29:53,R2L,R2L,1.0,YES,Medium
2026-01-06 07:29:53,DoS,DoS,1.0,YES,High
2026-01-06 07:29:53,Probe,Probe,1.0,YES,High
2026-01-06 07:29:53,U2R,U2R,1.0,YES,Critical
2026-01-06 07:29:53,Probe,Probe,1.0,YES,High
2026-01-06 07:29:53,DoS,DoS,1.0,YES,High
2026-01-06 07:29:53,Probe,Probe,0.997,YES,High
2026-01-06 07:29:53,R2L,R2L,1.0,YES,Medium
2026-01-06 07:29:53,R2L,R2L,1.0,YES,Medium
2026-01-06 07:29:53,DoS,DoS,0.985,YES,High
2026-01-06 07:29:53,R2L,R2L,1.0,YES,Medium
2026-01-06 07:29:53,U2R,U2R,1.0,YES,Critical
2026-01-06 07:29:53,Probe,Probe,1.0,YES,High
2026-01-06 07:29:53,R2L,R2L,1.0,YES,Medium
2026-01-06 07:29:53,U2R,U2R,1.0,YES,Critical
2026-01-06 07:29:53,Probe,Probe,1.0,YES,High
2026-01-06 07:29:53,R2L,R2L,1.0,YES,Medium
2026-01-06 07:29:53,DoS,DoS,1.0,YES,High
2026-01-06 07:29:53,U2R,U2R,1.0,YES,Critical
2026-01-06 07:29:53,Probe,Probe,1.0,YES,High
2026-01-06 07:29:53,R2L,R2L,1.0,YES,Medium
2026-01-06 07:29:53,Probe,Probe,0.995,YES,High
2026-01-06 07:29:53,R2L,R2L,0.995,YES,Medium
2026-01-06 07:29:53,DoS,DoS,1.0,YES,High
2026-01-06 07:29:53,Probe,Probe,1.0,YES,High
2026-01-06 07:29:53,R2L,R2L,1.0,YES,Medium
2026-01-06 07:29:53,DoS,DoS,1.0,YES,High
2026-01-06 07:29:53,DoS,DoS,1.0,YES,High
2026-01-06 07:29:53,R2L,R2L,1.0,YES,Medium
2026-01-06 07:29:53,R2L,R2L,1.0,YES,Medium
2026-01-06 07:29:53,R2L,R2L,1.0,YES,Medium
2026-01-06 07:29:53,R2L,R2L,1.0,YES,Medium
2026-01-06 07:29:53,R2L,R2L,1.0,YES,Medium
2026-01-06 07:29:53,Probe,Probe,0.98,YES,High
2026-01-06 07:29:53,R2L,R2L,1.0,YES,Medium
2026-01-06 07:29:53,U2R,U2R,1.0,YES,Critical
2026-01-06 07:29:53,R2L,R2L,1.0,YES,Medium
2026-01-06 07:29:53,DoS,DoS,1.0,YES,High
2026-01-06 07:29:53,R2L,R2L,1.0,YES,Medium
2026-01-06 07:29:54,DoS,DoS,1.0,YES,High
2026-01-06 07:29:54,DoS,DoS,1.0,YES,High
2026-01-06 07:29:54,R2L,R2L,1.0,YES,Medium
2026-01-06 07:29:54,Probe,Probe,1.0,YES,High
2026-01-06 07:29:54,U2R,U2R,1.0,YES,Critical
2026-01-06 07:29:54,R2L,R2L,1.0,YES,Medium
2026-01-06 07:29:54,Probe,Probe,1.0,YES,High
2026-01-06 07:29:54,DoS,DoS,1.0,YES,High
2026-01-06 07:29:54,R2L,R2L,1.0,YES,Medium
2026-01-06 07:29:54,Probe,Probe,1.0,YES,High
2026-01-06 07:29:54,U2R,U2R,1.0,YES,Critical
2026-01-06 07:29:54,U2R,U2R,1.0,YES,Critical
2026-01-06 07:29:54,Probe,Probe,1.0,YES,High
2026-01-06 07:29:54,DoS,DoS,1.0,YES,High
2026-01-06 07:29:54,U2R,U2R,1.0,YES,Critical
2026-01-06 07:29:54,R2L,R2L,1.0,YES,Medium
2026-01-06 07:29:54,DoS,DoS,1.0,YES,High
2026-01-06 07:29:54,Probe,Probe,1.0,YES,High
2026-01-06 07:29:54,R2L,R2L,1.0,YES,Medium
2026-01-06 07:29:54,U2R,U2R,1.0,YES,Critical
2026-01-06 07:29:54,Probe,Probe,1.0,YES,High
2026-01-06 07:29:54,U2R,U2R,1.0,YES,Critical
2026-01-06 07:29:54,DoS,DoS,1.0,YES,High
2026-01-06 07:29:54,Probe,Probe,1.0,YES,High
2026-01-06 07:29:54,U2R,U2R,0.995,YES,Critical
2026-01-06 07:29:54,Probe,Probe,1.0,YES,High
2026-01-06 07:29:54,U2R,U2R,0.995,YES,Critical
2026-01-06 07:29:54,Probe,Probe,1.0,YES,High
2026-01-06 07:29:54,DoS,DoS,1.0,YES,High
2026-01-06 07:29:54,DoS,DoS,0.999,YES,High
2026-01-06 07:29:54,R2L,R2L,1.0,YES,Medium
2026-01-06 07:29:54,DoS,DoS,1.0,YES,High
2026-01-06 07:29:54,U2R,U2R,1.0,YES,Critical
2026-01-06 07:29:54,R2L,R2L,1.0,YES,Medium
2026-01-06 07:29:54,U2R,U2R,1.0,YES,Critical
2026-01-06 07:29:54,Probe,Probe,1.0,YES,High
2026-01-06 07:29:54,DoS,DoS,1.0,YES,High
2026-01-06 07:29:54,R2L,R2L,1.0,YES,Medium
2026-01-06 07:29:54,R2L,R2L,1.0,YES,Medium
2026-01-06 07:29:54,DoS,DoS,0.965,YES,High
2026-01-06 07:29:54,DoS,DoS,1.0,YES,High
2026-01-06 07:29:54,U2R,U2R,1.0,YES,Critical
2026-01-06 07:29:54,R2L,R2L,0.995,YES,Medium
2026-01-06 07:29:54,U2R,U2R,1.0,YES,Critical
2026-01-06 07:29:54,Probe,Probe,1.0,YES,High
2026-01-06 07:29:54,U2R,U2R,1.0,YES,Critical
2026-01-06 07:29:54,R2L,R2L,1.0,YES,Medium
2026-01-06 07:29:54,U2R,U2R,1.0,YES,Critical
2026-01-06 07:29:54,DoS,DoS,1.0,YES,High
2026-01-06 07:29:54,DoS,DoS,1.0,YES,High
2026-01-06 07:29:54,R2L,R2L,1.0,YES,Medium
2026-01-06 07:29:55,U2R,U2R,1.0,YES,Critical
2026-01-06 07:29:55,Probe,Probe,1.0,YES,High
2026-01-06 07:29:55,U2R,U2R,1.0,YES,Critical
2026-01-06 07:29:55,DoS,DoS,1.0,YES,High
2026-01-06 07:29:55,U2R,U2R,1.0,YES,Critical
2026-01-06 07:29:55,DoS,DoS,1.0,YES,High
2026-01-06 07:29:55,DoS,DoS,1.0,YES,High
2026-01-06 07:29:55,Probe,Probe,1.0,YES,High
2026-01-06 07:29:55,R2L,R2L,1.0,YES,Medium
2026-01-06 07:29:55,U2R,U2R,1.0,YES,Critical
2026-01-06 07:29:55,U2R,U2R,0.99,YES,Critical
2026-01-06 07:29:55,DoS,DoS,1.0,YES,High
2026-01-06 07:29:55,R2L,R2L,1.0,YES,Medium
2026-01-06 07:29:55,Probe,Probe,1.0,YES,High
2026-01-06 07:29:55,U2R,U2R,1.0,YES,Critical
2026-01-06 07:29:55,Probe,Probe,0.985,YES,High
2026-01-06 07:29:55,DoS,DoS,1.0,YES,High
2026-01-06 07:29:55,Probe,Probe,1.0,YES,High
2026-01-06 07:29:55,R2L,R2L,1.0,YES,Medium
2026-01-06 07:29:55,DoS,DoS,1.0,YES,High
2026-01-06 07:29:55,DoS,DoS,1.0,YES,High
2026-01-06 07:29:55,U2R,U2R,1.0,YES,Critical
2026-01-06 07:29:55,U2R,U2R,1.0,YES,Critical
2026-01-06 07:29:55,Probe,Probe,1.0,YES,High
2026-01-06 07:29:55,DoS,DoS,1.0,YES,High
2026-01-06 07:29:55,U2R,U2R,1.0,YES,Critical
2026-01-06 07:29:55,R2L,R2L,1.0,YES,Medium
2026-01-06 07:29:55,Probe,Probe,0.99,YES,High
2026-01-06 07:29:55,DoS,DoS,1.0,YES,High
2026-01-06 07:29:55,Probe,Probe,0.984,YES,High
2026-01-06 07:29:55,R2L,R2L,0.962,YES,Medium
2026-01-06 07:29:55,Probe,Probe,1.0,YES,High
2026-01-06 07:29:55,R2L,R2L,0.975,YES,Medium
2026-01-06 07:29:55,Probe,Probe,1.0,YES,High
2026-01-06 07:29:55,U2R,U2R,1.0,YES,Critical
2026-01-06 07:29:55,Probe,Probe,1.0,YES,High
2026-01-06 07:29:55,R2L,R2L,1.0,YES,Medium
2026-01-06 07:29:55,U2R,U2R,1.0,YES,Critical
2026-01-06 07:29:55,Probe,Probe,1.0,YES,High
2026-01-06 07:29:56,Probe,Probe,0.995,YES,High
2026-01-06 07:29:56,Probe,Probe,1.0,YES,High
2026-01-06 07:29:56,DoS,DoS,1.0,YES,High
2026-01-06 07:29:56,R2L,R2L,1.0,YES,Medium
2026-01-06 07:29:56,U2R,U2R,1.0,YES,Critical
2026-01-06 07:29:56,R2L,R2L,1.0,YES,Medium
2026-01-06 07:29:56,R2L,R2L,1.0,YES,Medium
2026-01-06 07:29:56,Probe,Probe,0.95,YES,High
2026-01-06 07:29:56,R2L,R2L,1.0,YES,Medium
2026-01-06 07:29:56,U2R,U2R,1.0,YES,Critical
2026-01-06 07:29:56,U2R,U2R,1.0,YES,Critical
2026-01-06 07:29:56,DoS,DoS,1.0,YES,High
2026-01-06 07:29:56,R2L,R2L,0.995,YES,Medium
2026-01-06 07:29:56,R2L,R2L,1.0,YES,Medium
2026-01-06 07:29:56,U2R,U2R,0.995,YES,Critical
2026-01-06 07:29:56,U2R,U2R,1.0,YES,Critical
2026-01-06 07:29:56,DoS,DoS,1.0,YES,High
2026-01-06 07:29:56,Probe,Probe,1.0,YES,High
2026-01-06 07:29:56,U2R,U2R,0.995,YES,Critical
2026-01-06 07:29:56,Probe,Probe,1.0,YES,High
2026-01-06 07:29:56,U2R,U2R,1.0,YES,Critical
2026-01-06 07:29:56,Probe,Probe,1.0,YES,High
2026-01-06 07:29:56,DoS,DoS,1.0,YES,High
2026-01-06 07:29:56,U2R,U2R,1.0,YES,Critical
2026-01-06 07:29:56,R2L,R2L,1.0,YES,Medium
2026-01-06 07:29:56,Probe,Probe,1.0,YES,High
2026-01-06 07:29:56,DoS,DoS,1.0,YES,High
2026-01-06 07:29:56,Probe,Probe,1.0,YES,High
2026-01-06 07:29:56,Probe,Probe,0.998,YES,High
2026-01-06 07:29:56,DoS,DoS,1.0,YES,High
2026-01-06 07:29:56,U2R,U2R,1.0,YES,Critical
2026-01-06 07:29:56,Probe,Probe,1.0,YES,High
2026-01-06 07:29:56,Probe,Probe,1.0,YES,High
2026-01-06 07:29:56,R2L,R2L,0.985,YES,Medium
2026-01-06 07:29:56,DoS,DoS,1.0,YES,High
2026-01-06 07:29:57,DoS,DoS,1.0,YES,High
2026-01-06 07:29:57,Probe,Probe,1.0,YES,High
2026-01-06 07:29:57,Probe,Probe,1.0,YES,High
2026-01-06 07:29:57,U2R,U2R,1.0,YES,Critical
2026-01-06 07:29:57,Probe,Probe,1.0,YES,High
2026-01-06 07:29:57,R2L,R2L,1.0,YES,Medium
2026-01-06 07:29:57,U2R,U2R,1.0,YES,Critical
2026-01-06 07:29:57,DoS,DoS,1.0,YES,High
2026-01-06 07:29:57,Probe,Probe,1.0,YES,High
2026-01-06 07:29:57,DoS,DoS,1.0,YES,High
2026-01-06 07:29:57,U2R,U2R,1.0,YES,Critical
2026-01-06 07:29:57,R2L,R2L,1.0,YES,Medium
2026-01-06 07:29:57,Probe,Probe,0.99,YES,High
2026-01-06 07:29:57,U2R,U2R,1.0,YES,Critical
2026-01-06 07:29:57,R2L,R2L,1.0,YES,Medium
2026-01-06 07:29:57,Probe,Probe,0.995,YES,High
2026-01-06 07:29:57,Probe,Probe,1.0,YES,High
2026-01-06 07:29:57,Probe,Probe,1.0,YES,High
2026-01-06 07:29:57,DoS,DoS,1.0,YES,High
2026-01-06 07:29:57,Probe,Probe,1.0,YES,High
2026-01-06 07:29:57,Probe,Probe,1.0,YES,High
2026-01-06 07:29:57,R2L,R2L,1.0,YES,Medium
2026-01-06 07:29:57,DoS,DoS,1.0,YES,High
2026-01-06 07:29:57,Probe,Probe,0.987,YES,High
2026-01-06 07:29:57,DoS,DoS,1.0,YES,High
2026-01-06 07:29:57,DoS,DoS,1.0,YES,High
2026-01-06 07:29:57,DoS,DoS,1.0,YES,High
2026-01-06 07:29:57,R2L,R2L,1.0,YES,Medium
2026-01-06 07:29:57,U2R,U2R,0.995,YES,Critical
2026-01-06 07:29:57,U2R,U2R,1.0,YES,Critical
2026-01-06 07:29:57,R2L,R2L,1.0,YES,Medium
2026-01-06 07:29:57,Probe,Probe,1.0,YES,High
2026-01-06 07:29:57,Probe,Probe,0.98,YES,High
2026-01-06 07:29:57,U2R,U2R,1.0,YES,Critical
2026-01-06 07:29:57,Probe,Probe,1.0,YES,High
2026-01-06 07:29:57,U2R,U2R,1.0,YES,Critical
2026-01-06 07:29:57,Probe,Probe,1.0,YES,High
2026-01-06 07:29:57,Probe,Probe,1.0,YES,High
2026-01-06 07:29:57,U2R,U2R,1.0,YES,Critical
2026-01-06 07:29:57,Probe,Probe,1.0,YES,High
2026-01-06 07:29:57,Probe,Probe,0.974,YES,High
2026-01-06 07:29:57,R2L,R2L,1.0,YES,Medium
2026-01-06 07:29:57,U2R,U2R,1.0,YES,Critical
2026-01-06 07:29:57,R2L,R2L,0.97,YES,Medium
2026-01-06 07:29:57,U2R,U2R,1.0,YES,Critical
2026-01-06 07:29:58,Probe,Probe,0.96,YES,High
2026-01-06 07:29:58,R2L,R2L,0.999,YES,Medium
2026-01-06 07:29:58,Probe,Probe,1.0,YES,High
2026-01-06 07:29:58,R2L,R2L,1.0,YES,Medium
2026-01-06 07:29:58,DoS,DoS,1.0,YES,High
2026-01-06 07:29:58,R2L,R2L,1.0,YES,Medium
2026-01-06 07:29:58,U2R,U2R,1.0,YES,Critical
2026-01-06 07:29:58,U2R,U2R,1.0,YES,Critical
2026-01-06 07:29:58,DoS,DoS,1.0,YES,High
2026-01-06 07:29:58,U2R,U2R,1.0,YES,Critical
2026-01-06 07:29:58,DoS,DoS,1.0,YES,High
2026-01-06 07:29:58,DoS,DoS,1.0,YES,High
2026-01-06 07:29:58,Probe,Probe,1.0,YES,High
2026-01-06 07:29:58,U2R,U2R,1.0,YES,Critical
2026-01-06 07:29:58,R2L,R2L,1.0,YES,Medium
2026-01-06 07:29:58,R2L,R2L,1.0,YES,Medium
2026-01-06 07:29:58,Probe,Probe,1.0,YES,High
2026-01-06 07:29:58,U2R,U2R,1.0,YES,Critical
2026-01-06 07:29:58,DoS,DoS,1.0,YES,High
2026-01-06 07:29:58,R2L,R2L,1.0,YES,Medium
2026-01-06 07:29:58,R2L,R2L,1.0,YES,Medium
2026-01-06 07:29:58,DoS,DoS,1.0,YES,High
2026-01-06 07:29:58,Probe,Probe,1.0,YES,High
2026-01-06 07:29:58,DoS,DoS,1.0,YES,High
2026-01-06 07:29:58,R2L,R2L,0.995,YES,Medium
2026-01-06 07:29:58,U2R,U2R,1.0,YES,Critical
2026-01-06 07:29:58,U2R,U2R,1.0,YES,Critical
2026-01-06 07:29:58,U2R,U2R,1.0,YES,Critical
2026-01-06 07:29:58,DoS,DoS,1.0,YES,High
2026-01-06 07:29:58,U2R,U2R,1.0,YES,Critical
2026-01-06 07:29:58,R2L,R2L,1.0,YES,Medium
2026-01-06 07:29:58,Probe,Probe,0.993,YES,High
2026-01-06 07:29:58,U2R,U2R,0.995,YES,Critical
2026-01-06 07:29:58,DoS,DoS,1.0,YES,High
2026-01-06 07:29:58,DoS,DoS,1.0,YES,High
2026-01-06 07:29:58,U2R,U2R,1.0,YES,Critical
2026-01-06 07:29:58,DoS,DoS,0.89,YES,High
2026-01-06 07:29:58,U2R,U2R,1.0,YES,Critical
2026-01-06 07:29:58,U2R,U2R,1.0,YES,Critical
2026-01-06 07:29:58,R2L,R2L,1.0,YES,Medium
2026-01-06 07:29:58,DoS,DoS,1.0,YES,High
2026-01-06 07:29:58,U2R,U2R,1.0,YES,Critical
2026-01-06 07:29:58,DoS,DoS,1.0,YES,High
2026-01-06 07:29:58,DoS,DoS,1.0,YES,High
2026-01-06 07:29:58,Probe,Probe,1.0,YES,High
2026-01-06 07:29:58,U2R,U2R,1.0,YES,Critical
2026-01-06 07:29:58,Probe,Probe,1.0,YES,High
2026-01-06 07:29:58,R2L,R2L,1.0,YES,Medium
2026-01-06 07:29:58,U2R,U2R,1.0,YES,Critical
2026-01-06 07:29:58,U2R,U2R,1.0,YES,Critical
2026-01-06 07:29:58,DoS,DoS,1.0,YES,High
2026-01-06 07:29:58,DoS,DoS,1.0,YES,High
2026-01-06 07:29:59,Probe,Probe,1.0,YES,High
2026-01-06 07:29:59,Probe,Probe,1.0,YES,High
2026-01-06 07:29:59,R2L,R2L,1.0,YES,Medium
2026-01-06 07:29:59,R2L,R2L,1.0,YES,Medium
2026-01-06 07:29:59,R2L,R2L,1.0,YES,Medium
2026-01-06 07:29:59,DoS,DoS,1.0,YES,High
2026-01-06 07:29:59,DoS,DoS,1.0,YES,High
2026-01-06 07:29:59,U2R,U2R,1.0,YES,Critical
2026-01-06 07:29:59,R2L,R2L,1.0,YES,Medium
2026-01-06 07:29:59,DoS,DoS,1.0,YES,High
2026-01-06 07:29:59,U2R,U2R,1.0,YES,Critical
2026-01-06 07:29:59,Probe,Probe,1.0,YES,High
2026-01-06 07:29:59,DoS,DoS,1.0,YES,High
2026-01-06 07:29:59,R2L,R2L,1.0,YES,Medium
2026-01-06 07:29:59,DoS,DoS,0.995,YES,High
2026-01-06 07:29:59,U2R,U2R,1.0,YES,Critical
2026-01-06 07:29:59,DoS,DoS,1.0,YES,High
2026-01-06 07:29:59,U2R,U2R,1.0,YES,Critical
2026-01-06 07:29:59,R2L,R2L,1.0,YES,Medium
2026-01-06 07:29:59,DoS,DoS,1.0,YES,High
2026-01-06 07:29:59,DoS,DoS,1.0,YES,High
2026-01-06 07:29:59,R2L,R2L,1.0,YES,Medium
2026-01-06 07:29:59,DoS,DoS,0.78,YES,High
2026-01-06 07:29:59,R2L,R2L,0.995,YES,Medium
2026-01-06 07:29:59,R2L,R2L,1.0,YES,Medium
2026-01-06 07:29:59,Probe,Probe,1.0,YES,High
2026-01-06 07:29:59,Probe,Probe,1.0,YES,High
2026-01-06 07:29:59,Probe,Probe,1.0,YES,High
2026-01-06 07:29:59,U2R,U2R,1.0,YES,Critical
2026-01-06 07:29:59,R2L,R2L,0.89,YES,Medium
2026-01-06 07:29:59,DoS,DoS,0.985,YES,High
2026-01-06 07:29:59,Probe,Probe,1.0,YES,High
2026-01-06 07:29:59,Probe,Probe,1.0,YES,High
2026-01-06 07:29:59,Probe,Probe,1.0,YES,High
2026-01-06 07:29:59,U2R,U2R,1.0,YES,Critical
2026-01-06 07:29:59,R2L,R2L,1.0,YES,Medium
2026-01-06 07:29:59,DoS,DoS,0.855,YES,High
2026-01-06 07:29:59,DoS,DoS,1.0,YES,High
2026-01-06 07:29:59,Probe,Probe,1.0,YES,High
2026-01-06 07:29:59,Probe,Probe,1.0,YES,High
2026-01-06 07:29:59,R2L,R2L,1.0,YES,Medium
2026-01-06 07:29:59,Probe,Probe,1.0,YES,High
2026-01-06 07:29:59,R2L,R2L,1.0,YES,Medium
2026-01-06 07:29:59,U2R,U2R,1.0,YES,Critical
2026-01-06 07:29:59,Probe,Probe,1.0,YES,High
2026-01-06 07:29:59,U2R,U2R,1.0,YES,Critical
2026-01-06 07:29:59,Probe,Probe,0.995,YES,High
2026-01-06 07:29:59,U2R,U2R,1.0,YES,Critical
2026-01-06 07:29:59,Probe,Probe,0.995,YES,High
2026-01-06 07:29:59,Probe,Probe,1.0,YES,High
2026-01-06 07:29:59,R2L,R2L,1.0,YES,Medium
2026-01-06 07:30:00,DoS,DoS,1.0,YES,High
2026-01-06 07:30:00,Probe,Probe,1.0,YES,High
2026-01-06 07:30:00,R2L,R2L,1.0,YES,Medium
2026-01-06 07:30:00,R2L,R2L,1.0,YES,Medium
2026-01-06 07:30:00,R2L,R2L,0.995,YES,Medium
2026-01-06 07:30:00,U2R,U2R,1.0,YES,Critical
2026-01-06 07:30:00,Probe,Probe,1.0,YES,High
2026-01-06 07:30:00,Probe,Probe,0.995,YES,High
2026-01-06 07:30:00,U2R,U2R,1.0,YES,Critical
2026-01-06 07:30:00,Probe,Probe,1.0,YES,High
2026-01-06 07:30:00,Probe,Probe,1.0,YES,High
2026-01-06 07:30:00,Probe,Probe,1.0,YES,High
2026-01-06 07:30:00,Probe,Probe,0.995,YES,High
2026-01-06 07:30:00,DoS,DoS,1.0,YES,High
2026-01-06 07:30:00,DoS,DoS,1.0,YES,High
2026-01-06 07:30:00,DoS,DoS,1.0,YES,High
2026-01-06 07:30:00,DoS,DoS,1.0,YES,High
2026-01-06 07:30:00,DoS,DoS,1.0,YES,High
2026-01-06 07:30:00,DoS,DoS,1.0,YES,High
2026-01-06 07:30:00,DoS,DoS,1.0,YES,High
2026-01-06 07:30:00,Probe,Probe,1.0,YES,High
2026-01-06 07:30:00,DoS,DoS,1.0,YES,High
2026-01-06 07:30:00,R2L,R2L,1.0,YES,Medium
2026-01-06 07:30:00,R2L,R2L,1.0,YES,Medium
2026-01-06 07:30:00,DoS,DoS,0.995,YES,High
2026-01-06 07:30:00,Probe,Probe,1.0,YES,High
2026-01-06 07:30:00,Probe,Probe,0.965,YES,High
2026-01-06 07:30:00,Probe,Probe,1.0,YES,High
2026-01-06 07:30:00,U2R,U2R,1.0,YES,Critical
2026-01-06 07:30:00,DoS,DoS,1.0,YES,High
2026-01-06 07:30:00,Probe,Probe,1.0,YES,High
2026-01-06 07:30:00,DoS,DoS,1.0,YES,High
2026-01-06 07:30:00,DoS,DoS,1.0,YES,High
2026-01-06 07:30:00,DoS,DoS,1.0,YES,High
2026-01-06 07:30:00,Probe,Probe,1.0,YES,High
2026-01-06 07:30:00,DoS,DoS,0.99,YES,High
2026-01-06 07:30:00,U2R,U2R,1.0,YES,Critical
2026-01-06 07:30:00,DoS,DoS,1.0,YES,High
2026-01-06 07:30:00,Probe,Probe,1.0,YES,High
2026-01-06 07:30:00,R2L,R2L,1.0,YES,Medium
2026-01-06 07:30:00,Probe,Probe,0.999,YES,High
2026-01-06 07:30:00,Probe,Probe,0.999,YES,High
2026-01-06 07:30:00,Probe,Probe,1.0,YES,High
2026-01-06 07:30:00,Probe,Probe,1.0,YES,High
2026-01-06 07:30:00,U2R,U2R,1.0,YES,Critical
2026-01-06 07:30:00,R2L,R2L,1.0,YES,Medium
2026-01-06 07:30:00,R2L,R2L,1.0,YES,Medium
2026-01-06 07:30:00,U2R,U2R,1.0,YES,Critical
2026-01-06 07:30:00,R2L,R2L,1.0,YES,Medium
2026-01-06 07:30:00,U2R,U2R,1.0,YES,Critical
2026-01-06 07:30:00,Probe,Probe,1.0,YES,High
2026-01-06 07:30:00,R2L,R2L,1.0,YES,Medium
2026-01-06 07:30:00,R2L,R2L,1.0,YES,Medium
2026-01-06 07:30:00,R2L,R2L,1.0,YES,Medium
2026-01-06 07:30:00,R2L,R2L,1.0,YES,Medium
2026-01-06 07:30:00,U2R,U2R,1.0,YES,Critical
2026-01-06 07:30:01,R2L,R2L,1.0,YES,Medium
2026-01-06 07:30:01,U2R,U2R,1.0,YES,Critical
2026-01-06 07:30:01,Probe,Probe,0.994,YES,High
2026-01-06 07:30:01,DoS,DoS,1.0,YES,High
2026-01-06 07:30:01,R2L,R2L,1.0,YES,Medium
2026-01-06 07:30:01,U2R,U2R,1.0,YES,Critical
2026-01-06 07:30:01,DoS,DoS,1.0,YES,High
2026-01-06 07:30:01,DoS,DoS,1.0,YES,High
2026-01-06 07:30:01,Probe,Probe,1.0,YES,High
2026-01-06 07:30:01,DoS,DoS,1.0,YES,High
2026-01-06 07:30:01,U2R,U2R,1.0,YES,Critical
2026-01-06 07:30:01,Probe,Probe,1.0,YES,High
2026-01-06 07:30:01,R2L,R2L,1.0,YES,Medium
2026-01-06 07:30:01,U2R,U2R,1.0,YES,Critical
2026-01-06 07:30:01,Probe,Probe,0.995,YES,High
2026-01-06 07:30:01,DoS,DoS,1.0,YES,High
2026-01-06 07:30:01,U2R,U2R,1.0,YES,Critical
2026-01-06 07:30:01,Probe,Probe,0.995,YES,High
2026-01-06 07:30:01,U2R,U2R,1.0,YES,Critical
2026-01-06 07:30:01,Probe,Probe,1.0,YES,High
2026-01-06 07:30:01,R2L,R2L,1.0,YES,Medium
2026-01-06 07:30:01,R2L,R2L,1.0,YES,Medium
2026-01-06 07:30:01,R2L,R2L,1.0,YES,Medium
2026-01-06 07:30:01,U2R,U2R,1.0,YES,Critical
2026-01-06 07:30:01,DoS,DoS,1.0,YES,High
2026-01-06 07:30:01,R2L,R2L,1.0,YES,Medium
2026-01-06 07:30:01,Probe,Probe,1.0,YES,High
2026-01-06 07:30:01,U2R,U2R,1.0,YES,Critical
2026-01-06 07:30:01,R2L,R2L,1.0,YES,Medium
2026-01-06 07:30:01,Probe,Probe,1.0,YES,High
2026-01-06 07:30:01,Probe,Probe,1.0,YES,High
2026-01-06 07:30:01,Probe,Probe,1.0,YES,High
2026-01-06 07:30:01,Probe,Probe,1.0,YES,High
2026-01-06 07:30:01,DoS,DoS,1.0,YES,High
2026-01-06 07:30:01,DoS,DoS,1.0,YES,High
2026-01-06 07:30:01,U2R,U2R,1.0,YES,Critical
2026-01-06 07:30:01,DoS,DoS,1.0,YES,High
2026-01-06 07:30:01,DoS,DoS,1.0,YES,High
2026-01-06 07:30:01,DoS,DoS,1.0,YES,High
2026-01-06 07:30:01,R2L,R2L,1.0,YES,Medium
2026-01-06 07:30:01,Probe,Probe,1.0,YES,High
2026-01-06 07:30:01,DoS,DoS,0.98,YES,High
2026-01-06 07:30:01,R2L,R2L,1.0,YES,Medium
2026-01-06 07:30:01,U2R,U2R,1.0,YES,Critical
2026-01-06 07:30:01,U2R,U2R,1.0,YES,Critical
2026-01-06 07:30:01,R2L,R2L,1.0,YES,Medium
2026-01-06 07:30:01,R2L,R2L,1.0,YES,Medium
2026-01-06 07:30:01,DoS,DoS,1.0,YES,High
2026-01-06 07:30:01,U2R,U2R,1.0,YES,Critical
2026-01-06 07:30:01,R2L,R2L,1.0,YES,Medium
2026-01-06 07:30:01,U2R,U2R,1.0,YES,Critical
2026-01-06 07:30:01,DoS,DoS,1.0,YES,High
2026-01-06 07:30:02,Probe,Probe,1.0,YES,High
2026-01-06 07:30:02,Probe,Probe,1.0,YES,High
2026-01-06 07:30:02,R2L,R2L,1.0,YES,Medium
2026-01-06 07:30:02,DoS,DoS,0.98,YES,High
2026-01-06 07:30:02,U2R,U2R,1.0,YES,Critical
2026-01-06 07:30:02,Probe,Probe,1.0,YES,High
2026-01-06 07:30:02,U2R,U2R,1.0,YES,Critical
2026-01-06 07:30:02,DoS,DoS,1.0,YES,High
2026-01-06 07:30:02,U2R,U2R,1.0,YES,Critical
2026-01-06 07:30:02,R2L,R2L,1.0,YES,Medium
2026-01-06 07:30:02,DoS,DoS,1.0,YES,High
2026-01-06 07:30:02,Probe,Probe,1.0,YES,High
2026-01-06 07:30:02,Probe,Probe,1.0,YES,High
2026-01-06 07:30:02,Probe,Probe,1.0,YES,High
2026-01-06 07:30:02,U2R,U2R,1.0,YES,Critical
2026-01-06 07:30:02,DoS,DoS,1.0,YES,High
2026-01-06 07:30:02,R2L,R2L,1.0,YES,Medium
2026-01-06 07:30:02,DoS,DoS,1.0,YES,High
2026-01-06 07:30:02,R2L,R2L,1.0,YES,Medium
2026-01-06 07:30:02,U2R,U2R,1.0,YES,Critical
2026-01-06 07:30:02,R2L,R2L,1.0,YES,Medium
2026-01-06 07:30:02,DoS,DoS,1.0,YES,High
2026-01-06 07:30:02,Probe,Probe,0.975,YES,High
2026-01-06 07:30:02,DoS,DoS,1.0,YES,High
2026-01-06 07:30:02,DoS,DoS,1.0,YES,High
2026-01-06 07:30:02,R2L,R2L,1.0,YES,Medium
2026-01-06 07:30:02,R2L,R2L,1.0,YES,Medium
2026-01-06 07:30:02,R2L,R2L,0.999,YES,Medium
2026-01-06 07:30:02,DoS,DoS,1.0,YES,High
2026-01-06 07:30:02,DoS,DoS,1.0,YES,High
2026-01-06 07:30:02,U2R,U2R,1.0,YES,Critical
2026-01-06 07:30:02,Probe,Probe,1.0,YES,High
2026-01-06 07:30:02,Probe,Probe,1.0,YES,High
2026-01-06 07:30:02,Probe,Probe,0.995,YES,High
2026-01-06 07:30:02,U2R,U2R,1.0,YES,Critical
2026-01-06 07:30:02,Probe,Probe,1.0,YES,High
2026-01-06 07:30:02,R2L,R2L,1.0,YES,Medium
2026-01-06 07:30:02,DoS,DoS,1.0,YES,High
2026-01-06 07:30:02,DoS,DoS,1.0,YES,High
2026-01-06 07:30:02,R2L,R2L,1.0,YES,Medium
2026-01-06 07:30:02,DoS,DoS,1.0,YES,High
2026-01-06 07:30:02,R2L,R2L,1.0,YES,Medium
2026-01-06 07:30:02,R2L,R2L,1.0,YES,Medium
2026-01-06 07:30:02,U2R,U2R,1.0,YES,Critical
2026-01-06 07:30:02,R2L,R2L,1.0,YES,Medium
2026-01-06 07:30:02,Probe,Probe,1.0,YES,High
2026-01-06 07:30:02,R2L,R2L,1.0,YES,Medium
2026-01-06 07:30:02,U2R,U2R,1.0,YES,Critical
2026-01-06 07:30:02,Probe,Probe,1.0,YES,High
2026-01-06 07:30:02,DoS,DoS,1.0,YES,High
2026-01-06 07:30:02,U2R,U2R,1.0,YES,Critical
2026-01-06 07:30:02,U2R,U2R,1.0,YES,Critical
2026-01-06 07:30:02,Probe,Probe,1.0,YES,High
2026-01-06 07:30:02,U2R,U2R,1.0,YES,Critical
2026-01-06 07:30:02,Probe,Probe,1.0,YES,High
2026-01-06 07:30:02,R2L,R2L,1.0,YES,Medium
2026-01-06 07:30:02,U2R,U2R,0.995,YES,Critical
2026-01-06 07:30:03,Probe,Probe,1.0,YES,High
2026-01-06 07:30:03,U2R,U2R,1.0,YES,Critical
2026-01-06 07:30:03,Probe,Probe,1.0,YES,High
2026-01-06 07:30:03,U2R,U2R,1.0,YES,Critical
2026-01-06 07:30:03,R2L,R2L,1.0,YES,Medium
2026-01-06 07:30:03,U2R,U2R,1.0,YES,Critical
2026-01-06 07:30:03,U2R,U2R,1.0,YES,Critical
2026-01-06 07:30:03,Probe,Probe,1.0,YES,High
2026-01-06 07:30:03,DoS,DoS,1.0,YES,High
2026-01-06 07:30:03,DoS,DoS,1.0,YES,High
2026-01-06 07:30:03,Probe,Probe,1.0,YES,High
2026-01-06 07:30:03,U2R,U2R,1.0,YES,Critical
2026-01-06 07:30:03,U2R,U2R,1.0,YES,Critical
2026-01-06 07:30:03,R2L,R2L,1.0,YES,Medium
2026-01-06 07:30:03,DoS,DoS,1.0,YES,High
2026-01-06 07:30:03,Probe,Probe,0.994,YES,High
2026-01-06 07:30:03,DoS,DoS,1.0,YES,High
2026-01-06 07:30:03,DoS,DoS,1.0,YES,High
2026-01-06 07:30:03,Probe,Probe,0.998,YES,High
2026-01-06 07:30:03,U2R,U2R,1.0,YES,Critical
2026-01-06 07:30:03,DoS,DoS,1.0,YES,High
2026-01-06 07:30:03,R2L,R2L,1.0,YES,Medium
2026-01-06 07:30:03,DoS,DoS,1.0,YES,High
2026-01-06 07:30:03,Probe,Probe,1.0,YES,High
2026-01-06 07:30:03,R2L,R2L,1.0,YES,Medium
2026-01-06 07:30:03,DoS,DoS,1.0,YES,High
2026-01-06 07:30:03,DoS,DoS,1.0,YES,High
2026-01-06 07:30:03,Probe,Probe,0.995,YES,High
2026-01-06 07:30:03,R2L,R2L,1.0,YES,Medium
2026-01-06 07:30:03,DoS,DoS,1.0,YES,High
2026-01-06 07:30:03,R2L,R2L,1.0,YES,Medium
2026-01-06 07:30:03,Probe,Probe,0.995,YES,High
2026-01-06 07:30:03,U2R,U2R,1.0,YES,Critical
2026-01-06 07:30:03,U2R,U2R,1.0,YES,Critical
2026-01-06 07:30:03,Probe,Probe,1.0,YES,High
2026-01-06 07:30:03,Probe,Probe,1.0,YES,High
2026-01-06 07:30:03,DoS,DoS,1.0,YES,High
2026-01-06 07:30:03,Probe,Probe,1.0,YES,High
2026-01-06 07:30:03,U2R,U2R,1.0,YES,Critical
2026-01-06 07:30:03,DoS,DoS,1.0,YES,High
2026-01-06 07:30:03,R2L,R2L,1.0,YES,Medium
2026-01-06 07:30:03,R2L,R2L,1.0,YES,Medium
2026-01-06 07:30:03,R2L,R2L,1.0,YES,Medium
2026-01-06 07:30:03,DoS,DoS,0.98,YES,High
2026-01-06 07:30:03,R2L,R2L,1.0,YES,Medium
2026-01-06 07:30:03,R2L,R2L,1.0,YES,Medium
2026-01-06 07:30:03,R2L,R2L,1.0,YES,Medium
2026-01-06 07:30:03,Probe,Probe,1.0,YES,High
2026-01-06 07:30:03,DoS,DoS,1.0,YES,High
2026-01-06 07:30:03,U2R,U2R,1.0,YES,Critical
2026-01-06 07:30:03,Probe,Probe,0.995,YES,High
2026-01-06 07:30:03,DoS,DoS,1.0,YES,High
2026-01-06 07:30:03,DoS,DoS,1.0,YES,High
2026-01-06 07:30:03,Probe,Probe,1.0,YES,High
2026-01-06 07:30:03,DoS,DoS,1.0,YES,High
2026-01-06 07:30:03,Probe,Probe,1.0,YES,High
2026-01-06 07:30:03,R2L,R2L,1.0,YES,Medium
2026-01-06 07:30:04,U2R,U2R,1.0,YES,Critical
2026-01-06 07:30:04,R2L,R2L,1.0,YES,Medium
2026-01-06 07:30:04,Probe,Probe,1.0,YES,High
2026-01-06 07:30:04,DoS,DoS,1.0,YES,High
2026-01-06 07:30:04,DoS,DoS,1.0,YES,High
2026-01-06 07:30:04,U2R,U2R,1.0,YES,Critical
2026-01-06 07:30:04,Probe,Probe,0.99,YES,High
2026-01-06 07:30:04,R2L,R2L,1.0,YES,Medium
2026-01-06 07:30:04,R2L,R2L,1.0,YES,Medium
2026-01-06 07:30:04,R2L,R2L,1.0,YES,Medium
2026-01-06 07:30:04,DoS,DoS,1.0,YES,High
2026-01-06 07:30:04,DoS,DoS,0.995,YES,High
2026-01-06 07:30:04,R2L,R2L,1.0,YES,Medium
2026-01-06 07:30:04,DoS,DoS,1.0,YES,High
2026-01-06 07:30:04,DoS,DoS,1.0,YES,High
2026-01-06 07:30:04,R2L,R2L,1.0,YES,Medium
2026-01-06 07:30:04,R2L,R2L,1.0,YES,Medium
2026-01-06 07:30:04,U2R,U2R,1.0,YES,Critical
2026-01-06 07:30:04,Probe,Probe,0.998,YES,High
2026-01-06 07:30:04,R2L,R2L,1.0,YES,Medium
2026-01-06 07:30:04,R2L,R2L,1.0,YES,Medium
2026-01-06 07:30:04,Probe,Probe,1.0,YES,High
2026-01-06 07:30:04,Probe,Probe,0.994,YES,High
2026-01-06 07:30:04,U2R,U2R,1.0,YES,Critical
2026-01-06 07:30:04,DoS,DoS,1.0,YES,High
2026-01-06 07:30:04,DoS,DoS,1.0,YES,High
2026-01-06 07:30:04,R2L,R2L,1.0,YES,Medium
2026-01-06 07:30:04,DoS,DoS,1.0,YES,High
2026-01-06 07:30:04,DoS,DoS,1.0,YES,High
2026-01-06 07:30:04,R2L,R2L,1.0,YES,Medium
2026-01-06 07:30:04,DoS,DoS,1.0,YES,High
2026-01-06 07:30:04,DoS,DoS,1.0,YES,High
2026-01-06 07:30:04,Probe,Probe,1.0,YES,High
2026-01-06 07:30:04,R2L,R2L,0.995,YES,Medium
2026-01-06 07:30:04,U2R,U2R,1.0,YES,Critical
2026-01-06 07:30:04,DoS,DoS,1.0,YES,High
2026-01-06 07:30:04,R2L,R2L,1.0,YES,Medium
2026-01-06 07:30:04,R2L,R2L,1.0,YES,Medium
2026-01-06 07:30:04,R2L,R2L,1.0,YES,Medium
2026-01-06 07:30:04,Probe,Probe,1.0,YES,High
2026-01-06 07:30:04,DoS,DoS,1.0,YES,High
2026-01-06 07:30:04,Probe,Probe,1.0,YES,High
2026-01-06 07:30:04,DoS,DoS,1.0,YES,High
2026-01-06 07:30:04,DoS,DoS,1.0,YES,High
2026-01-06 07:30:04,R2L,R2L,1.0,YES,Medium
2026-01-06 07:30:04,Probe,Probe,1.0,YES,High
2026-01-06 07:30:04,DoS,DoS,1.0,YES,High
2026-01-06 07:30:04,U2R,U2R,1.0,YES,Critical
2026-01-06 07:30:04,R2L,R2L,1.0,YES,Medium
2026-01-06 07:30:04,U2R,U2R,1.0,YES,Critical
2026-01-06 07:30:04,Probe,Probe,1.0,YES,High
2026-01-06 07:30:04,U2R,U2R,1.0,YES,Critical
2026-01-06 07:30:04,U2R,U2R,1.0,YES,Critical
2026-01-06 07:30:04,U2R,U2R,1.0,YES,Critical
2026-01-06 07:30:04,Probe,Probe,1.0,YES,High
2026-01-06 07:30:04,Probe,Probe,1.0,YES,High
2026-01-06 07:30:05,R2L,R2L,0.99,YES,Medium
2026-01-06 07:30:05,U2R,U2R,1.0,YES,Critical
2026-01-06 07:30:05,DoS,DoS,1.0,YES,High
2026-01-06 07:30:05,R2L,R2L,0.999,YES,Medium
2026-01-06 07:30:05,R2L,R2L,1.0,YES,Medium
2026-01-06 07:30:05,U2R,U2R,1.0,YES,Critical
2026-01-06 07:30:05,R2L,R2L,1.0,YES,Medium
2026-01-06 07:30:05,Probe,Probe,1.0,YES,High
2026-01-06 07:30:05,U2R,U2R,1.0,YES,Critical
2026-01-06 07:30:05,R2L,R2L,1.0,YES,Medium
2026-01-06 07:30:05,R2L,R2L,1.0,YES,Medium
2026-01-06 07:30:05,U2R,U2R,1.0,YES,Critical
2026-01-06 07:30:05,Probe,Probe,0.979,YES,High
2026-01-06 07:30:05,R2L,R2L,0.995,YES,Medium
2026-01-06 07:30:05,R2L,R2L,1.0,YES,Medium
2026-01-06 07:30:05,R2L,R2L,1.0,YES,Medium
2026-01-06 07:30:05,Probe,Probe,1.0,YES,High
2026-01-06 07:30:05,DoS,DoS,1.0,YES,High
2026-01-06 07:30:05,U2R,U2R,1.0,YES,Critical
2026-01-06 07:30:05,R2L,R2L,1.0,YES,Medium
2026-01-06 07:30:05,R2L,R2L,1.0,YES,Medium
2026-01-06 07:30:05,DoS,DoS,1.0,YES,High
2026-01-06 07:30:05,R2L,R2L,1.0,YES,Medium
2026-01-06 07:30:05,DoS,DoS,1.0,YES,High
2026-01-06 07:30:05,DoS,DoS,1.0,YES,High
2026-01-06 07:30:05,U2R,U2R,1.0,YES,Critical
2026-01-06 07:30:05,DoS,DoS,1.0,YES,High
2026-01-06 07:30:05,R2L,R2L,1.0,YES,Medium
2026-01-06 07:30:05,DoS,DoS,1.0,YES,High
2026-01-06 07:30:05,DoS,DoS,1.0,YES,High
2026-01-06 07:30:05,Probe,Probe,0.995,YES,High
2026-01-06 07:30:05,Probe,Probe,1.0,YES,High
2026-01-06 07:30:05,U2R,U2R,1.0,YES,Critical
2026-01-06 07:30:05,U2R,U2R,1.0,YES,Critical
2026-01-06 07:30:05,DoS,DoS,1.0,YES,High
2026-01-06 07:30:05,R2L,R2L,1.0,YES,Medium
2026-01-06 07:30:05,R2L,R2L,1.0,YES,Medium
2026-01-06 07:30:05,DoS,DoS,1.0,YES,High
2026-01-06 07:30:05,R2L,R2L,1.0,YES,Medium
2026-01-06 07:30:05,DoS,DoS,1.0,YES,High
2026-01-06 07:30:05,Probe,Probe,1.0,YES,High
2026-01-06 07:30:05,DoS,DoS,1.0,YES,High
2026-01-06 07:30:05,R2L,R2L,1.0,YES,Medium
2026-01-06 07:30:05,R2L,R2L,1.0,YES,Medium
2026-01-06 07:30:05,DoS,DoS,1.0,YES,High
2026-01-06 07:30:05,DoS,DoS,1.0,YES,High
2026-01-06 07:30:05,Probe,Probe,0.999,YES,High
2026-01-06 07:30:05,U2R,U2R,1.0,YES,Critical
2026-01-06 07:30:05,R2L,R2L,1.0,YES,Medium
2026-01-06 07:30:05,Probe,Probe,1.0,YES,High
2026-01-06 07:30:05,Probe,Probe,1.0,YES,High
2026-01-06 07:30:05,R2L,R2L,1.0,YES,Medium
2026-01-06 07:30:05,U2R,U2R,1.0,YES,Critical
2026-01-06 07:30:05,Probe,Probe,0.98,YES,High
2026-01-06 07:30:05,R2L,R2L,1.0,YES,Medium
2026-01-06 07:30:05,R2L,R2L,1.0,YES,Medium
2026-01-06 07:30:05,DoS,DoS,1.0,YES,High
2026-01-06 07:30:05,U2R,U2R,1.0,YES,Critical
2026-01-06 07:30:05,R2L,R2L,1.0,YES,Medium
2026-01-06 07:30:06,Probe,Probe,1.0,YES,High
2026-01-06 07:30:06,U2R,U2R,1.0,YES,Critical
2026-01-06 07:30:06,R2L,R2L,1.0,YES,Medium
2026-01-06 07:30:06,DoS,DoS,1.0,YES,High
2026-01-06 07:30:06,R2L,R2L,1.0,YES,Medium
2026-01-06 07:30:06,DoS,DoS,1.0,YES,High
2026-01-06 07:30:06,Probe,Probe,1.0,YES,High
2026-01-06 07:30:06,Probe,Probe,0.99,YES,High
2026-01-06 07:30:06,Probe,Probe,1.0,YES,High
2026-01-06 07:30:06,Probe,Probe,0.999,YES,High
2026-01-06 07:30:06,Probe,Probe,1.0,YES,High
2026-01-06 07:30:06,R2L,R2L,0.995,YES,Medium
2026-01-06 07:30:06,DoS,DoS,1.0,YES,High
2026-01-06 07:30:06,DoS,DoS,1.0,YES,High
2026-01-06 07:30:06,DoS,DoS,1.0,YES,High
2026-01-06 07:30:06,R2L,R2L,1.0,YES,Medium
2026-01-06 07:30:06,U2R,U2R,1.0,YES,Critical
2026-01-06 07:30:06,DoS,DoS,1.0,YES,High
2026-01-06 07:30:06,U2R,U2R,1.0,YES,Critical
2026-01-06 07:30:06,Probe,Probe,1.0,YES,High
2026-01-06 07:30:06,U2R,U2R,1.0,YES,Critical
2026-01-06 07:30:06,R2L,R2L,1.0,YES,Medium
2026-01-06 07:30:06,U2R,U2R,1.0,YES,Critical
2026-01-06 07:30:06,R2L,R2L,1.0,YES,Medium
2026-01-06 07:30:06,DoS,DoS,1.0,YES,High
2026-01-06 07:30:06,Probe,Probe,1.0,YES,High
2026-01-06 07:30:06,DoS,DoS,1.0,YES,High
2026-01-06 07:30:06,R2L,R2L,1.0,YES,Medium
2026-01-06 07:30:06,U2R,U2R,1.0,YES,Critical
2026-01-06 07:30:06,DoS,DoS,1.0,YES,High
2026-01-06 07:30:06,DoS,DoS,1.0,YES,High
2026-01-06 07:30:06,Probe,Probe,1.0,YES,High
2026-01-06 07:30:06,DoS,DoS,1.0,YES,High
2026-01-06 07:30:06,DoS,DoS,1.0,YES,High
2026-01-06 07:30:06,DoS,DoS,1.0,YES,High
2026-01-06 07:30:06,DoS,DoS,1.0,YES,High
2026-01-06 07:30:06,U2R,U2R,1.0,YES,Critical
2026-01-06 07:30:06,R2L,R2L,1.0,YES,Medium
2026-01-06 07:30:06,R2L,R2L,1.0,YES,Medium
2026-01-06 07:30:06,DoS,DoS,1.0,YES,High
2026-01-06 07:30:06,R2L,R2L,1.0,YES,Medium
2026-01-06 07:30:06,Probe,Probe,1.0,YES,High
2026-01-06 07:30:06,U2R,U2R,1.0,YES,Critical
2026-01-06 07:30:06,U2R,U2R,0.995,YES,Critical
2026-01-06 07:30:06,R2L,R2L,1.0,YES,Medium
2026-01-06 07:30:06,DoS,DoS,0.995,YES,High
2026-01-06 07:30:06,Probe,Probe,1.0,YES,High
2026-01-06 07:30:06,Probe,Probe,1.0,YES,High
2026-01-06 07:30:06,DoS,DoS,1.0,YES,High
2026-01-06 07:30:06,R2L,R2L,1.0,YES,Medium
2026-01-06 07:30:06,R2L,R2L,1.0,YES,Medium
2026-01-06 07:30:06,U2R,U2R,1.0,YES,Critical
2026-01-06 07:30:06,Probe,Probe,1.0,YES,High
2026-01-06 07:30:06,R2L,R2L,1.0,YES,Medium
2026-01-06 07:30:06,Probe,Probe,0.995,YES,High
2026-01-06 07:30:06,R2L,R2L,1.0,YES,Medium
2026-01-06 07:30:07,Probe,Probe,0.934,YES,High
2026-01-06 07:30:07,DoS,DoS,1.0,YES,High
2026-01-06 07:30:07,DoS,DoS,1.0,YES,High
2026-01-06 07:30:07,U2R,U2R,1.0,YES,Critical
2026-01-06 07:30:07,Probe,Probe,1.0,YES,High
2026-01-06 07:30:07,Probe,Probe,1.0,YES,High
2026-01-06 07:30:07,U2R,U2R,1.0,YES,Critical
2026-01-06 07:30:07,Probe,Probe,1.0,YES,High
2026-01-06 07:30:07,R2L,R2L,1.0,YES,Medium
2026-01-06 07:30:07,R2L,R2L,1.0,YES,Medium
2026-01-06 07:30:07,Probe,Probe,1.0,YES,High
2026-01-06 07:30:07,DoS,DoS,1.0,YES,High
2026-01-06 07:30:07,Probe,Probe,1.0,YES,High
2026-01-06 07:30:07,DoS,DoS,1.0,YES,High
2026-01-06 07:30:07,U2R,U2R,1.0,YES,Critical
2026-01-06 07:30:07,DoS,DoS,1.0,YES,High
2026-01-06 07:30:07,DoS,DoS,1.0,YES,High
2026-01-06 07:30:07,Probe,Probe,1.0,YES,High
2026-01-06 07:30:07,DoS,DoS,1.0,YES,High
2026-01-06 07:30:07,DoS,DoS,1.0,YES,High
2026-01-06 07:30:07,DoS,DoS,1.0,YES,High
2026-01-06 07:30:07,U2R,U2R,1.0,YES,Critical
2026-01-06 07:30:07,U2R,U2R,1.0,YES,Critical
2026-01-06 07:30:07,U2R,U2R,1.0,YES,Critical
2026-01-06 07:30:07,R2L,R2L,1.0,YES,Medium
2026-01-06 07:30:07,DoS,DoS,1.0,YES,High
2026-01-06 07:30:07,Probe,Probe,1.0,YES,High
2026-01-06 07:30:07,U2R,U2R,1.0,YES,Critical
2026-01-06 07:30:07,U2R,U2R,1.0,YES,Critical
2026-01-06 07:30:07,Probe,Probe,1.0,YES,High
2026-01-06 07:30:07,R2L,R2L,1.0,YES,Medium
2026-01-06 07:30:07,Probe,Probe,1.0,YES,High
2026-01-06 07:30:07,U2R,U2R,1.0,YES,Critical
2026-01-06 07:30:07,R2L,R2L,1.0,YES,Medium
2026-01-06 07:30:07,Probe,Probe,0.99,YES,High
2026-01-06 07:30:07,DoS,DoS,1.0,YES,High
2026-01-06 07:30:07,R2L,R2L,1.0,YES,Medium
2026-01-06 07:30:07,U2R,U2R,1.0,YES,Critical
2026-01-06 07:30:07,Probe,Probe,0.999,YES,High
2026-01-06 07:30:07,Probe,Probe,0.995,YES,High
2026-01-06 07:30:07,U2R,U2R,1.0,YES,Critical
2026-01-06 07:30:07,R2L,R2L,0.994,YES,Medium
2026-01-06 07:30:07,R2L,R2L,1.0,YES,Medium
2026-01-06 07:30:07,DoS,DoS,1.0,YES,High
2026-01-06 07:30:08,DoS,DoS,1.0,YES,High
2026-01-06 07:30:08,Probe,Probe,1.0,YES,High
2026-01-06 07:30:08,Probe,Probe,1.0,YES,High
2026-01-06 07:30:08,DoS,DoS,1.0,YES,High
2026-01-06 07:30:08,DoS,DoS,1.0,YES,High
2026-01-06 07:30:08,Probe,Probe,1.0,YES,High
2026-01-06 07:30:08,DoS,DoS,0.99,YES,High
2026-01-06 07:30:08,U2R,U2R,1.0,YES,Critical
2026-01-06 07:30:08,DoS,DoS,0.985,YES,High
2026-01-06 07:30:08,Probe,Probe,1.0,YES,High
2026-01-06 07:30:08,R2L,R2L,1.0,YES,Medium
2026-01-06 07:30:08,R2L,R2L,1.0,YES,Medium
2026-01-06 07:30:08,U2R,U2R,1.0,YES,Critical
2026-01-06 07:30:08,U2R,U2R,1.0,YES,Critical
2026-01-06 07:30:08,U2R,U2R,1.0,YES,Critical
2026-01-06 07:30:08,DoS,DoS,1.0,YES,High
2026-01-06 07:30:08,R2L,R2L,1.0,YES,Medium
2026-01-06 07:30:08,DoS,DoS,1.0,YES,High
2026-01-06 07:30:08,DoS,DoS,1.0,YES,High
2026-01-06 07:30:08,U2R,U2R,1.0,YES,Critical
2026-01-06 07:30:08,Probe,Probe,0.995,YES,High
2026-01-06 07:30:08,Probe,Probe,1.0,YES,High
2026-01-06 07:30:08,U2R,U2R,1.0,YES,Critical
2026-01-06 07:30:08,R2L,R2L,1.0,YES,Medium
2026-01-06 07:30:08,R2L,R2L,1.0,YES,Medium
2026-01-06 07:30:08,DoS,DoS,1.0,YES,High
2026-01-06 07:30:08,Probe,Probe,1.0,YES,High
2026-01-06 07:30:08,DoS,DoS,0.985,YES,High
2026-01-06 07:30:08,U2R,U2R,1.0,YES,Critical
2026-01-06 07:30:08,R2L,R2L,1.0,YES,Medium
2026-01-06 07:30:08,DoS,DoS,1.0,YES,High
2026-01-06 07:30:08,R2L,R2L,1.0,YES,Medium
2026-01-06 07:30:08,R2L,R2L,1.0,YES,Medium
2026-01-06 07:30:08,DoS,DoS,1.0,YES,High
2026-01-06 07:30:08,U2R,U2R,1.0,YES,Critical
2026-01-06 07:30:08,DoS,DoS,1.0,YES,High
2026-01-06 07:30:08,U2R,U2R,1.0,YES,Critical
2026-01-06 07:30:09,DoS,DoS,0.99,YES,High
2026-01-06 07:30:09,U2R,U2R,1.0,YES,Critical
2026-01-06 07:30:09,R2L,R2L,1.0,YES,Medium
2026-01-06 07:30:09,Probe,Probe,1.0,YES,High
2026-01-06 07:30:09,U2R,U2R,1.0,YES,Critical
2026-01-06 07:30:09,Probe,Probe,1.0,YES,High
2026-01-06 07:30:09,R2L,R2L,1.0,YES,Medium
2026-01-06 07:30:09,U2R,U2R,1.0,YES,Critical
2026-01-06 07:30:09,DoS,DoS,1.0,YES,High
2026-01-06 07:30:09,DoS,DoS,1.0,YES,High
2026-01-06 07:30:09,R2L,R2L,0.999,YES,Medium
2026-01-06 07:30:09,DoS,DoS,1.0,YES,High
2026-01-06 07:30:09,R2L,R2L,0.985,YES,Medium
2026-01-06 07:30:09,R2L,R2L,1.0,YES,Medium
2026-01-06 07:30:09,DoS,DoS,0.994,YES,High
2026-01-06 07:30:09,Probe,Probe,1.0,YES,High
2026-01-06 07:30:09,Probe,Probe,1.0,YES,High
2026-01-06 07:30:09,R2L,R2L,0.99,YES,Medium
2026-01-06 07:30:09,R2L,R2L,1.0,YES,Medium
2026-01-06 07:30:09,R2L,R2L,1.0,YES,Medium
2026-01-06 07:30:09,R2L,R2L,1.0,YES,Medium
2026-01-06 07:30:09,DoS,DoS,1.0,YES,High
2026-01-06 07:30:09,U2R,U2R,1.0,YES,Critical
2026-01-06 07:30:09,DoS,DoS,1.0,YES,High
2026-01-06 07:30:09,R2L,R2L,1.0,YES,Medium
2026-01-06 07:30:09,DoS,DoS,1.0,YES,High
2026-01-06 07:30:09,U2R,U2R,1.0,YES,Critical
2026-01-06 07:30:09,Probe,Probe,0.88,YES,High
2026-01-06 07:30:09,R2L,R2L,1.0,YES,Medium
2026-01-06 07:30:09,U2R,U2R,1.0,YES,Critical
2026-01-06 07:30:09,DoS,DoS,1.0,YES,High
2026-01-06 07:30:09,DoS,DoS,1.0,YES,High
2026-01-06 07:30:09,R2L,R2L,1.0,YES,Medium
2026-01-06 07:30:09,U2R,U2R,1.0,YES,Critical
2026-01-06 07:30:09,DoS,DoS,1.0,YES,High
2026-01-06 07:30:09,R2L,R2L,1.0,YES,Medium
2026-01-06 07:30:09,R2L,R2L,1.0,YES,Medium
2026-01-06 07:30:09,DoS,DoS,1.0,YES,High
2026-01-06 07:30:10,DoS,DoS,1.0,YES,High
2026-01-06 07:30:10,R2L,R2L,1.0,YES,Medium
2026-01-06 07:30:10,DoS,DoS,0.78,YES,High
2026-01-06 07:30:10,U2R,U2R,1.0,YES,Critical
2026-01-06 07:30:10,DoS,DoS,1.0,YES,High
2026-01-06 07:30:10,Probe,Probe,1.0,YES,High
2026-01-06 07:30:10,Probe,Probe,1.0,YES,High
2026-01-06 07:30:10,Probe,Probe,1.0,YES,High
2026-01-06 07:30:10,Probe,Probe,1.0,YES,High
2026-01-06 07:30:10,DoS,DoS,1.0,YES,High
2026-01-06 07:30:10,Probe,Probe,1.0,YES,High
2026-01-06 07:30:10,Probe,Probe,1.0,YES,High
2026-01-06 07:30:10,U2R,U2R,1.0,YES,Critical
2026-01-06 07:30:10,Probe,Probe,0.994,YES,High
2026-01-06 07:30:10,U2R,U2R,1.0,YES,Critical
2026-01-06 07:30:10,U2R,U2R,1.0,YES,Critical
2026-01-06 07:30:10,R2L,R2L,1.0,YES,Medium
2026-01-06 07:30:10,Probe,Probe,1.0,YES,High
2026-01-06 07:30:10,DoS,DoS,1.0,YES,High
2026-01-06 07:30:10,R2L,R2L,1.0,YES,Medium
2026-01-06 07:30:10,R2L,R2L,1.0,YES,Medium
2026-01-06 07:30:10,DoS,DoS,1.0,YES,High
2026-01-06 07:30:10,R2L,R2L,1.0,YES,Medium
2026-01-06 07:30:10,U2R,U2R,1.0,YES,Critical
2026-01-06 07:30:10,DoS,DoS,1.0,YES,High
2026-01-06 07:30:10,U2R,U2R,1.0,YES,Critical
2026-01-06 07:30:10,Probe,Probe,1.0,YES,High
2026-01-06 07:30:10,R2L,R2L,1.0,YES,Medium
2026-01-06 07:30:10,R2L,R2L,1.0,YES,Medium
2026-01-06 07:30:10,U2R,U2R,1.0,YES,Critical
2026-01-06 07:30:10,DoS,DoS,1.0,YES,High
2026-01-06 07:30:10,U2R,U2R,1.0,YES,Critical
2026-01-06 07:30:10,U2R,U2R,1.0,YES,Critical
2026-01-06 07:30:10,DoS,DoS,1.0,YES,High
2026-01-06 07:30:10,U2R,U2R,1.0,YES,Critical
2026-01-06 07:30:10,Probe,Probe,1.0,YES,High
2026-01-06 07:30:10,DoS,DoS,1.0,YES,High
2026-01-06 07:30:10,R2L,R2L,0.995,YES,Medium
2026-01-06 07:30:10,R2L,R2L,1.0,YES,Medium
2026-01-06 07:30:10,U2R,U2R,1.0,YES,Critical
2026-01-06 07:30:10,DoS,DoS,1.0,YES,High
2026-01-06 07:30:11,DoS,DoS,1.0,YES,High
2026-01-06 07:30:11,U2R,U2R,1.0,YES,Critical
2026-01-06 07:30:11,Probe,Probe,0.99,YES,High
2026-01-06 07:30:11,R2L,R2L,1.0,YES,Medium
2026-01-06 07:30:11,DoS,DoS,1.0,YES,High
2026-01-06 07:30:11,U2R,U2R,1.0,YES,Critical
2026-01-06 07:30:11,R2L,R2L,1.0,YES,Medium
2026-01-06 07:30:11,R2L,R2L,1.0,YES,Medium
2026-01-06 07:30:11,Probe,Probe,1.0,YES,High
2026-01-06 07:30:11,DoS,DoS,0.83,YES,High
2026-01-06 07:30:11,Probe,Probe,1.0,YES,High
2026-01-06 07:30:11,U2R,U2R,1.0,YES,Critical
2026-01-06 07:30:11,DoS,DoS,1.0,YES,High
2026-01-06 07:30:11,U2R,U2R,1.0,YES,Critical
2026-01-06 07:30:11,Probe,Probe,1.0,YES,High
2026-01-06 07:30:11,DoS,DoS,1.0,YES,High
2026-01-06 07:30:11,Probe,Probe,0.995,YES,High
2026-01-06 07:30:11,Probe,Probe,1.0,YES,High
2026-01-06 07:30:11,Probe,Probe,1.0,YES,High
2026-01-06 07:30:11,R2L,R2L,1.0,YES,Medium
2026-01-06 07:30:11,R2L,R2L,1.0,YES,Medium
2026-01-06 07:30:11,Probe,Probe,1.0,YES,High
2026-01-06 07:30:11,U2R,U2R,1.0,YES,Critical
2026-01-06 07:30:11,U2R,U2R,1.0,YES,Critical
2026-01-06 07:30:11,DoS,DoS,0.995,YES,High
2026-01-06 07:30:11,Probe,Probe,1.0,YES,High
2026-01-06 07:30:11,U2R,U2R,1.0,YES,Critical
2026-01-06 07:30:11,U2R,U2R,1.0,YES,Critical
2026-01-06 07:30:11,Probe,Probe,1.0,YES,High
2026-01-06 07:30:11,R2L,R2L,1.0,YES,Medium
2026-01-06 07:30:11,DoS,DoS,1.0,YES,High
2026-01-06 07:30:11,Probe,Probe,1.0,YES,High
2026-01-06 07:30:11,U2R,U2R,1.0,YES,Critical
2026-01-06 07:30:11,DoS,DoS,1.0,YES,High
2026-01-06 07:30:11,Probe,Probe,1.0,YES,High
2026-01-06 07:30:11,R2L,R2L,1.0,YES,Medium
2026-01-06 07:30:11,U2R,U2R,1.0,YES,Critical
2026-01-06 07:30:11,Probe,Probe,1.0,YES,High
2026-01-06 07:30:11,U2R,U2R,1.0,YES,Critical
2026-01-06 07:30:11,DoS,DoS,1.0,YES,High
2026-01-06 07:30:11,U2R,U2R,1.0,YES,Critical
2026-01-06 07:30:11,U2R,U2R,1.0,YES,Critical
2026-01-06 07:30:11,DoS,DoS,1.0,YES,High
2026-01-06 07:30:11,U2R,U2R,1.0,YES,Critical
2026-01-06 07:30:11,R2L,R2L,0.995,YES,Medium
2026-01-06 07:30:11,DoS,DoS,1.0,YES,High
2026-01-06 07:30:11,DoS,DoS,1.0,YES,High
2026-01-06 07:30:11,Probe,Probe,1.0,YES,High
2026-01-06 07:30:11,U2R,U2R,1.0,YES,Critical
2026-01-06 07:30:11,Probe,Probe,0.995,YES,High
2026-01-06 07:30:12,Probe,Probe,1.0,YES,High
2026-01-06 07:30:12,U2R,U2R,1.0,YES,Critical
2026-01-06 07:30:12,DoS,DoS,1.0,YES,High
2026-01-06 07:30:12,Probe,Probe,1.0,YES,High
2026-01-06 07:30:12,Probe,Probe,1.0,YES,High
2026-01-06 07:30:12,R2L,R2L,1.0,YES,Medium
2026-01-06 07:30:12,U2R,U2R,1.0,YES,Critical
2026-01-06 07:30:12,DoS,DoS,1.0,YES,High
2026-01-06 07:30:12,Probe,Probe,1.0,YES,High
2026-01-06 07:30:12,U2R,U2R,1.0,YES,Critical
2026-01-06 07:30:12,DoS,DoS,1.0,YES,High
2026-01-06 07:30:12,R2L,R2L,1.0,YES,Medium
2026-01-06 07:30:12,R2L,R2L,1.0,YES,Medium
2026-01-06 07:30:12,U2R,U2R,1.0,YES,Critical
2026-01-06 07:30:12,U2R,U2R,1.0,YES,Critical
2026-01-06 07:30:12,U2R,U2R,1.0,YES,Critical
2026-01-06 07:30:12,R2L,R2L,1.0,YES,Medium
2026-01-06 07:30:12,DoS,DoS,1.0,YES,High
2026-01-06 07:30:12,U2R,U2R,1.0,YES,Critical
2026-01-06 07:30:12,R2L,R2L,1.0,YES,Medium
2026-01-06 07:30:12,DoS,DoS,1.0,YES,High
2026-01-06 07:30:12,DoS,DoS,1.0,YES,High
2026-01-06 07:30:12,R2L,R2L,1.0,YES,Medium
2026-01-06 07:30:12,Probe,Probe,1.0,YES,High
2026-01-06 07:30:12,U2R,U2R,1.0,YES,Critical
2026-01-06 07:30:12,DoS,DoS,1.0,YES,High
2026-01-06 07:30:12,DoS,DoS,1.0,YES,High
2026-01-06 07:30:12,Probe,Probe,1.0,YES,High
2026-01-06 07:30:12,DoS,DoS,1.0,YES,High
2026-01-06 07:30:12,DoS,DoS,1.0,YES,High
2026-01-06 07:30:12,DoS,DoS,1.0,YES,High
2026-01-06 07:30:12,Probe,Probe,1.0,YES,High
2026-01-06 07:30:12,U2R,U2R,1.0,YES,Critical
2026-01-06 07:30:12,DoS,DoS,1.0,YES,High
2026-01-06 07:30:12,U2R,U2R,1.0,YES,Critical
2026-01-06 07:30:12,U2R,U2R,1.0,YES,Critical
2026-01-06 07:30:12,DoS,DoS,1.0,YES,High
2026-01-06 07:30:12,DoS,DoS,1.0,YES,High
2026-01-06 07:30:12,Probe,Probe,0.998,YES,High
2026-01-06 07:30:12,U2R,U2R,1.0,YES,Critical
2026-01-06 07:30:12,R2L,R2L,1.0,YES,Medium
2026-01-06 07:30:12,DoS,DoS,0.99,YES,High
2026-01-06 07:30:12,R2L,R2L,1.0,YES,Medium
2026-01-06 07:30:12,Probe,Probe,0.995,YES,High
2026-01-06 07:30:12,DoS,DoS,1.0,YES,High
2026-01-06 07:30:12,U2R,U2R,1.0,YES,Critical
2026-01-06 07:30:12,Probe,Probe,1.0,YES,High
2026-01-06 07:30:12,R2L,R2L,1.0,YES,Medium
2026-01-06 07:30:12,U2R,U2R,1.0,YES,Critical
2026-01-06 07:30:12,DoS,DoS,1.0,YES,High
2026-01-06 07:30:12,Probe,Probe,0.995,YES,High
2026-01-06 07:30:12,U2R,U2R,1.0,YES,Critical
2026-01-06 07:30:12,Probe,Probe,0.999,YES,High
2026-01-06 07:30:12,Probe,Probe,1.0,YES,High
2026-01-06 07:30:12,DoS,DoS,1.0,YES,High
2026-01-06 07:30:12,R2L,R2L,0.99,YES,Medium
2026-01-06 07:30:12,Probe,Probe,1.0,YES,High
2026-01-06 07:30:12,U2R,U2R,1.0,YES,Critical
2026-01-06 07:30:13,R2L,R2L,1.0,YES,Medium
2026-01-06 07:30:13,DoS,DoS,1.0,YES,High
2026-01-06 07:30:13,U2R,U2R,1.0,YES,Critical
2026-01-06 07:30:13,U2R,U2R,1.0,YES,Critical
2026-01-06 07:30:13,Probe,Probe,1.0,YES,High
2026-01-06 07:30:13,U2R,U2R,1.0,YES,Critical
2026-01-06 07:30:13,Probe,Probe,1.0,YES,High
2026-01-06 07:30:13,Probe,Probe,1.0,YES,High
2026-01-06 07:30:13,R2L,R2L,1.0,YES,Medium
2026-01-06 07:30:13,DoS,DoS,1.0,YES,High
2026-01-06 07:30:13,U2R,U2R,1.0,YES,Critical
2026-01-06 07:30:13,Probe,Probe,1.0,YES,High
2026-01-06 07:30:13,Probe,Probe,1.0,YES,High
2026-01-06 07:30:13,U2R,U2R,1.0,YES,Critical
2026-01-06 07:30:13,Probe,Probe,1.0,YES,High
2026-01-06 07:30:13,R2L,R2L,1.0,YES,Medium
2026-01-06 07:30:13,U2R,U2R,0.985,YES,Critical
2026-01-06 07:30:13,DoS,DoS,1.0,YES,High
2026-01-06 07:30:13,DoS,DoS,1.0,YES,High
2026-01-06 07:30:13,Probe,Probe,1.0,YES,High
2026-01-06 07:30:13,U2R,U2R,1.0,YES,Critical
2026-01-06 07:30:13,U2R,U2R,1.0,YES,Critical
2026-01-06 07:30:13,Probe,Probe,1.0,YES,High
2026-01-06 07:30:13,U2R,U2R,1.0,YES,Critical
2026-01-06 07:30:13,U2R,U2R,1.0,YES,Critical
2026-01-06 07:30:13,DoS,DoS,1.0,YES,High
2026-01-06 07:30:13,Probe,Probe,1.0,YES,High
2026-01-06 07:30:13,DoS,DoS,1.0,YES,High
2026-01-06 07:30:13,U2R,U2R,1.0,YES,Critical
2026-01-06 07:30:13,U2R,U2R,1.0,YES,Critical
2026-01-06 07:30:13,U2R,U2R,1.0,YES,Critical
2026-01-06 07:30:13,Probe,Probe,1.0,YES,High
2026-01-06 07:30:13,R2L,R2L,0.955,YES,Medium
2026-01-06 07:30:13,R2L,R2L,1.0,YES,Medium
2026-01-06 07:30:13,R2L,R2L,1.0,YES,Medium
2026-01-06 07:30:13,DoS,DoS,1.0,YES,High
2026-01-06 07:30:13,U2R,U2R,1.0,YES,Critical
2026-01-06 07:30:13,U2R,U2R,1.0,YES,Critical
2026-01-06 07:30:13,R2L,R2L,0.99,YES,Medium
2026-01-06 07:30:13,DoS,DoS,1.0,YES,High
2026-01-06 07:30:13,R2L,R2L,1.0,YES,Medium
2026-01-06 07:30:13,U2R,U2R,1.0,YES,Critical
2026-01-06 07:30:13,Probe,Probe,1.0,YES,High
2026-01-06 07:30:13,DoS,DoS,1.0,YES,High
2026-01-06 07:30:13,DoS,DoS,1.0,YES,High
2026-01-06 07:30:13,Probe,Probe,1.0,YES,High
2026-01-06 07:30:13,DoS,DoS,1.0,YES,High
2026-01-06 07:30:13,U2R,U2R,1.0,YES,Critical
2026-01-06 07:30:13,R2L,R2L,1.0,YES,Medium
2026-01-06 07:30:13,U2R,U2R,1.0,YES,Critical
2026-01-06 07:30:13,Probe,Probe,1.0,YES,High
2026-01-06 07:30:14,Probe,Probe,1.0,YES,High
2026-01-06 07:30:14,DoS,DoS,1.0,YES,High
2026-01-06 07:30:14,R2L,R2L,1.0,YES,Medium
2026-01-06 07:30:14,R2L,R2L,1.0,YES,Medium
2026-01-06 07:30:14,DoS,DoS,1.0,YES,High
2026-01-06 07:30:14,DoS,DoS,1.0,YES,High
2026-01-06 07:30:14,Probe,Probe,1.0,YES,High
2026-01-06 07:30:14,R2L,R2L,1.0,YES,Medium
2026-01-06 07:30:14,U2R,U2R,1.0,YES,Critical
2026-01-06 07:30:14,Probe,Probe,1.0,YES,High
2026-01-06 07:30:14,Probe,Probe,1.0,YES,High
2026-01-06 07:30:14,U2R,U2R,1.0,YES,Critical
2026-01-06 07:30:14,R2L,R2L,1.0,YES,Medium
2026-01-06 07:30:14,DoS,DoS,1.0,YES,High
2026-01-06 07:30:14,R2L,R2L,1.0,YES,Medium
2026-01-06 07:30:14,U2R,U2R,1.0,YES,Critical
2026-01-06 07:30:14,Probe,Probe,1.0,YES,High
2026-01-06 07:30:14,Probe,Probe,1.0,YES,High
2026-01-06 07:30:14,U2R,U2R,1.0,YES,Critical
2026-01-06 07:30:14,Probe,Probe,1.0,YES,High
2026-01-06 07:30:14,DoS,DoS,1.0,YES,High
2026-01-06 07:30:14,DoS,DoS,0.995,YES,High
2026-01-06 07:30:14,DoS,DoS,1.0,YES,High
2026-01-06 07:30:14,R2L,R2L,1.0,YES,Medium
2026-01-06 07:30:14,Probe,Probe,1.0,YES,High
2026-01-06 07:30:14,DoS,DoS,1.0,YES,High
2026-01-06 07:30:14,U2R,U2R,1.0,YES,Critical
2026-01-06 07:30:14,U2R,U2R,1.0,YES,Critical
2026-01-06 07:30:14,Probe,Probe,1.0,YES,High
2026-01-06 07:30:14,U2R,U2R,1.0,YES,Critical
2026-01-06 07:30:14,U2R,U2R,1.0,YES,Critical
2026-01-06 07:30:14,DoS,DoS,1.0,YES,High
2026-01-06 07:30:14,R2L,R2L,1.0,YES,Medium
2026-01-06 07:30:14,R2L,R2L,1.0,YES,Medium
2026-01-06 07:30:14,R2L,R2L,0.995,YES,Medium
2026-01-06 07:30:14,Probe,Probe,1.0,YES,High
2026-01-06 07:30:14,U2R,U2R,1.0,YES,Critical
2026-01-06 07:30:14,R2L,R2L,1.0,YES,Medium
2026-01-06 07:30:14,DoS,DoS,1.0,YES,High
2026-01-06 07:30:14,U2R,U2R,1.0,YES,Critical
2026-01-06 07:30:14,Probe,Probe,0.993,YES,High
2026-01-06 07:30:14,DoS,DoS,1.0,YES,High
2026-01-06 07:30:14,U2R,U2R,1.0,YES,Critical
2026-01-06 07:30:14,Probe,Probe,1.0,YES,High
2026-01-06 07:30:14,Probe,Probe,0.994,YES,High
2026-01-06 07:30:14,U2R,U2R,1.0,YES,Critical
2026-01-06 07:30:14,Probe,Probe,1.0,YES,High
2026-01-06 07:30:14,U2R,U2R,1.0,YES,Critical
2026-01-06 07:30:14,DoS,DoS,1.0,YES,High
2026-01-06 07:30:14,R2L,R2L,1.0,YES,Medium
2026-01-06 07:30:14,R2L,R2L,1.0,YES,Medium
2026-01-06 07:30:14,Probe,Probe,0.995,YES,High
2026-01-06 07:30:14,R2L,R2L,1.0,YES,Medium
2026-01-06 07:30:14,DoS,DoS,1.0,YES,High
2026-01-06 07:30:14,Probe,Probe,1.0,YES,High
2026-01-06 07:30:15,U2R,U2R,1.0,YES,Critical
2026-01-06 07:30:15,U2R,U2R,1.0,YES,Critical
2026-01-06 07:30:15,Probe,Probe,1.0,YES,High
2026-01-06 07:30:15,U2R,U2R,1.0,YES,Critical
2026-01-06 07:30:15,DoS,DoS,1.0,YES,High
2026-01-06 07:30:15,Probe,Probe,0.999,YES,High
2026-01-06 07:30:15,R2L,R2L,1.0,YES,Medium
2026-01-06 07:30:15,U2R,U2R,1.0,YES,Critical
2026-01-06 07:30:15,U2R,U2R,1.0,YES,Critical
2026-01-06 07:30:15,U2R,U2R,1.0,YES,Critical
2026-01-06 07:30:15,R2L,R2L,1.0,YES,Medium
2026-01-06 07:30:15,DoS,DoS,1.0,YES,High
2026-01-06 07:30:15,Probe,Probe,1.0,YES,High
2026-01-06 07:30:15,R2L,R2L,1.0,YES,Medium
2026-01-06 07:30:15,Probe,Probe,1.0,YES,High
2026-01-06 07:30:15,U2R,U2R,1.0,YES,Critical
2026-01-06 07:30:15,DoS,DoS,1.0,YES,High
2026-01-06 07:30:15,R2L,R2L,1.0,YES,Medium
2026-01-06 07:30:15,U2R,U2R,1.0,YES,Critical
2026-01-06 07:30:15,Probe,Probe,1.0,YES,High
2026-01-06 07:30:15,R2L,R2L,1.0,YES,Medium
2026-01-06 07:30:15,U2R,U2R,1.0,YES,Critical
2026-01-06 07:30:15,Probe,Probe,0.975,YES,High
2026-01-06 07:30:15,U2R,U2R,1.0,YES,Critical
2026-01-06 07:30:15,Probe,Probe,1.0,YES,High
2026-01-06 07:30:15,U2R,U2R,1.0,YES,Critical
2026-01-06 07:30:15,U2R,U2R,1.0,YES,Critical
2026-01-06 07:30:15,R2L,R2L,1.0,YES,Medium
2026-01-06 07:30:15,Probe,Probe,0.995,YES,High
2026-01-06 07:30:15,DoS,DoS,1.0,YES,High
2026-01-06 07:30:15,R2L,R2L,1.0,YES,Medium
2026-01-06 07:30:15,DoS,DoS,0.985,YES,High
2026-01-06 07:30:15,R2L,R2L,1.0,YES,Medium
2026-01-06 07:30:15,R2L,R2L,1.0,YES,Medium
2026-01-06 07:30:15,U2R,U2R,1.0,YES,Critical
2026-01-06 07:30:15,U2R,U2R,1.0,YES,Critical
2026-01-06 07:30:15,DoS,DoS,1.0,YES,High
2026-01-06 07:30:15,DoS,DoS,1.0,YES,High
2026-01-06 07:30:15,Probe,Probe,1.0,YES,High
2026-01-06 07:30:15,R2L,R2L,1.0,YES,Medium
2026-01-06 07:30:15,DoS,DoS,1.0,YES,High
2026-01-06 07:30:15,U2R,U2R,1.0,YES,Critical
2026-01-06 07:30:15,DoS,DoS,1.0,YES,High
2026-01-06 07:30:15,U2R,U2R,1.0,YES,Critical
2026-01-06 07:30:15,R2L,R2L,1.0,YES,Medium
2026-01-06 07:30:15,DoS,DoS,1.0,YES,High
2026-01-06 07:30:15,Probe,Probe,1.0,YES,High
2026-01-06 07:30:15,U2R,U2R,1.0,YES,Critical
2026-01-06 07:30:15,DoS,DoS,1.0,YES,High
2026-01-06 07:30:15,U2R,U2R,1.0,YES,Critical
2026-01-06 07:30:15,R2L,R2L,1.0,YES,Medium
2026-01-06 07:30:15,DoS,DoS,1.0,YES,High
2026-01-06 07:30:15,DoS,DoS,1.0,YES,High
2026-01-06 07:30:15,DoS,DoS,1.0,YES,High
2026-01-06 07:30:15,Probe,Probe,0.994,YES,High
2026-01-06 07:30:15,R2L,R2L,1.0,YES,Medium
2026-01-06 07:30:15,DoS,DoS,1.0,YES,High
2026-01-06 07:30:15,U2R,U2R,1.0,YES,Critical
2026-01-06 07:30:15,U2R,U2R,1.0,YES,Critical
2026-01-06 07:30:15,DoS,DoS,1.0,YES,High
2026-01-06 07:30:16,Probe,Probe,1.0,YES,High
2026-01-06 07:30:16,Probe,Probe,1.0,YES,High
2026-01-06 07:30:16,Probe,Probe,0.995,YES,High
2026-01-06 07:30:16,R2L,R2L,1.0,YES,Medium
2026-01-06 07:30:16,R2L,R2L,1.0,YES,Medium
2026-01-06 07:30:16,Probe,Probe,1.0,YES,High
2026-01-06 07:30:16,U2R,U2R,1.0,YES,Critical
2026-01-06 07:30:16,R2L,R2L,0.98,YES,Medium
2026-01-06 07:30:16,Probe,Probe,0.98,YES,High
2026-01-06 07:30:16,R2L,R2L,1.0,YES,Medium
2026-01-06 07:30:16,Probe,Probe,0.995,YES,High
2026-01-06 07:30:16,Probe,Probe,1.0,YES,High
2026-01-06 07:30:16,U2R,U2R,1.0,YES,Critical
2026-01-06 07:30:16,Probe,Probe,1.0,YES,High
2026-01-06 07:30:16,Probe,Probe,1.0,YES,High
2026-01-06 07:30:16,U2R,U2R,1.0,YES,Critical
2026-01-06 07:30:16,DoS,DoS,1.0,YES,High
2026-01-06 07:30:16,R2L,R2L,1.0,YES,Medium
2026-01-06 07:30:16,Probe,Probe,0.973,YES,High
2026-01-06 07:30:16,U2R,U2R,1.0,YES,Critical
2026-01-06 07:30:16,R2L,R2L,1.0,YES,Medium
2026-01-06 07:30:16,DoS,DoS,1.0,YES,High
2026-01-06 07:30:16,Probe,Probe,1.0,YES,High
2026-01-06 07:30:16,Probe,Probe,1.0,YES,High
2026-01-06 07:30:16,DoS,DoS,1.0,YES,High
2026-01-06 07:30:16,DoS,DoS,1.0,YES,High
2026-01-06 07:30:16,U2R,U2R,1.0,YES,Critical
2026-01-06 07:30:16,Probe,Probe,1.0,YES,High
2026-01-06 07:30:16,R2L,R2L,1.0,YES,Medium
2026-01-06 07:30:16,Probe,Probe,0.99,YES,High
2026-01-06 07:30:16,DoS,DoS,1.0,YES,High
2026-01-06 07:30:16,R2L,R2L,1.0,YES,Medium
2026-01-06 07:30:16,R2L,R2L,1.0,YES,Medium
2026-01-06 07:30:16,R2L,R2L,0.999,YES,Medium
2026-01-06 07:30:16,U2R,U2R,1.0,YES,Critical
2026-01-06 07:30:16,DoS,DoS,0.995,YES,High
2026-01-06 07:30:16,DoS,DoS,1.0,YES,High
2026-01-06 07:30:16,U2R,U2R,1.0,YES,Critical
2026-01-06 07:30:16,Probe,Probe,1.0,YES,High
2026-01-06 07:30:16,U2R,U2R,0.995,YES,Critical
2026-01-06 07:30:16,R2L,R2L,1.0,YES,Medium
2026-01-06 07:30:16,U2R,U2R,1.0,YES,Critical
2026-01-06 07:30:16,DoS,DoS,1.0,YES,High
2026-01-06 07:30:16,DoS,DoS,1.0,YES,High
2026-01-06 07:30:16,Probe,Probe,1.0,YES,High
2026-01-06 07:30:16,R2L,R2L,1.0,YES,Medium
2026-01-06 07:30:16,U2R,U2R,1.0,YES,Critical
2026-01-06 07:30:16,Probe,Probe,1.0,YES,High
2026-01-06 07:30:16,R2L,R2L,1.0,YES,Medium
2026-01-06 07:30:16,R2L,R2L,1.0,YES,Medium
2026-01-06 07:30:16,DoS,DoS,1.0,YES,High
2026-01-06 07:30:16,DoS,DoS,1.0,YES,High
2026-01-06 07:30:16,Probe,Probe,0.999,YES,High
2026-01-06 07:30:16,DoS,DoS,1.0,YES,High
2026-01-06 07:30:16,R2L,R2L,1.0,YES,Medium
2026-01-06 07:30:17,DoS,DoS,1.0,YES,High
2026-01-06 07:30:17,U2R,U2R,1.0,YES,Critical
2026-01-06 07:30:17,DoS,DoS,0.99,YES,High
2026-01-06 07:30:17,Probe,Probe,1.0,YES,High
2026-01-06 07:30:17,R2L,R2L,1.0,YES,Medium
2026-01-06 07:30:17,R2L,R2L,1.0,YES,Medium
2026-01-06 07:30:17,U2R,U2R,1.0,YES,Critical
2026-01-06 07:30:17,DoS,DoS,1.0,YES,High
2026-01-06 07:30:17,DoS,DoS,1.0,YES,High
2026-01-06 07:30:17,Probe,Probe,1.0,YES,High
2026-01-06 07:30:17,U2R,U2R,1.0,YES,Critical
2026-01-06 07:30:17,U2R,U2R,1.0,YES,Critical
2026-01-06 07:30:17,R2L,R2L,1.0,YES,Medium
2026-01-06 07:30:17,R2L,R2L,1.0,YES,Medium
2026-01-06 07:30:17,DoS,DoS,1.0,YES,High
2026-01-06 07:30:17,DoS,DoS,0.999,YES,High
2026-01-06 07:30:17,DoS,DoS,1.0,YES,High
2026-01-06 07:30:17,DoS,DoS,1.0,YES,High
2026-01-06 07:30:17,U2R,U2R,1.0,YES,Critical
2026-01-06 07:30:17,DoS,DoS,1.0,YES,High
2026-01-06 07:30:17,DoS,DoS,1.0,YES,High
2026-01-06 07:30:17,DoS,DoS,1.0,YES,High
2026-01-06 07:30:17,DoS,DoS,1.0,YES,High
2026-01-06 07:30:17,Probe,Probe,1.0,YES,High
2026-01-06 07:30:17,DoS,DoS,1.0,YES,High
2026-01-06 07:30:17,DoS,DoS,1.0,YES,High
2026-01-06 07:30:17,Probe,Probe,1.0,YES,High
2026-01-06 07:30:17,R2L,R2L,1.0,YES,Medium
2026-01-06 07:30:17,R2L,R2L,1.0,YES,Medium
2026-01-06 07:30:17,R2L,R2L,1.0,YES,Medium
2026-01-06 07:30:17,DoS,DoS,1.0,YES,High
2026-01-06 07:30:17,U2R,U2R,1.0,YES,Critical
2026-01-06 07:30:17,R2L,R2L,1.0,YES,Medium
2026-01-06 07:30:17,R2L,R2L,1.0,YES,Medium
2026-01-06 07:30:17,R2L,R2L,1.0,YES,Medium
2026-01-06 07:30:17,R2L,R2L,1.0,YES,Medium
2026-01-06 07:30:17,DoS,DoS,1.0,YES,High
2026-01-06 07:30:17,DoS,DoS,1.0,YES,High
2026-01-06 07:30:17,R2L,R2L,0.99,YES,Medium
2026-01-06 07:30:17,U2R,U2R,1.0,YES,Critical
2026-01-06 07:30:17,DoS,DoS,1.0,YES,High
2026-01-06 07:30:17,R2L,R2L,1.0,YES,Medium
2026-01-06 07:30:17,R2L,R2L,1.0,YES,Medium
2026-01-06 07:30:17,Probe,Probe,0.97,YES,High
2026-01-06 07:30:17,DoS,DoS,1.0,YES,High
2026-01-06 07:30:17,U2R,U2R,1.0,YES,Critical
2026-01-06 07:30:17,U2R,U2R,1.0,YES,Critical
2026-01-06 07:30:17,R2L,R2L,1.0,YES,Medium
2026-01-06 07:30:17,DoS,DoS,1.0,YES,High
2026-01-06 07:30:17,R2L,R2L,1.0,YES,Medium
2026-01-06 07:30:17,Probe,Probe,1.0,YES,High
2026-01-06 07:30:17,R2L,R2L,1.0,YES,Medium
2026-01-06 07:30:17,U2R,U2R,1.0,YES,Critical
2026-01-06 07:30:17,DoS,DoS,1.0,YES,High
2026-01-06 07:30:17,R2L,R2L,1.0,YES,Medium
2026-01-06 07:30:17,Probe,Probe,1.0,YES,High
2026-01-06 07:30:18,Probe,Probe,1.0,YES,High
2026-01-06 07:30:18,DoS,DoS,1.0,YES,High
2026-01-06 07:30:18,U2R,U2R,1.0,YES,Critical
2026-01-06 07:30:18,Probe,Probe,1.0,YES,High
2026-01-06 07:30:18,Probe,Probe,1.0,YES,High
2026-01-06 07:30:18,R2L,R2L,1.0,YES,Medium
2026-01-06 07:30:18,DoS,DoS,1.0,YES,High
2026-01-06 07:30:18,Probe,Probe,1.0,YES,High
2026-01-06 07:30:18,R2L,R2L,1.0,YES,Medium
2026-01-06 07:30:18,Probe,Probe,1.0,YES,High
2026-01-06 07:30:18,U2R,U2R,1.0,YES,Critical
2026-01-06 07:30:18,DoS,DoS,1.0,YES,High
2026-01-06 07:30:18,R2L,R2L,0.995,YES,Medium
2026-01-06 07:30:18,DoS,DoS,1.0,YES,High
2026-01-06 07:30:18,Probe,Probe,1.0,YES,High
2026-01-06 07:30:18,U2R,U2R,1.0,YES,Critical
2026-01-06 07:30:18,R2L,R2L,1.0,YES,Medium
2026-01-06 07:30:18,Probe,Probe,0.985,YES,High
2026-01-06 07:30:18,R2L,R2L,1.0,YES,Medium
2026-01-06 07:30:18,DoS,DoS,0.99,YES,High
2026-01-06 07:30:18,U2R,U2R,1.0,YES,Critical
2026-01-06 07:30:18,DoS,DoS,1.0,YES,High
2026-01-06 07:30:18,R2L,R2L,1.0,YES,Medium
2026-01-06 07:30:18,U2R,U2R,1.0,YES,Critical
2026-01-06 07:30:18,U2R,U2R,1.0,YES,Critical
2026-01-06 07:30:18,DoS,DoS,1.0,YES,High
2026-01-06 07:30:18,U2R,U2R,1.0,YES,Critical
2026-01-06 07:30:18,DoS,DoS,1.0,YES,High
2026-01-06 07:30:18,Probe,Probe,1.0,YES,High
2026-01-06 07:30:18,R2L,R2L,1.0,YES,Medium
2026-01-06 07:30:18,U2R,U2R,0.995,YES,Critical
2026-01-06 07:30:18,Probe,Probe,1.0,YES,High
2026-01-06 07:30:18,Probe,Probe,1.0,YES,High
2026-01-06 07:30:18,R2L,R2L,1.0,YES,Medium
2026-01-06 07:30:18,U2R,U2R,1.0,YES,Critical
2026-01-06 07:30:18,DoS,DoS,1.0,YES,High
2026-01-06 07:30:18,Probe,Probe,0.989,YES,High
2026-01-06 07:30:18,R2L,R2L,0.995,YES,Medium
2026-01-06 07:30:18,U2R,U2R,1.0,YES,Critical
2026-01-06 07:30:18,R2L,R2L,1.0,YES,Medium
2026-01-06 07:30:18,R2L,R2L,1.0,YES,Medium
2026-01-06 07:30:18,DoS,DoS,1.0,YES,High
2026-01-06 07:30:18,Probe,Probe,1.0,YES,High
2026-01-06 07:30:18,DoS,DoS,1.0,YES,High
2026-01-06 07:30:18,Probe,Probe,1.0,YES,High
2026-01-06 07:30:18,R2L,R2L,0.999,YES,Medium
2026-01-06 07:30:18,R2L,R2L,1.0,YES,Medium
2026-01-06 07:30:18,R2L,R2L,1.0,YES,Medium
2026-01-06 07:30:18,R2L,R2L,1.0,YES,Medium
2026-01-06 07:30:18,U2R,U2R,1.0,YES,Critical
2026-01-06 07:30:18,DoS,DoS,1.0,YES,High
2026-01-06 07:30:18,R2L,R2L,1.0,YES,Medium
2026-01-06 07:30:18,Probe,Probe,0.99,YES,High
2026-01-06 07:30:18,R2L,R2L,1.0,YES,Medium
2026-01-06 07:30:18,DoS,DoS,1.0,YES,High
2026-01-06 07:30:18,U2R,U2R,1.0,YES,Critical
2026-01-06 07:30:18,Probe,Probe,1.0,YES,High
2026-01-06 07:30:19,DoS,DoS,1.0,YES,High
2026-01-06 07:30:19,DoS,DoS,1.0,YES,High
2026-01-06 07:30:19,DoS,DoS,1.0,YES,High
2026-01-06 07:30:19,U2R,U2R,1.0,YES,Critical
2026-01-06 07:30:19,R2L,R2L,1.0,YES,Medium
2026-01-06 07:30:19,U2R,U2R,1.0,YES,Critical
2026-01-06 07:30:19,DoS,DoS,1.0,YES,High
2026-01-06 07:30:19,Probe,Probe,1.0,YES,High
2026-01-06 07:30:19,R2L,R2L,1.0,YES,Medium
2026-01-06 07:30:19,R2L,R2L,1.0,YES,Medium
2026-01-06 07:30:19,U2R,U2R,1.0,YES,Critical
2026-01-06 07:30:19,R2L,R2L,1.0,YES,Medium
2026-01-06 07:30:19,Probe,Probe,0.99,YES,High
2026-01-06 07:30:19,R2L,R2L,1.0,YES,Medium
2026-01-06 07:30:19,DoS,DoS,1.0,YES,High
2026-01-06 07:30:19,DoS,DoS,1.0,YES,High
2026-01-06 07:30:19,DoS,DoS,0.999,YES,High
2026-01-06 07:30:19,R2L,R2L,1.0,YES,Medium
2026-01-06 07:30:19,DoS,DoS,1.0,YES,High
2026-01-06 07:30:19,Probe,Probe,1.0,YES,High
2026-01-06 07:30:19,DoS,DoS,0.96,YES,High
2026-01-06 07:30:19,Probe,Probe,1.0,YES,High
2026-01-06 07:30:19,DoS,DoS,1.0,YES,High
2026-01-06 07:30:19,R2L,R2L,1.0,YES,Medium
2026-01-06 07:30:19,R2L,R2L,1.0,YES,Medium
2026-01-06 07:30:19,R2L,R2L,0.99,YES,Medium
2026-01-06 07:30:19,Probe,Probe,0.995,YES,High
2026-01-06 07:30:19,U2R,U2R,1.0,YES,Critical
2026-01-06 07:30:19,U2R,U2R,1.0,YES,Critical
2026-01-06 07:30:19,R2L,R2L,1.0,YES,Medium
2026-01-06 07:30:19,DoS,DoS,1.0,YES,High
2026-01-06 07:30:19,U2R,U2R,1.0,YES,Critical
2026-01-06 07:30:19,DoS,DoS,1.0,YES,High
2026-01-06 07:30:19,R2L,R2L,1.0,YES,Medium
2026-01-06 07:30:19,R2L,R2L,0.995,YES,Medium
2026-01-06 07:30:19,Probe,Probe,1.0,YES,High
2026-01-06 07:30:19,R2L,R2L,0.9,YES,Medium
2026-01-06 07:30:19,DoS,DoS,1.0,YES,High
2026-01-06 07:30:19,R2L,R2L,1.0,YES,Medium
2026-01-06 07:30:19,DoS,DoS,1.0,YES,High
2026-01-06 07:30:19,R2L,R2L,1.0,YES,Medium
2026-01-06 07:30:19,R2L,R2L,1.0,YES,Medium
2026-01-06 07:30:19,Probe,Probe,0.995,YES,High
2026-01-06 07:30:19,R2L,R2L,1.0,YES,Medium
2026-01-06 07:30:19,R2L,R2L,1.0,YES,Medium
2026-01-06 07:30:19,U2R,U2R,1.0,YES,Critical
2026-01-06 07:30:19,U2R,U2R,1.0,YES,Critical
2026-01-06 07:30:19,R2L,R2L,1.0,YES,Medium
2026-01-06 07:30:19,Probe,Probe,1.0,YES,High
2026-01-06 07:30:19,R2L,R2L,0.999,YES,Medium
2026-01-06 07:30:19,DoS,DoS,1.0,YES,High
2026-01-06 07:30:19,U2R,U2R,1.0,YES,Critical
2026-01-06 07:30:19,Probe,Probe,1.0,YES,High
2026-01-06 07:30:19,R2L,R2L,1.0,YES,Medium
2026-01-06 07:30:19,U2R,U2R,1.0,YES,Critical
2026-01-06 07:30:19,U2R,U2R,1.0,YES,Critical
2026-01-06 07:30:19,Probe,Probe,1.0,YES,High
2026-01-06 07:30:20,U2R,U2R,1.0,YES,Critical
2026-01-06 07:30:20,Probe,Probe,1.0,YES,High
2026-01-06 07:30:20,R2L,R2L,1.0,YES,Medium
2026-01-06 07:30:20,R2L,R2L,1.0,YES,Medium
2026-01-06 07:30:20,DoS,DoS,1.0,YES,High
2026-01-06 07:30:20,R2L,R2L,1.0,YES,Medium
2026-01-06 07:30:20,DoS,DoS,1.0,YES,High
2026-01-06 07:30:20,U2R,U2R,1.0,YES,Critical
2026-01-06 07:30:20,R2L,R2L,1.0,YES,Medium
2026-01-06 07:30:20,U2R,U2R,1.0,YES,Critical
2026-01-06 07:30:20,R2L,R2L,1.0,YES,Medium
2026-01-06 07:30:20,R2L,R2L,1.0,YES,Medium
2026-01-06 07:30:20,DoS,DoS,0.995,YES,High
2026-01-06 07:30:20,R2L,R2L,1.0,YES,Medium
2026-01-06 07:30:20,Probe,Probe,1.0,YES,High
2026-01-06 07:30:20,DoS,DoS,1.0,YES,High
2026-01-06 07:30:20,U2R,U2R,1.0,YES,Critical
2026-01-06 07:30:20,Probe,Probe,0.999,YES,High
2026-01-06 07:30:20,DoS,DoS,1.0,YES,High
2026-01-06 07:30:20,R2L,R2L,1.0,YES,Medium
2026-01-06 07:30:20,Probe,Probe,1.0,YES,High
2026-01-06 07:30:20,Probe,Probe,1.0,YES,High
2026-01-06 07:30:20,Probe,Probe,1.0,YES,High
2026-01-06 07:30:20,R2L,R2L,1.0,YES,Medium
2026-01-06 07:30:20,DoS,DoS,1.0,YES,High
2026-01-06 07:30:20,DoS,DoS,1.0,YES,High
2026-01-06 07:30:20,Probe,Probe,1.0,YES,High
2026-01-06 07:30:20,Probe,Probe,1.0,YES,High
2026-01-06 07:30:20,R2L,R2L,1.0,YES,Medium
2026-01-06 07:30:20,R2L,R2L,1.0,YES,Medium
2026-01-06 07:30:20,R2L,R2L,1.0,YES,Medium
2026-01-06 07:30:20,U2R,U2R,1.0,YES,Critical
2026-01-06 07:30:20,Probe,Probe,0.995,YES,High
2026-01-06 07:30:20,U2R,U2R,1.0,YES,Critical
2026-01-06 07:30:20,DoS,DoS,0.99,YES,High
2026-01-06 07:30:20,R2L,R2L,1.0,YES,Medium
2026-01-06 07:30:21,R2L,R2L,1.0,YES,Medium
2026-01-06 07:30:21,R2L,R2L,1.0,YES,Medium
2026-01-06 07:30:21,Probe,Probe,0.997,YES,High
2026-01-06 07:30:21,DoS,DoS,1.0,YES,High
2026-01-06 07:30:21,DoS,DoS,1.0,YES,High
2026-01-06 07:30:21,R2L,R2L,1.0,YES,Medium
2026-01-06 07:30:21,U2R,U2R,1.0,YES,Critical
2026-01-06 07:30:21,R2L,R2L,1.0,YES,Medium
2026-01-06 07:30:21,DoS,DoS,1.0,YES,High
2026-01-06 07:30:21,Probe,Probe,0.91,YES,High
2026-01-06 07:30:21,U2R,U2R,1.0,YES,Critical
2026-01-06 07:30:21,Probe,Probe,1.0,YES,High
2026-01-06 07:30:21,DoS,DoS,1.0,YES,High
2026-01-06 07:30:21,U2R,U2R,1.0,YES,Critical
2026-01-06 07:30:21,DoS,DoS,1.0,YES,High
2026-01-06 07:30:21,DoS,DoS,1.0,YES,High
2026-01-06 07:30:21,DoS,DoS,1.0,YES,High
2026-01-06 07:30:21,DoS,DoS,1.0,YES,High
2026-01-06 07:30:21,U2R,U2R,1.0,YES,Critical
2026-01-06 07:30:21,R2L,R2L,1.0,YES,Medium
2026-01-06 07:30:21,U2R,U2R,1.0,YES,Critical
2026-01-06 07:30:21,U2R,U2R,1.0,YES,Critical
2026-01-06 07:30:21,U2R,U2R,1.0,YES,Critical
2026-01-06 07:30:21,Probe,Probe,0.999,YES,High
2026-01-06 07:30:21,U2R,U2R,1.0,YES,Critical
2026-01-06 07:30:21,U2R,U2R,1.0,YES,Critical
2026-01-06 07:30:21,Probe,Probe,1.0,YES,High
2026-01-06 07:30:21,Probe,Probe,1.0,YES,High
2026-01-06 07:30:21,Probe,Probe,1.0,YES,High
2026-01-06 07:30:21,DoS,DoS,0.99,YES,High
2026-01-06 07:30:21,Probe,Probe,1.0,YES,High
2026-01-06 07:30:21,U2R,U2R,1.0,YES,Critical
2026-01-06 07:30:21,Probe,Probe,1.0,YES,High
2026-01-06 07:30:21,U2R,U2R,1.0,YES,Critical
2026-01-06 07:30:21,R2L,R2L,1.0,YES,Medium
2026-01-06 07:30:21,U2R,U2R,1.0,YES,Critical
2026-01-06 07:30:22,DoS,DoS,1.0,YES,High
2026-01-06 07:30:22,U2R,U2R,1.0,YES,Critical
2026-01-06 07:30:22,Probe,Probe,0.96,YES,High
2026-01-06 07:30:22,Probe,Probe,1.0,YES,High
2026-01-06 07:30:22,R2L,R2L,1.0,YES,Medium
2026-01-06 07:30:22,U2R,U2R,1.0,YES,Critical
2026-01-06 07:30:22,R2L,R2L,1.0,YES,Medium
2026-01-06 07:30:22,Probe,Probe,1.0,YES,High
2026-01-06 07:30:22,U2R,U2R,1.0,YES,Critical
2026-01-06 07:30:22,DoS,DoS,1.0,YES,High
2026-01-06 07:30:22,Probe,Probe,1.0,YES,High
2026-01-06 07:30:22,Probe,Probe,0.999,YES,High
2026-01-06 07:30:22,U2R,U2R,1.0,YES,Critical
2026-01-06 07:30:22,DoS,DoS,1.0,YES,High
2026-01-06 07:30:22,Probe,Probe,1.0,YES,High
2026-01-06 07:30:22,DoS,DoS,0.995,YES,High
2026-01-06 07:30:22,DoS,DoS,1.0,YES,High
2026-01-06 07:30:22,U2R,U2R,1.0,YES,Critical
2026-01-06 07:30:22,Probe,Probe,1.0,YES,High
2026-01-06 07:30:22,Probe,Probe,1.0,YES,High
2026-01-06 07:30:22,U2R,U2R,1.0,YES,Critical
2026-01-06 07:30:22,U2R,U2R,1.0,YES,Critical
2026-01-06 07:30:22,DoS,DoS,1.0,YES,High
2026-01-06 07:30:22,R2L,R2L,1.0,YES,Medium
2026-01-06 07:30:22,R2L,R2L,1.0,YES,Medium
2026-01-06 07:30:22,R2L,R2L,1.0,YES,Medium
2026-01-06 07:30:22,R2L,R2L,1.0,YES,Medium
2026-01-06 07:30:22,DoS,DoS,1.0,YES,High
2026-01-06 07:30:22,Probe,Probe,0.995,YES,High
2026-01-06 07:30:22,U2R,U2R,1.0,YES,Critical
2026-01-06 07:30:22,DoS,DoS,0.995,YES,High
2026-01-06 07:30:22,U2R,U2R,1.0,YES,Critical
2026-01-06 07:30:22,R2L,R2L,1.0,YES,Medium
2026-01-06 07:30:22,U2R,U2R,1.0,YES,Critical
2026-01-06 07:30:22,Probe,Probe,0.99,YES,High
2026-01-06 07:30:22,DoS,DoS,1.0,YES,High
2026-01-06 07:30:23,Probe,Probe,1.0,YES,High
2026-01-06 07:30:23,U2R,U2R,1.0,YES,Critical
2026-01-06 07:30:23,U2R,U2R,1.0,YES,Critical
2026-01-06 07:30:23,U2R,U2R,1.0,YES,Critical
2026-01-06 07:30:23,Probe,Probe,1.0,YES,High
2026-01-06 07:30:23,DoS,DoS,1.0,YES,High
2026-01-06 07:30:23,R2L,R2L,1.0,YES,Medium
2026-01-06 07:30:23,DoS,DoS,1.0,YES,High
2026-01-06 07:30:23,U2R,U2R,1.0,YES,Critical
2026-01-06 07:30:23,U2R,U2R,1.0,YES,Critical
2026-01-06 07:30:23,U2R,U2R,1.0,YES,Critical
2026-01-06 07:30:23,U2R,U2R,1.0,YES,Critical
2026-01-06 07:30:23,U2R,U2R,1.0,YES,Critical
2026-01-06 07:30:23,R2L,R2L,1.0,YES,Medium
2026-01-06 07:30:23,U2R,U2R,1.0,YES,Critical
2026-01-06 07:30:23,DoS,DoS,1.0,YES,High
2026-01-06 07:30:23,Probe,Probe,1.0,YES,High
2026-01-06 07:30:23,R2L,R2L,1.0,YES,Medium
2026-01-06 07:30:23,U2R,U2R,1.0,YES,Critical
2026-01-06 07:30:23,U2R,U2R,1.0,YES,Critical
2026-01-06 07:30:23,R2L,R2L,1.0,YES,Medium
2026-01-06 07:30:23,DoS,DoS,1.0,YES,High
2026-01-06 07:30:23,U2R,U2R,1.0,YES,Critical
2026-01-06 07:30:23,U2R,U2R,1.0,YES,Critical
2026-01-06 07:30:23,DoS,DoS,0.855,YES,High
2026-01-06 07:30:23,R2L,R2L,1.0,YES,Medium
2026-01-06 07:30:23,R2L,R2L,1.0,YES,Medium
2026-01-06 07:30:23,Probe,Probe,0.985,YES,High
2026-01-06 07:30:23,Probe,Probe,0.945,YES,High
2026-01-06 07:30:23,Probe,Probe,1.0,YES,High
2026-01-06 07:30:23,U2R,U2R,1.0,YES,Critical
2026-01-06 07:30:23,DoS,DoS,0.995,YES,High
2026-01-06 07:30:23,U2R,U2R,1.0,YES,Critical
2026-01-06 07:30:23,U2R,U2R,1.0,YES,Critical
2026-01-06 07:30:23,DoS,DoS,0.995,YES,High
2026-01-06 07:30:23,U2R,U2R,1.0,YES,Critical
2026-01-06 07:30:23,DoS,DoS,1.0,YES,High
2026-01-06 07:30:23,U2R,U2R,1.0,YES,Critical
2026-01-06 07:30:23,DoS,DoS,1.0,YES,High
2026-01-06 07:30:23,R2L,R2L,1.0,YES,Medium
2026-01-06 07:30:23,U2R,U2R,1.0,YES,Critical
2026-01-06 07:30:23,DoS,DoS,1.0,YES,High
2026-01-06 07:30:23,Probe,Probe,0.995,YES,High
2026-01-06 07:30:23,U2R,U2R,1.0,YES,Critical
2026-01-06 07:30:23,R2L,R2L,0.995,YES,Medium
2026-01-06 07:30:23,R2L,R2L,1.0,YES,Medium
2026-01-06 07:30:23,R2L,R2L,1.0,YES,Medium
2026-01-06 07:30:23,U2R,U2R,1.0,YES,Critical
2026-01-06 07:30:23,Probe,Probe,1.0,YES,High
2026-01-06 07:30:23,Probe,Probe,1.0,YES,High
2026-01-06 07:30:23,DoS,DoS,1.0,YES,High
2026-01-06 07:30:23,R2L,R2L,0.999,YES,Medium
2026-01-06 07:30:24,R2L,R2L,1.0,YES,Medium
2026-01-06 07:30:24,U2R,U2R,1.0,YES,Critical
2026-01-06 07:30:24,U2R,U2R,1.0,YES,Critical
2026-01-06 07:30:24,Probe,Probe,0.995,YES,High
2026-01-06 07:30:24,U2R,U2R,1.0,YES,Critical
2026-01-06 07:30:24,Probe,Probe,1.0,YES,High
2026-01-06 07:30:24,Probe,Probe,1.0,YES,High
2026-01-06 07:30:24,DoS,DoS,1.0,YES,High
2026-01-06 07:30:24,R2L,R2L,1.0,YES,Medium
2026-01-06 07:30:24,Probe,Probe,1.0,YES,High
2026-01-06 07:30:24,Probe,Probe,1.0,YES,High
2026-01-06 07:30:24,U2R,U2R,1.0,YES,Critical
2026-01-06 07:30:24,R2L,R2L,0.97,YES,Medium
2026-01-06 07:30:24,U2R,U2R,1.0,YES,Critical
2026-01-06 07:30:24,DoS,DoS,0.989,YES,High
2026-01-06 07:30:24,U2R,U2R,1.0,YES,Critical
2026-01-06 07:30:24,U2R,U2R,1.0,YES,Critical
2026-01-06 07:30:24,DoS,DoS,1.0,YES,High
2026-01-06 07:30:24,R2L,R2L,1.0,YES,Medium
2026-01-06 07:30:24,Probe,Probe,1.0,YES,High
2026-01-06 07:30:24,R2L,R2L,1.0,YES,Medium
2026-01-06 07:30:24,R2L,R2L,1.0,YES,Medium
2026-01-06 07:30:24,U2R,U2R,1.0,YES,Critical
2026-01-06 07:30:24,DoS,DoS,1.0,YES,High
2026-01-06 07:30:24,R2L,R2L,1.0,YES,Medium
2026-01-06 07:30:24,R2L,R2L,1.0,YES,Medium
2026-01-06 07:30:24,U2R,U2R,1.0,YES,Critical
2026-01-06 07:30:24,U2R,U2R,1.0,YES,Critical
2026-01-06 07:30:24,U2R,U2R,1.0,YES,Critical
2026-01-06 07:30:24,U2R,U2R,1.0,YES,Critical
2026-01-06 07:30:24,Probe,Probe,0.995,YES,High
2026-01-06 07:30:24,U2R,U2R,1.0,YES,Critical
2026-01-06 07:30:24,DoS,DoS,1.0,YES,High
2026-01-06 07:30:24,U2R,U2R,1.0,YES,Critical
2026-01-06 07:30:24,U2R,U2R,1.0,YES,Critical
2026-01-06 07:30:24,U2R,U2R,1.0,YES,Critical
2026-01-06 07:30:24,Probe,Probe,1.0,YES,High
2026-01-06 07:30:24,U2R,U2R,1.0,YES,Critical
2026-01-06 07:30:24,DoS,DoS,1.0,YES,High
2026-01-06 07:30:24,Probe,Probe,1.0,YES,High
2026-01-06 07:30:24,DoS,DoS,1.0,YES,High
2026-01-06 07:30:24,Probe,Probe,1.0,YES,High
2026-01-06 07:30:24,R2L,R2L,1.0,YES,Medium
2026-01-06 07:30:24,R2L,R2L,1.0,YES,Medium
2026-01-06 07:30:24,Probe,Probe,1.0,YES,High
2026-01-06 07:30:24,R2L,R2L,1.0,YES,Medium
2026-01-06 07:30:24,R2L,R2L,1.0,YES,Medium
2026-01-06 07:30:24,DoS,DoS,1.0,YES,High
2026-01-06 07:30:24,DoS,DoS,1.0,YES,High
2026-01-06 07:30:24,DoS,DoS,1.0,YES,High
2026-01-06 07:30:24,Probe,Probe,1.0,YES,High
2026-01-06 07:30:24,U2R,U2R,1.0,YES,Critical
2026-01-06 07:30:24,R2L,R2L,1.0,YES,Medium
2026-01-06 07:30:24,DoS,DoS,1.0,YES,High
2026-01-06 07:30:24,U2R,U2R,1.0,YES,Critical
2026-01-06 07:30:24,DoS,DoS,1.0,YES,High
2026-01-06 07:30:24,DoS,DoS,1.0,YES,High
2026-01-06 07:30:24,Probe,Probe,1.0,YES,High
2026-01-06 07:30:24,Probe,Probe,1.0,YES,High
2026-01-06 07:30:25,U2R,U2R,1.0,YES,Critical
2026-01-06 07:30:25,U2R,U2R,1.0,YES,Critical
2026-01-06 07:30:25,DoS,DoS,1.0,YES,High
2026-01-06 07:30:25,R2L,R2L,1.0,YES,Medium
2026-01-06 07:30:25,Probe,Probe,1.0,YES,High
2026-01-06 07:30:25,Probe,Probe,0.99,YES,High
2026-01-06 07:30:25,Probe,Probe,1.0,YES,High
2026-01-06 07:30:25,DoS,DoS,1.0,YES,High
2026-01-06 07:30:25,Probe,Probe,1.0,YES,High
2026-01-06 07:30:25,DoS,DoS,1.0,YES,High
2026-01-06 07:30:25,Probe,Probe,1.0,YES,High
2026-01-06 07:30:25,R2L,R2L,1.0,YES,Medium
2026-01-06 07:30:25,DoS,DoS,1.0,YES,High
2026-01-06 07:30:25,Probe,Probe,1.0,YES,High
2026-01-06 07:30:25,DoS,DoS,1.0,YES,High
2026-01-06 07:30:25,DoS,DoS,1.0,YES,High
2026-01-06 07:30:25,DoS,DoS,1.0,YES,High
2026-01-06 07:30:25,U2R,U2R,1.0,YES,Critical
2026-01-06 07:30:25,R2L,R2L,1.0,YES,Medium
2026-01-06 07:30:25,R2L,R2L,1.0,YES,Medium
2026-01-06 07:30:25,DoS,DoS,1.0,YES,High
2026-01-06 07:30:25,R2L,R2L,0.995,YES,Medium
2026-01-06 07:30:25,R2L,R2L,0.999,YES,Medium
2026-01-06 07:30:25,R2L,R2L,1.0,YES,Medium
2026-01-06 07:30:25,U2R,U2R,1.0,YES,Critical
2026-01-06 07:30:25,U2R,U2R,1.0,YES,Critical
2026-01-06 07:30:25,DoS,DoS,1.0,YES,High
2026-01-06 07:30:25,U2R,U2R,1.0,YES,Critical
2026-01-06 07:30:25,R2L,R2L,1.0,YES,Medium
2026-01-06 07:30:25,U2R,U2R,1.0,YES,Critical
2026-01-06 07:30:25,R2L,R2L,1.0,YES,Medium
2026-01-06 07:30:25,U2R,U2R,1.0,YES,Critical
2026-01-06 07:30:25,Probe,Probe,1.0,YES,High
2026-01-06 07:30:25,U2R,U2R,1.0,YES,Critical
2026-01-06 07:30:25,DoS,DoS,1.0,YES,High
2026-01-06 07:30:25,DoS,DoS,1.0,YES,High
2026-01-06 07:30:25,Probe,Probe,1.0,YES,High
2026-01-06 07:30:25,DoS,DoS,1.0,YES,High
2026-01-06 07:30:25,DoS,DoS,1.0,YES,High
2026-01-06 07:30:25,DoS,DoS,1.0,YES,High
2026-01-06 07:30:25,U2R,U2R,1.0,YES,Critical
2026-01-06 07:30:25,U2R,U2R,1.0,YES,Critical
2026-01-06 07:30:25,Probe,Probe,1.0,YES,High
2026-01-06 07:30:25,Probe,Probe,1.0,YES,High
2026-01-06 07:30:25,Probe,Probe,1.0,YES,High
2026-01-06 07:30:25,U2R,U2R,1.0,YES,Critical
2026-01-06 07:30:25,R2L,R2L,1.0,YES,Medium
2026-01-06 07:30:25,DoS,DoS,1.0,YES,High
2026-01-06 07:30:25,DoS,DoS,1.0,YES,High
2026-01-06 07:30:25,Probe,Probe,0.997,YES,High
2026-01-06 07:30:25,R2L,R2L,1.0,YES,Medium
2026-01-06 07:30:25,R2L,R2L,1.0,YES,Medium
2026-01-06 07:30:25,DoS,DoS,1.0,YES,High
2026-01-06 07:30:25,R2L,R2L,1.0,YES,Medium
2026-01-06 07:30:25,Probe,Probe,1.0,YES,High
2026-01-06 07:30:25,DoS,DoS,0.995,YES,High
2026-01-06 07:30:25,U2R,U2R,1.0,YES,Critical
2026-01-06 07:30:25,R2L,R2L,1.0,YES,Medium
2026-01-06 07:30:26,U2R,U2R,1.0,YES,Critical
2026-01-06 07:30:26,U2R,U2R,1.0,YES,Critical
2026-01-06 07:30:26,DoS,DoS,1.0,YES,High
2026-01-06 07:30:26,Probe,Probe,1.0,YES,High
2026-01-06 07:30:26,U2R,U2R,1.0,YES,Critical
2026-01-06 07:30:26,Probe,Probe,1.0,YES,High
2026-01-06 07:30:26,DoS,DoS,1.0,YES,High
2026-01-06 07:30:26,U2R,U2R,1.0,YES,Critical
2026-01-06 07:30:26,R2L,R2L,1.0,YES,Medium
2026-01-06 07:30:26,Probe,Probe,1.0,YES,High
2026-01-06 07:30:26,R2L,R2L,1.0,YES,Medium
2026-01-06 07:30:26,U2R,U2R,1.0,YES,Critical
2026-01-06 07:30:26,R2L,R2L,1.0,YES,Medium
2026-01-06 07:30:26,R2L,R2L,1.0,YES,Medium
2026-01-06 07:30:26,U2R,U2R,1.0,YES,Critical
2026-01-06 07:30:26,DoS,DoS,1.0,YES,High
2026-01-06 07:30:26,U2R,U2R,1.0,YES,Critical
2026-01-06 07:30:26,Probe,Probe,1.0,YES,High
2026-01-06 07:30:26,DoS,DoS,1.0,YES,High
2026-01-06 07:30:26,R2L,R2L,1.0,YES,Medium
2026-01-06 07:30:26,U2R,U2R,1.0,YES,Critical
2026-01-06 07:30:26,R2L,R2L,1.0,YES,Medium
2026-01-06 07:30:26,R2L,R2L,1.0,YES,Medium
2026-01-06 07:30:26,R2L,R2L,1.0,YES,Medium
2026-01-06 07:30:26,DoS,DoS,1.0,YES,High
2026-01-06 07:30:26,R2L,R2L,1.0,YES,Medium
2026-01-06 07:30:26,U2R,U2R,1.0,YES,Critical
2026-01-06 07:30:26,Probe,Probe,0.995,YES,High
2026-01-06 07:30:26,Probe,Probe,0.999,YES,High
2026-01-06 07:30:26,Probe,Probe,0.993,YES,High
2026-01-06 07:30:26,R2L,R2L,1.0,YES,Medium
2026-01-06 07:30:26,DoS,DoS,1.0,YES,High
2026-01-06 07:30:26,U2R,U2R,1.0,YES,Critical
2026-01-06 07:30:26,Probe,Probe,1.0,YES,High
2026-01-06 07:30:26,R2L,R2L,1.0,YES,Medium
2026-01-06 07:30:26,R2L,R2L,1.0,YES,Medium
2026-01-06 07:30:26,U2R,U2R,1.0,YES,Critical
2026-01-06 07:30:26,R2L,R2L,1.0,YES,Medium
2026-01-06 07:30:26,R2L,R2L,1.0,YES,Medium
2026-01-06 07:30:26,Probe,Probe,0.995,YES,High
2026-01-06 07:30:26,U2R,U2R,1.0,YES,Critical
2026-01-06 07:30:26,DoS,DoS,1.0,YES,High
2026-01-06 07:30:26,U2R,U2R,1.0,YES,Critical
2026-01-06 07:30:26,DoS,DoS,1.0,YES,High
2026-01-06 07:30:26,DoS,DoS,1.0,YES,High
2026-01-06 07:30:26,DoS,DoS,0.995,YES,High
2026-01-06 07:30:26,U2R,U2R,1.0,YES,Critical
2026-01-06 07:30:26,R2L,R2L,1.0,YES,Medium
2026-01-06 07:30:26,U2R,U2R,1.0,YES,Critical
2026-01-06 07:30:26,Probe,Probe,1.0,YES,High
2026-01-06 07:30:26,DoS,DoS,1.0,YES,High
2026-01-06 07:30:26,DoS,DoS,1.0,YES,High
2026-01-06 07:30:26,Probe,Probe,1.0,YES,High
2026-01-06 07:30:26,R2L,R2L,1.0,YES,Medium
2026-01-06 07:30:26,Probe,Probe,1.0,YES,High
2026-01-06 07:30:26,Probe,Probe,1.0,YES,High
2026-01-06 07:30:27,U2R,U2R,1.0,YES,Critical
2026-01-06 07:30:27,U2R,U2R,1.0,YES,Critical
2026-01-06 07:30:27,U2R,U2R,1.0,YES,Critical
2026-01-06 07:30:27,DoS,DoS,1.0,YES,High
2026-01-06 07:30:27,U2R,U2R,1.0,YES,Critical
2026-01-06 07:30:27,U2R,U2R,1.0,YES,Critical
2026-01-06 07:30:27,Probe,Probe,1.0,YES,High
2026-01-06 07:30:27,U2R,U2R,1.0,YES,Critical
2026-01-06 07:30:27,U2R,U2R,1.0,YES,Critical
2026-01-06 07:30:27,U2R,U2R,1.0,YES,Critical
2026-01-06 07:30:27,DoS,DoS,1.0,YES,High
2026-01-06 07:30:27,DoS,DoS,1.0,YES,High
2026-01-06 07:30:27,Probe,Probe,1.0,YES,High
2026-01-06 07:30:27,R2L,R2L,1.0,YES,Medium
2026-01-06 07:30:27,U2R,U2R,1.0,YES,Critical
2026-01-06 07:30:27,R2L,R2L,1.0,YES,Medium
2026-01-06 07:30:27,DoS,DoS,1.0,YES,High
2026-01-06 07:30:27,R2L,R2L,1.0,YES,Medium
2026-01-06 07:30:27,R2L,R2L,1.0,YES,Medium
2026-01-06 07:30:27,Probe,Probe,1.0,YES,High
2026-01-06 07:30:27,R2L,R2L,1.0,YES,Medium
2026-01-06 07:30:27,U2R,U2R,1.0,YES,Critical
2026-01-06 07:30:27,R2L,R2L,1.0,YES,Medium
2026-01-06 07:30:27,DoS,DoS,1.0,YES,High
2026-01-06 07:30:27,DoS,DoS,0.945,YES,High
2026-01-06 07:30:27,U2R,U2R,1.0,YES,Critical
2026-01-06 07:30:27,U2R,U2R,1.0,YES,Critical
2026-01-06 07:30:27,R2L,R2L,0.995,YES,Medium
2026-01-06 07:30:27,Probe,Probe,1.0,YES,High
2026-01-06 07:30:27,U2R,U2R,1.0,YES,Critical
2026-01-06 07:30:27,DoS,DoS,1.0,YES,High
2026-01-06 07:30:27,Probe,Probe,0.995,YES,High
2026-01-06 07:30:27,Probe,Probe,1.0,YES,High
2026-01-06 07:30:27,Probe,Probe,1.0,YES,High
2026-01-06 07:30:27,DoS,DoS,1.0,YES,High
2026-01-06 07:30:27,DoS,DoS,1.0,YES,High
2026-01-06 07:30:27,R2L,R2L,1.0,YES,Medium
2026-01-06 07:30:27,Probe,Probe,1.0,YES,High
2026-01-06 07:30:27,R2L,R2L,0.995,YES,Medium
2026-01-06 07:30:27,DoS,DoS,1.0,YES,High
2026-01-06 07:30:27,R2L,R2L,1.0,YES,Medium
2026-01-06 07:30:27,DoS,DoS,1.0,YES,High
2026-01-06 07:30:27,R2L,R2L,1.0,YES,Medium
2026-01-06 07:30:27,R2L,R2L,1.0,YES,Medium
2026-01-06 07:30:27,R2L,R2L,1.0,YES,Medium
2026-01-06 07:30:27,Probe,Probe,1.0,YES,High
2026-01-06 07:30:27,DoS,DoS,1.0,YES,High
2026-01-06 07:30:27,R2L,R2L,0.999,YES,Medium
2026-01-06 07:30:27,Probe,Probe,1.0,YES,High
2026-01-06 07:30:27,U2R,U2R,1.0,YES,Critical
2026-01-06 07:30:27,Probe,Probe,1.0,YES,High
2026-01-06 07:30:27,R2L,R2L,1.0,YES,Medium
2026-01-06 07:30:27,U2R,U2R,1.0,YES,Critical
2026-01-06 07:30:27,DoS,DoS,1.0,YES,High
2026-01-06 07:30:27,R2L,R2L,1.0,YES,Medium
2026-01-06 07:30:27,DoS,DoS,1.0,YES,High
2026-01-06 07:30:28,Probe,Probe,1.0,YES,High
2026-01-06 07:30:28,Probe,Probe,1.0,YES,High
2026-01-06 07:30:28,R2L,R2L,1.0,YES,Medium
2026-01-06 07:30:28,U2R,U2R,0.99,YES,Critical
2026-01-06 07:30:28,U2R,U2R,1.0,YES,Critical
2026-01-06 07:30:28,R2L,R2L,1.0,YES,Medium
2026-01-06 07:30:28,R2L,R2L,1.0,YES,Medium
2026-01-06 07:30:28,U2R,U2R,1.0,YES,Critical
2026-01-06 07:30:28,Probe,Probe,0.995,YES,High
2026-01-06 07:30:28,R2L,R2L,1.0,YES,Medium
2026-01-06 07:30:28,DoS,DoS,1.0,YES,High
2026-01-06 07:30:28,DoS,DoS,1.0,YES,High
2026-01-06 07:30:28,R2L,R2L,1.0,YES,Medium
2026-01-06 07:30:28,U2R,U2R,1.0,YES,Critical
2026-01-06 07:30:28,Probe,Probe,1.0,YES,High
2026-01-06 07:30:28,Probe,Probe,0.975,YES,High
2026-01-06 07:30:28,DoS,DoS,1.0,YES,High
2026-01-06 07:30:28,R2L,R2L,0.995,YES,Medium
2026-01-06 07:30:28,Probe,Probe,1.0,YES,High
2026-01-06 07:30:28,Probe,Probe,1.0,YES,High
2026-01-06 07:30:28,R2L,R2L,0.932,YES,Medium
2026-01-06 07:30:28,R2L,R2L,1.0,YES,Medium
2026-01-06 07:30:28,DoS,DoS,1.0,YES,High
2026-01-06 07:30:28,DoS,DoS,0.995,YES,High
2026-01-06 07:30:28,DoS,DoS,1.0,YES,High
2026-01-06 07:30:28,U2R,U2R,1.0,YES,Critical
2026-01-06 07:30:28,R2L,R2L,1.0,YES,Medium
2026-01-06 07:30:28,Probe,Probe,1.0,YES,High
2026-01-06 07:30:28,DoS,DoS,1.0,YES,High
2026-01-06 07:30:28,U2R,U2R,1.0,YES,Critical
2026-01-06 07:30:28,U2R,U2R,1.0,YES,Critical
2026-01-06 07:30:28,DoS,DoS,1.0,YES,High
2026-01-06 07:30:28,R2L,R2L,1.0,YES,Medium
2026-01-06 07:30:28,Probe,Probe,1.0,YES,High
2026-01-06 07:30:28,U2R,U2R,1.0,YES,Critical
2026-01-06 07:30:28,DoS,DoS,1.0,YES,High
2026-01-06 07:30:28,Probe,Probe,1.0,YES,High
2026-01-06 07:30:28,DoS,DoS,1.0,YES,High
2026-01-06 07:30:28,R2L,R2L,1.0,YES,Medium
2026-01-06 07:30:28,U2R,U2R,1.0,YES,Critical
2026-01-06 07:30:28,Probe,Probe,1.0,YES,High
2026-01-06 07:30:28,U2R,U2R,1.0,YES,Critical
2026-01-06 07:30:28,DoS,DoS,1.0,YES,High
2026-01-06 07:30:28,R2L,R2L,1.0,YES,Medium
2026-01-06 07:30:28,U2R,U2R,1.0,YES,Critical
2026-01-06 07:30:28,DoS,DoS,1.0,YES,High
2026-01-06 07:30:28,DoS,DoS,1.0,YES,High
2026-01-06 07:30:28,R2L,R2L,1.0,YES,Medium
2026-01-06 07:30:28,DoS,DoS,1.0,YES,High
2026-01-06 07:30:28,DoS,DoS,1.0,YES,High
2026-01-06 07:30:28,U2R,U2R,1.0,YES,Critical
2026-01-06 07:30:28,U2R,U2R,1.0,YES,Critical
2026-01-06 07:30:28,Probe,Probe,1.0,YES,High
2026-01-06 07:30:28,R2L,R2L,1.0,YES,Medium
2026-01-06 07:30:28,Probe,Probe,1.0,YES,High
2026-01-06 07:30:28,R2L,R2L,1.0,YES,Medium
2026-01-06 07:30:28,U2R,U2R,1.0,YES,Critical
2026-01-06 07:30:28,U2R,U2R,1.0,YES,Critical
2026-01-06 07:30:29,DoS,DoS,1.0,YES,High
2026-01-06 07:30:29,R2L,R2L,1.0,YES,Medium
2026-01-06 07:30:29,R2L,R2L,1.0,YES,Medium
2026-01-06 07:30:29,DoS,DoS,1.0,YES,High
2026-01-06 07:30:29,U2R,U2R,1.0,YES,Critical
2026-01-06 07:30:29,R2L,R2L,1.0,YES,Medium
2026-01-06 07:30:29,DoS,DoS,1.0,YES,High
2026-01-06 07:30:29,U2R,U2R,1.0,YES,Critical
2026-01-06 07:30:29,R2L,R2L,1.0,YES,Medium
2026-01-06 07:30:29,U2R,U2R,1.0,YES,Critical
2026-01-06 07:30:29,R2L,R2L,0.995,YES,Medium
2026-01-06 07:30:29,Probe,Probe,0.995,YES,High
2026-01-06 07:30:29,Probe,Probe,0.99,YES,High
2026-01-06 07:30:29,Probe,Probe,0.989,YES,High
2026-01-06 07:30:29,R2L,R2L,1.0,YES,Medium
2026-01-06 07:30:29,Probe,Probe,1.0,YES,High
2026-01-06 07:30:29,DoS,DoS,1.0,YES,High
2026-01-06 07:30:29,DoS,DoS,1.0,YES,High
2026-01-06 07:30:29,R2L,R2L,1.0,YES,Medium
2026-01-06 07:30:29,U2R,U2R,1.0,YES,Critical
2026-01-06 07:30:29,DoS,DoS,0.995,YES,High
2026-01-06 07:30:29,U2R,U2R,1.0,YES,Critical
2026-01-06 07:30:29,R2L,R2L,0.999,YES,Medium
2026-01-06 07:30:29,R2L,R2L,1.0,YES,Medium
2026-01-06 07:30:29,DoS,DoS,1.0,YES,High
2026-01-06 07:30:29,R2L,R2L,1.0,YES,Medium
2026-01-06 07:30:29,U2R,U2R,1.0,YES,Critical
2026-01-06 07:30:29,R2L,R2L,1.0,YES,Medium
2026-01-06 07:30:29,R2L,R2L,1.0,YES,Medium
2026-01-06 07:30:29,DoS,DoS,1.0,YES,High
2026-01-06 07:30:29,Probe,Probe,1.0,YES,High
2026-01-06 07:30:29,U2R,U2R,1.0,YES,Critical
2026-01-06 07:30:29,DoS,DoS,1.0,YES,High
2026-01-06 07:30:29,Probe,Probe,0.988,YES,High
2026-01-06 07:30:29,R2L,R2L,1.0,YES,Medium
2026-01-06 07:30:29,R2L,R2L,1.0,YES,Medium
2026-01-06 07:30:29,Probe,Probe,1.0,YES,High
2026-01-06 07:30:29,R2L,R2L,1.0,YES,Medium
2026-01-06 07:30:29,Probe,Probe,1.0,YES,High
2026-01-06 07:30:29,R2L,R2L,1.0,YES,Medium
2026-01-06 07:30:29,Probe,Probe,0.985,YES,High
2026-01-06 07:30:29,R2L,R2L,1.0,YES,Medium
2026-01-06 07:30:29,R2L,R2L,0.92,YES,Medium
2026-01-06 07:30:29,DoS,DoS,1.0,YES,High
2026-01-06 07:30:29,DoS,DoS,1.0,YES,High
2026-01-06 07:30:29,Probe,Probe,0.99,YES,High
2026-01-06 07:30:29,R2L,R2L,1.0,YES,Medium
2026-01-06 07:30:29,R2L,R2L,1.0,YES,Medium
2026-01-06 07:30:29,U2R,U2R,1.0,YES,Critical
2026-01-06 07:30:29,DoS,DoS,1.0,YES,High
2026-01-06 07:30:29,U2R,U2R,1.0,YES,Critical
2026-01-06 07:30:29,DoS,DoS,1.0,YES,High
2026-01-06 07:30:29,R2L,R2L,1.0,YES,Medium
2026-01-06 07:30:29,Probe,Probe,1.0,YES,High
2026-01-06 07:30:29,Probe,Probe,1.0,YES,High
2026-01-06 07:30:29,Probe,Probe,1.0,YES,High
2026-01-06 07:30:29,Probe,Probe,1.0,YES,High
2026-01-06 07:30:29,DoS,DoS,0.99,YES,High
2026-01-06 07:30:29,R2L,R2L,1.0,YES,Medium
2026-01-06 07:30:29,Probe,Probe,0.998,YES,High
2026-01-06 07:30:30,Probe,Probe,1.0,YES,High
2026-01-06 07:30:30,Probe,Probe,1.0,YES,High
2026-01-06 07:30:30,R2L,R2L,1.0,YES,Medium
2026-01-06 07:30:30,Probe,Probe,1.0,YES,High
2026-01-06 07:30:30,U2R,U2R,1.0,YES,Critical
2026-01-06 07:30:30,R2L,R2L,1.0,YES,Medium
2026-01-06 07:30:30,R2L,R2L,1.0,YES,Medium
2026-01-06 07:30:30,R2L,R2L,1.0,YES,Medium
2026-01-06 07:30:30,R2L,R2L,1.0,YES,Medium
2026-01-06 07:30:30,R2L,R2L,1.0,YES,Medium
2026-01-06 07:30:30,Probe,Probe,1.0,YES,High
2026-01-06 07:30:30,R2L,R2L,1.0,YES,Medium
2026-01-06 07:30:30,R2L,R2L,1.0,YES,Medium
2026-01-06 07:30:30,U2R,U2R,1.0,YES,Critical
2026-01-06 07:30:30,Probe,Probe,1.0,YES,High
2026-01-06 07:30:30,U2R,U2R,1.0,YES,Critical
2026-01-06 07:30:30,Probe,Probe,1.0,YES,High
2026-01-06 07:30:30,R2L,R2L,1.0,YES,Medium
2026-01-06 07:30:30,R2L,R2L,1.0,YES,Medium
2026-01-06 07:30:30,DoS,DoS,1.0,YES,High
2026-01-06 07:30:30,DoS,DoS,1.0,YES,High
2026-01-06 07:30:30,Probe,Probe,1.0,YES,High
2026-01-06 07:30:30,Probe,Probe,1.0,YES,High
2026-01-06 07:30:30,Probe,Probe,0.97,YES,High
2026-01-06 07:30:30,R2L,R2L,0.97,YES,Medium
2026-01-06 07:30:30,U2R,U2R,1.0,YES,Critical
2026-01-06 07:30:30,Probe,Probe,1.0,YES,High
2026-01-06 07:30:30,U2R,U2R,1.0,YES,Critical
2026-01-06 07:30:30,R2L,R2L,1.0,YES,Medium
2026-01-06 07:30:30,R2L,R2L,1.0,YES,Medium
2026-01-06 07:30:30,DoS,DoS,1.0,YES,High
2026-01-06 07:30:30,R2L,R2L,1.0,YES,Medium
2026-01-06 07:30:30,Probe,Probe,1.0,YES,High
2026-01-06 07:30:30,DoS,DoS,1.0,YES,High
2026-01-06 07:30:30,DoS,DoS,1.0,YES,High
2026-01-06 07:30:30,Probe,Probe,1.0,YES,High
2026-01-06 07:30:30,U2R,U2R,1.0,YES,Critical
2026-01-06 07:30:30,DoS,DoS,1.0,YES,High
2026-01-06 07:30:30,Probe,Probe,1.0,YES,High
2026-01-06 07:30:30,DoS,DoS,1.0,YES,High
2026-01-06 07:30:30,U2R,U2R,1.0,YES,Critical
2026-01-06 07:30:30,U2R,U2R,1.0,YES,Critical
2026-01-06 07:30:30,R2L,R2L,1.0,YES,Medium
2026-01-06 07:30:30,R2L,R2L,1.0,YES,Medium
2026-01-06 07:30:30,Probe,Probe,1.0,YES,High
2026-01-06 07:30:30,R2L,R2L,0.965,YES,Medium
2026-01-06 07:30:30,U2R,U2R,1.0,YES,Critical
2026-01-06 07:30:30,Probe,Probe,0.955,YES,High
2026-01-06 07:30:30,DoS,DoS,1.0,YES,High
2026-01-06 07:30:30,DoS,DoS,1.0,YES,High
2026-01-06 07:30:30,Probe,Probe,1.0,YES,High
2026-01-06 07:30:30,Probe,Probe,1.0,YES,High
2026-01-06 07:30:30,R2L,R2L,1.0,YES,Medium
2026-01-06 07:30:30,Probe,Probe,1.0,YES,High
2026-01-06 07:30:30,Probe,Probe,1.0,YES,High
2026-01-06 07:30:30,DoS,DoS,1.0,YES,High
2026-01-06 07:30:30,DoS,DoS,1.0,YES,High
2026-01-06 07:30:31,R2L,R2L,1.0,YES,Medium
2026-01-06 07:30:31,R2L,R2L,1.0,YES,Medium
2026-01-06 07:30:31,U2R,U2R,1.0,YES,Critical
2026-01-06 07:30:31,DoS,DoS,1.0,YES,High
2026-01-06 07:30:31,Probe,Probe,1.0,YES,High
2026-01-06 07:30:31,R2L,R2L,1.0,YES,Medium
2026-01-06 07:30:31,R2L,R2L,1.0,YES,Medium
2026-01-06 07:30:31,DoS,DoS,0.965,YES,High
2026-01-06 07:30:31,DoS,DoS,1.0,YES,High
2026-01-06 07:30:31,R2L,R2L,1.0,YES,Medium
2026-01-06 07:30:31,U2R,U2R,1.0,YES,Critical
2026-01-06 07:30:31,U2R,U2R,1.0,YES,Critical
2026-01-06 07:30:31,DoS,DoS,1.0,YES,High
2026-01-06 07:30:31,R2L,R2L,1.0,YES,Medium
2026-01-06 07:30:31,Probe,Probe,1.0,YES,High
2026-01-06 07:30:31,U2R,U2R,1.0,YES,Critical
2026-01-06 07:30:31,U2R,U2R,1.0,YES,Critical
2026-01-06 07:30:31,R2L,R2L,1.0,YES,Medium
2026-01-06 07:30:31,U2R,U2R,1.0,YES,Critical
2026-01-06 07:30:31,U2R,U2R,1.0,YES,Critical
2026-01-06 07:30:31,U2R,U2R,1.0,YES,Critical
2026-01-06 07:30:31,R2L,R2L,1.0,YES,Medium
2026-01-06 07:30:31,DoS,DoS,1.0,YES,High
2026-01-06 07:30:31,DoS,DoS,1.0,YES,High
2026-01-06 07:30:31,DoS,DoS,1.0,YES,High
2026-01-06 07:30:31,DoS,DoS,1.0,YES,High
2026-01-06 07:30:31,Probe,Probe,0.985,YES,High
2026-01-06 07:30:31,R2L,R2L,1.0,YES,Medium
2026-01-06 07:30:31,Probe,Probe,0.995,YES,High
2026-01-06 07:30:31,DoS,DoS,0.955,YES,High
2026-01-06 07:30:31,Probe,Probe,1.0,YES,High
2026-01-06 07:30:31,U2R,U2R,1.0,YES,Critical
2026-01-06 07:30:31,DoS,DoS,0.995,YES,High
2026-01-06 07:30:31,Probe,Probe,1.0,YES,High
2026-01-06 07:30:31,DoS,DoS,1.0,YES,High
2026-01-06 07:30:31,DoS,DoS,1.0,YES,High
2026-01-06 07:30:31,Probe,Probe,0.99,YES,High
2026-01-06 07:30:31,U2R,U2R,1.0,YES,Critical
2026-01-06 07:30:31,R2L,R2L,1.0,YES,Medium
2026-01-06 07:30:31,Probe,Probe,1.0,YES,High
2026-01-06 07:30:31,U2R,U2R,1.0,YES,Critical
2026-01-06 07:30:31,DoS,DoS,1.0,YES,High
2026-01-06 07:30:31,U2R,U2R,1.0,YES,Critical
2026-01-06 07:30:31,U2R,U2R,1.0,YES,Critical
2026-01-06 07:30:31,Probe,Probe,1.0,YES,High
2026-01-06 07:30:31,DoS,DoS,1.0,YES,High
2026-01-06 07:30:31,Probe,Probe,1.0,YES,High
2026-01-06 07:30:31,U2R,U2R,1.0,YES,Critical
2026-01-06 07:30:31,Probe,Probe,1.0,YES,High
2026-01-06 07:30:31,Probe,Probe,1.0,YES,High
2026-01-06 07:30:31,DoS,DoS,1.0,YES,High
2026-01-06 07:30:31,Probe,Probe,1.0,YES,High
2026-01-06 07:30:31,Probe,Probe,1.0,YES,High
2026-01-06 07:30:31,DoS,DoS,1.0,YES,High
2026-01-06 07:30:31,Probe,Probe,1.0,YES,High
2026-01-06 07:30:31,U2R,U2R,1.0,YES,Critical
2026-01-06 07:30:31,U2R,U2R,1.0,YES,Critical
2026-01-06 07:30:31,Probe,Probe,1.0,YES,High
2026-01-06 07:30:31,Probe,Probe,1.0,YES,High
2026-01-06 07:30:32,DoS,DoS,1.0,YES,High
2026-01-06 07:30:32,Probe,Probe,1.0,YES,High
2026-01-06 07:30:32,DoS,DoS,1.0,YES,High
2026-01-06 07:30:32,R2L,R2L,1.0,YES,Medium
2026-01-06 07:30:32,DoS,DoS,1.0,YES,High
2026-01-06 07:30:32,DoS,DoS,1.0,YES,High
2026-01-06 07:30:32,DoS,DoS,1.0,YES,High
2026-01-06 07:30:32,DoS,DoS,1.0,YES,High
2026-01-06 07:30:32,R2L,R2L,1.0,YES,Medium
2026-01-06 07:30:32,U2R,U2R,1.0,YES,Critical
2026-01-06 07:30:32,Probe,Probe,1.0,YES,High
2026-01-06 07:30:32,U2R,U2R,1.0,YES,Critical
2026-01-06 07:30:32,Probe,Probe,1.0,YES,High
2026-01-06 07:30:32,U2R,U2R,1.0,YES,Critical
2026-01-06 07:30:32,R2L,R2L,1.0,YES,Medium
2026-01-06 07:30:32,Probe,Probe,1.0,YES,High
2026-01-06 07:30:32,Probe,Probe,0.945,YES,High
2026-01-06 07:30:32,Probe,Probe,1.0,YES,High
2026-01-06 07:30:32,Probe,Probe,0.995,YES,High
2026-01-06 07:30:32,U2R,U2R,1.0,YES,Critical
2026-01-06 07:30:32,Probe,Probe,1.0,YES,High
2026-01-06 07:30:32,U2R,U2R,1.0,YES,Critical
2026-01-06 07:30:32,R2L,R2L,1.0,YES,Medium
2026-01-06 07:30:32,R2L,R2L,1.0,YES,Medium
2026-01-06 07:30:32,Probe,Probe,1.0,YES,High
2026-01-06 07:30:32,DoS,DoS,1.0,YES,High
2026-01-06 07:30:32,R2L,R2L,1.0,YES,Medium
2026-01-06 07:30:32,Probe,Probe,1.0,YES,High
2026-01-06 07:30:32,R2L,R2L,1.0,YES,Medium
2026-01-06 07:30:32,Probe,Probe,1.0,YES,High
2026-01-06 07:30:32,Probe,Probe,1.0,YES,High
2026-01-06 07:30:32,R2L,R2L,1.0,YES,Medium
2026-01-06 07:30:32,U2R,U2R,1.0,YES,Critical
2026-01-06 07:30:32,R2L,R2L,1.0,YES,Medium
2026-01-06 07:30:32,R2L,R2L,1.0,YES,Medium
2026-01-06 07:30:32,DoS,DoS,1.0,YES,High
2026-01-06 07:30:32,Probe,Probe,1.0,YES,High
2026-01-06 07:30:32,U2R,U2R,1.0,YES,Critical
2026-01-06 07:30:32,Probe,Probe,1.0,YES,High
2026-01-06 07:30:32,R2L,R2L,1.0,YES,Medium
2026-01-06 07:30:32,R2L,R2L,1.0,YES,Medium
2026-01-06 07:30:32,Probe,Probe,0.994,YES,High
2026-01-06 07:30:32,DoS,DoS,1.0,YES,High
2026-01-06 07:30:32,DoS,DoS,1.0,YES,High
2026-01-06 07:30:32,R2L,R2L,1.0,YES,Medium
2026-01-06 07:30:32,Probe,Probe,1.0,YES,High
2026-01-06 07:30:32,U2R,U2R,1.0,YES,Critical
2026-01-06 07:30:32,DoS,DoS,1.0,YES,High
2026-01-06 07:30:32,DoS,DoS,1.0,YES,High
2026-01-06 07:30:32,Probe,Probe,1.0,YES,High
2026-01-06 07:30:32,R2L,R2L,1.0,YES,Medium
2026-01-06 07:30:32,Probe,Probe,1.0,YES,High
2026-01-06 07:30:33,R2L,R2L,1.0,YES,Medium
2026-01-06 07:30:33,Probe,Probe,1.0,YES,High
2026-01-06 07:30:33,U2R,U2R,1.0,YES,Critical
2026-01-06 07:30:33,Probe,Probe,1.0,YES,High
2026-01-06 07:30:33,U2R,U2R,1.0,YES,Critical
2026-01-06 07:30:33,R2L,R2L,1.0,YES,Medium
2026-01-06 07:30:33,Probe,Probe,0.995,YES,High
2026-01-06 07:30:33,R2L,R2L,1.0,YES,Medium
2026-01-06 07:30:33,Probe,Probe,1.0,YES,High
2026-01-06 07:30:33,R2L,R2L,1.0,YES,Medium
2026-01-06 07:30:33,U2R,U2R,1.0,YES,Critical
2026-01-06 07:30:33,R2L,R2L,1.0,YES,Medium
2026-01-06 07:30:33,DoS,DoS,1.0,YES,High
2026-01-06 07:30:33,U2R,U2R,1.0,YES,Critical
2026-01-06 07:30:33,Probe,Probe,1.0,YES,High
2026-01-06 07:30:33,DoS,DoS,1.0,YES,High
2026-01-06 07:30:33,DoS,DoS,0.99,YES,High
2026-01-06 07:30:33,R2L,R2L,1.0,YES,Medium
2026-01-06 07:30:33,R2L,R2L,1.0,YES,Medium
2026-01-06 07:30:33,R2L,R2L,1.0,YES,Medium
2026-01-06 07:30:33,DoS,DoS,1.0,YES,High
2026-01-06 07:30:33,U2R,U2R,1.0,YES,Critical
2026-01-06 07:30:33,DoS,DoS,1.0,YES,High
2026-01-06 07:30:33,DoS,DoS,1.0,YES,High
2026-01-06 07:30:33,U2R,U2R,1.0,YES,Critical
2026-01-06 07:30:33,R2L,R2L,1.0,YES,Medium
2026-01-06 07:30:33,DoS,DoS,1.0,YES,High
2026-01-06 07:30:33,R2L,R2L,0.999,YES,Medium
2026-01-06 07:30:33,DoS,DoS,1.0,YES,High
2026-01-06 07:30:33,R2L,R2L,1.0,YES,Medium
2026-01-06 07:30:33,Probe,Probe,0.994,YES,High
2026-01-06 07:30:33,Probe,Probe,1.0,YES,High
2026-01-06 07:30:33,Probe,Probe,1.0,YES,High
2026-01-06 07:30:33,Probe,Probe,1.0,YES,High
2026-01-06 07:30:33,DoS,DoS,0.965,YES,High
2026-01-06 07:30:33,Probe,Probe,1.0,YES,High
2026-01-06 07:30:34,DoS,DoS,1.0,YES,High
2026-01-06 07:30:34,Probe,Probe,1.0,YES,High
2026-01-06 07:30:34,U2R,U2R,1.0,YES,Critical
2026-01-06 07:30:34,DoS,DoS,1.0,YES,High
2026-01-06 07:30:34,R2L,R2L,1.0,YES,Medium
2026-01-06 07:30:34,DoS,DoS,1.0,YES,High
2026-01-06 07:30:34,Probe,Probe,1.0,YES,High
2026-01-06 07:30:34,Probe,Probe,0.995,YES,High
2026-01-06 07:30:34,U2R,U2R,1.0,YES,Critical
2026-01-06 07:30:34,DoS,DoS,1.0,YES,High
2026-01-06 07:30:34,Probe,Probe,1.0,YES,High
2026-01-06 07:30:34,U2R,U2R,1.0,YES,Critical
2026-01-06 07:30:34,Probe,Probe,1.0,YES,High
2026-01-06 07:30:34,DoS,DoS,1.0,YES,High
2026-01-06 07:30:34,Probe,Probe,1.0,YES,High
2026-01-06 07:30:34,U2R,U2R,1.0,YES,Critical
2026-01-06 07:30:34,U2R,U2R,0.95,YES,Critical
2026-01-06 07:30:34,R2L,R2L,1.0,YES,Medium
2026-01-06 07:30:34,Probe,Probe,1.0,YES,High
2026-01-06 07:30:34,DoS,DoS,1.0,YES,High
2026-01-06 07:30:34,U2R,U2R,1.0,YES,Critical
2026-01-06 07:30:34,R2L,R2L,1.0,YES,Medium
2026-01-06 07:30:34,R2L,R2L,0.99,YES,Medium
2026-01-06 07:30:34,R2L,R2L,1.0,YES,Medium
2026-01-06 07:30:34,U2R,U2R,1.0,YES,Critical
2026-01-06 07:30:34,R2L,R2L,1.0,YES,Medium
2026-01-06 07:30:34,R2L,R2L,1.0,YES,Medium
2026-01-06 07:30:34,R2L,R2L,1.0,YES,Medium
2026-01-06 07:30:34,DoS,DoS,1.0,YES,High
2026-01-06 07:30:34,Probe,Probe,1.0,YES,High
2026-01-06 07:30:34,Probe,Probe,1.0,YES,High
2026-01-06 07:30:34,R2L,R2L,1.0,YES,Medium
2026-01-06 07:30:34,U2R,U2R,1.0,YES,Critical
2026-01-06 07:30:34,Probe,Probe,0.96,YES,High
2026-01-06 07:30:34,R2L,R2L,1.0,YES,Medium
2026-01-06 07:30:34,DoS,DoS,1.0,YES,High
2026-01-06 07:30:35,Probe,Probe,1.0,YES,High
2026-01-06 07:30:35,Probe,Probe,1.0,YES,High
2026-01-06 07:30:35,Probe,Probe,1.0,YES,High
2026-01-06 07:30:35,DoS,DoS,0.86,YES,High
2026-01-06 07:30:35,U2R,U2R,1.0,YES,Critical
2026-01-06 07:30:35,DoS,DoS,1.0,YES,High
2026-01-06 07:30:35,DoS,DoS,1.0,YES,High
2026-01-06 07:30:35,U2R,U2R,1.0,YES,Critical
2026-01-06 07:30:35,U2R,U2R,1.0,YES,Critical
2026-01-06 07:30:35,DoS,DoS,1.0,YES,High
2026-01-06 07:30:35,U2R,U2R,1.0,YES,Critical
2026-01-06 07:30:35,Probe,Probe,1.0,YES,High
2026-01-06 07:30:35,DoS,DoS,0.995,YES,High
2026-01-06 07:30:35,R2L,R2L,1.0,YES,Medium
2026-01-06 07:30:35,Probe,Probe,1.0,YES,High
2026-01-06 07:30:35,U2R,U2R,1.0,YES,Critical
2026-01-06 07:30:35,R2L,R2L,1.0,YES,Medium
2026-01-06 07:30:35,DoS,DoS,1.0,YES,High
2026-01-06 07:30:35,U2R,U2R,1.0,YES,Critical
2026-01-06 07:30:35,Probe,Probe,1.0,YES,High
2026-01-06 07:30:35,Probe,Probe,1.0,YES,High
2026-01-06 07:30:35,DoS,DoS,0.995,YES,High
2026-01-06 07:30:35,Probe,Probe,1.0,YES,High
2026-01-06 07:30:35,Probe,Probe,0.94,YES,High
2026-01-06 07:30:35,U2R,U2R,1.0,YES,Critical
2026-01-06 07:30:35,R2L,R2L,1.0,YES,Medium
2026-01-06 07:30:35,DoS,DoS,1.0,YES,High
2026-01-06 07:30:35,DoS,DoS,1.0,YES,High
2026-01-06 07:30:35,DoS,DoS,1.0,YES,High
2026-01-06 07:30:35,Probe,Probe,1.0,YES,High
2026-01-06 07:30:35,DoS,DoS,1.0,YES,High
2026-01-06 07:30:35,R2L,R2L,1.0,YES,Medium
2026-01-06 07:30:35,R2L,R2L,1.0,YES,Medium
2026-01-06 07:30:35,DoS,DoS,0.995,YES,High
2026-01-06 07:30:35,U2R,U2R,1.0,YES,Critical
2026-01-06 07:30:35,DoS,DoS,1.0,YES,High
2026-01-06 07:30:35,R2L,R2L,1.0,YES,Medium
2026-01-06 07:30:35,U2R,U2R,1.0,YES,Critical
2026-01-06 07:30:35,R2L,R2L,1.0,YES,Medium
2026-01-06 07:30:35,DoS,DoS,1.0,YES,High
2026-01-06 07:30:35,DoS,DoS,1.0,YES,High
2026-01-06 07:30:35,DoS,DoS,0.985,YES,High
2026-01-06 07:30:36,DoS,DoS,1.0,YES,High
2026-01-06 07:30:36,U2R,U2R,1.0,YES,Critical
2026-01-06 07:30:36,Probe,Probe,1.0,YES,High
2026-01-06 07:30:36,DoS,DoS,1.0,YES,High
2026-01-06 07:30:36,DoS,DoS,1.0,YES,High
2026-01-06 07:30:36,DoS,DoS,1.0,YES,High
2026-01-06 07:30:36,R2L,R2L,1.0,YES,Medium
2026-01-06 07:30:36,R2L,R2L,1.0,YES,Medium
2026-01-06 07:30:36,Probe,Probe,0.905,YES,High
2026-01-06 07:30:36,DoS,DoS,1.0,YES,High
2026-01-06 07:30:36,R2L,R2L,1.0,YES,Medium
2026-01-06 07:30:36,U2R,U2R,0.995,YES,Critical
2026-01-06 07:30:36,R2L,R2L,1.0,YES,Medium
2026-01-06 07:30:36,U2R,U2R,1.0,YES,Critical
2026-01-06 07:30:36,R2L,R2L,1.0,YES,Medium
2026-01-06 07:30:36,U2R,U2R,1.0,YES,Critical
2026-01-06 07:30:36,DoS,DoS,1.0,YES,High
2026-01-06 07:30:36,U2R,U2R,1.0,YES,Critical
2026-01-06 07:30:36,R2L,R2L,1.0,YES,Medium
2026-01-06 07:30:36,U2R,U2R,1.0,YES,Critical
2026-01-06 07:30:36,U2R,U2R,1.0,YES,Critical
2026-01-06 07:30:36,Probe,Probe,1.0,YES,High
2026-01-06 07:30:36,Probe,Probe,0.978,YES,High
2026-01-06 07:30:36,DoS,DoS,1.0,YES,High
2026-01-06 07:30:36,U2R,U2R,1.0,YES,Critical
2026-01-06 07:30:36,DoS,DoS,1.0,YES,High
2026-01-06 07:30:36,DoS,DoS,1.0,YES,High
2026-01-06 07:30:36,U2R,U2R,1.0,YES,Critical
2026-01-06 07:30:36,R2L,R2L,1.0,YES,Medium
2026-01-06 07:30:36,Probe,Probe,1.0,YES,High
2026-01-06 07:30:36,Probe,Probe,1.0,YES,High
2026-01-06 07:30:36,DoS,DoS,1.0,YES,High
2026-01-06 07:30:36,U2R,U2R,1.0,YES,Critical
2026-01-06 07:30:36,DoS,DoS,1.0,YES,High
2026-01-06 07:30:36,Probe,Probe,1.0,YES,High
2026-01-06 07:30:36,R2L,R2L,1.0,YES,Medium
2026-01-06 07:30:36,U2R,U2R,1.0,YES,Critical
2026-01-06 07:30:36,DoS,DoS,1.0,YES,High
2026-01-06 07:30:36,R2L,R2L,1.0,YES,Medium
2026-01-06 07:30:36,Probe,Probe,1.0,YES,High
2026-01-06 07:30:36,Probe,Probe,1.0,YES,High
2026-01-06 07:30:36,DoS,DoS,1.0,YES,High
2026-01-06 07:30:36,U2R,U2R,1.0,YES,Critical
2026-01-06 07:30:36,U2R,U2R,1.0,YES,Critical
2026-01-06 07:30:36,DoS,DoS,1.0,YES,High
2026-01-06 07:30:36,U2R,U2R,1.0,YES,Critical
2026-01-06 07:30:36,Probe,Probe,1.0,YES,High
2026-01-06 07:30:36,U2R,U2R,1.0,YES,Critical
2026-01-06 07:30:36,R2L,R2L,1.0,YES,Medium
2026-01-06 07:30:36,Probe,Probe,1.0,YES,High
2026-01-06 07:30:36,R2L,R2L,1.0,YES,Medium
2026-01-06 07:30:36,Probe,Probe,1.0,YES,High
2026-01-06 07:30:36,Probe,Probe,1.0,YES,High
2026-01-06 07:30:36,U2R,U2R,1.0,YES,Critical
2026-01-06 07:30:36,DoS,DoS,1.0,YES,High
2026-01-06 07:30:36,Probe,Probe,1.0,YES,High
2026-01-06 07:30:36,DoS,DoS,1.0,YES,High
2026-01-06 07:30:37,R2L,R2L,1.0,YES,Medium
2026-01-06 07:30:37,Probe,Probe,1.0,YES,High
2026-01-06 07:30:37,Probe,Probe,1.0,YES,High
2026-01-06 07:30:37,U2R,U2R,1.0,YES,Critical
2026-01-06 07:30:37,U2R,U2R,1.0,YES,Critical
2026-01-06 07:30:37,U2R,U2R,1.0,YES,Critical
2026-01-06 07:30:37,Probe,Probe,1.0,YES,High
2026-01-06 07:30:37,U2R,U2R,1.0,YES,Critical
2026-01-06 07:30:37,Probe,Probe,1.0,YES,High
2026-01-06 07:30:37,U2R,U2R,1.0,YES,Critical
2026-01-06 07:30:37,DoS,DoS,0.994,YES,High
2026-01-06 07:30:37,Probe,Probe,1.0,YES,High
2026-01-06 07:30:37,U2R,U2R,1.0,YES,Critical
2026-01-06 07:30:37,R2L,R2L,1.0,YES,Medium
2026-01-06 07:30:37,DoS,DoS,1.0,YES,High
2026-01-06 07:30:37,U2R,U2R,1.0,YES,Critical
2026-01-06 07:30:37,Probe,Probe,1.0,YES,High
2026-01-06 07:30:37,R2L,R2L,1.0,YES,Medium
2026-01-06 07:30:37,U2R,U2R,1.0,YES,Critical
2026-01-06 07:30:37,U2R,U2R,1.0,YES,Critical
2026-01-06 07:30:37,DoS,DoS,0.999,YES,High
2026-01-06 07:30:37,U2R,U2R,1.0,YES,Critical
2026-01-06 07:30:37,Probe,Probe,0.995,YES,High
2026-01-06 07:30:37,R2L,R2L,1.0,YES,Medium
2026-01-06 07:30:37,DoS,DoS,1.0,YES,High
2026-01-06 07:30:37,Probe,Probe,1.0,YES,High
2026-01-06 07:30:37,R2L,R2L,1.0,YES,Medium
2026-01-06 07:30:37,Probe,Probe,1.0,YES,High
2026-01-06 07:30:37,U2R,U2R,1.0,YES,Critical
2026-01-06 07:30:37,DoS,DoS,1.0,YES,High
2026-01-06 07:30:37,R2L,R2L,0.995,YES,Medium
2026-01-06 07:30:37,DoS,DoS,1.0,YES,High
2026-01-06 07:30:37,DoS,DoS,0.96,YES,High
2026-01-06 07:30:37,Probe,Probe,1.0,YES,High
2026-01-06 07:30:37,U2R,U2R,1.0,YES,Critical
2026-01-06 07:30:37,R2L,R2L,1.0,YES,Medium
2026-01-06 07:30:37,R2L,R2L,1.0,YES,Medium
2026-01-06 07:30:37,DoS,DoS,1.0,YES,High
2026-01-06 07:30:37,Probe,Probe,1.0,YES,High
2026-01-06 07:30:37,R2L,R2L,1.0,YES,Medium
2026-01-06 07:30:37,Probe,Probe,1.0,YES,High
2026-01-06 07:30:37,U2R,U2R,1.0,YES,Critical
2026-01-06 07:30:37,DoS,DoS,1.0,YES,High
2026-01-06 07:30:37,R2L,R2L,1.0,YES,Medium
2026-01-06 07:30:37,DoS,DoS,1.0,YES,High
2026-01-06 07:30:37,U2R,U2R,1.0,YES,Critical
2026-01-06 07:30:37,R2L,R2L,1.0,YES,Medium
2026-01-06 07:30:37,DoS,DoS,0.989,YES,High
2026-01-06 07:30:37,R2L,R2L,0.995,YES,Medium
2026-01-06 07:30:37,R2L,R2L,1.0,YES,Medium
2026-01-06 07:30:37,R2L,R2L,0.99,YES,Medium
2026-01-06 07:30:37,U2R,U2R,1.0,YES,Critical
2026-01-06 07:30:38,Probe,Probe,1.0,YES,High
2026-01-06 07:30:38,Probe,Probe,0.975,YES,High
2026-01-06 07:30:38,U2R,U2R,1.0,YES,Critical
2026-01-06 07:30:38,DoS,DoS,1.0,YES,High
2026-01-06 07:30:38,DoS,DoS,1.0,YES,High
2026-01-06 07:30:38,R2L,R2L,1.0,YES,Medium
2026-01-06 07:30:38,R2L,R2L,1.0,YES,Medium
2026-01-06 07:30:38,R2L,R2L,1.0,YES,Medium
2026-01-06 07:30:38,R2L,R2L,0.975,YES,Medium
2026-01-06 07:30:38,U2R,U2R,1.0,YES,Critical
2026-01-06 07:30:38,Probe,Probe,0.969,YES,High
2026-01-06 07:30:38,Probe,Probe,1.0,YES,High
2026-01-06 07:30:38,DoS,DoS,0.995,YES,High
2026-01-06 07:30:38,R2L,R2L,1.0,YES,Medium
2026-01-06 07:30:38,R2L,R2L,1.0,YES,Medium
2026-01-06 07:30:38,DoS,DoS,1.0,YES,High
2026-01-06 07:30:38,R2L,R2L,0.995,YES,Medium
2026-01-06 07:30:38,Probe,Probe,1.0,YES,High
2026-01-06 07:30:38,Probe,Probe,0.91,YES,High
2026-01-06 07:30:38,Probe,Probe,1.0,YES,High
2026-01-06 07:30:38,R2L,R2L,1.0,YES,Medium
2026-01-06 07:30:38,U2R,U2R,1.0,YES,Critical
2026-01-06 07:30:38,U2R,U2R,1.0,YES,Critical
2026-01-06 07:30:38,Probe,Probe,0.995,YES,High
2026-01-06 07:30:38,Probe,Probe,1.0,YES,High
2026-01-06 07:30:38,Probe,Probe,1.0,YES,High
2026-01-06 07:30:38,R2L,R2L,1.0,YES,Medium
2026-01-06 07:30:38,U2R,U2R,1.0,YES,Critical
2026-01-06 07:30:38,U2R,U2R,1.0,YES,Critical
2026-01-06 07:30:38,U2R,U2R,1.0,YES,Critical
2026-01-06 07:30:38,R2L,R2L,1.0,YES,Medium
2026-01-06 07:30:38,U2R,U2R,1.0,YES,Critical
2026-01-06 07:30:38,Probe,Probe,1.0,YES,High
2026-01-06 07:30:38,U2R,U2R,1.0,YES,Critical
2026-01-06 07:30:38,DoS,DoS,1.0,YES,High
2026-01-06 07:30:38,U2R,U2R,1.0,YES,Critical
2026-01-06 07:30:38,DoS,DoS,1.0,YES,High
2026-01-06 07:30:38,DoS,DoS,1.0,YES,High
2026-01-06 07:30:38,Probe,Probe,1.0,YES,High
2026-01-06 07:30:38,Probe,Probe,1.0,YES,High
2026-01-06 07:30:38,R2L,R2L,0.985,YES,Medium
2026-01-06 07:30:38,Probe,Probe,0.995,YES,High
2026-01-06 07:30:38,R2L,R2L,1.0,YES,Medium
2026-01-06 07:30:38,DoS,DoS,1.0,YES,High
2026-01-06 07:30:38,Probe,Probe,1.0,YES,High
2026-01-06 07:30:38,U2R,U2R,1.0,YES,Critical
2026-01-06 07:30:38,U2R,U2R,1.0,YES,Critical
2026-01-06 07:30:38,U2R,U2R,1.0,YES,Critical
2026-01-06 07:30:38,U2R,U2R,1.0,YES,Critical
2026-01-06 07:30:38,Probe,Probe,1.0,YES,High
2026-01-06 07:30:38,DoS,DoS,1.0,YES,High
2026-01-06 07:30:38,R2L,R2L,1.0,YES,Medium
2026-01-06 07:30:38,Probe,Probe,1.0,YES,High
2026-01-06 07:30:39,Probe,Probe,0.998,YES,High
2026-01-06 07:30:39,DoS,DoS,1.0,YES,High
2026-01-06 07:30:39,Probe,Probe,1.0,YES,High
2026-01-06 07:30:39,DoS,DoS,1.0,YES,High
2026-01-06 07:30:39,R2L,R2L,1.0,YES,Medium
2026-01-06 07:30:39,U2R,U2R,1.0,YES,Critical
2026-01-06 07:30:39,R2L,R2L,1.0,YES,Medium
2026-01-06 07:30:39,R2L,R2L,1.0,YES,Medium
2026-01-06 07:30:39,R2L,R2L,1.0,YES,Medium
2026-01-06 07:30:39,R2L,R2L,1.0,YES,Medium
2026-01-06 07:30:39,U2R,U2R,1.0,YES,Critical
2026-01-06 07:30:39,Probe,Probe,1.0,YES,High
2026-01-06 07:30:39,DoS,DoS,1.0,YES,High
2026-01-06 07:30:39,U2R,U2R,1.0,YES,Critical
2026-01-06 07:30:39,U2R,U2R,1.0,YES,Critical
2026-01-06 07:30:39,U2R,U2R,1.0,YES,Critical
2026-01-06 07:30:39,R2L,R2L,0.995,YES,Medium
2026-01-06 07:30:39,DoS,DoS,1.0,YES,High
2026-01-06 07:30:39,DoS,DoS,1.0,YES,High
2026-01-06 07:30:39,Probe,Probe,1.0,YES,High
2026-01-06 07:30:39,U2R,U2R,1.0,YES,Critical
2026-01-06 07:30:39,Probe,Probe,0.99,YES,High
2026-01-06 07:30:39,Probe,Probe,1.0,YES,High
2026-01-06 07:30:39,DoS,DoS,1.0,YES,High
2026-01-06 07:30:39,DoS,DoS,1.0,YES,High
2026-01-06 07:30:39,DoS,DoS,1.0,YES,High
2026-01-06 07:30:39,DoS,DoS,0.995,YES,High
2026-01-06 07:30:39,U2R,U2R,1.0,YES,Critical
2026-01-06 07:30:39,R2L,R2L,1.0,YES,Medium
2026-01-06 07:30:39,DoS,DoS,1.0,YES,High
2026-01-06 07:30:39,U2R,U2R,1.0,YES,Critical
2026-01-06 07:30:39,R2L,R2L,1.0,YES,Medium
2026-01-06 07:30:39,Probe,Probe,1.0,YES,High
2026-01-06 07:30:39,DoS,DoS,1.0,YES,High
2026-01-06 07:30:39,DoS,DoS,1.0,YES,High
2026-01-06 07:30:39,DoS,DoS,1.0,YES,High
2026-01-06 07:30:39,U2R,U2R,0.965,YES,Critical
2026-01-06 07:30:39,DoS,DoS,1.0,YES,High
2026-01-06 07:30:39,Probe,Probe,1.0,YES,High
2026-01-06 07:30:39,DoS,DoS,1.0,YES,High
2026-01-06 07:30:39,Probe,Probe,1.0,YES,High
2026-01-06 07:30:39,Probe,Probe,0.995,YES,High
2026-01-06 07:30:39,Probe,Probe,1.0,YES,High
2026-01-06 07:30:39,U2R,U2R,1.0,YES,Critical
2026-01-06 07:30:39,Probe,Probe,1.0,YES,High
2026-01-06 07:30:39,R2L,R2L,1.0,YES,Medium
2026-01-06 07:30:39,R2L,R2L,1.0,YES,Medium
2026-01-06 07:30:39,U2R,U2R,1.0,YES,Critical
2026-01-06 07:30:39,R2L,R2L,1.0,YES,Medium
2026-01-06 07:30:39,R2L,R2L,1.0,YES,Medium
2026-01-06 07:30:39,R2L,R2L,1.0,YES,Medium
2026-01-06 07:30:39,U2R,U2R,1.0,YES,Critical
2026-01-06 07:30:39,U2R,U2R,1.0,YES,Critical
2026-01-06 07:30:39,U2R,U2R,1.0,YES,Critical
2026-01-06 07:30:39,DoS,DoS,1.0,YES,High
2026-01-06 07:30:40,U2R,U2R,1.0,YES,Critical
2026-01-06 07:30:40,Probe,Probe,1.0,YES,High
2026-01-06 07:30:40,Probe,Probe,0.78,YES,High
2026-01-06 07:30:40,DoS,DoS,1.0,YES,High
2026-01-06 07:30:40,DoS,DoS,1.0,YES,High
2026-01-06 07:30:40,R2L,R2L,1.0,YES,Medium
2026-01-06 07:30:40,R2L,R2L,1.0,YES,Medium
2026-01-06 07:30:40,Probe,Probe,1.0,YES,High
2026-01-06 07:30:40,Probe,Probe,1.0,YES,High
2026-01-06 07:30:40,DoS,DoS,1.0,YES,High
2026-01-06 07:30:40,Probe,Probe,1.0,YES,High
2026-01-06 07:30:40,DoS,DoS,1.0,YES,High
2026-01-06 07:30:40,U2R,U2R,1.0,YES,Critical
2026-01-06 07:30:40,U2R,U2R,1.0,YES,Critical
2026-01-06 07:30:40,Probe,Probe,1.0,YES,High
2026-01-06 07:30:40,Probe,Probe,1.0,YES,High
2026-01-06 07:30:40,R2L,R2L,0.995,YES,Medium
2026-01-06 07:30:40,R2L,R2L,1.0,YES,Medium
2026-01-06 07:30:40,DoS,DoS,1.0,YES,High
2026-01-06 07:30:40,Probe,Probe,1.0,YES,High
2026-01-06 07:30:40,Probe,Probe,1.0,YES,High
2026-01-06 07:30:40,R2L,R2L,1.0,YES,Medium
2026-01-06 07:30:40,R2L,R2L,1.0,YES,Medium
2026-01-06 07:30:40,U2R,U2R,1.0,YES,Critical
2026-01-06 07:30:40,Probe,Probe,1.0,YES,High
2026-01-06 07:30:40,R2L,R2L,1.0,YES,Medium
2026-01-06 07:30:40,R2L,R2L,1.0,YES,Medium
2026-01-06 07:30:40,DoS,DoS,1.0,YES,High
2026-01-06 07:30:40,DoS,DoS,1.0,YES,High
2026-01-06 07:30:40,Probe,Probe,1.0,YES,High
2026-01-06 07:30:40,R2L,R2L,0.995,YES,Medium
2026-01-06 07:30:40,R2L,R2L,1.0,YES,Medium
2026-01-06 07:30:40,R2L,R2L,1.0,YES,Medium
2026-01-06 07:30:40,R2L,R2L,1.0,YES,Medium
2026-01-06 07:30:40,Probe,Probe,1.0,YES,High
2026-01-06 07:30:40,Probe,Probe,1.0,YES,High
2026-01-06 07:30:40,DoS,DoS,1.0,YES,High
2026-01-06 07:30:40,Probe,Probe,1.0,YES,High
2026-01-06 07:30:40,U2R,U2R,1.0,YES,Critical
2026-01-06 07:30:40,U2R,U2R,1.0,YES,Critical
2026-01-06 07:30:40,R2L,R2L,0.96,YES,Medium
2026-01-06 07:30:40,DoS,DoS,1.0,YES,High
2026-01-06 07:30:40,DoS,DoS,1.0,YES,High
2026-01-06 07:30:40,R2L,R2L,1.0,YES,Medium
2026-01-06 07:30:40,DoS,DoS,1.0,YES,High
2026-01-06 07:30:40,R2L,R2L,1.0,YES,Medium
2026-01-06 07:30:40,DoS,DoS,1.0,YES,High
2026-01-06 07:30:40,DoS,DoS,1.0,YES,High
2026-01-06 07:30:40,U2R,U2R,1.0,YES,Critical
2026-01-06 07:30:40,DoS,DoS,1.0,YES,High
2026-01-06 07:30:40,U2R,U2R,1.0,YES,Critical
2026-01-06 07:30:40,U2R,U2R,1.0,YES,Critical
2026-01-06 07:30:40,U2R,U2R,1.0,YES,Critical
2026-01-06 07:30:41,R2L,R2L,1.0,YES,Medium
2026-01-06 07:30:41,Probe,Probe,0.99,YES,High
2026-01-06 07:30:41,R2L,R2L,1.0,YES,Medium
2026-01-06 07:30:41,U2R,U2R,1.0,YES,Critical
2026-01-06 07:30:41,Probe,Probe,1.0,YES,High
2026-01-06 07:30:41,Probe,Probe,1.0,YES,High
2026-01-06 07:30:41,Probe,Probe,1.0,YES,High
2026-01-06 07:30:41,R2L,R2L,1.0,YES,Medium
2026-01-06 07:30:41,DoS,DoS,0.999,YES,High
2026-01-06 07:30:41,U2R,U2R,1.0,YES,Critical
2026-01-06 07:30:41,Probe,Probe,1.0,YES,High
2026-01-06 07:30:41,Probe,Probe,0.995,YES,High
2026-01-06 07:30:41,DoS,DoS,0.96,YES,High
2026-01-06 07:30:41,U2R,U2R,0.995,YES,Critical
2026-01-06 07:30:41,R2L,R2L,1.0,YES,Medium
2026-01-06 07:30:41,DoS,DoS,1.0,YES,High
2026-01-06 07:30:41,R2L,R2L,1.0,YES,Medium
2026-01-06 07:30:41,Probe,Probe,1.0,YES,High
2026-01-06 07:30:41,R2L,R2L,1.0,YES,Medium
2026-01-06 07:30:41,U2R,U2R,1.0,YES,Critical
2026-01-06 07:30:41,DoS,DoS,1.0,YES,High
2026-01-06 07:30:41,U2R,U2R,1.0,YES,Critical
2026-01-06 07:30:41,U2R,U2R,1.0,YES,Critical
2026-01-06 07:30:41,DoS,DoS,1.0,YES,High
2026-01-06 07:30:41,R2L,R2L,1.0,YES,Medium
2026-01-06 07:30:41,Probe,Probe,1.0,YES,High
2026-01-06 07:30:41,DoS,DoS,1.0,YES,High
2026-01-06 07:30:41,U2R,U2R,1.0,YES,Critical
2026-01-06 07:30:41,Probe,Probe,1.0,YES,High
2026-01-06 07:30:41,U2R,U2R,0.99,YES,Critical
2026-01-06 07:30:41,U2R,U2R,1.0,YES,Critical
2026-01-06 07:30:41,R2L,R2L,1.0,YES,Medium
2026-01-06 07:30:41,R2L,R2L,1.0,YES,Medium
2026-01-06 07:30:41,R2L,R2L,1.0,YES,Medium
2026-01-06 07:30:41,Probe,Probe,1.0,YES,High
2026-01-06 07:30:41,R2L,R2L,1.0,YES,Medium
2026-01-06 07:30:41,Probe,Probe,1.0,YES,High
2026-01-06 07:30:41,U2R,U2R,1.0,YES,Critical
2026-01-06 07:30:41,R2L,R2L,1.0,YES,Medium
2026-01-06 07:30:41,R2L,R2L,1.0,YES,Medium
2026-01-06 07:30:41,Probe,Probe,1.0,YES,High
2026-01-06 07:30:41,U2R,U2R,1.0,YES,Critical
2026-01-06 07:30:41,U2R,U2R,1.0,YES,Critical
2026-01-06 07:30:41,R2L,R2L,1.0,YES,Medium
2026-01-06 07:30:41,U2R,U2R,1.0,YES,Critical
2026-01-06 07:30:41,R2L,R2L,1.0,YES,Medium
2026-01-06 07:30:41,R2L,R2L,1.0,YES,Medium
2026-01-06 07:30:41,DoS,DoS,1.0,YES,High
2026-01-06 07:30:41,Probe,Probe,1.0,YES,High
2026-01-06 07:30:41,Probe,Probe,1.0,YES,High
2026-01-06 07:30:41,DoS,DoS,1.0,YES,High
2026-01-06 07:30:41,Probe,Probe,0.96,YES,High
2026-01-06 07:30:41,DoS,DoS,1.0,YES,High
2026-01-06 07:30:41,R2L,R2L,1.0,YES,Medium
2026-01-06 07:30:41,DoS,DoS,1.0,YES,High
2026-01-06 07:30:41,DoS,DoS,1.0,YES,High
2026-01-06 07:30:41,R2L,R2L,1.0,YES,Medium
2026-01-06 07:30:41,U2R,U2R,1.0,YES,Critical
2026-01-06 07:30:41,U2R,U2R,1.0,YES,Critical
2026-01-06 07:30:41,R2L,R2L,1.0,YES,Medium
2026-01-06 07:30:42,Probe,Probe,0.999,YES,High
2026-01-06 07:30:42,R2L,R2L,1.0,YES,Medium
2026-01-06 07:30:42,U2R,U2R,1.0,YES,Critical
2026-01-06 07:30:42,U2R,U2R,1.0,YES,Critical
2026-01-06 07:30:42,R2L,R2L,1.0,YES,Medium
2026-01-06 07:30:42,U2R,U2R,1.0,YES,Critical
2026-01-06 07:30:42,U2R,U2R,1.0,YES,Critical
2026-01-06 07:30:42,Probe,Probe,1.0,YES,High
2026-01-06 07:30:42,DoS,DoS,1.0,YES,High
2026-01-06 07:30:42,DoS,DoS,1.0,YES,High
2026-01-06 07:30:42,R2L,R2L,1.0,YES,Medium
2026-01-06 07:30:42,U2R,U2R,1.0,YES,Critical
2026-01-06 07:30:42,Probe,Probe,1.0,YES,High
2026-01-06 07:30:42,DoS,DoS,1.0,YES,High
2026-01-06 07:30:42,R2L,R2L,1.0,YES,Medium
2026-01-06 07:30:42,U2R,U2R,1.0,YES,Critical
2026-01-06 07:30:42,Probe,Probe,1.0,YES,High
2026-01-06 07:30:42,U2R,U2R,1.0,YES,Critical
2026-01-06 07:30:42,R2L,R2L,1.0,YES,Medium
2026-01-06 07:30:42,R2L,R2L,1.0,YES,Medium
2026-01-06 07:30:42,Probe,Probe,1.0,YES,High
2026-01-06 07:30:42,U2R,U2R,1.0,YES,Critical
2026-01-06 07:30:42,U2R,U2R,1.0,YES,Critical
2026-01-06 07:30:42,R2L,R2L,1.0,YES,Medium
2026-01-06 07:30:42,DoS,DoS,0.85,YES,High
2026-01-06 07:30:42,R2L,R2L,1.0,YES,Medium
2026-01-06 07:30:42,Probe,Probe,1.0,YES,High
2026-01-06 07:30:42,DoS,DoS,1.0,YES,High
2026-01-06 07:30:42,U2R,U2R,1.0,YES,Critical
2026-01-06 07:30:42,DoS,DoS,0.92,YES,High
2026-01-06 07:30:42,R2L,R2L,1.0,YES,Medium
2026-01-06 07:30:42,R2L,R2L,1.0,YES,Medium
2026-01-06 07:30:42,R2L,R2L,1.0,YES,Medium
2026-01-06 07:30:42,R2L,R2L,1.0,YES,Medium
2026-01-06 07:30:42,R2L,R2L,1.0,YES,Medium
2026-01-06 07:30:42,Probe,Probe,1.0,YES,High
2026-01-06 07:30:42,R2L,R2L,1.0,YES,Medium
2026-01-06 07:30:42,U2R,U2R,1.0,YES,Critical
2026-01-06 07:30:42,R2L,R2L,1.0,YES,Medium
2026-01-06 07:30:42,R2L,R2L,1.0,YES,Medium
2026-01-06 07:30:42,U2R,U2R,1.0,YES,Critical
2026-01-06 07:30:42,Probe,Probe,1.0,YES,High
2026-01-06 07:30:42,R2L,R2L,0.995,YES,Medium
2026-01-06 07:30:42,Probe,Probe,0.999,YES,High
2026-01-06 07:30:42,R2L,R2L,1.0,YES,Medium
2026-01-06 07:30:42,R2L,R2L,1.0,YES,Medium
2026-01-06 07:30:42,R2L,R2L,1.0,YES,Medium
2026-01-06 07:30:42,R2L,R2L,0.999,YES,Medium
2026-01-06 07:30:42,U2R,U2R,1.0,YES,Critical
2026-01-06 07:30:42,U2R,U2R,1.0,YES,Critical
2026-01-06 07:30:42,R2L,R2L,1.0,YES,Medium
2026-01-06 07:30:42,Probe,Probe,1.0,YES,High
2026-01-06 07:30:42,R2L,R2L,1.0,YES,Medium
2026-01-06 07:30:42,R2L,R2L,1.0,YES,Medium
2026-01-06 07:30:42,DoS,DoS,1.0,YES,High
2026-01-06 07:30:42,R2L,R2L,1.0,YES,Medium
2026-01-06 07:30:42,U2R,U2R,1.0,YES,Critical
2026-01-06 07:30:43,U2R,U2R,1.0,YES,Critical
2026-01-06 07:30:43,Probe,Probe,1.0,YES,High
2026-01-06 07:30:43,U2R,U2R,1.0,YES,Critical
2026-01-06 07:30:43,R2L,R2L,1.0,YES,Medium
2026-01-06 07:30:43,DoS,DoS,1.0,YES,High
2026-01-06 07:30:43,R2L,R2L,0.985,YES,Medium
2026-01-06 07:30:43,R2L,R2L,0.999,YES,Medium
2026-01-06 07:30:43,R2L,R2L,0.995,YES,Medium
2026-01-06 07:30:43,R2L,R2L,1.0,YES,Medium
2026-01-06 07:30:43,Probe,Probe,0.993,YES,High
2026-01-06 07:30:43,R2L,R2L,1.0,YES,Medium
2026-01-06 07:30:43,U2R,U2R,1.0,YES,Critical
2026-01-06 07:30:43,U2R,U2R,1.0,YES,Critical
2026-01-06 07:30:43,R2L,R2L,0.999,YES,Medium
2026-01-06 07:30:43,Probe,Probe,0.999,YES,High
2026-01-06 07:30:43,U2R,U2R,1.0,YES,Critical
2026-01-06 07:30:43,DoS,DoS,1.0,YES,High
2026-01-06 07:30:43,U2R,U2R,1.0,YES,Critical
2026-01-06 07:30:43,Probe,Probe,1.0,YES,High
2026-01-06 07:30:43,DoS,DoS,0.995,YES,High
2026-01-06 07:30:43,U2R,U2R,1.0,YES,Critical
2026-01-06 07:30:43,U2R,U2R,1.0,YES,Critical
2026-01-06 07:30:43,Probe,Probe,1.0,YES,High
2026-01-06 07:30:43,R2L,R2L,1.0,YES,Medium
2026-01-06 07:30:43,DoS,DoS,1.0,YES,High
2026-01-06 07:30:43,U2R,U2R,1.0,YES,Critical
2026-01-06 07:30:43,U2R,U2R,1.0,YES,Critical
2026-01-06 07:30:43,DoS,DoS,1.0,YES,High
2026-01-06 07:30:43,R2L,R2L,1.0,YES,Medium
2026-01-06 07:30:43,Probe,Probe,1.0,YES,High
2026-01-06 07:30:43,U2R,U2R,1.0,YES,Critical
2026-01-06 07:30:43,DoS,DoS,1.0,YES,High
2026-01-06 07:30:43,Probe,Probe,0.995,YES,High
2026-01-06 07:30:43,U2R,U2R,1.0,YES,Critical
2026-01-06 07:30:43,Probe,Probe,1.0,YES,High
2026-01-06 07:30:43,U2R,U2R,1.0,YES,Critical
2026-01-06 07:30:43,U2R,U2R,1.0,YES,Critical
2026-01-06 07:30:43,U2R,U2R,1.0,YES,Critical
2026-01-06 07:30:43,U2R,U2R,0.98,YES,Critical
2026-01-06 07:30:43,R2L,R2L,1.0,YES,Medium
2026-01-06 07:30:43,R2L,R2L,1.0,YES,Medium
2026-01-06 07:30:43,Probe,Probe,0.999,YES,High
2026-01-06 07:30:43,Probe,Probe,1.0,YES,High
2026-01-06 07:30:43,Probe,Probe,0.995,YES,High
2026-01-06 07:30:43,DoS,DoS,1.0,YES,High
2026-01-06 07:30:43,U2R,U2R,1.0,YES,Critical
2026-01-06 07:30:43,DoS,DoS,1.0,YES,High
2026-01-06 07:30:43,R2L,R2L,1.0,YES,Medium
2026-01-06 07:30:43,Probe,Probe,0.99,YES,High
2026-01-06 07:30:43,U2R,U2R,1.0,YES,Critical
2026-01-06 07:30:43,R2L,R2L,1.0,YES,Medium
2026-01-06 07:30:43,R2L,R2L,1.0,YES,Medium
2026-01-06 07:30:44,DoS,DoS,1.0,YES,High
2026-01-06 07:30:44,DoS,DoS,1.0,YES,High
2026-01-06 07:30:44,Probe,Probe,1.0,YES,High
2026-01-06 07:30:44,U2R,U2R,1.0,YES,Critical
2026-01-06 07:30:44,Probe,Probe,1.0,YES,High
2026-01-06 07:30:44,DoS,DoS,1.0,YES,High
2026-01-06 07:30:44,R2L,R2L,1.0,YES,Medium
2026-01-06 07:30:44,R2L,R2L,1.0,YES,Medium
2026-01-06 07:30:44,R2L,R2L,1.0,YES,Medium
2026-01-06 07:30:44,U2R,U2R,1.0,YES,Critical
2026-01-06 07:30:44,Probe,Probe,1.0,YES,High
2026-01-06 07:30:44,Probe,Probe,1.0,YES,High
2026-01-06 07:30:44,Probe,Probe,0.995,YES,High
2026-01-06 07:30:44,R2L,R2L,1.0,YES,Medium
2026-01-06 07:30:44,U2R,U2R,1.0,YES,Critical
2026-01-06 07:30:44,U2R,U2R,1.0,YES,Critical
2026-01-06 07:30:44,DoS,DoS,1.0,YES,High
2026-01-06 07:30:44,Probe,Probe,1.0,YES,High
2026-01-06 07:30:44,Probe,Probe,0.995,YES,High
2026-01-06 07:30:44,Probe,Probe,1.0,YES,High
2026-01-06 07:30:44,DoS,DoS,0.98,YES,High
2026-01-06 07:30:44,R2L,R2L,1.0,YES,Medium
2026-01-06 07:30:44,Probe,Probe,1.0,YES,High
2026-01-06 07:30:44,DoS,DoS,1.0,YES,High
2026-01-06 07:30:44,R2L,R2L,1.0,YES,Medium
2026-01-06 07:30:44,R2L,R2L,1.0,YES,Medium
2026-01-06 07:30:44,U2R,U2R,1.0,YES,Critical
2026-01-06 07:30:44,U2R,U2R,1.0,YES,Critical
2026-01-06 07:30:44,R2L,R2L,1.0,YES,Medium
2026-01-06 07:30:44,Probe,Probe,1.0,YES,High
2026-01-06 07:30:44,DoS,DoS,1.0,YES,High
2026-01-06 07:30:44,R2L,R2L,1.0,YES,Medium
2026-01-06 07:30:44,R2L,R2L,1.0,YES,Medium
2026-01-06 07:30:44,Probe,Probe,1.0,YES,High
2026-01-06 07:30:44,U2R,U2R,1.0,YES,Critical
2026-01-06 07:30:44,U2R,U2R,1.0,YES,Critical
2026-01-06 07:30:44,R2L,R2L,1.0,YES,Medium
2026-01-06 07:30:44,R2L,R2L,0.995,YES,Medium
2026-01-06 07:30:44,DoS,DoS,1.0,YES,High
2026-01-06 07:30:44,Probe,Probe,1.0,YES,High
2026-01-06 07:30:44,Probe,Probe,1.0,YES,High
2026-01-06 07:30:44,U2R,U2R,1.0,YES,Critical
2026-01-06 07:30:44,U2R,U2R,1.0,YES,Critical
2026-01-06 07:30:44,Probe,Probe,1.0,YES,High
2026-01-06 07:30:44,R2L,R2L,1.0,YES,Medium
2026-01-06 07:30:44,R2L,R2L,1.0,YES,Medium
2026-01-06 07:30:44,R2L,R2L,0.995,YES,Medium
2026-01-06 07:30:44,U2R,U2R,1.0,YES,Critical
2026-01-06 07:30:44,DoS,DoS,0.995,YES,High
2026-01-06 07:30:44,DoS,DoS,1.0,YES,High
2026-01-06 07:30:44,U2R,U2R,1.0,YES,Critical
2026-01-06 07:30:44,U2R,U2R,1.0,YES,Critical
2026-01-06 07:30:44,U2R,U2R,1.0,YES,Critical
2026-01-06 07:30:44,R2L,R2L,1.0,YES,Medium
2026-01-06 07:30:44,DoS,DoS,1.0,YES,High
2026-01-06 07:30:44,R2L,R2L,1.0,YES,Medium
2026-01-06 07:30:44,DoS,DoS,1.0,YES,High
2026-01-06 07:30:45,U2R,U2R,1.0,YES,Critical
2026-01-06 07:30:45,Probe,Probe,1.0,YES,High
2026-01-06 07:30:45,U2R,U2R,1.0,YES,Critical
2026-01-06 07:30:45,Probe,Probe,1.0,YES,High
2026-01-06 07:30:45,R2L,R2L,1.0,YES,Medium
2026-01-06 07:30:45,R2L,R2L,1.0,YES,Medium
2026-01-06 07:30:45,R2L,R2L,1.0,YES,Medium
2026-01-06 07:30:45,DoS,DoS,1.0,YES,High
2026-01-06 07:30:45,Probe,Probe,1.0,YES,High
2026-01-06 07:30:45,DoS,DoS,1.0,YES,High
2026-01-06 07:30:45,U2R,U2R,1.0,YES,Critical
2026-01-06 07:30:45,Probe,Probe,1.0,YES,High
2026-01-06 07:30:45,Probe,Probe,1.0,YES,High
2026-01-06 07:30:45,DoS,DoS,1.0,YES,High
2026-01-06 07:30:45,Probe,Probe,1.0,YES,High
2026-01-06 07:30:45,R2L,R2L,1.0,YES,Medium
2026-01-06 07:30:45,Probe,Probe,1.0,YES,High
2026-01-06 07:30:45,U2R,U2R,1.0,YES,Critical
2026-01-06 07:30:45,U2R,U2R,1.0,YES,Critical
2026-01-06 07:30:45,U2R,U2R,1.0,YES,Critical
2026-01-06 07:30:45,R2L,R2L,0.935,YES,Medium
2026-01-06 07:30:45,Probe,Probe,1.0,YES,High
2026-01-06 07:30:45,R2L,R2L,1.0,YES,Medium
2026-01-06 07:30:45,DoS,DoS,1.0,YES,High
2026-01-06 07:30:45,R2L,R2L,1.0,YES,Medium
2026-01-06 07:30:45,DoS,DoS,1.0,YES,High
2026-01-06 07:30:45,U2R,U2R,1.0,YES,Critical
2026-01-06 07:30:45,R2L,R2L,0.995,YES,Medium
2026-01-06 07:30:45,Probe,Probe,1.0,YES,High
2026-01-06 07:30:45,R2L,R2L,1.0,YES,Medium
2026-01-06 07:30:45,R2L,R2L,1.0,YES,Medium
2026-01-06 07:30:45,U2R,U2R,1.0,YES,Critical
2026-01-06 07:30:45,Probe,Probe,1.0,YES,High
2026-01-06 07:30:45,R2L,R2L,0.967,YES,Medium
2026-01-06 07:30:45,Probe,Probe,1.0,YES,High
2026-01-06 07:30:45,R2L,R2L,0.999,YES,Medium
2026-01-06 07:30:45,R2L,R2L,1.0,YES,Medium
2026-01-06 07:30:45,Probe,Probe,1.0,YES,High
2026-01-06 07:30:45,DoS,DoS,1.0,YES,High
2026-01-06 07:30:45,U2R,U2R,1.0,YES,Critical
2026-01-06 07:30:45,Probe,Probe,1.0,YES,High
2026-01-06 07:30:45,DoS,DoS,0.995,YES,High
2026-01-06 07:30:45,DoS,DoS,1.0,YES,High
2026-01-06 07:30:45,R2L,R2L,1.0,YES,Medium
2026-01-06 07:30:45,R2L,R2L,0.985,YES,Medium
2026-01-06 07:30:45,Probe,Probe,1.0,YES,High
2026-01-06 07:30:45,Probe,Probe,1.0,YES,High
2026-01-06 07:30:46,DoS,DoS,1.0,YES,High
2026-01-06 07:30:46,U2R,U2R,1.0,YES,Critical
2026-01-06 07:30:46,Probe,Probe,1.0,YES,High
2026-01-06 07:30:46,R2L,R2L,1.0,YES,Medium
2026-01-06 07:30:46,R2L,R2L,1.0,YES,Medium
2026-01-06 07:30:46,R2L,R2L,0.995,YES,Medium
2026-01-06 07:30:46,U2R,U2R,1.0,YES,Critical
2026-01-06 07:30:46,U2R,U2R,1.0,YES,Critical
2026-01-06 07:30:46,R2L,R2L,1.0,YES,Medium
2026-01-06 07:30:46,Probe,Probe,1.0,YES,High
2026-01-06 07:30:46,U2R,U2R,1.0,YES,Critical
2026-01-06 07:30:46,R2L,R2L,1.0,YES,Medium
2026-01-06 07:30:46,R2L,R2L,0.99,YES,Medium
2026-01-06 07:30:46,U2R,U2R,1.0,YES,Critical
2026-01-06 07:30:46,U2R,U2R,1.0,YES,Critical
2026-01-06 07:30:46,R2L,R2L,1.0,YES,Medium
2026-01-06 07:30:46,R2L,R2L,1.0,YES,Medium
2026-01-06 07:30:46,Probe,Probe,0.995,YES,High
2026-01-06 07:30:46,U2R,U2R,1.0,YES,Critical
2026-01-06 07:30:46,R2L,R2L,1.0,YES,Medium
2026-01-06 07:30:46,Probe,Probe,0.948,YES,High
2026-01-06 07:30:46,DoS,DoS,1.0,YES,High
2026-01-06 07:30:46,Probe,Probe,1.0,YES,High
2026-01-06 07:30:46,Probe,Probe,1.0,YES,High
2026-01-06 07:30:46,R2L,R2L,1.0,YES,Medium
2026-01-06 07:30:46,DoS,DoS,1.0,YES,High
2026-01-06 07:30:46,U2R,U2R,1.0,YES,Critical
2026-01-06 07:30:46,U2R,U2R,1.0,YES,Critical
2026-01-06 07:30:46,R2L,R2L,1.0,YES,Medium
2026-01-06 07:30:46,DoS,DoS,1.0,YES,High
2026-01-06 07:30:46,DoS,DoS,1.0,YES,High
2026-01-06 07:30:46,U2R,U2R,1.0,YES,Critical
2026-01-06 07:30:46,DoS,DoS,1.0,YES,High
2026-01-06 07:30:46,Probe,Probe,1.0,YES,High
2026-01-06 07:30:46,DoS,DoS,1.0,YES,High
2026-01-06 07:30:46,DoS,DoS,1.0,YES,High
2026-01-06 07:30:46,R2L,R2L,1.0,YES,Medium
2026-01-06 07:30:47,DoS,DoS,1.0,YES,High
2026-01-06 07:30:47,Probe,Probe,1.0,YES,High
2026-01-06 07:30:47,Probe,Probe,0.999,YES,High
2026-01-06 07:30:47,DoS,DoS,1.0,YES,High
2026-01-06 07:30:47,R2L,R2L,1.0,YES,Medium
2026-01-06 07:30:47,U2R,U2R,1.0,YES,Critical
2026-01-06 07:30:47,DoS,DoS,1.0,YES,High
2026-01-06 07:30:47,Probe,Probe,1.0,YES,High
2026-01-06 07:30:47,DoS,DoS,1.0,YES,High
2026-01-06 07:30:47,R2L,R2L,1.0,YES,Medium
2026-01-06 07:30:47,Probe,Probe,1.0,YES,High
2026-01-06 07:30:47,Probe,Probe,1.0,YES,High
2026-01-06 07:30:47,R2L,R2L,1.0,YES,Medium
2026-01-06 07:30:47,Probe,Probe,0.999,YES,High
2026-01-06 07:30:47,R2L,R2L,0.995,YES,Medium
2026-01-06 07:30:47,R2L,R2L,1.0,YES,Medium
2026-01-06 07:30:47,U2R,U2R,1.0,YES,Critical
2026-01-06 07:30:47,R2L,R2L,1.0,YES,Medium
2026-01-06 07:30:47,R2L,R2L,1.0,YES,Medium
2026-01-06 07:30:47,R2L,R2L,1.0,YES,Medium
2026-01-06 07:30:47,U2R,U2R,1.0,YES,Critical
2026-01-06 07:30:47,R2L,R2L,0.995,YES,Medium
2026-01-06 07:30:47,DoS,DoS,0.99,YES,High
2026-01-06 07:30:47,DoS,DoS,1.0,YES,High
2026-01-06 07:30:47,Probe,Probe,1.0,YES,High
2026-01-06 07:30:47,DoS,DoS,1.0,YES,High
2026-01-06 07:30:47,Probe,Probe,1.0,YES,High
2026-01-06 07:30:47,U2R,U2R,1.0,YES,Critical
2026-01-06 07:30:47,Probe,Probe,1.0,YES,High
2026-01-06 07:30:47,R2L,R2L,1.0,YES,Medium
2026-01-06 07:30:47,Probe,Probe,1.0,YES,High
2026-01-06 07:30:47,R2L,R2L,1.0,YES,Medium
2026-01-06 07:30:48,Probe,Probe,1.0,YES,High
2026-01-06 07:30:48,DoS,DoS,1.0,YES,High
2026-01-06 07:30:48,DoS,DoS,1.0,YES,High
2026-01-06 07:30:48,U2R,U2R,1.0,YES,Critical
2026-01-06 07:30:48,Probe,Probe,1.0,YES,High
2026-01-06 07:30:48,R2L,R2L,1.0,YES,Medium
2026-01-06 07:30:48,R2L,R2L,1.0,YES,Medium
2026-01-06 07:30:48,R2L,R2L,1.0,YES,Medium
2026-01-06 07:30:48,DoS,DoS,1.0,YES,High
2026-01-06 07:30:48,Probe,Probe,1.0,YES,High
2026-01-06 07:30:48,Probe,Probe,1.0,YES,High
2026-01-06 07:30:48,U2R,U2R,1.0,YES,Critical
2026-01-06 07:30:48,R2L,R2L,1.0,YES,Medium
2026-01-06 07:30:48,Probe,Probe,1.0,YES,High
2026-01-06 07:30:48,U2R,U2R,1.0,YES,Critical
2026-01-06 07:30:48,Probe,Probe,1.0,YES,High
2026-01-06 07:30:48,U2R,U2R,1.0,YES,Critical
2026-01-06 07:30:48,R2L,R2L,1.0,YES,Medium
2026-01-06 07:30:48,R2L,R2L,1.0,YES,Medium
2026-01-06 07:30:48,Probe,Probe,1.0,YES,High
2026-01-06 07:30:48,DoS,DoS,1.0,YES,High
2026-01-06 07:30:48,DoS,DoS,0.99,YES,High
2026-01-06 07:30:48,Probe,Probe,0.995,YES,High
2026-01-06 07:30:48,DoS,DoS,1.0,YES,High
2026-01-06 07:30:48,Probe,Probe,1.0,YES,High
2026-01-06 07:30:48,R2L,R2L,0.99,YES,Medium
2026-01-06 07:30:48,R2L,R2L,1.0,YES,Medium
2026-01-06 07:30:48,R2L,R2L,1.0,YES,Medium
2026-01-06 07:30:48,U2R,U2R,1.0,YES,Critical
2026-01-06 07:30:48,R2L,R2L,1.0,YES,Medium
2026-01-06 07:30:48,U2R,U2R,1.0,YES,Critical
2026-01-06 07:30:48,R2L,R2L,1.0,YES,Medium
2026-01-06 07:30:48,R2L,R2L,1.0,YES,Medium
2026-01-06 07:30:48,U2R,U2R,1.0,YES,Critical
2026-01-06 07:30:48,Probe,Probe,1.0,YES,High
2026-01-06 07:30:48,DoS,DoS,1.0,YES,High
2026-01-06 07:30:48,DoS,DoS,1.0,YES,High
2026-01-06 07:30:48,DoS,DoS,1.0,YES,High
2026-01-06 07:30:48,Probe,Probe,1.0,YES,High
2026-01-06 07:30:48,U2R,U2R,1.0,YES,Critical
2026-01-06 07:30:48,U2R,U2R,1.0,YES,Critical
2026-01-06 07:30:48,U2R,U2R,1.0,YES,Critical
2026-01-06 07:30:48,U2R,U2R,1.0,YES,Critical
2026-01-06 07:30:48,U2R,U2R,1.0,YES,Critical
2026-01-06 07:30:48,U2R,U2R,1.0,YES,Critical
2026-01-06 07:30:48,DoS,DoS,1.0,YES,High
2026-01-06 07:30:48,Probe,Probe,1.0,YES,High
2026-01-06 07:30:48,R2L,R2L,0.995,YES,Medium
2026-01-06 07:30:49,R2L,R2L,1.0,YES,Medium
2026-01-06 07:30:49,Probe,Probe,1.0,YES,High
2026-01-06 07:30:49,DoS,DoS,1.0,YES,High
2026-01-06 07:30:49,R2L,R2L,1.0,YES,Medium
2026-01-06 07:30:49,U2R,U2R,1.0,YES,Critical
2026-01-06 07:30:49,U2R,U2R,1.0,YES,Critical
2026-01-06 07:30:49,Probe,Probe,1.0,YES,High
2026-01-06 07:30:49,DoS,DoS,1.0,YES,High
2026-01-06 07:30:49,R2L,R2L,1.0,YES,Medium
2026-01-06 07:30:49,Probe,Probe,1.0,YES,High
2026-01-06 07:30:49,DoS,DoS,0.985,YES,High
2026-01-06 07:30:49,R2L,R2L,1.0,YES,Medium
2026-01-06 07:30:49,DoS,DoS,1.0,YES,High
2026-01-06 07:30:49,DoS,DoS,1.0,YES,High
2026-01-06 07:30:49,R2L,R2L,1.0,YES,Medium
2026-01-06 07:30:49,DoS,DoS,1.0,YES,High
2026-01-06 07:30:49,R2L,R2L,1.0,YES,Medium
2026-01-06 07:30:49,U2R,U2R,1.0,YES,Critical
2026-01-06 07:30:49,DoS,DoS,1.0,YES,High
2026-01-06 07:30:49,U2R,U2R,1.0,YES,Critical
2026-01-06 07:30:49,Probe,Probe,1.0,YES,High
2026-01-06 07:30:49,R2L,R2L,1.0,YES,Medium
2026-01-06 07:30:49,Probe,Probe,1.0,YES,High
2026-01-06 07:30:49,U2R,U2R,1.0,YES,Critical
2026-01-06 07:30:49,Probe,Probe,1.0,YES,High
2026-01-06 07:30:49,DoS,DoS,1.0,YES,High
2026-01-06 07:30:49,Probe,Probe,0.995,YES,High
2026-01-06 07:30:49,R2L,R2L,1.0,YES,Medium
2026-01-06 07:30:49,Probe,Probe,0.995,YES,High
2026-01-06 07:30:49,DoS,DoS,1.0,YES,High
2026-01-06 07:30:49,DoS,DoS,1.0,YES,High
2026-01-06 07:30:49,Probe,Probe,1.0,YES,High
2026-01-06 07:30:49,DoS,DoS,0.999,YES,High
2026-01-06 07:30:49,Probe,Probe,0.995,YES,High
2026-01-06 07:30:49,Probe,Probe,0.99,YES,High
2026-01-06 07:30:49,U2R,U2R,1.0,YES,Critical
2026-01-06 07:30:49,DoS,DoS,1.0,YES,High
2026-01-06 07:30:49,R2L,R2L,1.0,YES,Medium
2026-01-06 07:30:49,U2R,U2R,1.0,YES,Critical
2026-01-06 07:30:49,R2L,R2L,1.0,YES,Medium
2026-01-06 07:30:49,R2L,R2L,1.0,YES,Medium
2026-01-06 07:30:49,R2L,R2L,1.0,YES,Medium
2026-01-06 07:30:49,U2R,U2R,0.995,YES,Critical
2026-01-06 07:30:49,DoS,DoS,1.0,YES,High
2026-01-06 07:30:49,R2L,R2L,1.0,YES,Medium
2026-01-06 07:30:49,DoS,DoS,1.0,YES,High
2026-01-06 07:30:49,Probe,Probe,1.0,YES,High
2026-01-06 07:30:49,U2R,U2R,1.0,YES,Critical
2026-01-06 07:30:49,U2R,U2R,1.0,YES,Critical
2026-01-06 07:30:49,DoS,DoS,1.0,YES,High
2026-01-06 07:30:49,R2L,R2L,1.0,YES,Medium
2026-01-06 07:30:49,R2L,R2L,1.0,YES,Medium
2026-01-06 07:30:50,R2L,R2L,1.0,YES,Medium
2026-01-06 07:30:50,DoS,DoS,1.0,YES,High
2026-01-06 07:30:50,R2L,R2L,1.0,YES,Medium
2026-01-06 07:30:50,R2L,R2L,1.0,YES,Medium
2026-01-06 07:30:50,Probe,Probe,1.0,YES,High
2026-01-06 07:30:50,U2R,U2R,1.0,YES,Critical
2026-01-06 07:30:50,U2R,U2R,1.0,YES,Critical
2026-01-06 07:30:50,R2L,R2L,1.0,YES,Medium
2026-01-06 07:30:50,DoS,DoS,1.0,YES,High
2026-01-06 07:30:50,DoS,DoS,0.925,YES,High
2026-01-06 07:30:50,R2L,R2L,1.0,YES,Medium
2026-01-06 07:30:50,R2L,R2L,1.0,YES,Medium
2026-01-06 07:30:50,Probe,Probe,1.0,YES,High
2026-01-06 07:30:50,R2L,R2L,1.0,YES,Medium
2026-01-06 07:30:50,R2L,R2L,1.0,YES,Medium
2026-01-06 07:30:50,DoS,DoS,1.0,YES,High
2026-01-06 07:30:50,DoS,DoS,1.0,YES,High
2026-01-06 07:30:50,DoS,DoS,0.999,YES,High
2026-01-06 07:30:50,Probe,Probe,0.695,YES,High
2026-01-06 07:30:50,U2R,U2R,1.0,YES,Critical
2026-01-06 07:30:50,DoS,DoS,1.0,YES,High
2026-01-06 07:30:50,DoS,DoS,1.0,YES,High
2026-01-06 07:30:50,R2L,R2L,1.0,YES,Medium
2026-01-06 07:30:50,R2L,R2L,1.0,YES,Medium
2026-01-06 07:30:50,U2R,U2R,1.0,YES,Critical
2026-01-06 07:30:50,U2R,U2R,1.0,YES,Critical
2026-01-06 07:30:50,Probe,Probe,0.999,YES,High
2026-01-06 07:30:50,Probe,Probe,1.0,YES,High
2026-01-06 07:30:50,U2R,U2R,1.0,YES,Critical
2026-01-06 07:30:50,DoS,DoS,1.0,YES,High
2026-01-06 07:30:50,R2L,R2L,1.0,YES,Medium
2026-01-06 07:30:50,R2L,R2L,1.0,YES,Medium
2026-01-06 07:30:50,U2R,U2R,1.0,YES,Critical
2026-01-06 07:30:50,Probe,Probe,1.0,YES,High
2026-01-06 07:30:50,DoS,DoS,1.0,YES,High
2026-01-06 07:30:50,R2L,R2L,1.0,YES,Medium
2026-01-06 07:30:50,R2L,R2L,1.0,YES,Medium
2026-01-06 07:30:50,U2R,U2R,1.0,YES,Critical
2026-01-06 07:30:50,U2R,U2R,1.0,YES,Critical
2026-01-06 07:30:50,Probe,Probe,1.0,YES,High
2026-01-06 07:30:50,Probe,Probe,1.0,YES,High
2026-01-06 07:30:50,U2R,U2R,1.0,YES,Critical
2026-01-06 07:30:50,R2L,R2L,1.0,YES,Medium
2026-01-06 07:30:50,U2R,U2R,1.0,YES,Critical
2026-01-06 07:30:50,DoS,DoS,1.0,YES,High
2026-01-06 07:30:50,R2L,R2L,1.0,YES,Medium
2026-01-06 07:30:50,DoS,DoS,1.0,YES,High
2026-01-06 07:30:50,Probe,Probe,0.995,YES,High
2026-01-06 07:30:50,R2L,R2L,0.995,YES,Medium
2026-01-06 07:30:50,U2R,U2R,1.0,YES,Critical
2026-01-06 07:30:50,DoS,DoS,1.0,YES,High
2026-01-06 07:30:50,U2R,U2R,1.0,YES,Critical
2026-01-06 07:30:51,R2L,R2L,1.0,YES,Medium
2026-01-06 07:30:51,U2R,U2R,1.0,YES,Critical
2026-01-06 07:30:51,U2R,U2R,1.0,YES,Critical
2026-01-06 07:30:51,Probe,Probe,1.0,YES,High
2026-01-06 07:30:51,Probe,Probe,1.0,YES,High
2026-01-06 07:30:51,Probe,Probe,0.995,YES,High
2026-01-06 07:30:51,DoS,DoS,1.0,YES,High
2026-01-06 07:30:51,R2L,R2L,0.99,YES,Medium
2026-01-06 07:30:51,DoS,DoS,0.96,YES,High
2026-01-06 07:30:51,Probe,Probe,1.0,YES,High
2026-01-06 07:30:51,Probe,Probe,1.0,YES,High
2026-01-06 07:30:51,U2R,U2R,1.0,YES,Critical
2026-01-06 07:30:51,DoS,DoS,1.0,YES,High
2026-01-06 07:30:51,Probe,Probe,1.0,YES,High
2026-01-06 07:30:51,DoS,DoS,1.0,YES,High
2026-01-06 07:30:51,R2L,R2L,1.0,YES,Medium
2026-01-06 07:30:51,Probe,Probe,1.0,YES,High
2026-01-06 07:30:51,R2L,R2L,1.0,YES,Medium
2026-01-06 07:30:51,DoS,DoS,0.995,YES,High
2026-01-06 07:30:51,R2L,R2L,1.0,YES,Medium
2026-01-06 07:30:51,U2R,U2R,1.0,YES,Critical
2026-01-06 07:30:51,DoS,DoS,1.0,YES,High
2026-01-06 07:30:51,DoS,DoS,1.0,YES,High
2026-01-06 07:30:51,R2L,R2L,1.0,YES,Medium
2026-01-06 07:30:51,R2L,R2L,1.0,YES,Medium
2026-01-06 07:30:51,U2R,U2R,1.0,YES,Critical
2026-01-06 07:30:51,Probe,Probe,1.0,YES,High
2026-01-06 07:30:51,DoS,DoS,1.0,YES,High
2026-01-06 07:30:51,Probe,Probe,1.0,YES,High
2026-01-06 07:30:51,DoS,DoS,1.0,YES,High
2026-01-06 07:30:51,Probe,Probe,1.0,YES,High
2026-01-06 07:30:51,Probe,Probe,1.0,YES,High
2026-01-06 07:30:51,U2R,U2R,1.0,YES,Critical
2026-01-06 07:30:51,Probe,Probe,1.0,YES,High
2026-01-06 07:30:51,U2R,U2R,1.0,YES,Critical
2026-01-06 07:30:51,U2R,U2R,1.0,YES,Critical
2026-01-06 07:30:51,R2L,R2L,1.0,YES,Medium
2026-01-06 07:30:51,R2L,R2L,1.0,YES,Medium
2026-01-06 07:30:51,DoS,DoS,1.0,YES,High
2026-01-06 07:30:51,Probe,Probe,1.0,YES,High
2026-01-06 07:30:51,Probe,Probe,1.0,YES,High
2026-01-06 07:30:51,U2R,U2R,1.0,YES,Critical
2026-01-06 07:30:51,DoS,DoS,1.0,YES,High
2026-01-06 07:30:51,R2L,R2L,1.0,YES,Medium
2026-01-06 07:30:51,R2L,R2L,0.993,YES,Medium
2026-01-06 07:30:51,Probe,Probe,1.0,YES,High
2026-01-06 07:30:51,Probe,Probe,1.0,YES,High
2026-01-06 07:30:51,DoS,DoS,1.0,YES,High
2026-01-06 07:30:51,DoS,DoS,1.0,YES,High
2026-01-06 07:30:51,U2R,U2R,1.0,YES,Critical
2026-01-06 07:30:51,U2R,U2R,1.0,YES,Critical
2026-01-06 07:30:51,DoS,DoS,1.0,YES,High
2026-01-06 07:30:51,DoS,DoS,1.0,YES,High
2026-01-06 07:30:51,DoS,DoS,1.0,YES,High
2026-01-06 07:30:51,Probe,Probe,1.0,YES,High
2026-01-06 07:30:51,Probe,Probe,1.0,YES,High
2026-01-06 07:30:51,Probe,Probe,0.999,YES,High
2026-01-06 07:30:51,R2L,R2L,1.0,YES,Medium
2026-01-06 07:30:52,Probe,Probe,0.999,YES,High
2026-01-06 07:30:52,Probe,Probe,1.0,YES,High
2026-01-06 07:30:52,U2R,U2R,1.0,YES,Critical
2026-01-06 07:30:52,Probe,Probe,1.0,YES,High
2026-01-06 07:30:52,R2L,R2L,1.0,YES,Medium
2026-01-06 07:30:52,R2L,R2L,1.0,YES,Medium
2026-01-06 07:30:52,U2R,U2R,1.0,YES,Critical
2026-01-06 07:30:52,Probe,Probe,0.998,YES,High
2026-01-06 07:30:52,DoS,DoS,0.975,YES,High
2026-01-06 07:30:52,Probe,Probe,1.0,YES,High
2026-01-06 07:30:52,Probe,Probe,0.999,YES,High
2026-01-06 07:30:52,Probe,Probe,1.0,YES,High
2026-01-06 07:30:52,Probe,Probe,1.0,YES,High
2026-01-06 07:30:52,DoS,DoS,1.0,YES,High
2026-01-06 07:30:52,R2L,R2L,1.0,YES,Medium
2026-01-06 07:30:52,R2L,R2L,1.0,YES,Medium
2026-01-06 07:30:52,Probe,Probe,0.994,YES,High
2026-01-06 07:30:52,U2R,U2R,1.0,YES,Critical
2026-01-06 07:30:52,U2R,U2R,1.0,YES,Critical
2026-01-06 07:30:52,U2R,U2R,1.0,YES,Critical
2026-01-06 07:30:52,Probe,Probe,1.0,YES,High
2026-01-06 07:30:52,DoS,DoS,1.0,YES,High
2026-01-06 07:30:52,U2R,U2R,1.0,YES,Critical
2026-01-06 07:30:52,Probe,Probe,1.0,YES,High
2026-01-06 07:30:52,DoS,DoS,1.0,YES,High
2026-01-06 07:30:52,R2L,R2L,0.87,YES,Medium
2026-01-06 07:30:52,U2R,U2R,1.0,YES,Critical
2026-01-06 07:30:52,R2L,R2L,1.0,YES,Medium
2026-01-06 07:30:52,Probe,Probe,1.0,YES,High
2026-01-06 07:30:52,Probe,Probe,1.0,YES,High
2026-01-06 07:30:52,R2L,R2L,1.0,YES,Medium
2026-01-06 07:30:52,DoS,DoS,1.0,YES,High
2026-01-06 07:30:52,U2R,U2R,1.0,YES,Critical
2026-01-06 07:30:52,DoS,DoS,1.0,YES,High
2026-01-06 07:30:52,R2L,R2L,1.0,YES,Medium
2026-01-06 07:30:52,DoS,DoS,1.0,YES,High
2026-01-06 07:30:52,DoS,DoS,1.0,YES,High
2026-01-06 07:30:52,U2R,U2R,1.0,YES,Critical
2026-01-06 07:30:52,Probe,Probe,1.0,YES,High
2026-01-06 07:30:52,U2R,U2R,1.0,YES,Critical
2026-01-06 07:30:52,R2L,R2L,1.0,YES,Medium
2026-01-06 07:30:52,DoS,DoS,1.0,YES,High
2026-01-06 07:30:52,Probe,Probe,0.99,YES,High
2026-01-06 07:30:52,Probe,Probe,0.993,YES,High
2026-01-06 07:30:52,R2L,R2L,1.0,YES,Medium
2026-01-06 07:30:52,R2L,R2L,1.0,YES,Medium
2026-01-06 07:30:52,Probe,Probe,1.0,YES,High
2026-01-06 07:30:52,R2L,R2L,1.0,YES,Medium
2026-01-06 07:30:52,DoS,DoS,1.0,YES,High
2026-01-06 07:30:52,Probe,Probe,1.0,YES,High
2026-01-06 07:30:52,Probe,Probe,1.0,YES,High
2026-01-06 07:30:52,R2L,R2L,1.0,YES,Medium
2026-01-06 07:30:53,U2R,U2R,1.0,YES,Critical
2026-01-06 07:30:53,U2R,U2R,1.0,YES,Critical
2026-01-06 07:30:53,DoS,DoS,1.0,YES,High
2026-01-06 07:30:53,DoS,DoS,1.0,YES,High
2026-01-06 07:30:53,R2L,R2L,1.0,YES,Medium
2026-01-06 07:30:53,R2L,R2L,1.0,YES,Medium
2026-01-06 07:30:53,R2L,R2L,1.0,YES,Medium
2026-01-06 07:30:53,Probe,Probe,1.0,YES,High
2026-01-06 07:30:53,R2L,R2L,1.0,YES,Medium
2026-01-06 07:30:53,Probe,Probe,0.995,YES,High
2026-01-06 07:30:53,R2L,R2L,1.0,YES,Medium
2026-01-06 07:30:53,Probe,Probe,1.0,YES,High
2026-01-06 07:30:53,R2L,R2L,1.0,YES,Medium
2026-01-06 07:30:53,DoS,DoS,1.0,YES,High
2026-01-06 07:30:53,DoS,DoS,0.995,YES,High
2026-01-06 07:30:53,U2R,U2R,1.0,YES,Critical
2026-01-06 07:30:53,R2L,R2L,1.0,YES,Medium
2026-01-06 07:30:53,U2R,U2R,1.0,YES,Critical
2026-01-06 07:30:53,U2R,U2R,1.0,YES,Critical
2026-01-06 07:30:53,R2L,R2L,1.0,YES,Medium
2026-01-06 07:30:53,U2R,U2R,1.0,YES,Critical
2026-01-06 07:30:53,Probe,Probe,0.995,YES,High
2026-01-06 07:30:53,U2R,U2R,1.0,YES,Critical
2026-01-06 07:30:53,R2L,R2L,1.0,YES,Medium
2026-01-06 07:30:53,DoS,DoS,1.0,YES,High
2026-01-06 07:30:53,Probe,Probe,0.99,YES,High
2026-01-06 07:30:53,DoS,DoS,1.0,YES,High
2026-01-06 07:30:53,U2R,U2R,1.0,YES,Critical
2026-01-06 07:30:53,U2R,U2R,1.0,YES,Critical
2026-01-06 07:30:53,Probe,Probe,1.0,YES,High
2026-01-06 07:30:53,DoS,DoS,1.0,YES,High
2026-01-06 07:30:53,Probe,Probe,1.0,YES,High
2026-01-06 07:30:53,DoS,DoS,1.0,YES,High
2026-01-06 07:30:53,DoS,DoS,1.0,YES,High
2026-01-06 07:30:53,Probe,Probe,0.97,YES,High
2026-01-06 07:30:53,U2R,U2R,1.0,YES,Critical
2026-01-06 07:30:53,Probe,Probe,1.0,YES,High
2026-01-06 07:30:53,DoS,DoS,1.0,YES,High
2026-01-06 07:30:53,U2R,U2R,1.0,YES,Critical
2026-01-06 07:30:53,U2R,U2R,1.0,YES,Critical
2026-01-06 07:30:53,DoS,DoS,1.0,YES,High
2026-01-06 07:30:53,Probe,Probe,1.0,YES,High
2026-01-06 07:30:53,DoS,DoS,1.0,YES,High
2026-01-06 07:30:53,DoS,DoS,1.0,YES,High
2026-01-06 07:30:53,DoS,DoS,1.0,YES,High
2026-01-06 07:30:53,Probe,Probe,0.995,YES,High
2026-01-06 07:30:53,Probe,Probe,1.0,YES,High
2026-01-06 07:30:53,DoS,DoS,1.0,YES,High
2026-01-06 07:30:53,U2R,U2R,1.0,YES,Critical
2026-01-06 07:30:53,Probe,Probe,1.0,YES,High
2026-01-06 07:30:53,U2R,U2R,1.0,YES,Critical
2026-01-06 07:30:53,R2L,R2L,1.0,YES,Medium
2026-01-06 07:30:53,R2L,R2L,1.0,YES,Medium
2026-01-06 07:30:54,Probe,Probe,1.0,YES,High
2026-01-06 07:30:54,Probe,Probe,1.0,YES,High
2026-01-06 07:30:54,DoS,DoS,1.0,YES,High
2026-01-06 07:30:54,DoS,DoS,1.0,YES,High
2026-01-06 07:30:54,Probe,Probe,1.0,YES,High
2026-01-06 07:30:54,Probe,Probe,1.0,YES,High
2026-01-06 07:30:54,R2L,R2L,1.0,YES,Medium
2026-01-06 07:30:54,DoS,DoS,1.0,YES,High
2026-01-06 07:30:54,Probe,Probe,1.0,YES,High
2026-01-06 07:30:54,R2L,R2L,1.0,YES,Medium
2026-01-06 07:30:54,R2L,R2L,1.0,YES,Medium
2026-01-06 07:30:54,DoS,DoS,1.0,YES,High
2026-01-06 07:30:54,Probe,Probe,1.0,YES,High
2026-01-06 07:30:54,U2R,U2R,1.0,YES,Critical
2026-01-06 07:30:54,R2L,R2L,1.0,YES,Medium
2026-01-06 07:30:54,Probe,Probe,1.0,YES,High
2026-01-06 07:30:54,U2R,U2R,1.0,YES,Critical
2026-01-06 07:30:54,R2L,R2L,1.0,YES,Medium
2026-01-06 07:30:54,DoS,DoS,1.0,YES,High
2026-01-06 07:30:54,DoS,DoS,1.0,YES,High
2026-01-06 07:30:54,R2L,R2L,1.0,YES,Medium
2026-01-06 07:30:54,R2L,R2L,1.0,YES,Medium
2026-01-06 07:30:54,Probe,Probe,1.0,YES,High
2026-01-06 07:30:54,R2L,R2L,1.0,YES,Medium
2026-01-06 07:30:54,R2L,R2L,1.0,YES,Medium
2026-01-06 07:30:54,R2L,R2L,0.945,YES,Medium
2026-01-06 07:30:54,R2L,R2L,1.0,YES,Medium
2026-01-06 07:30:54,Probe,Probe,1.0,YES,High
2026-01-06 07:30:54,Probe,Probe,1.0,YES,High
2026-01-06 07:30:54,R2L,R2L,0.995,YES,Medium
2026-01-06 07:30:54,R2L,R2L,1.0,YES,Medium
2026-01-06 07:30:54,U2R,U2R,1.0,YES,Critical
2026-01-06 07:30:54,DoS,DoS,1.0,YES,High
2026-01-06 07:30:54,Probe,Probe,1.0,YES,High
2026-01-06 07:30:54,DoS,DoS,1.0,YES,High
2026-01-06 07:30:54,U2R,U2R,1.0,YES,Critical
2026-01-06 07:30:54,R2L,R2L,1.0,YES,Medium
2026-01-06 07:30:54,Probe,Probe,0.955,YES,High
2026-01-06 07:30:54,DoS,DoS,1.0,YES,High
2026-01-06 07:30:54,R2L,R2L,1.0,YES,Medium
2026-01-06 07:30:54,DoS,DoS,1.0,YES,High
2026-01-06 07:30:54,R2L,R2L,1.0,YES,Medium
2026-01-06 07:30:54,Probe,Probe,1.0,YES,High
2026-01-06 07:30:54,Probe,Probe,0.995,YES,High
2026-01-06 07:30:54,U2R,U2R,1.0,YES,Critical
2026-01-06 07:30:54,U2R,U2R,1.0,YES,Critical
2026-01-06 07:30:54,Probe,Probe,1.0,YES,High
2026-01-06 07:30:54,R2L,R2L,1.0,YES,Medium
2026-01-06 07:30:55,Probe,Probe,0.993,YES,High
2026-01-06 07:30:55,DoS,DoS,1.0,YES,High
2026-01-06 07:30:55,U2R,U2R,1.0,YES,Critical
2026-01-06 07:30:55,U2R,U2R,1.0,YES,Critical
2026-01-06 07:30:55,DoS,DoS,1.0,YES,High
2026-01-06 07:30:55,R2L,R2L,1.0,YES,Medium
2026-01-06 07:30:55,Probe,Probe,1.0,YES,High
2026-01-06 07:30:55,R2L,R2L,1.0,YES,Medium
2026-01-06 07:30:55,R2L,R2L,1.0,YES,Medium
2026-01-06 07:30:55,DoS,DoS,1.0,YES,High
2026-01-06 07:30:55,DoS,DoS,1.0,YES,High
2026-01-06 07:30:55,Probe,Probe,1.0,YES,High
2026-01-06 07:30:55,R2L,R2L,1.0,YES,Medium
2026-01-06 07:30:55,U2R,U2R,1.0,YES,Critical
2026-01-06 07:30:55,U2R,U2R,1.0,YES,Critical
2026-01-06 07:30:55,DoS,DoS,0.985,YES,High
2026-01-06 07:30:55,DoS,DoS,1.0,YES,High
2026-01-06 07:30:55,U2R,U2R,1.0,YES,Critical
2026-01-06 07:30:55,DoS,DoS,1.0,YES,High
2026-01-06 07:30:55,DoS,DoS,1.0,YES,High
2026-01-06 07:30:55,Probe,Probe,1.0,YES,High
2026-01-06 07:30:55,DoS,DoS,1.0,YES,High
2026-01-06 07:30:55,U2R,U2R,1.0,YES,Critical
2026-01-06 07:30:55,DoS,DoS,1.0,YES,High
2026-01-06 07:30:55,Probe,Probe,1.0,YES,High
2026-01-06 07:30:55,U2R,U2R,1.0,YES,Critical
2026-01-06 07:30:55,Probe,Probe,0.995,YES,High
2026-01-06 07:30:55,Probe,Probe,1.0,YES,High
2026-01-06 07:30:55,Probe,Probe,1.0,YES,High
2026-01-06 07:30:55,R2L,R2L,1.0,YES,Medium
2026-01-06 07:30:55,DoS,DoS,1.0,YES,High
2026-01-06 07:30:55,DoS,DoS,1.0,YES,High
2026-01-06 07:30:55,R2L,R2L,1.0,YES,Medium
2026-01-06 07:30:55,Probe,Probe,0.995,YES,High
2026-01-06 07:30:55,DoS,DoS,1.0,YES,High
2026-01-06 07:30:55,DoS,DoS,1.0,YES,High
2026-01-06 07:30:55,U2R,U2R,1.0,YES,Critical
2026-01-06 07:30:55,DoS,DoS,1.0,YES,High
2026-01-06 07:30:55,Probe,Probe,1.0,YES,High
2026-01-06 07:30:55,U2R,U2R,1.0,YES,Critical
2026-01-06 07:30:55,R2L,R2L,1.0,YES,Medium
2026-01-06 07:30:55,R2L,R2L,1.0,YES,Medium
2026-01-06 07:30:55,DoS,DoS,1.0,YES,High
2026-01-06 07:30:55,DoS,DoS,1.0,YES,High
2026-01-06 07:30:55,R2L,R2L,1.0,YES,Medium
2026-01-06 07:30:55,R2L,R2L,1.0,YES,Medium
2026-01-06 07:30:55,U2R,U2R,1.0,YES,Critical
2026-01-06 07:30:55,Probe,Probe,1.0,YES,High
2026-01-06 07:30:55,DoS,DoS,1.0,YES,High
2026-01-06 07:30:55,U2R,U2R,1.0,YES,Critical
2026-01-06 07:30:55,U2R,U2R,1.0,YES,Critical
2026-01-06 07:30:55,DoS,DoS,1.0,YES,High
2026-01-06 07:30:56,Probe,Probe,1.0,YES,High
2026-01-06 07:30:56,U2R,U2R,1.0,YES,Critical
2026-01-06 07:30:56,R2L,R2L,1.0,YES,Medium
2026-01-06 07:30:56,DoS,DoS,1.0,YES,High
2026-01-06 07:30:56,R2L,R2L,1.0,YES,Medium
2026-01-06 07:30:56,DoS,DoS,1.0,YES,High
2026-01-06 07:30:56,U2R,U2R,1.0,YES,Critical
2026-01-06 07:30:56,U2R,U2R,1.0,YES,Critical
2026-01-06 07:30:56,Probe,Probe,1.0,YES,High
2026-01-06 07:30:56,DoS,DoS,1.0,YES,High
2026-01-06 07:30:56,U2R,U2R,1.0,YES,Critical
2026-01-06 07:30:56,DoS,DoS,1.0,YES,High
2026-01-06 07:30:56,R2L,R2L,1.0,YES,Medium
2026-01-06 07:30:56,R2L,R2L,0.995,YES,Medium
2026-01-06 07:30:56,R2L,R2L,1.0,YES,Medium
2026-01-06 07:30:56,U2R,U2R,1.0,YES,Critical
2026-01-06 07:30:56,Probe,Probe,1.0,YES,High
2026-01-06 07:30:56,Probe,Probe,1.0,YES,High
2026-01-06 07:30:56,Probe,Probe,1.0,YES,High
2026-01-06 07:30:56,R2L,R2L,1.0,YES,Medium
2026-01-06 07:30:56,U2R,U2R,1.0,YES,Critical
2026-01-06 07:30:56,DoS,DoS,1.0,YES,High
2026-01-06 07:30:56,U2R,U2R,1.0,YES,Critical
2026-01-06 07:30:56,U2R,U2R,1.0,YES,Critical
2026-01-06 07:30:56,DoS,DoS,1.0,YES,High
2026-01-06 07:30:56,R2L,R2L,1.0,YES,Medium
2026-01-06 07:30:56,R2L,R2L,1.0,YES,Medium
2026-01-06 07:30:56,U2R,U2R,1.0,YES,Critical
2026-01-06 07:30:56,DoS,DoS,0.98,YES,High
2026-01-06 07:30:56,DoS,DoS,1.0,YES,High
2026-01-06 07:30:56,U2R,U2R,1.0,YES,Critical
2026-01-06 07:30:56,R2L,R2L,0.999,YES,Medium
2026-01-06 07:30:56,Probe,Probe,1.0,YES,High
2026-01-06 07:30:56,U2R,U2R,1.0,YES,Critical
2026-01-06 07:30:56,R2L,R2L,1.0,YES,Medium
2026-01-06 07:30:56,DoS,DoS,1.0,YES,High
2026-01-06 07:30:56,U2R,U2R,1.0,YES,Critical
2026-01-06 07:30:56,U2R,U2R,1.0,YES,Critical
2026-01-06 07:30:56,DoS,DoS,1.0,YES,High
2026-01-06 07:30:56,DoS,DoS,1.0,YES,High
2026-01-06 07:30:56,R2L,R2L,0.999,YES,Medium
2026-01-06 07:30:56,Probe,Probe,0.998,YES,High
2026-01-06 07:30:56,R2L,R2L,1.0,YES,Medium
2026-01-06 07:30:56,DoS,DoS,1.0,YES,High
2026-01-06 07:30:56,U2R,U2R,1.0,YES,Critical
2026-01-06 07:30:56,DoS,DoS,1.0,YES,High
2026-01-06 07:30:56,U2R,U2R,1.0,YES,Critical
2026-01-06 07:30:56,DoS,DoS,1.0,YES,High
2026-01-06 07:30:56,R2L,R2L,1.0,YES,Medium
2026-01-06 07:30:56,U2R,U2R,1.0,YES,Critical
2026-01-06 07:30:56,U2R,U2R,1.0,YES,Critical
2026-01-06 07:30:56,R2L,R2L,1.0,YES,Medium
2026-01-06 07:30:56,DoS,DoS,1.0,YES,High
2026-01-06 07:30:57,DoS,DoS,1.0,YES,High
2026-01-06 07:30:57,U2R,U2R,1.0,YES,Critical
2026-01-06 07:30:57,DoS,DoS,1.0,YES,High
2026-01-06 07:30:57,U2R,U2R,1.0,YES,Critical
2026-01-06 07:30:57,Probe,Probe,0.975,YES,High
2026-01-06 07:30:57,R2L,R2L,1.0,YES,Medium
2026-01-06 07:30:57,R2L,R2L,1.0,YES,Medium
2026-01-06 07:30:57,Probe,Probe,1.0,YES,High
2026-01-06 07:30:57,Probe,Probe,0.985,YES,High
2026-01-06 07:30:57,DoS,DoS,1.0,YES,High
2026-01-06 07:30:57,Probe,Probe,0.995,YES,High
2026-01-06 07:30:57,Probe,Probe,1.0,YES,High
2026-01-06 07:30:57,U2R,U2R,1.0,YES,Critical
2026-01-06 07:30:57,DoS,DoS,1.0,YES,High
2026-01-06 07:30:57,R2L,R2L,1.0,YES,Medium
2026-01-06 07:30:57,DoS,DoS,1.0,YES,High
2026-01-06 07:30:57,Probe,Probe,0.915,YES,High
2026-01-06 07:30:57,U2R,U2R,1.0,YES,Critical
2026-01-06 07:30:57,Probe,Probe,0.995,YES,High
2026-01-06 07:30:57,Probe,Probe,1.0,YES,High
2026-01-06 07:30:57,Probe,Probe,1.0,YES,High
2026-01-06 07:30:57,Probe,Probe,1.0,YES,High
2026-01-06 07:30:57,Probe,Probe,0.675,YES,High
2026-01-06 07:30:57,Probe,Probe,1.0,YES,High
2026-01-06 07:30:57,DoS,DoS,1.0,YES,High
2026-01-06 07:30:57,Probe,Probe,0.985,YES,High
2026-01-06 07:30:57,Probe,Probe,1.0,YES,High
2026-01-06 07:30:57,DoS,DoS,1.0,YES,High
2026-01-06 07:30:57,Probe,Probe,1.0,YES,High
2026-01-06 07:30:57,R2L,R2L,1.0,YES,Medium
2026-01-06 07:30:57,DoS,DoS,1.0,YES,High
2026-01-06 07:30:57,Probe,Probe,1.0,YES,High
2026-01-06 07:30:57,R2L,R2L,1.0,YES,Medium
2026-01-06 07:30:57,U2R,U2R,0.99,YES,Critical
2026-01-06 07:30:57,DoS,DoS,1.0,YES,High
2026-01-06 07:30:57,R2L,R2L,0.999,YES,Medium
2026-01-06 07:30:57,Probe,Probe,1.0,YES,High
2026-01-06 07:30:57,U2R,U2R,1.0,YES,Critical
2026-01-06 07:30:57,DoS,DoS,1.0,YES,High
2026-01-06 07:30:57,R2L,R2L,1.0,YES,Medium
2026-01-06 07:30:57,Probe,Probe,0.995,YES,High
2026-01-06 07:30:57,Probe,Probe,0.998,YES,High
2026-01-06 07:30:57,U2R,U2R,1.0,YES,Critical
2026-01-06 07:30:57,DoS,DoS,1.0,YES,High
2026-01-06 07:30:57,DoS,DoS,0.99,YES,High
2026-01-06 07:30:57,DoS,DoS,1.0,YES,High
2026-01-06 07:30:57,R2L,R2L,1.0,YES,Medium
2026-01-06 07:30:57,R2L,R2L,1.0,YES,Medium
2026-01-06 07:30:57,R2L,R2L,1.0,YES,Medium
2026-01-06 07:30:57,DoS,DoS,1.0,YES,High
2026-01-06 07:30:57,U2R,U2R,1.0,YES,Critical
2026-01-06 07:30:57,U2R,U2R,1.0,YES,Critical
2026-01-06 07:30:57,DoS,DoS,1.0,YES,High
2026-01-06 07:30:57,R2L,R2L,1.0,YES,Medium
2026-01-06 07:30:57,Probe,Probe,1.0,YES,High
2026-01-06 07:30:57,U2R,U2R,1.0,YES,Critical
2026-01-06 07:30:57,Probe,Probe,0.954,YES,High
2026-01-06 07:30:57,Probe,Probe,0.975,YES,High
2026-01-06 07:30:57,R2L,R2L,1.0,YES,Medium
2026-01-06 07:30:57,DoS,DoS,0.94,YES,High
2026-01-06 07:30:58,Probe,Probe,0.99,YES,High
2026-01-06 07:30:58,Probe,Probe,1.0,YES,High
2026-01-06 07:30:58,R2L,R2L,1.0,YES,Medium
2026-01-06 07:30:58,R2L,R2L,1.0,YES,Medium
2026-01-06 07:30:58,DoS,DoS,1.0,YES,High
2026-01-06 07:30:58,DoS,DoS,1.0,YES,High
2026-01-06 07:30:58,U2R,U2R,1.0,YES,Critical
2026-01-06 07:30:58,U2R,U2R,1.0,YES,Critical
2026-01-06 07:30:58,R2L,R2L,1.0,YES,Medium
2026-01-06 07:30:58,R2L,R2L,1.0,YES,Medium
2026-01-06 07:30:58,R2L,R2L,1.0,YES,Medium
2026-01-06 07:30:58,R2L,R2L,1.0,YES,Medium
2026-01-06 07:30:58,Probe,Probe,1.0,YES,High
2026-01-06 07:30:58,Probe,Probe,1.0,YES,High
2026-01-06 07:30:58,U2R,U2R,1.0,YES,Critical
2026-01-06 07:30:58,Probe,Probe,1.0,YES,High
2026-01-06 07:30:58,U2R,U2R,1.0,YES,Critical
2026-01-06 07:30:58,R2L,R2L,1.0,YES,Medium
2026-01-06 07:30:58,DoS,DoS,0.99,YES,High
2026-01-06 07:30:58,R2L,R2L,1.0,YES,Medium
2026-01-06 07:30:58,Probe,Probe,1.0,YES,High
2026-01-06 07:30:58,R2L,R2L,1.0,YES,Medium
2026-01-06 07:30:58,Probe,Probe,1.0,YES,High
2026-01-06 07:30:58,Probe,Probe,0.99,YES,High
2026-01-06 07:30:58,R2L,R2L,1.0,YES,Medium
2026-01-06 07:30:58,R2L,R2L,1.0,YES,Medium
2026-01-06 07:30:58,DoS,DoS,1.0,YES,High
2026-01-06 07:30:58,U2R,U2R,1.0,YES,Critical
2026-01-06 07:30:58,Probe,Probe,0.915,YES,High
2026-01-06 07:30:58,U2R,U2R,1.0,YES,Critical
2026-01-06 07:30:58,R2L,R2L,1.0,YES,Medium
2026-01-06 07:30:58,Probe,Probe,1.0,YES,High
2026-01-06 07:30:58,DoS,DoS,1.0,YES,High
2026-01-06 07:30:58,DoS,DoS,1.0,YES,High
2026-01-06 07:30:58,Probe,Probe,1.0,YES,High
2026-01-06 07:30:58,DoS,DoS,0.995,YES,High
2026-01-06 07:30:58,DoS,DoS,1.0,YES,High
2026-01-06 07:30:58,Probe,Probe,1.0,YES,High
2026-01-06 07:30:59,DoS,DoS,1.0,YES,High
2026-01-06 07:30:59,Probe,Probe,0.995,YES,High
2026-01-06 07:30:59,Probe,Probe,1.0,YES,High
2026-01-06 07:30:59,R2L,R2L,0.999,YES,Medium
2026-01-06 07:30:59,R2L,R2L,1.0,YES,Medium
2026-01-06 07:30:59,Probe,Probe,1.0,YES,High
2026-01-06 07:30:59,Probe,Probe,1.0,YES,High
2026-01-06 07:30:59,Probe,Probe,1.0,YES,High
2026-01-06 07:30:59,R2L,R2L,1.0,YES,Medium
2026-01-06 07:30:59,DoS,DoS,1.0,YES,High
2026-01-06 07:30:59,Probe,Probe,1.0,YES,High
2026-01-06 07:30:59,Probe,Probe,1.0,YES,High
2026-01-06 07:30:59,R2L,R2L,1.0,YES,Medium
2026-01-06 07:30:59,DoS,DoS,1.0,YES,High
2026-01-06 07:30:59,DoS,DoS,0.98,YES,High
2026-01-06 07:30:59,R2L,R2L,1.0,YES,Medium
2026-01-06 07:30:59,Probe,Probe,1.0,YES,High
2026-01-06 07:30:59,Probe,Probe,1.0,YES,High
2026-01-06 07:30:59,R2L,R2L,1.0,YES,Medium
2026-01-06 07:30:59,Probe,Probe,1.0,YES,High
2026-01-06 07:30:59,Probe,Probe,1.0,YES,High
2026-01-06 07:30:59,U2R,U2R,1.0,YES,Critical
2026-01-06 07:30:59,R2L,R2L,1.0,YES,Medium
2026-01-06 07:30:59,U2R,U2R,1.0,YES,Critical
2026-01-06 07:30:59,DoS,DoS,1.0,YES,High
2026-01-06 07:30:59,R2L,R2L,1.0,YES,Medium
2026-01-06 07:30:59,U2R,U2R,1.0,YES,Critical
2026-01-06 07:30:59,DoS,DoS,0.995,YES,High
2026-01-06 07:30:59,Probe,Probe,0.999,YES,High
2026-01-06 07:30:59,Probe,Probe,1.0,YES,High
2026-01-06 07:30:59,Probe,Probe,1.0,YES,High
2026-01-06 07:30:59,DoS,DoS,1.0,YES,High
2026-01-06 07:30:59,Probe,Probe,0.999,YES,High
2026-01-06 07:30:59,Probe,Probe,1.0,YES,High
2026-01-06 07:30:59,DoS,DoS,0.995,YES,High
2026-01-06 07:30:59,Probe,Probe,1.0,YES,High
2026-01-06 07:30:59,R2L,R2L,1.0,YES,Medium
2026-01-06 07:30:59,DoS,DoS,0.995,YES,High
2026-01-06 07:30:59,DoS,DoS,1.0,YES,High
2026-01-06 07:31:00,R2L,R2L,1.0,YES,Medium
2026-01-06 07:31:00,DoS,DoS,0.995,YES,High
2026-01-06 07:31:00,Probe,Probe,1.0,YES,High
2026-01-06 07:31:00,U2R,U2R,1.0,YES,Critical
2026-01-06 07:31:00,U2R,U2R,1.0,YES,Critical
2026-01-06 07:31:00,U2R,U2R,1.0,YES,Critical
2026-01-06 07:31:00,DoS,DoS,1.0,YES,High
2026-01-06 07:31:00,R2L,R2L,1.0,YES,Medium
2026-01-06 07:31:00,DoS,DoS,1.0,YES,High
2026-01-06 07:31:00,R2L,R2L,1.0,YES,Medium
2026-01-06 07:31:00,Probe,Probe,1.0,YES,High
2026-01-06 07:31:00,Probe,Probe,1.0,YES,High
2026-01-06 07:31:00,R2L,R2L,0.995,YES,Medium
2026-01-06 07:31:00,Probe,Probe,1.0,YES,High
2026-01-06 07:31:00,U2R,U2R,1.0,YES,Critical
2026-01-06 07:31:00,R2L,R2L,1.0,YES,Medium
2026-01-06 07:31:00,Probe,Probe,1.0,YES,High
2026-01-06 07:31:00,U2R,U2R,1.0,YES,Critical
2026-01-06 07:31:00,DoS,DoS,1.0,YES,High
2026-01-06 07:31:00,DoS,DoS,1.0,YES,High
2026-01-06 07:31:00,Probe,Probe,1.0,YES,High
2026-01-06 07:31:00,Probe,Probe,1.0,YES,High
2026-01-06 07:31:00,DoS,DoS,1.0,YES,High
2026-01-06 07:31:00,DoS,DoS,1.0,YES,High
2026-01-06 07:31:00,Probe,Probe,1.0,YES,High
2026-01-06 07:31:00,Probe,Probe,1.0,YES,High
2026-01-06 07:31:00,U2R,U2R,1.0,YES,Critical
2026-01-06 07:31:00,DoS,DoS,1.0,YES,High
2026-01-06 07:31:00,U2R,U2R,1.0,YES,Critical
2026-01-06 07:31:00,Probe,Probe,0.995,YES,High
2026-01-06 07:31:00,U2R,U2R,1.0,YES,Critical
2026-01-06 07:31:00,Probe,Probe,1.0,YES,High
2026-01-06 07:31:00,Probe,Probe,1.0,YES,High
2026-01-06 07:31:00,Probe,Probe,1.0,YES,High
2026-01-06 07:31:00,R2L,R2L,1.0,YES,Medium
2026-01-06 07:31:01,Probe,Probe,1.0,YES,High
2026-01-06 07:31:01,DoS,DoS,1.0,YES,High
2026-01-06 07:31:01,Probe,Probe,0.995,YES,High
2026-01-06 07:31:01,U2R,U2R,1.0,YES,Critical
2026-01-06 07:31:01,U2R,U2R,1.0,YES,Critical
2026-01-06 07:31:01,U2R,U2R,1.0,YES,Critical
2026-01-06 07:31:01,Probe,Probe,1.0,YES,High
2026-01-06 07:31:01,Probe,Probe,1.0,YES,High
2026-01-06 07:31:01,Probe,Probe,1.0,YES,High
2026-01-06 07:31:01,Probe,Probe,1.0,YES,High
2026-01-06 07:31:01,DoS,DoS,1.0,YES,High
2026-01-06 07:31:01,R2L,R2L,1.0,YES,Medium
2026-01-06 07:31:01,Probe,Probe,1.0,YES,High
2026-01-06 07:31:01,DoS,DoS,1.0,YES,High
2026-01-06 07:31:01,Probe,Probe,1.0,YES,High
2026-01-06 07:31:01,DoS,DoS,1.0,YES,High
2026-01-06 07:31:01,U2R,U2R,1.0,YES,Critical
2026-01-06 07:31:01,Probe,Probe,1.0,YES,High
2026-01-06 07:31:01,U2R,U2R,0.995,YES,Critical
2026-01-06 07:31:01,Probe,Probe,1.0,YES,High
2026-01-06 07:31:01,DoS,DoS,1.0,YES,High
2026-01-06 07:31:01,R2L,Normal,0.743,YES,Medium
2026-01-06 07:31:01,DoS,DoS,1.0,YES,High
2026-01-06 07:31:01,Probe,Probe,1.0,YES,High
2026-01-06 07:31:01,R2L,R2L,1.0,YES,Medium
2026-01-06 07:31:01,Probe,Probe,1.0,YES,High
2026-01-06 07:31:01,DoS,DoS,0.995,YES,High
2026-01-06 07:31:01,Probe,Probe,0.995,YES,High
2026-01-06 07:31:01,R2L,R2L,1.0,YES,Medium
2026-01-06 07:31:01,Probe,Probe,1.0,YES,High
2026-01-06 07:31:01,U2R,U2R,1.0,YES,Critical
2026-01-06 07:31:01,U2R,U2R,1.0,YES,Critical
2026-01-06 07:31:01,DoS,DoS,1.0,YES,High
2026-01-06 07:31:01,U2R,U2R,1.0,YES,Critical
2026-01-06 07:31:01,R2L,R2L,0.999,YES,Medium
2026-01-06 07:31:01,DoS,DoS,0.995,YES,High
2026-01-06 07:31:01,R2L,R2L,1.0,YES,Medium
2026-01-06 07:31:01,Probe,Probe,1.0,YES,High
2026-01-06 07:31:01,Probe,Probe,1.0,YES,High
2026-01-06 07:31:01,DoS,DoS,1.0,YES,High
2026-01-06 07:31:01,U2R,U2R,1.0,YES,Critical
2026-01-06 07:31:01,Probe,Probe,1.0,YES,High
2026-01-06 07:31:01,Probe,Probe,1.0,YES,High
2026-01-06 07:31:01,R2L,R2L,1.0,YES,Medium
2026-01-06 07:31:01,Probe,Probe,1.0,YES,High
2026-01-06 07:31:01,Probe,Probe,1.0,YES,High
2026-01-06 07:31:01,U2R,U2R,0.975,YES,Critical
2026-01-06 07:31:01,DoS,DoS,1.0,YES,High
2026-01-06 07:31:01,Probe,Probe,0.98,YES,High
2026-01-06 07:31:01,U2R,U2R,1.0,YES,Critical
2026-01-06 07:31:01,U2R,U2R,1.0,YES,Critical
2026-01-06 07:31:01,U2R,U2R,1.0,YES,Critical
2026-01-06 07:31:01,R2L,R2L,1.0,YES,Medium
2026-01-06 07:31:01,R2L,R2L,1.0,YES,Medium
2026-01-06 07:31:02,DoS,DoS,1.0,YES,High
2026-01-06 07:31:02,DoS,DoS,1.0,YES,High
2026-01-06 07:31:02,U2R,U2R,1.0,YES,Critical
2026-01-06 07:31:02,R2L,R2L,0.96,YES,Medium
2026-01-06 07:31:02,R2L,R2L,1.0,YES,Medium
2026-01-06 07:31:02,Probe,Probe,0.999,YES,High
2026-01-06 07:31:02,Probe,Probe,1.0,YES,High
2026-01-06 07:31:02,DoS,DoS,1.0,YES,High
2026-01-06 07:31:02,U2R,U2R,1.0,YES,Critical
2026-01-06 07:31:02,DoS,DoS,0.995,YES,High
2026-01-06 07:31:02,DoS,DoS,1.0,YES,High
2026-01-06 07:31:02,R2L,R2L,1.0,YES,Medium
2026-01-06 07:31:02,Probe,Probe,1.0,YES,High
2026-01-06 07:31:02,Probe,Probe,1.0,YES,High
2026-01-06 07:31:02,U2R,U2R,1.0,YES,Critical
2026-01-06 07:31:02,U2R,U2R,1.0,YES,Critical
2026-01-06 07:31:02,DoS,DoS,1.0,YES,High
2026-01-06 07:31:02,U2R,U2R,1.0,YES,Critical
2026-01-06 07:31:02,Probe,Probe,1.0,YES,High
2026-01-06 07:31:02,U2R,U2R,1.0,YES,Critical
2026-01-06 07:31:02,U2R,U2R,1.0,YES,Critical
2026-01-06 07:31:02,DoS,DoS,1.0,YES,High
2026-01-06 07:31:02,DoS,DoS,1.0,YES,High
2026-01-06 07:31:02,U2R,U2R,1.0,YES,Critical
2026-01-06 07:31:02,Probe,Probe,1.0,YES,High
2026-01-06 07:31:02,Probe,Probe,0.979,YES,High
2026-01-06 07:31:02,Probe,Probe,1.0,YES,High
2026-01-06 07:31:02,R2L,R2L,1.0,YES,Medium
2026-01-06 07:31:02,U2R,U2R,1.0,YES,Critical
2026-01-06 07:31:02,DoS,DoS,1.0,YES,High
2026-01-06 07:31:02,U2R,U2R,1.0,YES,Critical
2026-01-06 07:31:02,U2R,U2R,1.0,YES,Critical
2026-01-06 07:31:02,Probe,Probe,1.0,YES,High
2026-01-06 07:31:02,DoS,DoS,1.0,YES,High
2026-01-06 07:31:02,R2L,R2L,1.0,YES,Medium
2026-01-06 07:31:02,R2L,R2L,1.0,YES,Medium
2026-01-06 07:31:02,Probe,Probe,1.0,YES,High
2026-01-06 07:31:02,U2R,U2R,1.0,YES,Critical
2026-01-06 07:31:02,Probe,Probe,1.0,YES,High
2026-01-06 07:31:02,Probe,Probe,1.0,YES,High
2026-01-06 07:31:02,DoS,DoS,1.0,YES,High
2026-01-06 07:31:02,Probe,Probe,1.0,YES,High
2026-01-06 07:31:02,R2L,R2L,1.0,YES,Medium
2026-01-06 07:31:02,DoS,DoS,1.0,YES,High
2026-01-06 07:31:02,U2R,U2R,1.0,YES,Critical
2026-01-06 07:31:02,R2L,R2L,1.0,YES,Medium
2026-01-06 07:31:02,U2R,U2R,1.0,YES,Critical
2026-01-06 07:31:02,Probe,Probe,1.0,YES,High
2026-01-06 07:31:02,Probe,Probe,1.0,YES,High
2026-01-06 07:31:02,R2L,R2L,1.0,YES,Medium
2026-01-06 07:31:02,U2R,U2R,1.0,YES,Critical
2026-01-06 07:31:02,Probe,Probe,1.0,YES,High
2026-01-06 07:31:02,DoS,DoS,1.0,YES,High
2026-01-06 07:31:03,R2L,R2L,1.0,YES,Medium
2026-01-06 07:31:03,R2L,R2L,0.995,YES,Medium
2026-01-06 07:31:03,Probe,Probe,1.0,YES,High
2026-01-06 07:31:03,R2L,R2L,1.0,YES,Medium
2026-01-06 07:31:03,R2L,R2L,1.0,YES,Medium
2026-01-06 07:31:03,R2L,R2L,1.0,YES,Medium
2026-01-06 07:31:03,DoS,DoS,1.0,YES,High
2026-01-06 07:31:03,R2L,R2L,1.0,YES,Medium
2026-01-06 07:31:03,U2R,U2R,1.0,YES,Critical
2026-01-06 07:31:03,DoS,DoS,1.0,YES,High
2026-01-06 07:31:03,U2R,U2R,1.0,YES,Critical
2026-01-06 07:31:03,U2R,U2R,1.0,YES,Critical
2026-01-06 07:31:03,U2R,U2R,1.0,YES,Critical
2026-01-06 07:31:03,U2R,U2R,1.0,YES,Critical
2026-01-06 07:31:03,Probe,Probe,1.0,YES,High
2026-01-06 07:31:03,Probe,Probe,0.995,YES,High
2026-01-06 07:31:03,R2L,R2L,1.0,YES,Medium
2026-01-06 07:31:03,DoS,DoS,1.0,YES,High
2026-01-06 07:31:03,U2R,U2R,1.0,YES,Critical
2026-01-06 07:31:03,U2R,U2R,1.0,YES,Critical
2026-01-06 07:31:03,DoS,DoS,1.0,YES,High
2026-01-06 07:31:03,U2R,U2R,1.0,YES,Critical
2026-01-06 07:31:03,DoS,DoS,1.0,YES,High
2026-01-06 07:31:03,R2L,R2L,1.0,YES,Medium
2026-01-06 07:31:03,R2L,R2L,1.0,YES,Medium
2026-01-06 07:31:03,R2L,R2L,1.0,YES,Medium
2026-01-06 07:31:03,Probe,Probe,1.0,YES,High
2026-01-06 07:31:03,DoS,DoS,1.0,YES,High
2026-01-06 07:31:03,R2L,R2L,1.0,YES,Medium
2026-01-06 07:31:03,DoS,DoS,1.0,YES,High
2026-01-06 07:31:03,U2R,U2R,1.0,YES,Critical
2026-01-06 07:31:03,DoS,DoS,1.0,YES,High
2026-01-06 07:31:03,U2R,U2R,1.0,YES,Critical
2026-01-06 07:31:03,R2L,R2L,1.0,YES,Medium
2026-01-06 07:31:03,DoS,DoS,1.0,YES,High
2026-01-06 07:31:03,DoS,DoS,1.0,YES,High
2026-01-06 07:31:03,DoS,DoS,1.0,YES,High
2026-01-06 07:31:03,Probe,Probe,0.995,YES,High
2026-01-06 07:31:03,U2R,U2R,1.0,YES,Critical
2026-01-06 07:31:03,U2R,U2R,1.0,YES,Critical
2026-01-06 07:31:03,DoS,DoS,1.0,YES,High
2026-01-06 07:31:03,DoS,DoS,1.0,YES,High
2026-01-06 07:31:03,U2R,U2R,1.0,YES,Critical
2026-01-06 07:31:03,Probe,Probe,1.0,YES,High
2026-01-06 07:31:03,DoS,DoS,1.0,YES,High
2026-01-06 07:31:03,DoS,DoS,1.0,YES,High
2026-01-06 07:31:03,Probe,Probe,1.0,YES,High
2026-01-06 07:31:03,DoS,DoS,1.0,YES,High
2026-01-06 07:31:03,R2L,R2L,1.0,YES,Medium
2026-01-06 07:31:03,R2L,R2L,1.0,YES,Medium
2026-01-06 07:31:03,R2L,R2L,1.0,YES,Medium
2026-01-06 07:31:03,R2L,R2L,1.0,YES,Medium
2026-01-06 07:31:03,R2L,R2L,1.0,YES,Medium
2026-01-06 07:31:03,DoS,DoS,1.0,YES,High
2026-01-06 07:31:03,R2L,R2L,1.0,YES,Medium
2026-01-06 07:31:03,Probe,Probe,1.0,YES,High
2026-01-06 07:31:04,U2R,U2R,1.0,YES,Critical
2026-01-06 07:31:04,Probe,Probe,1.0,YES,High
2026-01-06 07:31:04,Probe,Probe,1.0,YES,High
2026-01-06 07:31:04,Probe,Probe,1.0,YES,High
2026-01-06 07:31:04,R2L,R2L,1.0,YES,Medium
2026-01-06 07:31:04,DoS,DoS,1.0,YES,High
2026-01-06 07:31:04,DoS,DoS,1.0,YES,High
2026-01-06 07:31:04,Probe,Probe,1.0,YES,High
2026-01-06 07:31:04,U2R,U2R,1.0,YES,Critical
2026-01-06 07:31:04,U2R,U2R,1.0,YES,Critical
2026-01-06 07:31:04,DoS,DoS,1.0,YES,High
2026-01-06 07:31:04,U2R,U2R,1.0,YES,Critical
2026-01-06 07:31:04,Probe,Probe,1.0,YES,High
2026-01-06 07:31:04,DoS,DoS,1.0,YES,High
2026-01-06 07:31:04,U2R,U2R,1.0,YES,Critical
2026-01-06 07:31:04,Probe,Probe,1.0,YES,High
2026-01-06 07:31:04,DoS,DoS,1.0,YES,High
2026-01-06 07:31:04,U2R,U2R,1.0,YES,Critical
2026-01-06 07:31:04,DoS,DoS,1.0,YES,High
2026-01-06 07:31:04,DoS,DoS,1.0,YES,High
2026-01-06 07:31:04,R2L,R2L,1.0,YES,Medium
2026-01-06 07:31:04,U2R,U2R,1.0,YES,Critical
2026-01-06 07:31:04,R2L,R2L,1.0,YES,Medium
2026-01-06 07:31:04,Probe,Probe,1.0,YES,High
2026-01-06 07:31:04,U2R,U2R,1.0,YES,Critical
2026-01-06 07:31:04,R2L,R2L,1.0,YES,Medium
2026-01-06 07:31:04,R2L,R2L,1.0,YES,Medium
2026-01-06 07:31:04,Probe,Probe,1.0,YES,High
2026-01-06 07:31:04,DoS,DoS,1.0,YES,High
2026-01-06 07:31:04,DoS,DoS,0.999,YES,High
2026-01-06 07:31:04,U2R,U2R,1.0,YES,Critical
2026-01-06 07:31:04,Probe,Probe,1.0,YES,High
2026-01-06 07:31:04,U2R,U2R,1.0,YES,Critical
2026-01-06 07:31:04,DoS,DoS,1.0,YES,High
2026-01-06 07:31:04,R2L,R2L,1.0,YES,Medium
2026-01-06 07:31:04,R2L,R2L,0.999,YES,Medium
2026-01-06 07:31:04,U2R,U2R,1.0,YES,Critical
2026-01-06 07:31:04,R2L,R2L,1.0,YES,Medium
2026-01-06 07:31:04,R2L,R2L,1.0,YES,Medium
2026-01-06 07:31:04,R2L,R2L,1.0,YES,Medium
2026-01-06 07:31:04,U2R,U2R,1.0,YES,Critical
2026-01-06 07:31:04,U2R,U2R,1.0,YES,Critical
2026-01-06 07:31:04,DoS,DoS,1.0,YES,High
2026-01-06 07:31:04,R2L,R2L,1.0,YES,Medium
2026-01-06 07:31:04,R2L,R2L,1.0,YES,Medium
2026-01-06 07:31:04,U2R,U2R,1.0,YES,Critical
2026-01-06 07:31:04,U2R,U2R,1.0,YES,Critical
2026-01-06 07:31:04,U2R,U2R,1.0,YES,Critical
2026-01-06 07:31:04,U2R,U2R,1.0,YES,Critical
2026-01-06 07:31:04,U2R,U2R,1.0,YES,Critical
2026-01-06 07:31:04,R2L,R2L,1.0,YES,Medium
2026-01-06 07:31:04,DoS,DoS,1.0,YES,High
2026-01-06 07:31:04,DoS,DoS,1.0,YES,High
2026-01-06 07:31:04,DoS,DoS,1.0,YES,High
2026-01-06 07:31:04,Probe,Probe,1.0,YES,High
2026-01-06 07:31:05,R2L,R2L,1.0,YES,Medium
2026-01-06 07:31:05,DoS,DoS,1.0,YES,High
2026-01-06 07:31:05,R2L,R2L,1.0,YES,Medium
2026-01-06 07:31:05,Probe,Probe,0.994,YES,High
2026-01-06 07:31:05,R2L,R2L,1.0,YES,Medium
2026-01-06 07:31:05,U2R,U2R,1.0,YES,Critical
2026-01-06 07:31:05,U2R,U2R,1.0,YES,Critical
2026-01-06 07:31:05,Probe,Probe,1.0,YES,High
2026-01-06 07:31:05,Probe,Probe,1.0,YES,High
2026-01-06 07:31:05,R2L,R2L,1.0,YES,Medium
2026-01-06 07:31:05,R2L,R2L,1.0,YES,Medium
2026-01-06 07:31:05,U2R,U2R,0.995,YES,Critical
2026-01-06 07:31:05,DoS,DoS,1.0,YES,High
2026-01-06 07:31:05,R2L,R2L,0.99,YES,Medium
2026-01-06 07:31:05,R2L,R2L,1.0,YES,Medium
2026-01-06 07:31:05,Probe,Probe,1.0,YES,High
2026-01-06 07:31:05,U2R,U2R,1.0,YES,Critical
2026-01-06 07:31:05,U2R,U2R,1.0,YES,Critical
2026-01-06 07:31:05,U2R,U2R,1.0,YES,Critical
2026-01-06 07:31:05,U2R,U2R,1.0,YES,Critical
2026-01-06 07:31:05,Probe,Probe,1.0,YES,High
2026-01-06 07:31:05,U2R,U2R,1.0,YES,Critical
2026-01-06 07:31:05,Probe,Probe,0.995,YES,High
2026-01-06 07:31:05,DoS,DoS,1.0,YES,High
2026-01-06 07:31:05,R2L,R2L,1.0,YES,Medium
2026-01-06 07:31:05,R2L,R2L,1.0,YES,Medium
2026-01-06 07:31:05,DoS,DoS,1.0,YES,High
2026-01-06 07:31:05,U2R,U2R,1.0,YES,Critical
2026-01-06 07:31:05,Probe,Probe,1.0,YES,High
2026-01-06 07:31:05,R2L,R2L,1.0,YES,Medium
2026-01-06 07:31:05,Probe,Probe,1.0,YES,High
2026-01-06 07:31:05,R2L,R2L,1.0,YES,Medium
2026-01-06 07:31:05,R2L,R2L,1.0,YES,Medium
2026-01-06 07:31:05,Probe,Probe,1.0,YES,High
2026-01-06 07:31:05,R2L,R2L,1.0,YES,Medium
2026-01-06 07:31:05,Probe,Probe,0.945,YES,High
2026-01-06 07:31:05,DoS,DoS,1.0,YES,High
2026-01-06 07:31:05,DoS,DoS,1.0,YES,High
2026-01-06 07:31:05,U2R,U2R,1.0,YES,Critical
2026-01-06 07:31:05,R2L,R2L,1.0,YES,Medium
2026-01-06 07:31:05,Probe,Probe,0.98,YES,High
2026-01-06 07:31:05,R2L,R2L,1.0,YES,Medium
2026-01-06 07:31:05,U2R,U2R,1.0,YES,Critical
2026-01-06 07:31:05,Probe,Probe,1.0,YES,High
2026-01-06 07:31:05,DoS,DoS,1.0,YES,High
2026-01-06 07:31:05,Probe,Probe,1.0,YES,High
2026-01-06 07:31:05,Probe,Probe,1.0,YES,High
2026-01-06 07:31:05,Probe,Probe,1.0,YES,High
2026-01-06 07:31:05,U2R,U2R,1.0,YES,Critical
2026-01-06 07:31:05,U2R,U2R,1.0,YES,Critical
2026-01-06 07:31:05,Probe,Probe,1.0,YES,High
2026-01-06 07:31:06,R2L,R2L,1.0,YES,Medium
2026-01-06 07:31:06,DoS,DoS,1.0,YES,High
2026-01-06 07:31:06,R2L,R2L,1.0,YES,Medium
2026-01-06 07:31:06,R2L,R2L,1.0,YES,Medium
2026-01-06 07:31:06,Probe,Probe,0.999,YES,High
2026-01-06 07:31:06,R2L,R2L,1.0,YES,Medium
2026-01-06 07:31:06,Probe,Probe,1.0,YES,High
2026-01-06 07:31:06,DoS,DoS,1.0,YES,High
2026-01-06 07:31:06,R2L,R2L,1.0,YES,Medium
2026-01-06 07:31:06,Probe,Probe,1.0,YES,High
2026-01-06 07:31:06,U2R,U2R,1.0,YES,Critical
2026-01-06 07:31:06,R2L,R2L,1.0,YES,Medium
2026-01-06 07:31:06,Probe,Probe,0.995,YES,High
2026-01-06 07:31:06,U2R,U2R,1.0,YES,Critical
2026-01-06 07:31:06,U2R,U2R,1.0,YES,Critical
2026-01-06 07:31:06,R2L,R2L,1.0,YES,Medium
2026-01-06 07:31:06,U2R,U2R,1.0,YES,Critical
2026-01-06 07:31:06,U2R,U2R,1.0,YES,Critical
2026-01-06 07:31:06,Probe,Probe,1.0,YES,High
2026-01-06 07:31:06,DoS,DoS,1.0,YES,High
2026-01-06 07:31:06,DoS,DoS,1.0,YES,High
2026-01-06 07:31:06,U2R,U2R,1.0,YES,Critical
2026-01-06 07:31:06,DoS,DoS,1.0,YES,High
2026-01-06 07:31:06,R2L,R2L,1.0,YES,Medium
2026-01-06 07:31:06,U2R,U2R,1.0,YES,Critical
2026-01-06 07:31:06,U2R,U2R,1.0,YES,Critical
2026-01-06 07:31:06,Probe,Probe,1.0,YES,High
2026-01-06 07:31:06,U2R,U2R,1.0,YES,Critical
2026-01-06 07:31:06,R2L,R2L,1.0,YES,Medium
2026-01-06 07:31:06,R2L,R2L,1.0,YES,Medium
2026-01-06 07:31:06,R2L,R2L,1.0,YES,Medium
2026-01-06 07:31:06,DoS,DoS,0.995,YES,High
2026-01-06 07:31:06,DoS,DoS,1.0,YES,High
2026-01-06 07:31:06,Probe,Probe,1.0,YES,High
2026-01-06 07:31:06,R2L,R2L,1.0,YES,Medium
2026-01-06 07:31:06,DoS,DoS,1.0,YES,High
2026-01-06 07:31:06,DoS,DoS,1.0,YES,High
2026-01-06 07:31:06,U2R,U2R,1.0,YES,Critical
2026-01-06 07:31:06,U2R,U2R,1.0,YES,Critical
2026-01-06 07:31:06,R2L,R2L,1.0,YES,Medium
2026-01-06 07:31:06,U2R,U2R,1.0,YES,Critical
2026-01-06 07:31:06,Probe,Probe,1.0,YES,High
2026-01-06 07:31:06,R2L,R2L,1.0,YES,Medium
2026-01-06 07:31:06,DoS,DoS,1.0,YES,High
2026-01-06 07:31:06,U2R,U2R,1.0,YES,Critical
2026-01-06 07:31:06,U2R,U2R,1.0,YES,Critical
2026-01-06 07:31:06,U2R,U2R,1.0,YES,Critical
2026-01-06 07:31:06,Probe,Probe,1.0,YES,High
2026-01-06 07:31:06,R2L,R2L,1.0,YES,Medium
2026-01-06 07:31:06,DoS,DoS,1.0,YES,High
2026-01-06 07:31:06,U2R,U2R,1.0,YES,Critical
2026-01-06 07:31:06,U2R,U2R,1.0,YES,Critical
2026-01-06 07:31:06,U2R,U2R,1.0,YES,Critical
2026-01-06 07:31:06,Probe,Probe,1.0,YES,High
2026-01-06 07:31:06,R2L,R2L,0.995,YES,Medium
2026-01-06 07:31:07,Probe,Probe,1.0,YES,High
2026-01-06 07:31:07,DoS,DoS,1.0,YES,High
2026-01-06 07:31:07,Probe,Probe,1.0,YES,High
2026-01-06 07:31:07,Probe,Probe,1.0,YES,High
2026-01-06 07:31:07,DoS,DoS,0.995,YES,High
2026-01-06 07:31:07,R2L,R2L,1.0,YES,Medium
2026-01-06 07:31:07,Probe,Probe,1.0,YES,High
2026-01-06 07:31:07,DoS,DoS,1.0,YES,High
2026-01-06 07:31:07,Probe,Probe,1.0,YES,High
2026-01-06 07:31:07,R2L,R2L,1.0,YES,Medium
2026-01-06 07:31:07,Probe,Probe,1.0,YES,High
2026-01-06 07:31:07,R2L,R2L,1.0,YES,Medium
2026-01-06 07:31:07,DoS,DoS,1.0,YES,High
2026-01-06 07:31:07,DoS,DoS,1.0,YES,High
2026-01-06 07:31:07,Probe,Probe,1.0,YES,High
2026-01-06 07:31:07,U2R,U2R,1.0,YES,Critical
2026-01-06 07:31:07,DoS,DoS,1.0,YES,High
2026-01-06 07:31:07,U2R,U2R,1.0,YES,Critical
2026-01-06 07:31:07,R2L,R2L,1.0,YES,Medium
2026-01-06 07:31:07,R2L,R2L,0.996,YES,Medium
2026-01-06 07:31:07,DoS,DoS,1.0,YES,High
2026-01-06 07:31:07,U2R,U2R,1.0,YES,Critical
2026-01-06 07:31:07,U2R,U2R,1.0,YES,Critical
2026-01-06 07:31:07,Probe,Probe,1.0,YES,High
2026-01-06 07:31:07,Probe,Probe,1.0,YES,High
2026-01-06 07:31:07,DoS,DoS,1.0,YES,High
2026-01-06 07:31:07,R2L,R2L,1.0,YES,Medium
2026-01-06 07:31:07,DoS,DoS,1.0,YES,High
2026-01-06 07:31:07,DoS,DoS,1.0,YES,High
2026-01-06 07:31:07,Probe,Probe,1.0,YES,High
2026-01-06 07:31:07,R2L,R2L,1.0,YES,Medium
2026-01-06 07:31:07,U2R,U2R,1.0,YES,Critical
2026-01-06 07:31:07,R2L,R2L,1.0,YES,Medium
2026-01-06 07:31:07,DoS,DoS,1.0,YES,High
2026-01-06 07:31:07,Probe,Probe,0.999,YES,High
2026-01-06 07:31:07,Probe,Probe,0.975,YES,High
2026-01-06 07:31:07,U2R,U2R,1.0,YES,Critical
2026-01-06 07:31:07,U2R,U2R,1.0,YES,Critical
2026-01-06 07:31:07,DoS,DoS,1.0,YES,High
2026-01-06 07:31:07,Probe,Probe,1.0,YES,High
2026-01-06 07:31:07,DoS,DoS,1.0,YES,High
2026-01-06 07:31:07,U2R,U2R,1.0,YES,Critical
2026-01-06 07:31:07,Probe,Probe,1.0,YES,High
2026-01-06 07:31:07,DoS,DoS,1.0,YES,High
2026-01-06 07:31:07,Probe,Probe,1.0,YES,High
2026-01-06 07:31:07,Probe,Probe,1.0,YES,High
2026-01-06 07:31:07,R2L,R2L,1.0,YES,Medium
2026-01-06 07:31:07,U2R,U2R,1.0,YES,Critical
2026-01-06 07:31:07,Probe,Probe,1.0,YES,High
2026-01-06 07:31:07,DoS,DoS,1.0,YES,High
2026-01-06 07:31:07,R2L,R2L,1.0,YES,Medium
2026-01-06 07:31:07,Probe,Probe,1.0,YES,High
2026-01-06 07:31:07,U2R,U2R,1.0,YES,Critical
2026-01-06 07:31:07,DoS,DoS,1.0,YES,High
2026-01-06 07:31:07,U2R,U2R,1.0,YES,Critical
2026-01-06 07:31:07,U2R,U2R,1.0,YES,Critical
2026-01-06 07:31:07,Probe,Probe,0.955,YES,High
2026-01-06 07:31:07,R2L,R2L,1.0,YES,Medium
2026-01-06 07:31:07,R2L,R2L,1.0,YES,Medium
2026-01-06 07:31:07,DoS,DoS,1.0,YES,High
2026-01-06 07:31:07,R2L,R2L,1.0,YES,Medium
2026-01-06 07:31:08,DoS,DoS,1.0,YES,High
2026-01-06 07:31:08,U2R,U2R,1.0,YES,Critical
2026-01-06 07:31:08,Probe,Probe,0.998,YES,High
2026-01-06 07:31:08,DoS,DoS,0.995,YES,High
2026-01-06 07:31:08,Probe,Probe,1.0,YES,High
2026-01-06 07:31:08,R2L,R2L,1.0,YES,Medium
2026-01-06 07:31:08,U2R,U2R,1.0,YES,Critical
2026-01-06 07:31:08,Probe,Probe,1.0,YES,High
2026-01-06 07:31:08,DoS,DoS,1.0,YES,High
2026-01-06 07:31:08,Probe,Probe,1.0,YES,High
2026-01-06 07:31:08,R2L,R2L,1.0,YES,Medium
2026-01-06 07:31:08,DoS,DoS,1.0,YES,High
2026-01-06 07:31:08,DoS,DoS,1.0,YES,High
2026-01-06 07:31:08,R2L,R2L,1.0,YES,Medium
2026-01-06 07:31:08,R2L,R2L,1.0,YES,Medium
2026-01-06 07:31:08,U2R,U2R,1.0,YES,Critical
2026-01-06 07:31:08,U2R,U2R,1.0,YES,Critical
2026-01-06 07:31:08,DoS,DoS,1.0,YES,High
2026-01-06 07:31:08,U2R,U2R,1.0,YES,Critical
2026-01-06 07:31:08,U2R,U2R,1.0,YES,Critical
2026-01-06 07:31:08,DoS,DoS,0.945,YES,High
2026-01-06 07:31:08,R2L,R2L,1.0,YES,Medium
2026-01-06 07:31:08,U2R,U2R,1.0,YES,Critical
2026-01-06 07:31:08,Probe,Probe,1.0,YES,High
2026-01-06 07:31:08,R2L,R2L,1.0,YES,Medium
2026-01-06 07:31:08,Probe,Probe,1.0,YES,High
2026-01-06 07:31:08,Probe,Probe,1.0,YES,High
2026-01-06 07:31:08,R2L,R2L,1.0,YES,Medium
2026-01-06 07:31:08,R2L,R2L,1.0,YES,Medium
2026-01-06 07:31:08,DoS,DoS,1.0,YES,High
2026-01-06 07:31:08,Probe,Probe,1.0,YES,High
2026-01-06 07:31:08,U2R,U2R,1.0,YES,Critical
2026-01-06 07:31:08,R2L,R2L,1.0,YES,Medium
2026-01-06 07:31:08,R2L,R2L,1.0,YES,Medium
2026-01-06 07:31:08,Probe,Probe,1.0,YES,High
2026-01-06 07:31:08,U2R,U2R,1.0,YES,Critical
2026-01-06 07:31:08,U2R,U2R,1.0,YES,Critical
2026-01-06 07:31:08,Probe,Probe,1.0,YES,High
